date,pm2_5,pm10,carbon_dioxide,carbon_monoxide,nitrogen_dioxide,sulphur_dioxide,ozone
2025-01-01 00:00:00+00:00,26.9,28.3,460.0,517.0,7.7,12.2,79.0
2025-01-01 01:00:00+00:00,27.2,28.9,460.0,707.0,14.1,13.1,72.0
2025-01-01 02:00:00+00:00,30.0,31.8,460.0,991.0,22.8,14.3,63.0
2025-01-01 03:00:00+00:00,34.9,36.8,460.0,1164.0,27.7,16.0,62.0
2025-01-01 04:00:00+00:00,38.4,40.0,459.0,1122.0,25.4,18.5,74.0
2025-01-01 05:00:00+00:00,40.3,42.3,457.0,969.0,19.4,21.4,94.0
2025-01-01 06:00:00+00:00,40.9,43.3,455.0,819.0,14.1,23.4,112.0
2025-01-01 07:00:00+00:00,38.0,41.0,453.0,692.0,10.9,23.7,125.0
2025-01-01 08:00:00+00:00,35.2,39.6,451.0,568.0,8.4,23.0,137.0
2025-01-01 09:00:00+00:00,33.2,39.5,450.0,497.0,7.5,22.5,143.0
2025-01-01 10:00:00+00:00,32.7,39.8,450.0,491.0,7.6,22.6,145.0
2025-01-01 11:00:00+00:00,32.4,40.4,450.0,538.0,9.3,22.8,141.0
2025-01-01 12:00:00+00:00,35.7,44.0,452.0,657.0,15.0,23.5,133.0
2025-01-01 13:00:00+00:00,47.4,52.7,456.0,927.0,29.0,22.3,108.0
2025-01-01 14:00:00+00:00,53.8,57.5,462.0,1269.0,47.7,20.7,75.0
2025-01-01 15:00:00+00:00,53.7,56.7,465.0,1456.0,57.7,19.2,53.0
2025-01-01 16:00:00+00:00,53.2,56.0,465.0,1346.0,50.6,18.1,54.0
2025-01-01 17:00:00+00:00,53.2,55.9,462.0,1083.0,34.7,17.2,66.0
2025-01-01 18:00:00+00:00,53.6,56.6,460.0,865.0,21.7,16.4,76.0
2025-01-01 19:00:00+00:00,53.6,56.8,459.0,772.0,16.0,15.8,79.0
2025-01-01 20:00:00+00:00,52.6,56.2,458.0,726.0,13.0,15.4,79.0
2025-01-01 21:00:00+00:00,51.1,54.8,458.0,692.0,11.0,15.2,79.0
2025-01-01 22:00:00+00:00,49.6,53.3,458.0,634.0,8.5,15.2,80.0
2025-01-01 23:00:00+00:00,48.5,52.0,458.0,588.0,7.0,15.5,82.0
2025-01-02 00:00:00+00:00,48.7,52.5,459.0,633.0,8.5,16.2,80.0
2025-01-02 01:00:00+00:00,48.3,52.3,461.0,860.0,15.6,17.6,73.0
2025-01-02 02:00:00+00:00,50.5,54.2,464.0,1176.0,25.2,19.6,65.0
2025-01-02 03:00:00+00:00,54.5,57.9,465.0,1387.0,30.8,21.3,64.0
2025-01-02 04:00:00+00:00,56.1,58.9,464.0,1404.0,28.8,22.5,78.0
2025-01-02 05:00:00+00:00,54.1,57.0,462.0,1315.0,22.9,23.3,99.0
2025-01-02 06:00:00+00:00,44.1,47.4,460.0,1184.0,17.4,24.0,119.0
2025-01-02 07:00:00+00:00,30.2,33.6,457.0,976.0,13.3,24.3,135.0
2025-01-02 08:00:00+00:00,24.1,27.8,454.0,727.0,9.7,24.3,149.0
2025-01-02 09:00:00+00:00,22.7,26.7,453.0,608.0,8.0,24.6,158.0
2025-01-02 10:00:00+00:00,22.6,26.6,451.0,563.0,5.7,24.9,163.0
2025-01-02 11:00:00+00:00,23.2,27.0,451.0,648.0,5.3,25.5,164.0
2025-01-02 12:00:00+00:00,41.9,50.4,459.0,1207.0,16.4,28.0,157.0
2025-01-02 13:00:00+00:00,59.6,66.6,484.0,2815.0,45.1,31.5,117.0
2025-01-02 14:00:00+00:00,79.2,85.4,516.0,4897.0,84.0,36.2,62.0
2025-01-02 15:00:00+00:00,87.3,92.4,537.0,6071.0,109.1,38.3,22.0
2025-01-02 16:00:00+00:00,83.1,87.5,536.0,5523.0,107.4,35.6,12.0
2025-01-02 17:00:00+00:00,76.4,79.4,523.0,4067.0,91.8,30.2,17.0
2025-01-02 18:00:00+00:00,70.1,72.9,509.0,2763.0,76.9,25.2,24.0
2025-01-02 19:00:00+00:00,66.4,69.2,494.0,1949.0,67.8,21.1,28.0
2025-01-02 20:00:00+00:00,64.3,68.0,478.0,1287.0,59.3,17.4,33.0
2025-01-02 21:00:00+00:00,63.8,68.0,467.0,823.0,50.3,14.7,39.0
2025-01-02 22:00:00+00:00,64.0,68.5,463.0,589.0,38.2,13.6,47.0
2025-01-02 23:00:00+00:00,64.3,68.9,464.0,552.0,25.6,13.6,54.0
2025-01-03 00:00:00+00:00,65.7,70.5,467.0,668.0,13.0,14.3,71.0
2025-01-03 01:00:00+00:00,67.1,72.2,473.0,1039.0,22.4,15.8,60.0
2025-01-03 02:00:00+00:00,71.0,76.4,481.0,1561.0,35.1,18.1,45.0
2025-01-03 03:00:00+00:00,77.5,82.9,485.0,1878.0,42.6,20.3,43.0
2025-01-03 04:00:00+00:00,80.3,84.5,481.0,1794.0,40.1,21.7,62.0
2025-01-03 05:00:00+00:00,74.7,81.0,473.0,1505.0,32.4,23.2,93.0
2025-01-03 06:00:00+00:00,59.6,68.7,466.0,1241.0,25.0,26.5,122.0
2025-01-03 07:00:00+00:00,51.1,59.5,462.0,1070.0,19.1,33.7,146.0
2025-01-03 08:00:00+00:00,50.8,58.6,460.0,923.0,13.5,42.7,167.0
2025-01-03 09:00:00+00:00,51.0,58.3,458.0,832.0,10.2,49.6,183.0
2025-01-03 10:00:00+00:00,52.4,59.5,457.0,811.0,9.9,53.1,193.0
2025-01-03 11:00:00+00:00,54.0,61.0,457.0,844.0,12.0,54.4,197.0
2025-01-03 12:00:00+00:00,61.7,70.8,458.0,916.0,16.6,54.3,191.0
2025-01-03 13:00:00+00:00,71.0,78.7,459.0,1028.0,27.7,48.8,165.0
2025-01-03 14:00:00+00:00,75.4,82.4,461.0,1179.0,43.1,41.1,128.0
2025-01-03 15:00:00+00:00,75.7,83.1,464.0,1344.0,55.7,35.2,97.0
2025-01-03 16:00:00+00:00,75.7,83.1,469.0,1526.0,62.8,32.9,77.0
2025-01-03 17:00:00+00:00,78.2,85.9,474.0,1723.0,67.2,32.3,63.0
2025-01-03 18:00:00+00:00,82.9,91.3,480.0,1901.0,69.5,31.8,52.0
2025-01-03 19:00:00+00:00,84.5,93.8,487.0,2086.0,70.2,30.8,43.0
2025-01-03 20:00:00+00:00,85.0,94.3,494.0,2254.0,68.9,29.8,37.0
2025-01-03 21:00:00+00:00,82.7,91.5,498.0,2295.0,65.5,28.8,33.0
2025-01-03 22:00:00+00:00,80.1,88.5,498.0,2078.0,57.8,27.7,33.0
2025-01-03 23:00:00+00:00,78.2,86.6,495.0,1735.0,48.0,26.6,36.0
2025-01-04 00:00:00+00:00,84.1,92.7,493.0,1555.0,46.0,27.7,33.0
2025-01-04 01:00:00+00:00,82.7,92.9,495.0,1763.0,51.6,29.2,23.0
2025-01-04 02:00:00+00:00,86.4,97.6,498.0,2133.0,58.7,31.3,11.0
2025-01-04 03:00:00+00:00,98.0,108.3,497.0,2276.0,59.3,32.4,11.0
2025-01-04 04:00:00+00:00,108.7,114.8,487.0,1956.0,47.1,31.8,36.0
2025-01-04 05:00:00+00:00,55.1,76.4,473.0,1409.0,28.4,30.1,73.0
2025-01-04 06:00:00+00:00,32.5,64.5,461.0,948.0,13.8,28.2,104.0
2025-01-04 07:00:00+00:00,28.1,59.6,455.0,687.0,7.9,25.9,120.0
2025-01-04 08:00:00+00:00,25.4,50.9,451.0,513.0,6.2,23.3,130.0
2025-01-04 09:00:00+00:00,24.1,45.5,448.0,403.0,5.9,21.5,134.0
2025-01-04 10:00:00+00:00,23.5,44.4,447.0,357.0,5.6,21.1,133.0
2025-01-04 11:00:00+00:00,22.6,46.0,446.0,375.0,6.8,21.5,126.0
2025-01-04 12:00:00+00:00,21.7,48.0,447.0,428.0,10.2,20.8,111.0
2025-01-04 13:00:00+00:00,25.4,47.7,448.0,532.0,19.8,20.2,93.0
2025-01-04 14:00:00+00:00,26.6,48.9,450.0,671.0,32.8,19.3,67.0
2025-01-04 15:00:00+00:00,24.2,48.0,452.0,771.0,41.6,18.4,49.0
2025-01-04 16:00:00+00:00,21.2,44.1,453.0,780.0,41.5,17.4,45.0
2025-01-04 17:00:00+00:00,19.7,40.4,454.0,750.0,37.2,16.3,49.0
2025-01-04 18:00:00+00:00,19.8,38.5,456.0,764.0,34.8,15.4,49.0
2025-01-04 19:00:00+00:00,21.8,40.6,460.0,891.0,37.7,15.0,41.0
2025-01-04 20:00:00+00:00,25.5,45.6,464.0,1061.0,42.5,14.8,29.0
2025-01-04 21:00:00+00:00,29.4,48.3,468.0,1148.0,45.2,14.6,21.0
2025-01-04 22:00:00+00:00,31.4,45.3,471.0,1043.0,42.9,13.8,19.0
2025-01-04 23:00:00+00:00,32.1,44.1,473.0,853.0,38.4,12.9,19.0
2025-01-05 00:00:00+00:00,36.2,51.3,474.0,779.0,36.7,15.1,24.0
2025-01-05 01:00:00+00:00,41.3,53.7,475.0,952.0,41.2,17.3,22.0
2025-01-05 02:00:00+00:00,49.8,60.3,476.0,1240.0,47.0,20.4,21.0
2025-01-05 03:00:00+00:00,59.1,67.5,475.0,1443.0,48.6,23.3,28.0
2025-01-05 04:00:00+00:00,61.0,66.4,473.0,1491.0,42.4,25.6,50.0
2025-01-05 05:00:00+00:00,52.3,57.9,470.0,1454.0,31.9,27.7,80.0
2025-01-05 06:00:00+00:00,42.4,50.6,466.0,1347.0,22.8,29.8,106.0
2025-01-05 07:00:00+00:00,32.0,50.1,461.0,1126.0,16.6,32.2,123.0
2025-01-05 08:00:00+00:00,28.4,48.0,456.0,834.0,11.7,34.6,136.0
2025-01-05 09:00:00+00:00,28.9,47.6,452.0,617.0,8.9,36.4,145.0
2025-01-05 10:00:00+00:00,29.8,48.8,450.0,520.0,7.7,37.7,151.0
2025-01-05 11:00:00+00:00,30.3,50.5,450.0,499.0,8.6,38.4,153.0
2025-01-05 12:00:00+00:00,38.9,57.0,451.0,563.0,14.4,40.1,153.0
2025-01-05 13:00:00+00:00,47.6,63.3,453.0,760.0,31.7,37.1,122.0
2025-01-05 14:00:00+00:00,52.6,68.5,456.0,1042.0,55.6,32.9,78.0
2025-01-05 15:00:00+00:00,49.6,67.1,460.0,1282.0,73.4,29.4,43.0
2025-01-05 16:00:00+00:00,46.7,64.3,465.0,1472.0,79.9,27.7,25.0
2025-01-05 17:00:00+00:00,47.1,62.4,471.0,1619.0,80.3,26.6,16.0
2025-01-05 18:00:00+00:00,51.1,62.4,473.0,1616.0,77.6,25.0,11.0
2025-01-05 19:00:00+00:00,50.4,58.4,469.0,1343.0,72.1,21.9,9.0
2025-01-05 20:00:00+00:00,43.8,50.1,463.0,920.0,63.6,18.3,12.0
2025-01-05 21:00:00+00:00,37.0,42.1,458.0,594.0,54.4,15.2,16.0
2025-01-05 22:00:00+00:00,31.9,36.4,457.0,433.0,43.4,13.0,22.0
2025-01-05 23:00:00+00:00,28.5,32.6,457.0,369.0,31.8,11.5,29.0
2025-01-06 00:00:00+00:00,31.3,35.5,459.0,450.0,37.8,11.4,20.0
2025-01-06 01:00:00+00:00,29.7,33.5,464.0,804.0,41.7,12.5,15.0
2025-01-06 02:00:00+00:00,33.4,37.1,471.0,1304.0,46.6,14.3,9.0
2025-01-06 03:00:00+00:00,41.3,45.2,474.0,1612.0,47.4,17.3,13.0
2025-01-06 04:00:00+00:00,41.2,45.2,471.0,1557.0,40.4,23.2,38.0
2025-01-06 05:00:00+00:00,32.4,39.7,466.0,1312.0,29.4,30.3,73.0
2025-01-06 06:00:00+00:00,22.2,33.3,460.0,1055.0,20.0,34.4,101.0
2025-01-06 07:00:00+00:00,18.7,28.3,455.0,810.0,14.2,33.1,115.0
2025-01-06 08:00:00+00:00,17.3,24.7,449.0,555.0,10.2,28.9,123.0
2025-01-06 09:00:00+00:00,15.9,21.6,446.0,397.0,8.0,24.9,126.0
2025-01-06 10:00:00+00:00,14.6,18.8,445.0,356.0,6.2,21.9,127.0
2025-01-06 11:00:00+00:00,13.1,16.1,446.0,412.0,6.2,19.1,125.0
2025-01-06 12:00:00+00:00,15.4,16.8,449.0,622.0,13.0,21.4,114.0
2025-01-06 13:00:00+00:00,31.3,32.2,457.0,1171.0,34.8,25.5,85.0
2025-01-06 14:00:00+00:00,50.1,50.6,467.0,1874.0,64.5,30.8,45.0
2025-01-06 15:00:00+00:00,52.6,53.0,473.0,2226.0,83.9,32.5,17.0
2025-01-06 16:00:00+00:00,41.0,41.3,470.0,1896.0,84.5,27.4,11.0
2025-01-06 17:00:00+00:00,29.3,29.7,461.0,1216.0,74.8,18.7,17.0
2025-01-06 18:00:00+00:00,23.5,24.0,455.0,677.0,62.5,11.7,26.0
2025-01-06 19:00:00+00:00,20.5,21.5,453.0,481.0,48.0,8.6,38.0
2025-01-06 20:00:00+00:00,18.3,20.0,453.0,426.0,30.8,7.3,53.0
2025-01-06 21:00:00+00:00,16.3,18.5,453.0,392.0,17.6,6.5,65.0
2025-01-06 22:00:00+00:00,14.7,16.9,451.0,314.0,10.6,5.9,73.0
2025-01-06 23:00:00+00:00,13.2,15.3,450.0,258.0,7.6,5.9,78.0
2025-01-07 00:00:00+00:00,13.2,15.0,449.0,298.0,9.5,6.5,71.0
2025-01-07 01:00:00+00:00,12.8,14.6,451.0,529.0,15.9,7.1,64.0
2025-01-07 02:00:00+00:00,14.4,16.1,455.0,856.0,24.5,8.1,55.0
2025-01-07 03:00:00+00:00,18.5,20.1,457.0,1071.0,29.3,9.6,53.0
2025-01-07 04:00:00+00:00,21.0,22.5,457.0,1073.0,27.0,12.1,64.0
2025-01-07 05:00:00+00:00,18.9,20.8,455.0,962.0,21.0,15.0,82.0
2025-01-07 06:00:00+00:00,16.9,18.6,453.0,831.0,15.5,17.4,99.0
2025-01-07 07:00:00+00:00,14.9,15.9,450.0,676.0,11.7,18.5,112.0
2025-01-07 08:00:00+00:00,14.0,14.8,448.0,502.0,8.4,19.1,124.0
2025-01-07 09:00:00+00:00,13.8,14.4,446.0,412.0,6.8,19.5,132.0
2025-01-07 10:00:00+00:00,13.9,14.5,446.0,452.0,5.2,19.9,138.0
2025-01-07 11:00:00+00:00,14.3,14.8,448.0,577.0,5.2,20.1,139.0
2025-01-07 12:00:00+00:00,15.7,15.7,450.0,755.0,12.9,20.9,125.0
2025-01-07 13:00:00+00:00,27.2,27.2,454.0,1041.0,34.7,23.0,94.0
2025-01-07 14:00:00+00:00,45.9,45.9,459.0,1380.0,64.7,25.9,51.0
2025-01-07 15:00:00+00:00,49.9,49.9,463.0,1576.0,85.9,27.3,20.0
2025-01-07 16:00:00+00:00,44.5,44.5,464.0,1511.0,91.3,26.0,11.0
2025-01-07 17:00:00+00:00,38.8,38.8,464.0,1303.0,87.9,23.3,14.0
2025-01-07 18:00:00+00:00,34.6,34.6,464.0,1105.0,80.4,20.8,20.0
2025-01-07 19:00:00+00:00,31.9,31.9,463.0,962.0,67.8,18.8,27.0
2025-01-07 20:00:00+00:00,29.3,29.3,462.0,829.0,51.0,17.0,37.0
2025-01-07 21:00:00+00:00,26.7,26.7,461.0,725.0,37.0,15.6,45.0
2025-01-07 22:00:00+00:00,24.0,24.0,461.0,611.0,27.5,14.7,49.0
2025-01-07 23:00:00+00:00,21.7,21.7,463.0,525.0,20.8,14.2,52.0
2025-01-08 00:00:00+00:00,23.0,23.0,465.0,606.0,25.6,13.0,37.0
2025-01-08 01:00:00+00:00,21.0,21.1,470.0,1027.0,31.2,13.8,29.0
2025-01-08 02:00:00+00:00,22.6,22.6,477.0,1614.0,38.6,15.2,20.0
2025-01-08 03:00:00+00:00,31.0,31.0,480.0,1982.0,42.3,17.5,21.0
2025-01-08 04:00:00+00:00,31.9,31.9,476.0,1932.0,39.1,21.2,43.0
2025-01-08 05:00:00+00:00,29.1,29.2,469.0,1663.0,32.2,25.9,75.0
2025-01-08 06:00:00+00:00,22.4,22.4,462.0,1381.0,25.9,30.7,103.0
2025-01-08 07:00:00+00:00,17.8,18.0,457.0,1125.0,21.1,35.7,121.0
2025-01-08 08:00:00+00:00,17.6,18.2,454.0,857.0,16.9,40.8,134.0
2025-01-08 09:00:00+00:00,18.9,19.6,451.0,668.0,14.7,45.1,143.0
2025-01-08 10:00:00+00:00,20.8,21.5,449.0,579.0,14.0,48.7,152.0
2025-01-08 11:00:00+00:00,22.6,23.3,448.0,568.0,15.3,51.5,157.0
2025-01-08 12:00:00+00:00,26.8,26.9,449.0,664.0,20.2,55.3,154.0
2025-01-08 13:00:00+00:00,34.2,34.3,453.0,954.0,35.9,50.8,126.0
2025-01-08 14:00:00+00:00,40.5,40.7,458.0,1350.0,57.3,44.5,87.0
2025-01-08 15:00:00+00:00,40.4,40.7,463.0,1622.0,71.4,38.8,58.0
2025-01-08 16:00:00+00:00,39.0,39.7,466.0,1661.0,71.6,34.8,48.0
2025-01-08 17:00:00+00:00,37.8,38.6,468.0,1575.0,64.5,31.5,47.0
2025-01-08 18:00:00+00:00,36.9,37.8,469.0,1454.0,56.6,28.3,47.0
2025-01-08 19:00:00+00:00,34.9,35.9,469.0,1316.0,49.5,25.0,47.0
2025-01-08 20:00:00+00:00,32.4,33.2,467.0,1144.0,41.7,21.8,48.0
2025-01-08 21:00:00+00:00,30.2,31.1,466.0,973.0,35.3,19.2,48.0
2025-01-08 22:00:00+00:00,28.5,29.6,465.0,766.0,30.4,17.1,44.0
2025-01-08 23:00:00+00:00,26.9,28.3,464.0,561.0,27.0,15.5,39.0
2025-01-09 00:00:00+00:00,26.6,28.4,465.0,509.0,26.1,14.8,34.0
2025-01-09 01:00:00+00:00,26.5,28.6,469.0,757.0,32.3,15.9,26.0
2025-01-09 02:00:00+00:00,29.2,31.3,474.0,1158.0,40.6,17.6,16.0
2025-01-09 03:00:00+00:00,35.7,37.5,476.0,1426.0,44.7,19.6,19.0
2025-01-09 04:00:00+00:00,36.1,37.3,474.0,1433.0,41.1,22.5,45.0
2025-01-09 05:00:00+00:00,33.4,33.9,468.0,1307.0,33.3,25.8,82.0
2025-01-09 06:00:00+00:00,29.7,29.8,463.0,1140.0,25.7,27.6,114.0
2025-01-09 07:00:00+00:00,21.8,21.9,457.0,906.0,18.8,26.5,133.0
2025-01-09 08:00:00+00:00,17.9,17.9,451.0,631.0,12.1,23.8,146.0
2025-01-09 09:00:00+00:00,17.4,17.4,448.0,487.0,8.0,21.9,154.0
2025-01-09 10:00:00+00:00,17.5,17.6,448.0,532.0,4.6,21.7,160.0
2025-01-09 11:00:00+00:00,17.6,17.7,451.0,707.0,3.9,22.2,160.0
2025-01-09 12:00:00+00:00,19.3,19.5,455.0,1014.0,14.2,28.0,146.0
2025-01-09 13:00:00+00:00,34.9,35.0,463.0,1591.0,42.4,28.5,109.0
2025-01-09 14:00:00+00:00,51.5,51.7,473.0,2299.0,81.0,29.2,59.0
2025-01-09 15:00:00+00:00,56.7,56.9,480.0,2722.0,108.9,30.4,21.0
2025-01-09 16:00:00+00:00,60.1,60.3,481.0,2642.0,116.2,33.0,9.0
2025-01-09 17:00:00+00:00,61.7,62.2,480.0,2277.0,112.7,36.0,9.0
2025-01-09 18:00:00+00:00,65.4,65.7,476.0,1867.0,106.2,36.5,12.0
2025-01-09 19:00:00+00:00,58.1,58.2,469.0,1430.0,98.7,32.5,13.0
2025-01-09 20:00:00+00:00,48.2,48.2,461.0,948.0,88.3,25.9,16.0
2025-01-09 21:00:00+00:00,41.3,41.4,455.0,607.0,76.7,20.4,21.0
2025-01-09 22:00:00+00:00,36.4,36.6,454.0,470.0,62.6,16.9,30.0
2025-01-09 23:00:00+00:00,32.6,32.6,456.0,473.0,47.5,14.4,40.0
2025-01-10 00:00:00+00:00,31.0,31.1,459.0,614.0,47.4,13.5,35.0
2025-01-10 01:00:00+00:00,28.6,28.6,464.0,1000.0,48.6,14.2,33.0
2025-01-10 02:00:00+00:00,29.0,29.1,471.0,1523.0,49.9,15.2,30.0
2025-01-10 03:00:00+00:00,35.5,35.6,475.0,1853.0,49.1,16.4,34.0
2025-01-10 04:00:00+00:00,41.3,41.4,474.0,1817.0,44.6,17.8,48.0
2025-01-10 05:00:00+00:00,40.5,40.9,470.0,1588.0,37.8,19.4,69.0
2025-01-10 06:00:00+00:00,39.5,40.3,466.0,1352.0,30.9,21.2,89.0
2025-01-10 07:00:00+00:00,37.0,38.0,462.0,1148.0,23.5,23.4,109.0
2025-01-10 08:00:00+00:00,30.0,30.7,458.0,938.0,16.0,25.9,130.0
2025-01-10 09:00:00+00:00,26.6,27.1,455.0,793.0,11.2,28.2,145.0
2025-01-10 10:00:00+00:00,26.6,27.0,454.0,739.0,7.7,30.3,157.0
2025-01-10 11:00:00+00:00,27.8,28.2,455.0,749.0,6.8,32.3,163.0
2025-01-10 12:00:00+00:00,56.5,58.4,456.0,819.0,16.8,34.7,147.0
2025-01-10 13:00:00+00:00,68.7,70.5,458.0,986.0,44.3,33.5,108.0
2025-01-10 14:00:00+00:00,72.4,74.3,460.0,1213.0,81.8,31.7,55.0
2025-01-10 15:00:00+00:00,73.1,75.2,463.0,1378.0,106.3,30.3,16.0
2025-01-10 16:00:00+00:00,76.6,78.5,466.0,1438.0,105.9,29.7,7.0
2025-01-10 17:00:00+00:00,74.0,75.0,469.0,1437.0,92.5,29.5,12.0
2025-01-10 18:00:00+00:00,65.2,65.7,471.0,1387.0,78.5,28.7,20.0
2025-01-10 19:00:00+00:00,56.9,57.2,469.0,1266.0,68.0,26.7,26.0
2025-01-10 20:00:00+00:00,49.7,49.8,465.0,1096.0,57.0,24.1,34.0
2025-01-10 21:00:00+00:00,44.6,44.6,463.0,950.0,46.1,22.1,43.0
2025-01-10 22:00:00+00:00,40.6,40.7,463.0,818.0,33.1,21.0,54.0
2025-01-10 23:00:00+00:00,37.8,38.0,464.0,711.0,20.2,20.5,65.0
2025-01-11 00:00:00+00:00,38.8,38.9,466.0,735.0,21.1,20.1,55.0
2025-01-11 01:00:00+00:00,38.5,38.5,469.0,1004.0,28.9,20.7,43.0
2025-01-11 02:00:00+00:00,41.6,41.6,473.0,1405.0,39.4,21.7,27.0
2025-01-11 03:00:00+00:00,49.4,49.4,475.0,1704.0,45.4,24.0,25.0
2025-01-11 04:00:00+00:00,54.1,54.2,475.0,1809.0,43.1,28.9,50.0
2025-01-11 05:00:00+00:00,53.4,53.4,474.0,1812.0,36.3,35.1,89.0
2025-01-11 06:00:00+00:00,44.9,45.2,472.0,1752.0,28.9,38.9,122.0
2025-01-11 07:00:00+00:00,39.9,40.2,470.0,1623.0,21.0,38.4,142.0
2025-01-11 08:00:00+00:00,36.4,36.6,466.0,1432.0,12.5,35.5,156.0
2025-01-11 09:00:00+00:00,33.8,33.9,463.0,1240.0,7.0,32.9,164.0
2025-01-11 10:00:00+00:00,31.9,32.1,459.0,1025.0,3.6,31.2,167.0
2025-01-11 11:00:00+00:00,30.6,30.9,454.0,809.0,3.1,29.8,164.0
2025-01-11 12:00:00+00:00,26.5,27.0,452.0,720.0,11.7,30.7,149.0
2025-01-11 13:00:00+00:00,41.3,41.8,453.0,827.0,37.3,30.5,111.0
2025-01-11 14:00:00+00:00,50.6,51.5,457.0,1059.0,72.3,30.3,58.0
2025-01-11 15:00:00+00:00,53.6,54.6,462.0,1336.0,96.4,30.5,19.0
2025-01-11 16:00:00+00:00,59.0,60.3,471.0,1730.0,98.9,32.0,8.0
2025-01-11 17:00:00+00:00,65.2,66.4,481.0,2169.0,90.4,34.0,11.0
2025-01-11 18:00:00+00:00,64.0,64.5,486.0,2348.0,82.3,34.0,14.0
2025-01-11 19:00:00+00:00,57.6,57.9,481.0,2043.0,79.4,30.3,13.0
2025-01-11 20:00:00+00:00,49.1,49.4,471.0,1479.0,76.9,24.6,13.0
2025-01-11 21:00:00+00:00,41.9,41.9,464.0,1026.0,71.3,20.1,15.0
2025-01-11 22:00:00+00:00,36.9,37.0,462.0,779.0,59.0,18.0,23.0
2025-01-11 23:00:00+00:00,33.6,33.6,463.0,643.0,43.7,17.1,34.0
2025-01-12 00:00:00+00:00,35.3,35.3,466.0,700.0,56.3,15.8,17.0
2025-01-12 01:00:00+00:00,33.8,33.8,472.0,1134.0,56.1,17.6,17.0
2025-01-12 02:00:00+00:00,36.1,36.2,479.0,1761.0,55.4,20.2,19.0
2025-01-12 03:00:00+00:00,42.3,42.3,482.0,2117.0,51.8,22.8,30.0
2025-01-12 04:00:00+00:00,41.3,41.3,476.0,1936.0,42.8,25.6,59.0
2025-01-12 05:00:00+00:00,36.8,36.9,464.0,1484.0,30.9,28.4,97.0
2025-01-12 06:00:00+00:00,39.1,39.2,455.0,1094.0,20.9,30.1,130.0
2025-01-12 07:00:00+00:00,40.5,40.6,450.0,880.0,14.4,30.0,153.0
2025-01-12 08:00:00+00:00,38.9,39.0,448.0,728.0,9.8,28.8,170.0
2025-01-12 09:00:00+00:00,36.4,36.6,446.0,635.0,7.2,27.5,179.0
2025-01-12 10:00:00+00:00,35.2,35.3,445.0,613.0,6.8,26.2,179.0
2025-01-12 11:00:00+00:00,35.2,35.3,446.0,649.0,8.5,24.8,171.0
2025-01-12 12:00:00+00:00,36.3,36.4,447.0,703.0,11.7,22.1,156.0
2025-01-12 13:00:00+00:00,43.9,44.0,448.0,780.0,18.0,21.5,138.0
2025-01-12 14:00:00+00:00,48.4,48.5,450.0,874.0,26.5,20.7,114.0
2025-01-12 15:00:00+00:00,49.2,49.5,451.0,927.0,31.4,20.1,96.0
2025-01-12 16:00:00+00:00,49.9,50.2,450.0,901.0,29.3,19.8,90.0
2025-01-12 17:00:00+00:00,50.4,50.8,449.0,833.0,23.5,19.8,91.0
2025-01-12 18:00:00+00:00,50.8,51.1,447.0,775.0,18.2,19.7,93.0
2025-01-12 19:00:00+00:00,50.9,51.2,446.0,742.0,14.6,19.6,95.0
2025-01-12 20:00:00+00:00,50.8,51.2,445.0,718.0,11.5,19.5,99.0
2025-01-12 21:00:00+00:00,51.3,51.8,444.0,706.0,9.0,19.4,101.0
2025-01-12 22:00:00+00:00,52.9,53.3,443.0,698.0,6.9,19.4,102.0
2025-01-12 23:00:00+00:00,55.3,55.8,443.0,702.0,5.4,19.5,102.0
2025-01-13 00:00:00+00:00,58.8,59.4,443.0,742.0,5.8,19.9,102.0
2025-01-13 01:00:00+00:00,61.9,62.6,444.0,866.0,10.4,19.7,93.0
2025-01-13 02:00:00+00:00,65.7,66.6,445.0,1026.0,16.5,19.5,80.0
2025-01-13 03:00:00+00:00,69.8,71.0,445.0,1103.0,19.9,19.0,75.0
2025-01-13 04:00:00+00:00,71.9,73.1,445.0,1020.0,17.9,18.1,83.0
2025-01-13 05:00:00+00:00,71.7,73.6,444.0,854.0,13.2,16.9,99.0
2025-01-13 06:00:00+00:00,68.0,70.1,443.0,720.0,9.3,15.9,114.0
2025-01-13 07:00:00+00:00,59.1,60.8,443.0,662.0,7.3,15.1,127.0
2025-01-13 08:00:00+00:00,50.8,51.9,443.0,636.0,6.0,14.5,139.0
2025-01-13 09:00:00+00:00,44.7,45.6,443.0,629.0,5.7,14.1,147.0
2025-01-13 10:00:00+00:00,40.6,41.4,443.0,632.0,6.1,13.9,149.0
2025-01-13 11:00:00+00:00,38.0,38.8,443.0,654.0,7.4,13.9,145.0
2025-01-13 12:00:00+00:00,29.7,29.9,444.0,702.0,10.3,13.5,133.0
2025-01-13 13:00:00+00:00,37.4,37.7,446.0,800.0,16.1,13.7,119.0
2025-01-13 14:00:00+00:00,43.7,44.1,448.0,925.0,23.9,13.9,99.0
2025-01-13 15:00:00+00:00,47.3,47.8,449.0,1010.0,28.9,14.0,83.0
2025-01-13 16:00:00+00:00,49.7,50.4,449.0,1028.0,28.7,14.0,76.0
2025-01-13 17:00:00+00:00,51.7,52.4,449.0,1006.0,25.7,13.9,72.0
2025-01-13 18:00:00+00:00,53.2,54.0,448.0,961.0,22.3,13.5,71.0
2025-01-13 19:00:00+00:00,54.0,54.8,447.0,887.0,18.9,12.7,71.0
2025-01-13 20:00:00+00:00,54.0,54.9,446.0,791.0,15.0,11.7,74.0
2025-01-13 21:00:00+00:00,53.8,54.7,445.0,710.0,11.9,11.0,76.0
2025-01-13 22:00:00+00:00,53.7,54.6,444.0,636.0,9.2,10.7,78.0
2025-01-13 23:00:00+00:00,53.8,54.6,444.0,577.0,7.2,10.7,80.0
2025-01-14 00:00:00+00:00,54.0,54.8,444.0,590.0,7.6,10.9,80.0
2025-01-14 01:00:00+00:00,55.2,55.9,446.0,752.0,14.3,11.7,71.0
2025-01-14 02:00:00+00:00,58.0,58.8,448.0,987.0,23.3,12.9,60.0
2025-01-14 03:00:00+00:00,63.1,63.8,450.0,1123.0,28.6,14.3,57.0
2025-01-14 04:00:00+00:00,65.2,65.9,449.0,1059.0,26.7,15.9,70.0
2025-01-14 05:00:00+00:00,65.0,65.9,447.0,896.0,21.1,17.7,92.0
2025-01-14 06:00:00+00:00,58.2,59.6,446.0,763.0,15.9,19.4,113.0
2025-01-14 07:00:00+00:00,49.2,51.0,446.0,697.0,12.3,21.3,130.0
2025-01-14 08:00:00+00:00,41.9,44.0,446.0,661.0,9.3,23.1,146.0
2025-01-14 09:00:00+00:00,40.0,42.8,446.0,677.0,7.6,24.3,156.0
2025-01-14 10:00:00+00:00,41.1,45.4,447.0,748.0,5.1,24.3,162.0
2025-01-14 11:00:00+00:00,41.7,47.6,448.0,870.0,4.0,23.7,163.0
2025-01-14 12:00:00+00:00,37.4,42.0,450.0,1051.0,12.8,25.3,150.0
2025-01-14 13:00:00+00:00,46.7,50.2,454.0,1345.0,39.4,26.9,111.0
2025-01-14 14:00:00+00:00,64.3,67.1,460.0,1698.0,75.6,29.0,59.0
2025-01-14 15:00:00+00:00,75.0,77.8,465.0,1953.0,99.7,29.8,20.0
2025-01-14 16:00:00+00:00,79.9,82.4,470.0,2074.0,101.0,28.5,9.0
2025-01-14 17:00:00+00:00,71.5,72.9,474.0,2098.0,90.2,25.9,13.0
2025-01-14 18:00:00+00:00,63.8,65.0,474.0,1976.0,77.4,22.9,20.0
2025-01-14 19:00:00+00:00,60.5,61.7,467.0,1603.0,64.6,19.1,27.0
2025-01-14 20:00:00+00:00,58.4,59.8,457.0,1085.0,49.9,14.9,37.0
2025-01-14 21:00:00+00:00,56.7,58.1,449.0,693.0,36.7,11.7,47.0
2025-01-14 22:00:00+00:00,54.9,56.5,448.0,525.0,25.3,10.2,56.0
2025-01-14 23:00:00+00:00,52.7,54.1,449.0,483.0,15.5,9.8,65.0
2025-01-15 00:00:00+00:00,51.2,52.4,451.0,544.0,13.8,10.3,62.0
2025-01-15 01:00:00+00:00,50.1,51.2,453.0,772.0,20.7,11.2,56.0
2025-01-15 02:00:00+00:00,51.2,52.6,456.0,1103.0,30.0,12.5,48.0
2025-01-15 03:00:00+00:00,55.4,57.2,457.0,1318.0,35.0,13.9,48.0
2025-01-15 04:00:00+00:00,57.2,59.0,456.0,1311.0,31.9,15.4,63.0
2025-01-15 05:00:00+00:00,55.9,58.3,455.0,1187.0,24.4,17.0,86.0
2025-01-15 06:00:00+00:00,47.7,53.6,453.0,1048.0,17.7,18.7,107.0
2025-01-15 07:00:00+00:00,39.6,52.3,451.0,896.0,13.0,21.0,125.0
2025-01-15 08:00:00+00:00,38.4,50.8,449.0,728.0,9.0,23.4,142.0
2025-01-15 09:00:00+00:00,38.0,49.9,448.0,637.0,6.7,24.9,152.0
2025-01-15 10:00:00+00:00,36.9,49.0,447.0,657.0,4.1,24.4,155.0
2025-01-15 11:00:00+00:00,35.3,47.4,447.0,754.0,3.1,23.0,151.0
2025-01-15 12:00:00+00:00,39.7,50.8,449.0,919.0,11.4,23.7,135.0
2025-01-15 13:00:00+00:00,53.7,62.4,453.0,1196.0,37.9,28.5,101.0
2025-01-15 14:00:00+00:00,76.1,84.3,458.0,1542.0,74.1,34.9,54.0
2025-01-15 15:00:00+00:00,89.4,97.6,464.0,1815.0,98.6,38.6,20.0
2025-01-15 16:00:00+00:00,86.6,93.4,471.0,1999.0,100.9,37.0,11.0
2025-01-15 17:00:00+00:00,77.3,82.0,477.0,2111.0,91.6,32.7,16.0
2025-01-15 18:00:00+00:00,71.7,75.4,480.0,2063.0,80.7,28.5,22.0
2025-01-15 19:00:00+00:00,68.7,72.4,476.0,1737.0,71.0,25.2,28.0
2025-01-15 20:00:00+00:00,66.1,70.3,468.0,1251.0,59.7,22.1,36.0
2025-01-15 21:00:00+00:00,64.5,69.6,461.0,877.0,48.7,19.8,43.0
2025-01-15 22:00:00+00:00,63.8,69.8,457.0,683.0,36.9,18.5,49.0
2025-01-15 23:00:00+00:00,63.6,70.1,455.0,601.0,25.4,17.9,53.0
2025-01-16 00:00:00+00:00,64.0,69.8,456.0,700.0,30.7,16.9,40.0
2025-01-16 01:00:00+00:00,64.5,70.8,462.0,1150.0,35.2,17.3,30.0
2025-01-16 02:00:00+00:00,67.8,75.0,470.0,1782.0,41.2,18.2,17.0
2025-01-16 03:00:00+00:00,78.2,84.8,474.0,2158.0,43.7,21.1,19.0
2025-01-16 04:00:00+00:00,80.1,86.1,471.0,2035.0,39.8,27.8,48.0
2025-01-16 05:00:00+00:00,73.3,83.4,465.0,1656.0,32.4,36.4,91.0
2025-01-16 06:00:00+00:00,67.1,78.5,459.0,1314.0,25.4,43.4,127.0
2025-01-16 07:00:00+00:00,60.1,71.5,456.0,1102.0,19.6,47.4,149.0
2025-01-16 08:00:00+00:00,54.5,67.5,454.0,927.0,14.3,49.7,165.0
2025-01-16 09:00:00+00:00,51.2,65.2,452.0,800.0,11.1,50.6,176.0
2025-01-16 10:00:00+00:00,49.9,64.5,450.0,702.0,8.7,50.0,185.0
2025-01-16 11:00:00+00:00,49.8,65.2,449.0,652.0,8.4,47.9,190.0
2025-01-16 12:00:00+00:00,66.1,79.4,450.0,718.0,15.2,50.6,183.0
2025-01-16 13:00:00+00:00,72.6,84.1,453.0,979.0,40.9,46.6,140.0
2025-01-16 14:00:00+00:00,83.4,93.1,459.0,1356.0,76.2,41.2,82.0
2025-01-16 15:00:00+00:00,84.8,94.5,464.0,1679.0,101.5,37.3,37.0
2025-01-16 16:00:00+00:00,88.9,99.9,471.0,1943.0,109.1,37.2,20.0
2025-01-16 17:00:00+00:00,95.7,106.9,478.0,2153.0,106.7,38.5,16.0
2025-01-16 18:00:00+00:00,84.5,91.0,480.0,2154.0,98.1,37.7,19.0
2025-01-16 19:00:00+00:00,66.1,70.1,473.0,1781.0,81.3,32.0,27.0
2025-01-16 20:00:00+00:00,51.2,54.1,462.0,1200.0,58.3,24.0,41.0
2025-01-16 21:00:00+00:00,41.2,44.1,453.0,749.0,39.1,18.0,53.0
2025-01-16 22:00:00+00:00,36.1,39.3,451.0,555.0,26.7,15.8,61.0
2025-01-16 23:00:00+00:00,33.4,37.3,451.0,492.0,18.0,15.5,67.0
2025-01-17 00:00:00+00:00,34.3,38.2,452.0,520.0,16.1,15.3,64.0
2025-01-17 01:00:00+00:00,34.6,39.1,453.0,697.0,20.7,16.6,63.0
2025-01-17 02:00:00+00:00,37.7,42.8,455.0,967.0,26.8,18.4,63.0
2025-01-17 03:00:00+00:00,43.2,49.0,455.0,1116.0,29.3,19.5,68.0
2025-01-17 04:00:00+00:00,45.6,51.1,454.0,1028.0,24.9,19.5,82.0
2025-01-17 05:00:00+00:00,41.7,49.6,451.0,820.0,17.0,18.8,100.0
2025-01-17 06:00:00+00:00,28.8,36.9,449.0,635.0,10.5,17.9,116.0
2025-01-17 07:00:00+00:00,22.3,29.0,448.0,513.0,7.3,16.7,126.0
2025-01-17 08:00:00+00:00,21.0,26.6,447.0,414.0,5.5,15.4,134.0
2025-01-17 09:00:00+00:00,21.0,26.1,446.0,359.0,4.8,14.4,139.0
2025-01-17 10:00:00+00:00,22.0,26.7,446.0,361.0,4.9,14.2,143.0
2025-01-17 11:00:00+00:00,23.2,27.6,447.0,408.0,6.1,14.4,144.0
2025-01-17 12:00:00+00:00,35.6,43.8,448.0,478.0,8.9,14.9,136.0
2025-01-17 13:00:00+00:00,39.8,45.4,450.0,591.0,14.4,15.2,121.0
2025-01-17 14:00:00+00:00,42.6,47.6,452.0,728.0,22.0,15.6,101.0
2025-01-17 15:00:00+00:00,42.8,47.7,453.0,813.0,26.8,15.9,85.0
2025-01-17 16:00:00+00:00,42.6,47.4,454.0,807.0,26.7,15.8,78.0
2025-01-17 17:00:00+00:00,43.2,47.6,454.0,748.0,24.0,15.5,75.0
2025-01-17 18:00:00+00:00,44.6,48.8,453.0,679.0,20.6,15.3,75.0
2025-01-17 19:00:00+00:00,45.9,49.8,451.0,600.0,16.6,15.1,79.0
2025-01-17 20:00:00+00:00,46.3,49.6,449.0,510.0,12.0,15.0,85.0
2025-01-17 21:00:00+00:00,45.9,48.5,447.0,450.0,8.4,14.9,90.0
2025-01-17 22:00:00+00:00,44.9,47.4,446.0,429.0,6.1,14.8,92.0
2025-01-17 23:00:00+00:00,44.0,46.3,447.0,439.0,4.9,14.8,92.0
2025-01-18 00:00:00+00:00,45.2,46.6,447.0,490.0,5.5,16.1,91.0
2025-01-18 01:00:00+00:00,45.2,46.3,448.0,624.0,10.3,16.5,85.0
2025-01-18 02:00:00+00:00,46.3,47.3,449.0,800.0,16.8,17.0,77.0
2025-01-18 03:00:00+00:00,48.9,49.8,450.0,906.0,20.5,17.7,76.0
2025-01-18 04:00:00+00:00,50.2,51.0,449.0,883.0,18.9,18.7,89.0
2025-01-18 05:00:00+00:00,49.4,50.4,447.0,790.0,14.6,19.9,108.0
2025-01-18 06:00:00+00:00,45.2,47.0,446.0,696.0,10.8,20.6,126.0
2025-01-18 07:00:00+00:00,38.8,41.9,445.0,610.0,8.4,20.2,139.0
2025-01-18 08:00:00+00:00,33.5,36.8,444.0,522.0,6.5,19.2,151.0
2025-01-18 09:00:00+00:00,30.9,33.5,444.0,473.0,5.9,18.8,158.0
2025-01-18 10:00:00+00:00,30.4,32.7,444.0,463.0,4.5,19.6,163.0
2025-01-18 11:00:00+00:00,30.4,32.5,444.0,491.0,4.2,21.0,165.0
2025-01-18 12:00:00+00:00,32.8,35.9,445.0,595.0,12.2,22.0,148.0
2025-01-18 13:00:00+00:00,43.2,45.5,449.0,863.0,32.2,21.5,116.0
2025-01-18 14:00:00+00:00,54.5,56.2,453.0,1207.0,59.0,20.7,73.0
2025-01-18 15:00:00+00:00,51.9,53.6,456.0,1404.0,73.3,19.6,45.0
2025-01-18 16:00:00+00:00,49.1,50.8,455.0,1313.0,62.9,17.8,49.0
2025-01-18 17:00:00+00:00,48.0,49.6,451.0,1075.0,39.9,15.5,68.0
2025-01-18 18:00:00+00:00,47.5,49.0,448.0,885.0,21.6,13.8,83.0
2025-01-18 19:00:00+00:00,46.8,48.1,447.0,826.0,15.0,12.9,86.0
2025-01-18 20:00:00+00:00,45.5,46.7,446.0,816.0,13.1,12.6,85.0
2025-01-18 21:00:00+00:00,44.1,45.2,446.0,798.0,11.8,12.3,84.0
2025-01-18 22:00:00+00:00,43.0,43.9,445.0,723.0,9.2,11.9,85.0
2025-01-18 23:00:00+00:00,42.0,43.1,444.0,641.0,7.3,11.7,86.0
2025-01-19 00:00:00+00:00,41.7,42.6,444.0,644.0,8.3,11.9,85.0
2025-01-19 01:00:00+00:00,42.0,43.0,446.0,824.0,15.1,12.7,78.0
2025-01-19 02:00:00+00:00,44.1,45.2,448.0,1091.0,24.4,14.0,68.0
2025-01-19 03:00:00+00:00,48.7,49.6,450.0,1263.0,30.1,15.5,67.0
2025-01-19 04:00:00+00:00,51.8,52.6,449.0,1258.0,29.2,17.3,80.0
2025-01-19 05:00:00+00:00,51.1,52.0,448.0,1159.0,24.8,19.3,101.0
2025-01-19 06:00:00+00:00,46.8,47.8,446.0,1034.0,20.2,21.7,120.0
2025-01-19 07:00:00+00:00,41.8,43.0,445.0,873.0,15.8,24.9,137.0
2025-01-19 08:00:00+00:00,40.2,41.7,444.0,687.0,11.3,28.5,152.0
2025-01-19 09:00:00+00:00,38.9,40.6,443.0,570.0,8.6,30.8,162.0
2025-01-19 10:00:00+00:00,37.6,39.3,443.0,575.0,5.8,30.5,169.0
2025-01-19 11:00:00+00:00,36.7,38.5,444.0,650.0,4.9,28.9,170.0
2025-01-19 12:00:00+00:00,37.5,39.3,445.0,738.0,13.4,26.4,152.0
2025-01-19 13:00:00+00:00,49.4,51.0,447.0,837.0,38.4,25.8,115.0
2025-01-19 14:00:00+00:00,64.0,65.4,449.0,949.0,71.9,24.8,64.0
2025-01-19 15:00:00+00:00,59.8,60.8,450.0,1022.0,90.0,23.0,31.0
2025-01-19 16:00:00+00:00,53.8,54.5,450.0,1029.0,77.7,19.8,33.0
2025-01-19 17:00:00+00:00,53.2,54.0,450.0,997.0,49.9,15.8,52.0
2025-01-19 18:00:00+00:00,54.2,55.2,450.0,953.0,27.3,12.9,69.0
2025-01-19 19:00:00+00:00,55.3,56.3,449.0,902.0,18.1,11.8,76.0
2025-01-19 20:00:00+00:00,55.5,56.7,449.0,839.0,14.1,11.9,79.0
2025-01-19 21:00:00+00:00,55.6,56.8,448.0,781.0,11.3,12.3,83.0
2025-01-19 22:00:00+00:00,56.0,57.0,447.0,709.0,8.0,13.0,88.0
2025-01-19 23:00:00+00:00,56.6,57.6,446.0,643.0,6.0,14.1,93.0
2025-01-20 00:00:00+00:00,58.2,59.0,446.0,653.0,5.9,16.7,101.0
2025-01-20 01:00:00+00:00,59.0,59.6,447.0,818.0,11.3,19.0,96.0
2025-01-20 02:00:00+00:00,60.5,61.0,449.0,1061.0,18.6,22.2,90.0
2025-01-20 03:00:00+00:00,63.1,63.6,450.0,1220.0,23.2,24.9,90.0
2025-01-20 04:00:00+00:00,63.6,63.8,450.0,1221.0,22.8,26.8,100.0
2025-01-20 05:00:00+00:00,61.5,61.9,448.0,1138.0,19.7,28.4,115.0
2025-01-20 06:00:00+00:00,54.9,56.0,447.0,1037.0,16.4,29.2,130.0
2025-01-20 07:00:00+00:00,45.8,47.5,446.0,910.0,12.9,28.8,142.0
2025-01-20 08:00:00+00:00,42.3,44.1,444.0,765.0,9.1,27.7,153.0
2025-01-20 09:00:00+00:00,41.3,43.1,444.0,686.0,7.1,27.5,161.0
2025-01-20 10:00:00+00:00,41.3,43.1,444.0,659.0,4.6,29.3,170.0
2025-01-20 11:00:00+00:00,42.0,43.9,445.0,699.0,3.9,32.0,176.0
2025-01-20 12:00:00+00:00,42.1,44.5,448.0,937.0,12.8,26.1,148.0
2025-01-20 13:00:00+00:00,54.9,56.8,456.0,1567.0,39.4,29.6,111.0
2025-01-20 14:00:00+00:00,76.1,77.8,466.0,2394.0,75.7,34.2,60.0
2025-01-20 15:00:00+00:00,80.8,82.4,474.0,2965.0,99.6,36.0,24.0
2025-01-20 16:00:00+00:00,71.5,72.4,478.0,3085.0,100.6,32.6,16.0
2025-01-20 17:00:00+00:00,61.0,61.9,481.0,2948.0,89.3,26.4,22.0
2025-01-20 18:00:00+00:00,55.3,56.3,480.0,2682.0,75.1,21.2,31.0
2025-01-20 19:00:00+00:00,52.0,53.3,474.0,2243.0,59.0,18.3,42.0
2025-01-20 20:00:00+00:00,49.5,51.2,465.0,1674.0,40.1,16.4,56.0
2025-01-20 21:00:00+00:00,47.4,49.5,459.0,1231.0,25.3,15.1,66.0
2025-01-20 22:00:00+00:00,45.4,47.8,458.0,1001.0,16.8,14.3,71.0
2025-01-20 23:00:00+00:00,43.4,46.1,461.0,897.0,12.5,14.1,72.0
2025-01-21 00:00:00+00:00,42.0,44.8,463.0,910.0,13.6,14.0,67.0
2025-01-21 01:00:00+00:00,41.3,44.2,465.0,1100.0,23.2,15.1,55.0
2025-01-21 02:00:00+00:00,43.3,46.3,466.0,1408.0,36.1,16.7,40.0
2025-01-21 03:00:00+00:00,50.2,53.2,467.0,1647.0,43.7,18.8,38.0
2025-01-21 04:00:00+00:00,53.7,56.2,466.0,1760.0,41.1,21.7,59.0
2025-01-21 05:00:00+00:00,51.0,55.1,464.0,1803.0,33.1,25.1,94.0
2025-01-21 06:00:00+00:00,48.0,54.0,461.0,1759.0,25.3,28.3,124.0
2025-01-21 07:00:00+00:00,44.2,50.6,458.0,1572.0,18.7,31.2,146.0
2025-01-21 08:00:00+00:00,44.9,50.8,455.0,1299.0,12.2,34.0,163.0
2025-01-21 09:00:00+00:00,45.1,51.5,453.0,1084.0,8.3,36.2,176.0
2025-01-21 10:00:00+00:00,45.2,51.9,452.0,980.0,7.8,38.2,185.0
2025-01-21 11:00:00+00:00,45.6,52.5,451.0,935.0,9.9,39.7,189.0
2025-01-21 12:00:00+00:00,52.7,59.8,451.0,944.0,12.7,37.9,180.0
2025-01-21 13:00:00+00:00,59.5,64.5,453.0,1044.0,22.9,34.8,157.0
2025-01-21 14:00:00+00:00,62.2,65.9,456.0,1199.0,36.6,30.4,124.0
2025-01-21 15:00:00+00:00,59.6,62.6,458.0,1288.0,45.2,26.2,98.0
2025-01-21 16:00:00+00:00,55.3,57.9,459.0,1238.0,43.9,22.5,86.0
2025-01-21 17:00:00+00:00,50.6,53.2,459.0,1123.0,37.4,19.0,80.0
2025-01-21 18:00:00+00:00,46.7,49.7,460.0,1049.0,31.1,15.9,76.0
2025-01-21 19:00:00+00:00,43.3,47.3,462.0,1086.0,26.6,13.4,73.0
2025-01-21 20:00:00+00:00,39.3,44.5,464.0,1164.0,22.3,11.4,71.0
2025-01-21 21:00:00+00:00,35.3,41.7,466.0,1177.0,18.6,9.9,70.0
2025-01-21 22:00:00+00:00,31.5,39.3,466.0,1018.0,14.3,8.7,70.0
2025-01-21 23:00:00+00:00,28.5,36.9,466.0,794.0,10.7,8.1,71.0
2025-01-22 00:00:00+00:00,28.2,38.3,466.0,727.0,12.8,8.8,65.0
2025-01-22 01:00:00+00:00,29.6,41.4,469.0,997.0,25.7,10.8,48.0
2025-01-22 02:00:00+00:00,36.6,49.5,474.0,1424.0,42.8,13.8,25.0
2025-01-22 03:00:00+00:00,53.0,65.2,475.0,1681.0,51.2,16.7,19.0
2025-01-22 04:00:00+00:00,48.9,59.0,471.0,1608.0,42.4,19.8,43.0
2025-01-22 05:00:00+00:00,31.0,45.9,465.0,1366.0,25.0,23.0,84.0
2025-01-22 06:00:00+00:00,20.3,34.3,459.0,1115.0,11.3,24.6,116.0
2025-01-22 07:00:00+00:00,18.5,30.3,455.0,882.0,6.4,23.5,131.0
2025-01-22 08:00:00+00:00,18.3,28.9,452.0,639.0,5.4,20.9,139.0
2025-01-22 09:00:00+00:00,18.8,29.0,449.0,469.0,5.4,19.1,142.0
2025-01-22 10:00:00+00:00,19.3,29.6,447.0,390.0,5.1,19.2,143.0
2025-01-22 11:00:00+00:00,19.4,30.0,446.0,382.0,5.9,20.0,140.0
2025-01-22 12:00:00+00:00,20.8,32.4,447.0,470.0,9.9,21.8,134.0
2025-01-22 13:00:00+00:00,24.4,34.7,450.0,733.0,21.6,21.2,112.0
2025-01-22 14:00:00+00:00,30.5,39.8,455.0,1092.0,37.9,20.4,81.0
2025-01-22 15:00:00+00:00,31.0,40.7,459.0,1330.0,52.2,20.2,54.0
2025-01-22 16:00:00+00:00,32.5,43.0,461.0,1334.0,62.9,21.3,36.0
2025-01-22 17:00:00+00:00,37.5,48.2,462.0,1218.0,71.5,23.0,23.0
2025-01-22 18:00:00+00:00,46.7,57.2,463.0,1107.0,75.9,23.7,14.0
2025-01-22 19:00:00+00:00,54.2,61.2,465.0,1053.0,74.5,22.5,10.0
2025-01-22 20:00:00+00:00,55.9,60.5,467.0,1004.0,68.9,20.3,10.0
2025-01-22 21:00:00+00:00,52.9,56.7,468.0,931.0,61.4,18.6,14.0
2025-01-22 22:00:00+00:00,50.2,54.0,466.0,782.0,50.4,17.9,24.0
2025-01-22 23:00:00+00:00,48.3,52.4,464.0,609.0,37.5,17.7,37.0
2025-01-23 00:00:00+00:00,44.5,49.8,462.0,543.0,24.2,18.4,54.0
2025-01-23 01:00:00+00:00,43.7,48.4,463.0,684.0,31.1,19.1,45.0
2025-01-23 02:00:00+00:00,45.5,49.6,466.0,932.0,40.3,20.1,33.0
2025-01-23 03:00:00+00:00,51.6,55.3,467.0,1113.0,44.2,20.8,32.0
2025-01-23 04:00:00+00:00,53.0,56.7,466.0,1174.0,38.1,21.4,53.0
2025-01-23 05:00:00+00:00,45.9,52.6,463.0,1167.0,26.7,21.7,84.0
2025-01-23 06:00:00+00:00,32.7,44.9,460.0,1081.0,17.0,20.8,109.0
2025-01-23 07:00:00+00:00,21.7,37.3,455.0,853.0,11.1,17.7,120.0
2025-01-23 08:00:00+00:00,18.5,34.0,449.0,545.0,6.8,13.4,124.0
2025-01-23 09:00:00+00:00,15.8,29.7,445.0,330.0,4.3,10.1,126.0
2025-01-23 10:00:00+00:00,13.2,25.3,444.0,283.0,3.3,8.7,127.0
2025-01-23 11:00:00+00:00,11.7,22.2,445.0,330.0,4.1,8.2,125.0
2025-01-23 12:00:00+00:00,10.0,15.9,446.0,416.0,7.5,7.9,117.0
2025-01-23 13:00:00+00:00,12.4,16.2,448.0,562.0,16.4,8.6,102.0
2025-01-23 14:00:00+00:00,16.6,19.0,452.0,747.0,28.4,9.5,80.0
2025-01-23 15:00:00+00:00,17.5,19.7,454.0,861.0,36.0,10.1,65.0
2025-01-23 16:00:00+00:00,16.7,19.2,455.0,847.0,35.3,10.1,61.0
2025-01-23 17:00:00+00:00,16.2,18.5,455.0,761.0,30.2,9.7,63.0
2025-01-23 18:00:00+00:00,15.1,17.1,454.0,661.0,24.8,9.1,66.0
2025-01-23 19:00:00+00:00,13.0,14.9,452.0,550.0,19.9,8.0,70.0
2025-01-23 20:00:00+00:00,10.7,13.3,450.0,424.0,14.7,6.6,76.0
2025-01-23 21:00:00+00:00,9.4,12.9,449.0,331.0,10.6,5.7,80.0
2025-01-23 22:00:00+00:00,8.8,13.1,449.0,265.0,7.7,5.6,82.0
2025-01-23 23:00:00+00:00,8.8,13.6,449.0,230.0,6.0,5.9,83.0
2025-01-24 00:00:00+00:00,9.1,14.5,450.0,290.0,7.1,6.5,79.0
2025-01-24 01:00:00+00:00,9.7,15.3,453.0,539.0,13.7,7.6,70.0
2025-01-24 02:00:00+00:00,11.7,17.3,457.0,881.0,22.5,9.1,59.0
2025-01-24 03:00:00+00:00,15.7,21.2,459.0,1097.0,27.0,10.7,57.0
2025-01-24 04:00:00+00:00,18.6,23.2,458.0,1073.0,22.8,12.5,72.0
2025-01-24 05:00:00+00:00,15.9,22.8,455.0,922.0,14.3,14.2,96.0
2025-01-24 06:00:00+00:00,15.1,20.0,452.0,760.0,7.6,15.3,116.0
2025-01-24 07:00:00+00:00,15.5,19.4,449.0,602.0,5.1,15.0,126.0
2025-01-24 08:00:00+00:00,15.7,19.2,446.0,433.0,4.4,14.0,132.0
2025-01-24 09:00:00+00:00,15.9,19.0,444.0,324.0,4.4,13.2,135.0
2025-01-24 10:00:00+00:00,16.2,19.0,443.0,291.0,4.2,12.9,137.0
2025-01-24 11:00:00+00:00,16.8,19.3,444.0,318.0,4.7,12.8,137.0
2025-01-24 12:00:00+00:00,16.8,19.1,445.0,431.0,8.2,13.5,127.0
2025-01-24 13:00:00+00:00,19.5,21.2,449.0,718.0,18.4,13.9,108.0
2025-01-24 14:00:00+00:00,24.4,25.8,454.0,1090.0,32.2,14.5,82.0
2025-01-24 15:00:00+00:00,25.8,27.1,457.0,1313.0,41.4,14.9,63.0
2025-01-24 16:00:00+00:00,25.6,26.9,458.0,1255.0,41.7,15.1,56.0
2025-01-24 17:00:00+00:00,25.3,26.9,457.0,1048.0,37.4,15.1,55.0
2025-01-24 18:00:00+00:00,24.9,26.5,456.0,846.0,32.3,14.6,57.0
2025-01-24 19:00:00+00:00,22.9,24.6,454.0,692.0,27.3,13.2,60.0
2025-01-24 20:00:00+00:00,19.5,21.2,452.0,545.0,21.5,11.3,66.0
2025-01-24 21:00:00+00:00,16.4,18.0,450.0,433.0,16.6,9.7,71.0
2025-01-24 22:00:00+00:00,14.4,15.9,449.0,348.0,12.2,8.6,75.0
2025-01-24 23:00:00+00:00,13.3,14.7,449.0,298.0,8.6,7.9,79.0
2025-01-25 00:00:00+00:00,13.1,14.4,450.0,340.0,8.7,7.7,78.0
2025-01-25 01:00:00+00:00,13.6,15.0,453.0,561.0,15.3,8.5,70.0
2025-01-25 02:00:00+00:00,15.8,17.2,457.0,874.0,24.1,9.7,59.0
2025-01-25 03:00:00+00:00,20.3,21.7,459.0,1072.0,28.9,11.3,57.0
2025-01-25 04:00:00+00:00,23.9,25.1,458.0,1053.0,25.9,13.9,71.0
2025-01-25 05:00:00+00:00,22.0,23.7,456.0,919.0,18.9,16.9,93.0
2025-01-25 06:00:00+00:00,17.1,22.6,453.0,772.0,12.9,18.8,112.0
2025-01-25 07:00:00+00:00,13.3,28.5,450.0,618.0,9.3,18.5,123.0
2025-01-25 08:00:00+00:00,12.7,25.5,446.0,450.0,6.7,17.0,131.0
2025-01-25 09:00:00+00:00,12.7,22.4,444.0,352.0,5.5,16.0,135.0
2025-01-25 10:00:00+00:00,13.1,20.4,442.0,244.0,3.5,16.0,140.0
2025-01-25 11:00:00+00:00,13.2,18.8,442.0,205.0,3.0,16.6,141.0
2025-01-25 12:00:00+00:00,12.2,14.8,447.0,558.0,11.0,20.8,131.0
2025-01-25 13:00:00+00:00,18.7,20.4,462.0,1739.0,36.3,24.9,98.0
2025-01-25 14:00:00+00:00,39.8,41.3,482.0,3311.0,70.8,30.3,53.0
2025-01-25 15:00:00+00:00,52.0,53.4,496.0,4293.0,94.2,33.4,20.0
2025-01-25 16:00:00+00:00,52.0,53.2,499.0,4165.0,95.7,32.2,11.0
2025-01-25 17:00:00+00:00,47.7,48.7,496.0,3446.0,86.0,28.5,15.0
2025-01-25 18:00:00+00:00,42.1,42.7,490.0,2710.0,76.9,24.6,19.0
2025-01-25 19:00:00+00:00,38.3,38.9,482.0,2096.0,73.0,20.6,19.0
2025-01-25 20:00:00+00:00,35.5,36.1,471.0,1465.0,69.5,16.3,18.0
2025-01-25 21:00:00+00:00,33.6,34.1,464.0,976.0,64.2,13.0,19.0
2025-01-25 22:00:00+00:00,32.1,32.6,462.0,673.0,54.0,11.3,22.0
2025-01-25 23:00:00+00:00,30.5,31.0,462.0,512.0,41.8,10.8,26.0
2025-01-26 00:00:00+00:00,34.0,34.3,464.0,514.0,49.1,11.6,11.0
2025-01-26 01:00:00+00:00,32.8,33.1,467.0,786.0,48.0,12.5,7.0
2025-01-26 02:00:00+00:00,36.3,36.6,471.0,1221.0,46.2,14.0,2.0
2025-01-26 03:00:00+00:00,49.2,49.5,473.0,1525.0,43.2,17.6,9.0
2025-01-26 04:00:00+00:00,56.3,56.7,471.0,1561.0,38.3,25.5,37.0
2025-01-26 05:00:00+00:00,33.9,37.1,467.0,1466.0,32.2,35.5,76.0
2025-01-26 06:00:00+00:00,26.4,36.8,464.0,1358.0,26.4,42.6,109.0
2025-01-26 07:00:00+00:00,23.0,33.4,462.0,1277.0,20.6,44.2,129.0
2025-01-26 08:00:00+00:00,22.8,31.8,461.0,1183.0,15.1,43.0,142.0
2025-01-26 09:00:00+00:00,23.7,32.1,459.0,1077.0,11.8,41.5,151.0
2025-01-26 10:00:00+00:00,24.7,33.1,456.0,905.0,10.1,41.0,159.0
2025-01-26 11:00:00+00:00,25.6,34.5,452.0,721.0,10.7,40.2,162.0
2025-01-26 12:00:00+00:00,21.0,27.7,451.0,686.0,15.4,38.8,148.0
2025-01-26 13:00:00+00:00,28.7,35.6,454.0,935.0,36.4,35.8,111.0
2025-01-26 14:00:00+00:00,35.9,44.0,460.0,1332.0,65.2,31.7,59.0
2025-01-26 15:00:00+00:00,38.1,47.1,465.0,1636.0,85.7,28.7,21.0
2025-01-26 16:00:00+00:00,40.7,50.1,469.0,1763.0,90.1,28.3,8.0
2025-01-26 17:00:00+00:00,44.9,54.0,473.0,1795.0,86.2,29.1,9.0
2025-01-26 18:00:00+00:00,50.3,57.6,475.0,1740.0,81.8,29.0,10.0
2025-01-26 19:00:00+00:00,52.5,58.8,473.0,1562.0,79.5,27.0,9.0
2025-01-26 20:00:00+00:00,49.9,55.8,470.0,1296.0,76.5,24.2,8.0
2025-01-26 21:00:00+00:00,46.1,52.0,467.0,1054.0,72.7,21.7,8.0
2025-01-26 22:00:00+00:00,42.4,48.7,467.0,825.0,67.4,19.9,8.0
2025-01-26 23:00:00+00:00,38.9,45.4,467.0,621.0,61.1,18.3,9.0
2025-01-27 00:00:00+00:00,40.4,46.9,469.0,586.0,55.8,16.7,8.0
2025-01-27 01:00:00+00:00,39.3,45.4,473.0,860.0,52.3,17.0,4.0
2025-01-27 02:00:00+00:00,43.1,49.1,477.0,1303.0,47.4,17.7,0.0
2025-01-27 03:00:00+00:00,57.0,62.9,480.0,1644.0,42.9,19.7,6.0
2025-01-27 04:00:00+00:00,66.8,72.2,480.0,1776.0,40.0,24.0,28.0
2025-01-27 05:00:00+00:00,39.6,55.4,477.0,1806.0,37.4,29.7,60.0
2025-01-27 06:00:00+00:00,32.6,46.9,475.0,1785.0,33.6,34.7,89.0
2025-01-27 07:00:00+00:00,26.5,35.5,473.0,1732.0,26.4,38.7,114.0
2025-01-27 08:00:00+00:00,25.7,32.2,470.0,1629.0,17.9,42.0,137.0
2025-01-27 09:00:00+00:00,26.5,32.4,467.0,1468.0,12.7,43.5,151.0
2025-01-27 10:00:00+00:00,27.6,33.4,461.0,1175.0,12.0,42.4,154.0
2025-01-27 11:00:00+00:00,28.4,34.2,454.0,825.0,14.4,39.5,147.0
2025-01-27 12:00:00+00:00,25.6,28.6,450.0,634.0,19.6,41.1,137.0
2025-01-27 13:00:00+00:00,30.2,33.3,451.0,716.0,32.9,35.6,105.0
2025-01-27 14:00:00+00:00,33.1,36.3,455.0,958.0,51.3,28.0,60.0
2025-01-27 15:00:00+00:00,33.5,37.3,460.0,1234.0,65.1,22.6,26.0
2025-01-27 16:00:00+00:00,35.4,38.9,467.0,1583.0,69.7,21.8,12.0
2025-01-27 17:00:00+00:00,39.0,42.3,476.0,1966.0,69.7,23.2,7.0
2025-01-27 18:00:00+00:00,44.1,47.0,481.0,2141.0,68.8,23.8,5.0
2025-01-27 19:00:00+00:00,48.0,50.3,480.0,1947.0,68.2,22.3,3.0
2025-01-27 20:00:00+00:00,47.3,49.5,475.0,1546.0,66.7,20.1,3.0
2025-01-27 21:00:00+00:00,44.0,46.1,472.0,1180.0,64.2,18.1,4.0
2025-01-27 22:00:00+00:00,40.2,42.3,471.0,872.0,60.0,16.5,5.0
2025-01-27 23:00:00+00:00,36.0,38.0,471.0,599.0,54.8,15.2,7.0
2025-01-28 00:00:00+00:00,32.1,34.2,472.0,531.0,51.1,15.2,9.0
2025-01-28 01:00:00+00:00,28.6,31.1,476.0,824.0,49.6,16.3,6.0
2025-01-28 02:00:00+00:00,31.3,34.0,482.0,1322.0,47.3,18.0,3.0
2025-01-28 03:00:00+00:00,44.2,46.7,486.0,1727.0,44.2,20.6,9.0
2025-01-28 04:00:00+00:00,42.8,46.0,487.0,1982.0,40.2,24.4,30.0
2025-01-28 05:00:00+00:00,30.9,36.0,487.0,2144.0,35.4,29.2,61.0
2025-01-28 06:00:00+00:00,25.0,29.9,483.0,2089.0,30.1,33.9,89.0
2025-01-28 07:00:00+00:00,24.6,27.8,473.0,1641.0,23.3,39.5,115.0
2025-01-28 08:00:00+00:00,25.7,28.3,461.0,976.0,16.1,45.1,139.0
2025-01-28 09:00:00+00:00,26.4,29.0,451.0,491.0,11.6,47.5,152.0
2025-01-28 10:00:00+00:00,26.0,28.4,448.0,360.0,10.6,44.4,151.0
2025-01-28 11:00:00+00:00,24.6,26.8,448.0,410.0,12.4,38.1,140.0
2025-01-28 12:00:00+00:00,20.3,21.7,449.0,519.0,18.4,34.0,126.0
2025-01-28 13:00:00+00:00,21.1,22.5,451.0,702.0,31.3,29.2,95.0
2025-01-28 14:00:00+00:00,24.9,27.0,453.0,944.0,49.0,22.5,53.0
2025-01-28 15:00:00+00:00,25.5,27.8,455.0,1073.0,60.9,17.4,22.0
2025-01-28 16:00:00+00:00,25.1,27.5,454.0,985.0,62.2,15.5,14.0
2025-01-28 17:00:00+00:00,24.9,27.5,452.0,783.0,57.8,15.0,18.0
2025-01-28 18:00:00+00:00,24.9,27.6,451.0,612.0,52.0,14.4,24.0
2025-01-28 19:00:00+00:00,24.4,27.5,450.0,526.0,45.6,12.9,28.0
2025-01-28 20:00:00+00:00,23.2,27.0,450.0,470.0,37.8,11.3,34.0
2025-01-28 21:00:00+00:00,21.6,27.1,450.0,420.0,30.4,9.8,40.0
2025-01-28 22:00:00+00:00,20.7,30.4,449.0,319.0,22.4,8.3,46.0
2025-01-28 23:00:00+00:00,20.2,36.3,449.0,225.0,14.8,6.9,51.0
2025-01-29 00:00:00+00:00,19.7,38.4,450.0,282.0,11.1,6.0,52.0
2025-01-29 01:00:00+00:00,21.0,44.0,454.0,667.0,19.9,6.9,41.0
2025-01-29 02:00:00+00:00,24.8,50.8,460.0,1205.0,31.7,8.4,26.0
2025-01-29 03:00:00+00:00,33.1,58.9,463.0,1511.0,38.0,10.3,23.0
2025-01-29 04:00:00+00:00,33.3,58.6,461.0,1362.0,33.8,13.3,41.0
2025-01-29 05:00:00+00:00,27.1,53.0,455.0,982.0,24.1,16.8,70.0
2025-01-29 06:00:00+00:00,20.6,46.0,451.0,659.0,15.9,19.1,95.0
2025-01-29 07:00:00+00:00,18.2,40.4,448.0,489.0,11.3,19.2,110.0
2025-01-29 08:00:00+00:00,17.3,38.3,446.0,375.0,8.0,18.1,120.0
2025-01-29 09:00:00+00:00,16.6,35.9,445.0,316.0,6.5,17.1,125.0
2025-01-29 10:00:00+00:00,15.8,35.2,445.0,324.0,6.5,16.6,123.0
2025-01-29 11:00:00+00:00,15.5,34.3,445.0,387.0,8.3,16.2,115.0
2025-01-29 12:00:00+00:00,16.3,35.3,446.0,467.0,12.7,16.2,106.0
2025-01-29 13:00:00+00:00,18.2,33.1,447.0,576.0,22.1,15.3,91.0
2025-01-29 14:00:00+00:00,22.7,35.2,449.0,703.0,34.8,14.0,72.0
2025-01-29 15:00:00+00:00,24.4,39.2,450.0,769.0,42.7,12.8,58.0
2025-01-29 16:00:00+00:00,25.0,43.1,450.0,723.0,41.4,12.0,57.0
2025-01-29 17:00:00+00:00,25.3,45.4,450.0,617.0,35.2,11.2,62.0
2025-01-29 18:00:00+00:00,25.8,49.5,450.0,533.0,29.2,10.4,67.0
2025-01-29 19:00:00+00:00,26.6,59.4,450.0,508.0,24.5,9.2,69.0
2025-01-29 20:00:00+00:00,27.9,71.7,451.0,506.0,20.0,8.0,70.0
2025-01-29 21:00:00+00:00,29.6,79.9,452.0,494.0,17.2,7.3,68.0
2025-01-29 22:00:00+00:00,31.9,87.8,454.0,415.0,16.7,7.6,61.0
2025-01-29 23:00:00+00:00,32.1,83.4,456.0,326.0,18.0,8.6,50.0
2025-01-30 00:00:00+00:00,31.8,69.6,459.0,374.0,22.6,10.2,39.0
2025-01-30 01:00:00+00:00,30.5,60.1,463.0,708.0,28.0,11.2,33.0
2025-01-30 02:00:00+00:00,30.9,58.3,468.0,1178.0,35.2,12.6,26.0
2025-01-30 03:00:00+00:00,35.9,61.5,470.0,1482.0,38.4,13.7,27.0
2025-01-30 04:00:00+00:00,39.3,63.6,469.0,1461.0,34.1,14.2,41.0
2025-01-30 05:00:00+00:00,38.4,78.7,466.0,1274.0,25.9,14.5,64.0
2025-01-30 06:00:00+00:00,35.9,84.3,463.0,1095.0,18.6,14.9,85.0
2025-01-30 07:00:00+00:00,31.8,74.7,462.0,987.0,13.7,15.7,104.0
2025-01-30 08:00:00+00:00,27.2,63.6,462.0,888.0,9.7,16.6,122.0
2025-01-30 09:00:00+00:00,26.7,63.8,460.0,787.0,7.4,17.7,135.0
2025-01-30 10:00:00+00:00,28.1,69.6,456.0,650.0,6.7,19.4,142.0
2025-01-30 11:00:00+00:00,30.6,78.9,451.0,512.0,7.6,21.3,143.0
2025-01-30 12:00:00+00:00,29.4,71.5,448.0,463.0,10.2,21.6,134.0
2025-01-30 13:00:00+00:00,36.9,86.4,449.0,598.0,19.1,20.7,113.0
2025-01-30 14:00:00+00:00,43.2,99.7,452.0,822.0,31.1,19.4,84.0
2025-01-30 15:00:00+00:00,43.4,99.7,454.0,943.0,38.3,17.9,64.0
2025-01-30 16:00:00+00:00,40.3,87.5,453.0,851.0,36.3,16.3,63.0
2025-01-30 17:00:00+00:00,36.8,74.3,451.0,655.0,29.5,14.5,70.0
2025-01-30 18:00:00+00:00,34.6,68.2,449.0,493.0,23.2,12.7,76.0
2025-01-30 19:00:00+00:00,35.2,78.2,449.0,418.0,19.1,10.7,76.0
2025-01-30 20:00:00+00:00,39.2,106.4,449.0,377.0,15.6,8.6,75.0
2025-01-30 21:00:00+00:00,41.7,118.7,449.0,345.0,13.0,7.3,72.0
2025-01-30 22:00:00+00:00,41.3,116.6,449.0,293.0,10.8,7.2,68.0
2025-01-30 23:00:00+00:00,41.1,118.5,449.0,250.0,9.4,7.9,63.0
2025-01-31 00:00:00+00:00,39.7,110.8,449.0,278.0,10.9,8.8,55.0
2025-01-31 01:00:00+00:00,40.5,113.4,451.0,446.0,17.9,9.7,44.0
2025-01-31 02:00:00+00:00,43.2,117.8,453.0,686.0,27.3,11.1,31.0
2025-01-31 03:00:00+00:00,48.1,120.6,454.0,848.0,32.3,13.2,27.0
2025-01-31 04:00:00+00:00,48.4,113.2,454.0,868.0,28.9,16.7,41.0
2025-01-31 05:00:00+00:00,42.0,117.1,453.0,812.0,21.0,20.9,65.0
2025-01-31 06:00:00+00:00,35.4,105.7,452.0,726.0,14.4,23.9,87.0
2025-01-31 07:00:00+00:00,30.2,90.8,450.0,600.0,10.8,24.8,104.0
2025-01-31 08:00:00+00:00,25.9,71.7,447.0,444.0,8.3,24.5,118.0
2025-01-31 09:00:00+00:00,22.7,59.1,445.0,338.0,7.0,23.6,126.0
2025-01-31 10:00:00+00:00,20.0,51.5,444.0,309.0,6.6,22.3,126.0
2025-01-31 11:00:00+00:00,18.2,48.3,444.0,330.0,7.3,20.4,120.0
2025-01-31 12:00:00+00:00,17.7,48.3,445.0,394.0,9.5,17.6,109.0
2025-01-31 13:00:00+00:00,20.0,52.5,447.0,533.0,16.6,16.3,95.0
2025-01-31 14:00:00+00:00,25.8,58.6,450.0,715.0,26.3,14.4,75.0
2025-01-31 15:00:00+00:00,30.0,69.8,452.0,837.0,33.0,12.9,60.0
2025-01-31 16:00:00+00:00,34.0,82.4,452.0,812.0,33.9,12.1,55.0
2025-01-31 17:00:00+00:00,37.8,97.6,452.0,727.0,31.7,11.7,56.0
2025-01-31 18:00:00+00:00,42.0,120.6,453.0,738.0,29.7,11.4,56.0
2025-01-31 19:00:00+00:00,46.7,153.7,458.0,990.0,28.6,11.1,56.0
2025-01-31 20:00:00+00:00,51.3,197.0,466.0,1339.0,27.6,10.8,57.0
2025-01-31 21:00:00+00:00,53.7,215.6,470.0,1508.0,27.3,10.7,54.0
2025-01-31 22:00:00+00:00,54.1,204.0,468.0,1285.0,28.1,10.6,44.0
2025-01-31 23:00:00+00:00,53.1,177.0,464.0,882.0,29.7,10.6,30.0
2025-02-01 00:00:00+00:00,49.1,143.0,462.0,657.0,29.4,10.8,23.0
2025-02-01 01:00:00+00:00,46.6,118.0,466.0,841.0,33.1,12.2,18.0
2025-02-01 02:00:00+00:00,46.6,105.9,472.0,1203.0,37.8,14.1,11.0
2025-02-01 03:00:00+00:00,49.6,101.0,475.0,1402.0,39.0,15.9,16.0
2025-02-01 04:00:00+00:00,47.3,87.5,470.0,1257.0,33.7,17.5,42.0
2025-02-01 05:00:00+00:00,40.2,85.0,461.0,948.0,24.9,19.1,78.0
2025-02-01 06:00:00+00:00,32.2,68.7,454.0,684.0,17.2,19.7,108.0
2025-02-01 07:00:00+00:00,29.2,65.2,450.0,525.0,12.0,18.8,124.0
2025-02-01 08:00:00+00:00,24.3,54.7,448.0,410.0,7.9,16.9,134.0
2025-02-01 09:00:00+00:00,22.5,50.4,447.0,358.0,5.5,15.8,140.0
2025-02-01 10:00:00+00:00,22.5,51.1,447.0,384.0,2.6,15.8,145.0
2025-02-01 11:00:00+00:00,22.5,51.7,449.0,475.0,1.5,16.4,146.0
2025-02-01 12:00:00+00:00,26.1,55.3,451.0,606.0,9.7,20.1,139.0
2025-02-01 13:00:00+00:00,31.0,55.6,454.0,796.0,37.3,22.5,102.0
2025-02-01 14:00:00+00:00,55.8,84.8,458.0,1027.0,74.8,25.7,51.0
2025-02-01 15:00:00+00:00,63.6,92.9,462.0,1226.0,99.4,27.9,15.0
2025-02-01 16:00:00+00:00,64.7,93.8,466.0,1409.0,98.8,28.4,7.0
2025-02-01 17:00:00+00:00,63.6,85.4,470.0,1558.0,85.2,27.8,13.0
2025-02-01 18:00:00+00:00,52.7,64.7,471.0,1553.0,72.8,25.8,19.0
2025-02-01 19:00:00+00:00,41.4,47.7,466.0,1265.0,67.7,21.5,19.0
2025-02-01 20:00:00+00:00,33.5,37.0,459.0,822.0,63.8,15.8,18.0
2025-02-01 21:00:00+00:00,27.1,30.4,453.0,481.0,56.9,11.3,22.0
2025-02-01 22:00:00+00:00,22.1,25.2,450.0,304.0,42.6,9.1,34.0
2025-02-01 23:00:00+00:00,18.3,21.7,450.0,230.0,25.4,8.0,50.0
2025-02-02 00:00:00+00:00,16.3,18.3,451.0,331.0,18.2,8.0,52.0
2025-02-02 01:00:00+00:00,15.0,17.8,457.0,778.0,22.4,8.6,49.0
2025-02-02 02:00:00+00:00,16.5,20.0,465.0,1400.0,28.0,9.5,45.0
2025-02-02 03:00:00+00:00,20.2,24.9,469.0,1755.0,30.3,10.5,48.0
2025-02-02 04:00:00+00:00,23.6,28.2,466.0,1582.0,26.3,11.7,63.0
2025-02-02 05:00:00+00:00,19.5,28.2,458.0,1142.0,19.0,13.0,84.0
2025-02-02 06:00:00+00:00,17.2,28.9,452.0,770.0,12.6,13.9,104.0
2025-02-02 07:00:00+00:00,19.6,29.1,448.0,585.0,8.5,14.0,120.0
2025-02-02 08:00:00+00:00,21.5,31.7,445.0,469.0,5.4,13.8,135.0
2025-02-02 09:00:00+00:00,23.2,33.3,443.0,404.0,3.7,13.6,145.0
2025-02-02 10:00:00+00:00,24.3,34.5,442.0,379.0,3.2,13.7,149.0
2025-02-02 11:00:00+00:00,25.1,35.3,443.0,406.0,4.1,13.8,148.0
2025-02-02 12:00:00+00:00,26.0,36.8,444.0,499.0,7.4,13.9,135.0
2025-02-02 13:00:00+00:00,29.5,37.7,448.0,733.0,16.4,14.3,116.0
2025-02-02 14:00:00+00:00,33.6,39.9,452.0,1035.0,28.5,14.9,91.0
2025-02-02 15:00:00+00:00,32.6,38.1,455.0,1197.0,35.6,15.3,73.0
2025-02-02 16:00:00+00:00,29.6,34.8,454.0,1091.0,32.9,15.2,71.0
2025-02-02 17:00:00+00:00,27.9,32.5,452.0,846.0,25.1,14.9,77.0
2025-02-02 18:00:00+00:00,27.2,31.1,450.0,645.0,18.4,14.7,83.0
2025-02-02 19:00:00+00:00,26.8,30.3,449.0,562.0,15.1,14.6,85.0
2025-02-02 20:00:00+00:00,26.0,29.3,449.0,523.0,12.8,14.5,87.0
2025-02-02 21:00:00+00:00,25.0,28.1,449.0,486.0,10.9,14.6,89.0
2025-02-02 22:00:00+00:00,24.0,27.1,448.0,396.0,8.3,14.8,92.0
2025-02-02 23:00:00+00:00,23.2,26.4,447.0,308.0,6.0,15.1,95.0
2025-02-03 00:00:00+00:00,22.7,27.1,448.0,345.0,6.2,15.5,95.0
2025-02-03 01:00:00+00:00,22.1,26.0,452.0,643.0,11.7,15.9,88.0
2025-02-03 02:00:00+00:00,22.8,26.5,458.0,1067.0,19.1,16.5,80.0
2025-02-03 03:00:00+00:00,25.2,28.9,461.0,1330.0,23.5,17.0,77.0
2025-02-03 04:00:00+00:00,27.5,30.6,460.0,1269.0,22.2,17.1,85.0
2025-02-03 05:00:00+00:00,25.6,29.9,456.0,1047.0,17.9,17.2,99.0
2025-02-03 06:00:00+00:00,21.7,31.8,454.0,874.0,13.8,17.5,114.0
2025-02-03 07:00:00+00:00,20.6,44.4,454.0,848.0,10.4,18.3,129.0
2025-02-03 08:00:00+00:00,24.5,45.4,455.0,871.0,7.1,19.5,145.0
2025-02-03 09:00:00+00:00,26.5,44.4,455.0,851.0,5.3,20.7,155.0
2025-02-03 10:00:00+00:00,27.6,42.7,452.0,711.0,5.1,22.3,159.0
2025-02-03 11:00:00+00:00,27.6,40.6,448.0,528.0,6.3,24.0,159.0
2025-02-03 12:00:00+00:00,33.6,47.5,446.0,447.0,8.6,23.0,149.0
2025-02-03 13:00:00+00:00,35.5,44.0,448.0,573.0,16.0,22.1,128.0
2025-02-03 14:00:00+00:00,36.6,43.0,451.0,800.0,26.0,20.9,100.0
2025-02-03 15:00:00+00:00,34.9,40.5,454.0,952.0,32.4,19.5,80.0
2025-02-03 16:00:00+00:00,33.4,39.0,455.0,954.0,31.8,18.0,75.0
2025-02-03 17:00:00+00:00,32.0,38.2,455.0,880.0,27.5,16.4,79.0
2025-02-03 18:00:00+00:00,31.0,38.6,454.0,778.0,23.1,14.7,82.0
2025-02-03 19:00:00+00:00,29.5,39.8,452.0,640.0,19.5,12.7,83.0
2025-02-03 20:00:00+00:00,27.5,41.2,450.0,473.0,15.9,10.6,83.0
2025-02-03 21:00:00+00:00,24.5,40.5,448.0,343.0,12.9,8.9,83.0
2025-02-03 22:00:00+00:00,21.8,39.2,447.0,249.0,9.9,7.9,83.0
2025-02-03 23:00:00+00:00,19.1,36.3,446.0,192.0,7.6,7.3,84.0
2025-02-04 00:00:00+00:00,15.1,28.3,447.0,240.0,8.2,7.2,86.0
2025-02-04 01:00:00+00:00,14.0,24.9,451.0,512.0,17.0,8.3,76.0
2025-02-04 02:00:00+00:00,15.1,23.9,456.0,889.0,28.7,9.9,64.0
2025-02-04 03:00:00+00:00,20.3,27.6,459.0,1089.0,34.4,11.3,61.0
2025-02-04 04:00:00+00:00,21.4,27.9,456.0,932.0,28.2,12.3,77.0
2025-02-04 05:00:00+00:00,15.2,25.3,450.0,598.0,15.9,13.0,103.0
2025-02-04 06:00:00+00:00,12.9,24.6,445.0,339.0,6.5,13.2,123.0
2025-02-04 07:00:00+00:00,12.5,25.0,444.0,259.0,3.5,12.6,132.0
2025-02-04 08:00:00+00:00,12.1,25.3,444.0,254.0,3.2,11.5,135.0
2025-02-04 09:00:00+00:00,11.8,26.6,444.0,269.0,3.7,10.7,135.0
2025-02-04 10:00:00+00:00,12.3,30.5,444.0,275.0,3.5,10.7,133.0
2025-02-04 11:00:00+00:00,13.2,35.5,445.0,302.0,3.9,11.0,128.0
2025-02-04 12:00:00+00:00,13.7,38.5,446.0,381.0,7.3,12.3,122.0
2025-02-04 13:00:00+00:00,16.9,40.0,449.0,569.0,15.2,12.5,106.0
2025-02-04 14:00:00+00:00,21.7,43.5,452.0,808.0,26.0,12.8,83.0
2025-02-04 15:00:00+00:00,22.3,45.6,455.0,962.0,33.1,12.8,67.0
2025-02-04 16:00:00+00:00,22.1,46.4,456.0,958.0,33.3,12.4,63.0
2025-02-04 17:00:00+00:00,22.1,46.6,456.0,869.0,29.8,11.8,64.0
2025-02-04 18:00:00+00:00,22.4,45.5,456.0,768.0,25.9,10.9,67.0
2025-02-04 19:00:00+00:00,21.9,43.4,455.0,669.0,22.1,9.6,69.0
2025-02-04 20:00:00+00:00,20.4,39.9,453.0,560.0,17.9,8.0,72.0
2025-02-04 21:00:00+00:00,18.9,36.3,452.0,475.0,14.5,6.9,74.0
2025-02-04 22:00:00+00:00,17.7,32.9,453.0,393.0,11.3,6.5,74.0
2025-02-04 23:00:00+00:00,16.7,30.3,454.0,335.0,8.9,6.5,74.0
2025-02-05 00:00:00+00:00,16.2,28.1,457.0,405.0,10.0,7.1,71.0
2025-02-05 01:00:00+00:00,16.8,29.2,462.0,735.0,20.9,8.8,53.0
2025-02-05 02:00:00+00:00,20.2,33.5,469.0,1193.0,35.5,11.4,30.0
2025-02-05 03:00:00+00:00,31.3,44.9,472.0,1486.0,43.7,14.4,21.0
2025-02-05 04:00:00+00:00,34.1,48.5,469.0,1460.0,39.4,18.6,38.0
2025-02-05 05:00:00+00:00,28.9,57.3,463.0,1269.0,28.7,23.3,69.0
2025-02-05 06:00:00+00:00,22.9,56.1,458.0,1077.0,19.3,26.2,96.0
2025-02-05 07:00:00+00:00,16.1,40.5,455.0,928.0,13.8,25.8,112.0
2025-02-05 08:00:00+00:00,14.0,33.8,453.0,779.0,9.7,23.7,124.0
2025-02-05 09:00:00+00:00,14.1,31.8,451.0,665.0,7.3,21.9,132.0
2025-02-05 10:00:00+00:00,14.3,31.2,449.0,576.0,4.6,21.3,139.0
2025-02-05 11:00:00+00:00,14.7,31.3,449.0,523.0,3.5,21.0,142.0
2025-02-05 12:00:00+00:00,12.0,21.9,449.0,574.0,9.4,18.7,130.0
2025-02-05 13:00:00+00:00,15.5,24.7,452.0,806.0,27.7,19.2,101.0
2025-02-05 14:00:00+00:00,27.5,35.4,456.0,1143.0,52.8,20.0,61.0
2025-02-05 15:00:00+00:00,30.3,37.7,460.0,1420.0,71.6,20.7,30.0
2025-02-05 16:00:00+00:00,32.6,39.7,464.0,1601.0,77.9,21.7,17.0
2025-02-05 17:00:00+00:00,36.7,43.9,469.0,1722.0,77.8,22.8,14.0
2025-02-05 18:00:00+00:00,43.1,49.7,472.0,1732.0,76.0,22.7,12.0
2025-02-05 19:00:00+00:00,45.5,51.3,473.0,1572.0,74.1,20.7,10.0
2025-02-05 20:00:00+00:00,41.9,47.7,474.0,1300.0,70.4,17.6,10.0
2025-02-05 21:00:00+00:00,37.4,43.7,472.0,1036.0,65.1,14.9,12.0
2025-02-05 22:00:00+00:00,33.8,40.5,467.0,773.0,56.5,13.0,16.0
2025-02-05 23:00:00+00:00,31.5,38.6,461.0,517.0,46.3,11.4,22.0
2025-02-06 00:00:00+00:00,30.6,37.1,456.0,408.0,49.0,11.9,13.0
2025-02-06 01:00:00+00:00,29.2,35.7,456.0,579.0,49.0,12.8,11.0
2025-02-06 02:00:00+00:00,31.3,38.1,458.0,898.0,48.6,14.2,11.0
2025-02-06 03:00:00+00:00,37.7,44.4,459.0,1106.0,45.4,16.0,19.0
2025-02-06 04:00:00+00:00,34.5,41.9,458.0,1090.0,37.2,18.8,45.0
2025-02-06 05:00:00+00:00,28.2,38.5,455.0,964.0,26.3,21.9,81.0
2025-02-06 06:00:00+00:00,19.5,32.0,453.0,813.0,17.2,23.4,109.0
2025-02-06 07:00:00+00:00,16.1,27.8,450.0,635.0,11.7,22.0,123.0
2025-02-06 08:00:00+00:00,14.4,25.1,447.0,433.0,8.1,19.0,129.0
2025-02-06 09:00:00+00:00,13.4,23.9,445.0,299.0,6.0,16.3,132.0
2025-02-06 10:00:00+00:00,12.7,23.1,444.0,271.0,4.4,14.6,135.0
2025-02-06 11:00:00+00:00,12.2,22.1,445.0,311.0,4.4,13.2,135.0
2025-02-06 12:00:00+00:00,12.3,21.4,446.0,396.0,8.4,12.4,124.0
2025-02-06 13:00:00+00:00,13.7,20.4,448.0,565.0,19.9,11.9,102.0
2025-02-06 14:00:00+00:00,21.4,25.5,451.0,780.0,35.4,11.1,72.0
2025-02-06 15:00:00+00:00,19.9,22.9,453.0,894.0,44.2,10.3,52.0
2025-02-06 16:00:00+00:00,17.6,20.4,453.0,818.0,39.9,9.3,51.0
2025-02-06 17:00:00+00:00,16.0,19.4,451.0,643.0,28.9,8.2,60.0
2025-02-06 18:00:00+00:00,15.8,19.7,450.0,496.0,19.7,7.4,68.0
2025-02-06 19:00:00+00:00,16.2,20.4,449.0,428.0,15.8,7.0,71.0
2025-02-06 20:00:00+00:00,16.2,20.5,449.0,388.0,13.7,6.9,72.0
2025-02-06 21:00:00+00:00,16.0,20.3,448.0,354.0,11.9,6.8,74.0
2025-02-06 22:00:00+00:00,15.7,20.0,447.0,301.0,9.1,6.6,78.0
2025-02-06 23:00:00+00:00,15.4,19.6,447.0,254.0,6.6,6.6,83.0
2025-02-07 00:00:00+00:00,15.2,20.0,447.0,268.0,6.8,6.9,82.0
2025-02-07 01:00:00+00:00,15.0,19.7,449.0,407.0,11.5,7.7,77.0
2025-02-07 02:00:00+00:00,16.0,20.8,451.0,606.0,17.7,9.0,70.0
2025-02-07 03:00:00+00:00,18.3,23.1,452.0,724.0,21.2,10.5,69.0
2025-02-07 04:00:00+00:00,21.2,25.0,451.0,683.0,19.3,12.6,78.0
2025-02-07 05:00:00+00:00,17.6,23.1,449.0,560.0,14.5,15.0,92.0
2025-02-07 06:00:00+00:00,13.1,20.4,447.0,450.0,10.4,16.4,105.0
2025-02-07 07:00:00+00:00,10.6,25.6,446.0,378.0,7.8,15.8,114.0
2025-02-07 08:00:00+00:00,10.9,28.6,446.0,318.0,5.7,14.2,121.0
2025-02-07 09:00:00+00:00,10.2,25.6,446.0,289.0,4.8,13.1,126.0
2025-02-07 10:00:00+00:00,10.0,22.8,446.0,277.0,3.5,13.0,131.0
2025-02-07 11:00:00+00:00,10.3,21.2,446.0,294.0,3.2,13.3,133.0
2025-02-07 12:00:00+00:00,14.5,26.5,447.0,400.0,9.7,15.5,126.0
2025-02-07 13:00:00+00:00,19.6,28.4,451.0,701.0,31.2,16.4,95.0
2025-02-07 14:00:00+00:00,32.9,40.3,457.0,1089.0,60.2,17.6,53.0
2025-02-07 15:00:00+00:00,34.1,38.9,460.0,1303.0,76.5,17.8,26.0
2025-02-07 16:00:00+00:00,29.8,34.0,459.0,1176.0,68.3,16.0,28.0
2025-02-07 17:00:00+00:00,27.3,31.4,456.0,873.0,47.4,13.2,44.0
2025-02-07 18:00:00+00:00,26.1,30.4,453.0,629.0,30.0,11.0,58.0
2025-02-07 19:00:00+00:00,25.7,29.9,452.0,539.0,22.0,9.9,63.0
2025-02-07 20:00:00+00:00,25.1,29.3,451.0,507.0,17.3,9.3,66.0
2025-02-07 21:00:00+00:00,24.7,28.7,451.0,480.0,14.0,9.0,67.0
2025-02-07 22:00:00+00:00,24.3,28.1,451.0,411.0,11.0,8.9,68.0
2025-02-07 23:00:00+00:00,23.9,27.6,450.0,347.0,9.3,9.0,68.0
2025-02-08 00:00:00+00:00,23.7,27.3,451.0,377.0,8.8,9.4,71.0
2025-02-08 01:00:00+00:00,24.4,28.0,454.0,602.0,14.5,10.2,65.0
2025-02-08 02:00:00+00:00,26.6,30.2,457.0,921.0,22.1,11.5,57.0
2025-02-08 03:00:00+00:00,30.5,34.1,459.0,1119.0,26.6,12.7,56.0
2025-02-08 04:00:00+00:00,33.6,36.8,458.0,1085.0,25.1,13.9,67.0
2025-02-08 05:00:00+00:00,32.4,37.6,455.0,929.0,20.4,15.2,85.0
2025-02-08 06:00:00+00:00,26.7,42.8,452.0,770.0,15.9,16.3,102.0
2025-02-08 07:00:00+00:00,20.1,42.7,450.0,610.0,12.1,16.9,117.0
2025-02-08 08:00:00+00:00,16.2,32.4,447.0,446.0,8.4,17.3,130.0
2025-02-08 09:00:00+00:00,15.2,27.2,446.0,384.0,6.4,18.3,141.0
2025-02-08 10:00:00+00:00,15.8,26.1,446.0,475.0,4.8,20.7,150.0
2025-02-08 11:00:00+00:00,17.3,27.1,448.0,668.0,4.8,23.7,156.0
2025-02-08 12:00:00+00:00,26.7,39.1,451.0,912.0,12.9,32.0,156.0
2025-02-08 13:00:00+00:00,35.5,45.3,456.0,1248.0,33.7,31.6,126.0
2025-02-08 14:00:00+00:00,46.8,54.7,463.0,1634.0,62.0,31.0,85.0
2025-02-08 15:00:00+00:00,50.2,57.7,469.0,1896.0,81.0,30.2,54.0
2025-02-08 16:00:00+00:00,50.6,58.1,472.0,1953.0,82.3,29.3,42.0
2025-02-08 17:00:00+00:00,49.5,56.5,474.0,1886.0,74.3,28.2,41.0
2025-02-08 18:00:00+00:00,47.6,53.6,475.0,1757.0,65.0,26.6,41.0
2025-02-08 19:00:00+00:00,45.4,49.9,474.0,1566.0,56.4,24.0,42.0
2025-02-08 20:00:00+00:00,41.6,44.9,471.0,1314.0,46.6,20.9,45.0
2025-02-08 21:00:00+00:00,37.1,39.6,468.0,1068.0,37.9,18.1,48.0
2025-02-08 22:00:00+00:00,33.4,35.3,465.0,782.0,30.0,15.7,50.0
2025-02-08 23:00:00+00:00,30.4,32.0,463.0,500.0,23.3,13.7,51.0
2025-02-09 00:00:00+00:00,28.6,30.5,463.0,427.0,19.4,12.8,51.0
2025-02-09 01:00:00+00:00,28.1,29.9,468.0,742.0,28.1,13.5,36.0
2025-02-09 02:00:00+00:00,31.2,33.1,475.0,1266.0,39.8,14.6,16.0
2025-02-09 03:00:00+00:00,42.8,44.5,479.0,1656.0,46.4,16.6,13.0
2025-02-09 04:00:00+00:00,49.1,50.6,479.0,1777.0,43.5,20.1,40.0
2025-02-09 05:00:00+00:00,39.9,43.1,476.0,1765.0,35.4,24.5,83.0
2025-02-09 06:00:00+00:00,30.2,35.9,473.0,1690.0,27.5,28.6,119.0
2025-02-09 07:00:00+00:00,27.4,31.8,470.0,1554.0,20.6,32.4,140.0
2025-02-09 08:00:00+00:00,28.1,31.3,466.0,1355.0,13.9,35.9,154.0
2025-02-09 09:00:00+00:00,29.4,32.2,462.0,1158.0,9.9,38.1,163.0
2025-02-09 10:00:00+00:00,30.9,33.5,457.0,957.0,9.1,38.4,168.0
2025-02-09 11:00:00+00:00,32.0,34.7,453.0,758.0,11.0,37.3,169.0
2025-02-09 12:00:00+00:00,31.1,33.2,450.0,645.0,14.4,35.0,156.0
2025-02-09 13:00:00+00:00,37.0,39.1,451.0,688.0,29.0,31.4,126.0
2025-02-09 14:00:00+00:00,41.3,43.4,453.0,818.0,49.0,26.5,85.0
2025-02-09 15:00:00+00:00,41.7,43.8,455.0,903.0,62.9,22.4,54.0
2025-02-09 16:00:00+00:00,41.0,42.8,456.0,889.0,65.9,20.4,41.0
2025-02-09 17:00:00+00:00,40.3,41.9,457.0,831.0,62.8,19.2,39.0
2025-02-09 18:00:00+00:00,39.2,40.6,457.0,767.0,57.2,17.9,40.0
2025-02-09 19:00:00+00:00,37.5,38.8,457.0,709.0,48.9,15.8,45.0
2025-02-09 20:00:00+00:00,34.3,35.6,456.0,646.0,38.1,13.4,54.0
2025-02-09 21:00:00+00:00,30.4,31.8,456.0,581.0,28.6,11.6,63.0
2025-02-09 22:00:00+00:00,27.2,28.9,455.0,475.0,20.4,10.3,71.0
2025-02-09 23:00:00+00:00,25.0,27.0,455.0,366.0,13.7,9.5,77.0
2025-02-10 00:00:00+00:00,22.6,25.0,455.0,374.0,11.0,9.2,82.0
2025-02-10 01:00:00+00:00,24.0,27.7,458.0,637.0,22.4,10.9,69.0
2025-02-10 02:00:00+00:00,27.3,31.3,462.0,1017.0,37.6,13.4,52.0
2025-02-10 03:00:00+00:00,36.2,40.2,464.0,1216.0,45.3,15.9,48.0
2025-02-10 04:00:00+00:00,36.1,39.2,460.0,1048.0,38.3,18.4,68.0
2025-02-10 05:00:00+00:00,27.9,32.5,454.0,698.0,23.9,21.0,100.0
2025-02-10 06:00:00+00:00,25.9,28.8,449.0,426.0,12.4,22.7,125.0
2025-02-10 07:00:00+00:00,24.7,27.2,447.0,339.0,7.8,23.1,137.0
2025-02-10 08:00:00+00:00,23.0,25.4,447.0,330.0,6.1,22.7,143.0
2025-02-10 09:00:00+00:00,22.3,24.6,447.0,339.0,5.8,22.1,144.0
2025-02-10 10:00:00+00:00,21.8,23.9,447.0,347.0,5.8,21.7,140.0
2025-02-10 11:00:00+00:00,21.2,23.3,447.0,373.0,7.1,21.2,130.0
2025-02-10 12:00:00+00:00,16.9,19.6,447.0,418.0,10.2,18.4,115.0
2025-02-10 13:00:00+00:00,18.5,21.0,448.0,504.0,18.6,17.3,100.0
2025-02-10 14:00:00+00:00,23.5,25.6,450.0,609.0,30.0,15.7,78.0
2025-02-10 15:00:00+00:00,25.4,27.9,451.0,667.0,37.6,14.3,63.0
2025-02-10 16:00:00+00:00,26.1,28.9,451.0,641.0,38.0,13.4,59.0
2025-02-10 17:00:00+00:00,26.3,29.2,451.0,568.0,34.6,12.6,62.0
2025-02-10 18:00:00+00:00,25.4,28.5,450.0,498.0,30.4,11.7,65.0
2025-02-10 19:00:00+00:00,24.3,27.6,450.0,446.0,26.1,10.5,68.0
2025-02-10 20:00:00+00:00,22.6,26.4,449.0,396.0,21.0,9.2,71.0
2025-02-10 21:00:00+00:00,20.7,25.8,449.0,350.0,16.5,8.1,74.0
2025-02-10 22:00:00+00:00,19.0,27.0,449.0,290.0,12.0,7.2,77.0
2025-02-10 23:00:00+00:00,17.6,28.9,449.0,234.0,8.1,6.6,81.0
2025-02-11 00:00:00+00:00,15.9,29.1,449.0,235.0,6.1,6.1,82.0
2025-02-11 01:00:00+00:00,15.6,28.9,450.0,352.0,12.1,6.5,72.0
2025-02-11 02:00:00+00:00,17.0,30.5,451.0,526.0,20.2,7.3,60.0
2025-02-11 03:00:00+00:00,21.8,37.4,451.0,631.0,24.6,8.6,55.0
2025-02-11 04:00:00+00:00,23.7,46.0,450.0,596.0,21.8,11.1,65.0
2025-02-11 05:00:00+00:00,24.1,71.0,449.0,492.0,15.3,14.2,84.0
2025-02-11 06:00:00+00:00,29.1,108.7,448.0,405.0,9.9,16.6,100.0
2025-02-11 07:00:00+00:00,33.9,136.4,447.0,361.0,7.1,17.7,111.0
2025-02-11 08:00:00+00:00,36.0,143.4,446.0,334.0,5.3,18.1,120.0
2025-02-11 09:00:00+00:00,36.8,145.3,446.0,330.0,4.8,18.2,124.0
2025-02-11 10:00:00+00:00,37.0,142.0,446.0,351.0,5.5,18.1,120.0
2025-02-11 11:00:00+00:00,36.9,135.5,446.0,395.0,7.4,17.6,110.0
2025-02-11 12:00:00+00:00,36.8,128.5,447.0,466.0,11.3,17.6,98.0
2025-02-11 13:00:00+00:00,36.6,105.2,449.0,590.0,18.7,16.2,84.0
2025-02-11 14:00:00+00:00,38.3,92.7,451.0,741.0,28.8,14.4,64.0
2025-02-11 15:00:00+00:00,39.7,96.6,453.0,846.0,36.3,13.0,49.0
2025-02-11 16:00:00+00:00,40.7,99.4,455.0,866.0,38.6,12.6,44.0
2025-02-11 17:00:00+00:00,41.6,100.1,457.0,839.0,38.2,12.8,43.0
2025-02-11 18:00:00+00:00,42.7,99.9,458.0,808.0,37.2,12.7,43.0
2025-02-11 19:00:00+00:00,43.8,97.8,459.0,788.0,36.0,12.1,41.0
2025-02-11 20:00:00+00:00,43.0,94.3,459.0,765.0,34.3,11.3,40.0
2025-02-11 21:00:00+00:00,41.9,93.4,460.0,732.0,32.9,10.8,37.0
2025-02-11 22:00:00+00:00,42.5,96.9,461.0,656.0,32.0,10.7,32.0
2025-02-11 23:00:00+00:00,43.4,101.3,462.0,571.0,31.5,10.8,25.0
2025-02-12 00:00:00+00:00,46.2,110.1,464.0,577.0,33.2,12.5,20.0
2025-02-12 01:00:00+00:00,47.1,109.2,467.0,782.0,34.4,13.8,13.0
2025-02-12 02:00:00+00:00,51.5,113.2,470.0,1079.0,35.8,15.8,5.0
2025-02-12 03:00:00+00:00,62.2,113.4,471.0,1245.0,35.7,17.9,8.0
2025-02-12 04:00:00+00:00,58.9,115.7,467.0,1153.0,33.0,20.1,32.0
2025-02-12 05:00:00+00:00,51.7,130.4,461.0,932.0,28.7,22.5,66.0
2025-02-12 06:00:00+00:00,47.6,132.7,456.0,742.0,24.1,24.8,97.0
2025-02-12 07:00:00+00:00,46.8,133.2,453.0,625.0,18.5,27.1,119.0
2025-02-12 08:00:00+00:00,46.4,132.2,451.0,539.0,12.6,29.3,136.0
2025-02-12 09:00:00+00:00,46.8,128.1,451.0,528.0,9.2,30.9,149.0
2025-02-12 10:00:00+00:00,46.4,122.5,452.0,601.0,8.6,31.9,160.0
2025-02-12 11:00:00+00:00,46.9,120.1,454.0,748.0,10.6,32.4,167.0
2025-02-12 12:00:00+00:00,48.2,118.5,457.0,982.0,15.2,35.0,164.0
2025-02-12 13:00:00+00:00,50.5,111.8,463.0,1387.0,27.5,31.7,136.0
2025-02-12 14:00:00+00:00,54.2,103.6,470.0,1879.0,44.7,27.2,98.0
2025-02-12 15:00:00+00:00,56.2,106.4,476.0,2222.0,59.9,24.8,65.0
2025-02-12 16:00:00+00:00,59.0,109.0,481.0,2322.0,71.7,26.8,44.0
2025-02-12 17:00:00+00:00,65.0,119.7,484.0,2273.0,81.6,30.9,29.0
2025-02-12 18:00:00+00:00,72.9,132.2,486.0,2122.0,86.7,32.7,18.0
2025-02-12 19:00:00+00:00,75.0,118.7,484.0,1832.0,84.6,29.9,12.0
2025-02-12 20:00:00+00:00,69.8,99.7,481.0,1441.0,77.8,25.0,11.0
2025-02-12 21:00:00+00:00,64.5,88.2,477.0,1107.0,70.9,20.7,11.0
2025-02-12 22:00:00+00:00,61.0,81.3,473.0,833.0,65.2,17.9,10.0
2025-02-12 23:00:00+00:00,57.7,77.1,470.0,617.0,59.5,15.9,10.0
2025-02-13 00:00:00+00:00,48.8,64.7,470.0,610.0,55.1,15.7,12.0
2025-02-13 01:00:00+00:00,48.5,64.5,478.0,1013.0,51.9,15.2,7.0
2025-02-13 02:00:00+00:00,51.8,67.1,490.0,1626.0,47.3,15.1,2.0
2025-02-13 03:00:00+00:00,63.1,75.7,495.0,1997.0,42.4,19.2,10.0
2025-02-13 04:00:00+00:00,62.4,73.3,488.0,1889.0,37.6,32.2,41.0
2025-02-13 05:00:00+00:00,41.7,69.2,475.0,1538.0,32.5,49.5,84.0
2025-02-13 06:00:00+00:00,42.5,93.1,464.0,1205.0,27.1,60.6,121.0
2025-02-13 07:00:00+00:00,44.1,108.0,458.0,955.0,20.3,60.4,145.0
2025-02-13 08:00:00+00:00,41.3,102.0,454.0,723.0,13.3,54.2,162.0
2025-02-13 09:00:00+00:00,39.1,94.1,452.0,569.0,9.0,47.2,170.0
2025-02-13 10:00:00+00:00,37.8,89.6,452.0,523.0,8.4,40.6,165.0
2025-02-13 11:00:00+00:00,37.4,87.3,454.0,556.0,10.5,33.3,151.0
2025-02-13 12:00:00+00:00,39.9,90.6,457.0,640.0,15.8,30.6,141.0
2025-02-13 13:00:00+00:00,42.0,84.8,460.0,824.0,28.1,27.6,115.0
2025-02-13 14:00:00+00:00,46.3,86.4,464.0,1059.0,44.9,23.3,80.0
2025-02-13 15:00:00+00:00,47.6,88.9,466.0,1170.0,55.9,19.8,53.0
2025-02-13 16:00:00+00:00,47.6,89.4,463.0,1045.0,56.3,18.0,44.0
2025-02-13 17:00:00+00:00,46.0,87.3,458.0,797.0,51.0,17.0,44.0
2025-02-13 18:00:00+00:00,43.0,82.9,454.0,588.0,44.3,15.7,47.0
2025-02-13 19:00:00+00:00,38.9,75.7,452.0,480.0,36.8,13.6,51.0
2025-02-13 20:00:00+00:00,34.0,65.7,451.0,410.0,27.8,11.2,57.0
2025-02-13 21:00:00+00:00,29.2,54.9,450.0,355.0,20.4,9.4,62.0
2025-02-13 22:00:00+00:00,25.2,46.9,450.0,284.0,14.5,8.2,66.0
2025-02-13 23:00:00+00:00,22.7,45.5,449.0,229.0,10.1,7.6,69.0
2025-02-14 00:00:00+00:00,20.5,45.3,450.0,255.0,9.4,7.5,68.0
2025-02-14 01:00:00+00:00,21.2,52.7,452.0,449.0,18.1,8.7,56.0
2025-02-14 02:00:00+00:00,24.1,59.6,454.0,726.0,29.8,10.5,41.0
2025-02-14 03:00:00+00:00,31.7,68.2,455.0,894.0,36.5,12.4,35.0
2025-02-14 04:00:00+00:00,32.1,64.7,454.0,848.0,33.8,14.4,48.0
2025-02-14 05:00:00+00:00,30.0,71.2,452.0,694.0,26.1,16.6,72.0
2025-02-14 06:00:00+00:00,28.9,70.1,450.0,556.0,19.2,18.1,92.0
2025-02-14 07:00:00+00:00,28.7,71.0,448.0,469.0,14.6,18.8,106.0
2025-02-14 08:00:00+00:00,28.3,71.7,447.0,398.0,10.9,18.8,118.0
2025-02-14 09:00:00+00:00,27.4,66.4,446.0,364.0,8.9,18.3,123.0
2025-02-14 10:00:00+00:00,26.0,60.1,446.0,384.0,9.1,17.1,118.0
2025-02-14 11:00:00+00:00,24.5,55.9,447.0,441.0,11.2,15.3,107.0
2025-02-14 12:00:00+00:00,24.4,52.3,448.0,500.0,15.8,13.8,94.0
2025-02-14 13:00:00+00:00,26.1,47.7,449.0,569.0,23.2,13.0,81.0
2025-02-14 14:00:00+00:00,28.1,47.5,450.0,642.0,33.3,11.9,63.0
2025-02-14 15:00:00+00:00,28.1,48.7,451.0,662.0,39.1,10.9,51.0
2025-02-14 16:00:00+00:00,27.6,48.9,450.0,590.0,37.1,10.2,51.0
2025-02-14 17:00:00+00:00,26.5,47.0,448.0,466.0,30.9,9.6,57.0
2025-02-14 18:00:00+00:00,24.9,44.7,447.0,357.0,24.6,8.9,63.0
2025-02-14 19:00:00+00:00,22.9,42.3,446.0,282.0,19.1,7.7,69.0
2025-02-14 20:00:00+00:00,21.1,41.0,445.0,221.0,13.5,6.4,75.0
2025-02-14 21:00:00+00:00,20.3,40.7,445.0,180.0,9.2,5.5,79.0
2025-02-14 22:00:00+00:00,20.1,41.4,445.0,155.0,6.4,5.1,81.0
2025-02-14 23:00:00+00:00,20.5,42.0,445.0,149.0,4.9,5.2,82.0
2025-02-15 00:00:00+00:00,21.5,43.4,446.0,184.0,5.3,5.5,81.0
2025-02-15 01:00:00+00:00,22.2,43.9,447.0,298.0,11.0,6.3,73.0
2025-02-15 02:00:00+00:00,24.0,45.6,448.0,452.0,18.6,7.5,63.0
2025-02-15 03:00:00+00:00,27.6,49.9,449.0,548.0,23.3,9.0,59.0
2025-02-15 04:00:00+00:00,29.9,54.8,449.0,531.0,22.2,10.8,67.0
2025-02-15 05:00:00+00:00,30.5,70.5,448.0,457.0,18.2,12.9,81.0
2025-02-15 06:00:00+00:00,33.8,97.6,447.0,394.0,14.3,14.8,95.0
2025-02-15 07:00:00+00:00,37.1,121.1,447.0,365.0,11.2,16.7,110.0
2025-02-15 08:00:00+00:00,38.2,125.3,446.0,347.0,8.4,18.3,124.0
2025-02-15 09:00:00+00:00,38.6,120.1,446.0,346.0,7.2,19.0,131.0
2025-02-15 10:00:00+00:00,37.8,108.3,446.0,365.0,8.2,18.0,125.0
2025-02-15 11:00:00+00:00,36.4,97.8,446.0,400.0,10.8,16.0,112.0
2025-02-15 12:00:00+00:00,31.7,78.2,447.0,446.0,14.5,13.9,96.0
2025-02-15 13:00:00+00:00,32.1,65.9,448.0,518.0,21.4,13.0,82.0
2025-02-15 14:00:00+00:00,33.2,62.6,449.0,600.0,30.8,11.8,64.0
2025-02-15 15:00:00+00:00,33.5,59.8,450.0,639.0,36.6,10.8,51.0
2025-02-15 16:00:00+00:00,32.8,56.5,450.0,599.0,35.6,10.3,49.0
2025-02-15 17:00:00+00:00,31.2,52.0,449.0,515.0,31.0,10.1,53.0
2025-02-15 18:00:00+00:00,28.9,47.7,449.0,443.0,25.9,9.6,57.0
2025-02-15 19:00:00+00:00,25.8,42.7,449.0,403.0,21.0,8.6,61.0
2025-02-15 20:00:00+00:00,22.5,37.0,450.0,374.0,15.7,7.3,66.0
2025-02-15 21:00:00+00:00,19.7,32.7,450.0,345.0,11.4,6.4,71.0
2025-02-15 22:00:00+00:00,17.9,30.3,449.0,288.0,8.1,6.0,75.0
2025-02-15 23:00:00+00:00,17.1,29.9,448.0,231.0,5.7,5.9,79.0
2025-02-16 00:00:00+00:00,16.5,28.5,448.0,247.0,5.9,6.0,80.0
2025-02-16 01:00:00+00:00,17.2,30.4,449.0,423.0,12.5,7.0,72.0
2025-02-16 02:00:00+00:00,19.3,33.3,450.0,672.0,21.5,8.4,61.0
2025-02-16 03:00:00+00:00,24.0,39.1,451.0,812.0,26.5,10.0,57.0
2025-02-16 04:00:00+00:00,26.6,44.5,450.0,732.0,24.0,11.7,66.0
2025-02-16 05:00:00+00:00,26.4,61.5,448.0,544.0,17.6,13.6,82.0
2025-02-16 06:00:00+00:00,29.3,93.1,446.0,396.0,12.2,15.0,96.0
2025-02-16 07:00:00+00:00,32.5,117.3,445.0,347.0,9.0,15.7,107.0
2025-02-16 08:00:00+00:00,33.2,119.2,445.0,339.0,6.8,16.0,117.0
2025-02-16 09:00:00+00:00,32.8,113.9,445.0,348.0,6.2,15.8,121.0
2025-02-16 10:00:00+00:00,32.4,106.2,445.0,372.0,7.7,15.0,115.0
2025-02-16 11:00:00+00:00,31.5,96.9,445.0,413.0,10.9,13.7,103.0
2025-02-16 12:00:00+00:00,28.5,79.4,446.0,457.0,15.9,12.8,91.0
2025-02-16 13:00:00+00:00,29.0,65.0,447.0,502.0,23.2,12.0,78.0
2025-02-16 14:00:00+00:00,28.3,53.1,448.0,551.0,32.9,11.0,60.0
2025-02-16 15:00:00+00:00,24.5,40.9,449.0,594.0,38.2,10.0,49.0
2025-02-16 16:00:00+00:00,20.5,30.7,451.0,646.0,34.8,9.2,52.0
2025-02-16 17:00:00+00:00,18.1,26.0,453.0,693.0,26.9,8.6,61.0
2025-02-16 18:00:00+00:00,17.3,25.4,454.0,687.0,20.0,7.9,69.0
2025-02-16 19:00:00+00:00,17.3,27.0,452.0,575.0,16.0,7.2,72.0
2025-02-16 20:00:00+00:00,16.9,28.5,449.0,410.0,13.0,6.5,74.0
2025-02-16 21:00:00+00:00,16.4,29.9,448.0,308.0,11.0,6.1,73.0
2025-02-16 22:00:00+00:00,16.1,31.4,451.0,301.0,9.3,6.0,70.0
2025-02-16 23:00:00+00:00,16.0,30.6,456.0,357.0,8.6,6.1,64.0
2025-02-17 00:00:00+00:00,14.9,28.5,461.0,494.0,8.6,6.4,63.0
2025-02-17 01:00:00+00:00,15.9,28.0,466.0,802.0,17.7,8.6,49.0
2025-02-17 02:00:00+00:00,20.2,32.0,471.0,1190.0,29.8,11.6,30.0
2025-02-17 03:00:00+00:00,28.2,40.2,472.0,1409.0,36.5,14.6,26.0
2025-02-17 04:00:00+00:00,30.6,43.9,467.0,1291.0,32.6,17.3,48.0
2025-02-17 05:00:00+00:00,27.1,47.1,460.0,1003.0,23.2,20.0,85.0
2025-02-17 06:00:00+00:00,25.5,43.3,454.0,798.0,15.2,21.9,116.0
2025-02-17 07:00:00+00:00,23.3,44.1,453.0,790.0,10.1,22.7,134.0
2025-02-17 08:00:00+00:00,23.6,58.8,455.0,865.0,6.3,22.9,147.0
2025-02-17 09:00:00+00:00,28.4,82.9,456.0,927.0,5.7,23.0,155.0
2025-02-17 10:00:00+00:00,30.7,92.2,456.0,924.0,10.1,23.8,161.0
2025-02-17 11:00:00+00:00,32.8,71.0,455.0,909.0,17.8,24.6,161.0
2025-02-17 12:00:00+00:00,31.0,61.5,456.0,940.0,22.2,24.2,144.0
2025-02-17 13:00:00+00:00,33.2,53.1,458.0,1075.0,37.1,24.4,115.0
2025-02-17 14:00:00+00:00,34.0,56.2,461.0,1257.0,57.6,24.7,75.0
2025-02-17 15:00:00+00:00,41.0,67.8,464.0,1371.0,72.2,24.6,45.0
2025-02-17 16:00:00+00:00,48.0,73.8,465.0,1359.0,76.2,24.2,33.0
2025-02-17 17:00:00+00:00,45.3,73.6,466.0,1280.0,74.2,23.5,30.0
2025-02-17 18:00:00+00:00,41.1,75.0,466.0,1195.0,68.7,22.0,31.0
2025-02-17 19:00:00+00:00,36.7,78.5,466.0,1129.0,58.7,19.0,35.0
2025-02-17 20:00:00+00:00,33.3,78.9,466.0,1058.0,45.1,15.2,43.0
2025-02-17 21:00:00+00:00,31.0,77.5,465.0,972.0,33.6,12.1,49.0
2025-02-17 22:00:00+00:00,28.5,73.8,464.0,832.0,25.4,10.3,53.0
2025-02-17 23:00:00+00:00,25.9,69.4,464.0,678.0,19.3,9.1,55.0
2025-02-18 00:00:00+00:00,23.5,63.1,463.0,618.0,16.4,9.0,56.0
2025-02-18 01:00:00+00:00,22.4,58.8,462.0,751.0,21.6,9.7,49.0
2025-02-18 02:00:00+00:00,23.9,58.1,461.0,977.0,28.4,10.7,40.0
2025-02-18 03:00:00+00:00,28.5,59.6,460.0,1112.0,31.3,11.7,39.0
2025-02-18 04:00:00+00:00,29.7,58.7,458.0,1065.0,26.6,13.0,54.0
2025-02-18 05:00:00+00:00,25.8,59.4,456.0,925.0,18.0,14.3,78.0
2025-02-18 06:00:00+00:00,23.8,62.4,453.0,777.0,10.9,15.0,97.0
2025-02-18 07:00:00+00:00,22.9,63.1,450.0,624.0,7.0,14.5,107.0
2025-02-18 08:00:00+00:00,21.7,59.0,447.0,462.0,4.7,13.4,113.0
2025-02-18 09:00:00+00:00,20.4,54.7,445.0,365.0,4.2,12.7,115.0
2025-02-18 10:00:00+00:00,20.1,55.3,445.0,379.0,5.4,13.0,112.0
2025-02-18 11:00:00+00:00,20.4,55.9,446.0,458.0,8.4,13.7,105.0
2025-02-18 12:00:00+00:00,12.0,30.3,447.0,534.0,12.2,13.4,96.0
2025-02-18 13:00:00+00:00,14.3,24.2,448.0,600.0,22.2,13.2,79.0
2025-02-18 14:00:00+00:00,15.8,20.2,449.0,663.0,35.8,13.0,56.0
2025-02-18 15:00:00+00:00,15.3,17.5,450.0,683.0,43.9,12.5,41.0
2025-02-18 16:00:00+00:00,14.3,15.9,450.0,629.0,41.8,11.6,40.0
2025-02-18 17:00:00+00:00,13.1,14.6,449.0,530.0,34.3,10.5,46.0
2025-02-18 18:00:00+00:00,12.1,13.6,448.0,435.0,26.7,9.4,53.0
2025-02-18 19:00:00+00:00,11.0,12.9,447.0,351.0,20.4,8.2,59.0
2025-02-18 20:00:00+00:00,9.7,13.3,446.0,271.0,14.0,6.9,65.0
2025-02-18 21:00:00+00:00,9.3,17.1,445.0,220.0,9.2,6.0,70.0
2025-02-18 22:00:00+00:00,10.0,21.2,445.0,197.0,5.8,5.6,74.0
2025-02-18 23:00:00+00:00,11.7,29.5,447.0,202.0,3.8,5.6,77.0
2025-02-19 00:00:00+00:00,13.6,36.1,448.0,263.0,5.6,6.4,75.0
2025-02-19 01:00:00+00:00,15.5,44.2,450.0,446.0,14.6,8.0,63.0
2025-02-19 02:00:00+00:00,19.2,51.6,452.0,685.0,26.7,10.1,47.0
2025-02-19 03:00:00+00:00,25.7,59.6,453.0,805.0,33.1,11.9,41.0
2025-02-19 04:00:00+00:00,27.8,67.8,451.0,691.0,28.3,12.9,55.0
2025-02-19 05:00:00+00:00,26.4,85.7,447.0,459.0,17.7,13.5,80.0
2025-02-19 06:00:00+00:00,25.1,84.8,444.0,284.0,9.3,13.6,99.0
2025-02-19 07:00:00+00:00,24.2,79.2,443.0,239.0,5.8,13.1,107.0
2025-02-19 08:00:00+00:00,23.5,77.1,444.0,251.0,4.4,12.1,110.0
2025-02-19 09:00:00+00:00,23.2,73.6,444.0,271.0,4.3,11.2,110.0
2025-02-19 10:00:00+00:00,23.7,71.2,444.0,290.0,5.5,10.7,106.0
2025-02-19 11:00:00+00:00,24.2,67.3,445.0,318.0,7.9,10.4,98.0
2025-02-19 12:00:00+00:00,18.3,47.1,445.0,338.0,10.9,9.7,92.0
2025-02-19 13:00:00+00:00,19.0,38.9,445.0,344.0,13.8,9.1,86.0
2025-02-19 14:00:00+00:00,18.5,37.4,445.0,342.0,17.7,8.3,79.0
2025-02-19 15:00:00+00:00,17.7,36.7,445.0,339.0,19.7,7.6,74.0
2025-02-19 16:00:00+00:00,17.1,38.3,445.0,338.0,18.0,7.1,75.0
2025-02-19 17:00:00+00:00,17.1,40.9,446.0,335.0,14.4,6.8,79.0
2025-02-19 18:00:00+00:00,17.5,44.6,446.0,323.0,11.3,6.5,83.0
2025-02-19 19:00:00+00:00,17.8,45.9,446.0,292.0,9.3,6.2,85.0
2025-02-19 20:00:00+00:00,17.6,45.1,446.0,253.0,7.7,5.9,87.0
2025-02-19 21:00:00+00:00,17.3,43.8,446.0,228.0,6.8,5.9,86.0
2025-02-19 22:00:00+00:00,17.5,44.5,446.0,165.0,5.5,5.9,84.0
2025-02-19 23:00:00+00:00,18.4,49.5,446.0,116.0,4.8,6.1,79.0
2025-02-20 00:00:00+00:00,20.3,55.3,449.0,260.0,8.2,7.0,73.0
2025-02-20 01:00:00+00:00,22.4,64.3,459.0,818.0,19.6,8.9,56.0
2025-02-20 02:00:00+00:00,27.3,74.7,471.0,1569.0,35.0,11.7,33.0
2025-02-20 03:00:00+00:00,39.0,87.5,479.0,2029.0,43.5,15.0,24.0
2025-02-20 04:00:00+00:00,41.2,106.6,477.0,1927.0,38.8,19.4,42.0
2025-02-20 05:00:00+00:00,45.5,194.6,469.0,1535.0,27.4,24.2,75.0
2025-02-20 06:00:00+00:00,47.0,224.0,463.0,1185.0,17.5,27.2,103.0
2025-02-20 07:00:00+00:00,44.8,215.6,460.0,987.0,12.0,27.0,123.0
2025-02-20 08:00:00+00:00,44.9,212.8,457.0,831.0,8.2,25.0,138.0
2025-02-20 09:00:00+00:00,43.2,196.0,455.0,720.0,6.1,23.3,147.0
2025-02-20 10:00:00+00:00,40.6,176.5,452.0,637.0,4.5,22.8,148.0
2025-02-20 11:00:00+00:00,38.3,161.6,449.0,599.0,4.7,22.7,141.0
2025-02-20 12:00:00+00:00,32.8,137.8,449.0,661.0,9.6,20.3,124.0
2025-02-20 13:00:00+00:00,39.9,122.9,453.0,932.0,27.9,21.0,98.0
2025-02-20 14:00:00+00:00,48.9,125.3,459.0,1303.0,52.6,21.8,63.0
2025-02-20 15:00:00+00:00,51.9,126.2,463.0,1505.0,68.3,21.9,39.0
2025-02-20 16:00:00+00:00,51.2,125.3,462.0,1380.0,66.6,20.8,38.0
2025-02-20 17:00:00+00:00,48.7,126.2,458.0,1085.0,55.7,19.0,48.0
2025-02-20 18:00:00+00:00,46.7,130.9,455.0,820.0,44.8,17.0,58.0
2025-02-20 19:00:00+00:00,45.4,137.4,453.0,644.0,36.3,14.7,64.0
2025-02-20 20:00:00+00:00,43.5,136.0,451.0,497.0,27.7,12.2,69.0
2025-02-20 21:00:00+00:00,41.1,130.4,450.0,403.0,21.1,10.4,72.0
2025-02-20 22:00:00+00:00,39.9,125.7,452.0,353.0,16.5,9.6,72.0
2025-02-20 23:00:00+00:00,38.4,115.5,455.0,355.0,13.7,9.5,69.0
2025-02-21 00:00:00+00:00,36.6,112.2,459.0,458.0,13.1,9.5,65.0
2025-02-21 01:00:00+00:00,37.0,113.6,464.0,760.0,23.0,11.2,52.0
2025-02-21 02:00:00+00:00,40.7,119.7,470.0,1164.0,36.4,13.6,34.0
2025-02-21 03:00:00+00:00,50.8,126.2,473.0,1426.0,45.1,16.2,26.0
2025-02-21 04:00:00+00:00,51.9,136.0,471.0,1419.0,45.1,19.1,37.0
2025-02-21 05:00:00+00:00,49.8,162.1,466.0,1271.0,40.3,22.2,57.0
2025-02-21 06:00:00+00:00,47.6,159.3,461.0,1122.0,34.4,24.3,74.0
2025-02-21 07:00:00+00:00,42.8,139.7,458.0,981.0,27.4,24.5,83.0
2025-02-21 08:00:00+00:00,35.4,106.6,455.0,838.0,19.4,23.7,89.0
2025-02-21 09:00:00+00:00,25.7,96.9,454.0,804.0,14.1,23.3,93.0
2025-02-21 10:00:00+00:00,24.6,99.9,455.0,907.0,11.9,24.1,96.0
2025-02-21 11:00:00+00:00,25.6,101.0,459.0,1117.0,12.5,25.3,98.0
2025-02-21 12:00:00+00:00,27.2,104.3,463.0,1460.0,17.0,23.2,86.0
2025-02-21 13:00:00+00:00,36.0,103.1,471.0,2129.0,35.1,28.5,64.0
2025-02-21 14:00:00+00:00,61.9,129.9,480.0,2931.0,59.9,36.0,33.0
2025-02-21 15:00:00+00:00,78.9,145.8,484.0,3304.0,77.4,42.7,11.0
2025-02-21 16:00:00+00:00,88.7,155.1,478.0,2824.0,80.8,48.4,4.0
2025-02-21 17:00:00+00:00,93.4,161.1,468.0,1917.0,76.8,53.3,6.0
2025-02-21 18:00:00+00:00,92.7,161.1,463.0,1296.0,72.2,54.5,8.0
2025-02-21 19:00:00+00:00,81.3,143.4,469.0,1358.0,68.5,49.8,8.0
2025-02-21 20:00:00+00:00,74.0,125.7,480.0,1706.0,64.0,41.6,8.0
2025-02-21 21:00:00+00:00,61.2,93.1,487.0,1870.0,60.7,33.7,10.0
2025-02-21 22:00:00+00:00,45.9,63.6,485.0,1579.0,60.5,27.2,14.0
2025-02-21 23:00:00+00:00,34.7,44.0,480.0,1104.0,61.4,21.1,19.0
2025-02-22 00:00:00+00:00,26.4,30.4,474.0,783.0,53.5,14.6,34.0
2025-02-22 01:00:00+00:00,23.3,27.3,470.0,805.0,46.1,14.7,40.0
2025-02-22 02:00:00+00:00,23.4,28.1,466.0,982.0,35.7,14.8,50.0
2025-02-22 03:00:00+00:00,25.3,31.2,462.0,1090.0,26.7,15.5,62.0
2025-02-22 04:00:00+00:00,27.0,33.5,458.0,1028.0,20.8,16.9,78.0
2025-02-22 05:00:00+00:00,25.6,34.2,454.0,896.0,16.4,18.8,96.0
2025-02-22 06:00:00+00:00,22.2,35.7,451.0,772.0,12.8,21.1,113.0
2025-02-22 07:00:00+00:00,22.5,42.0,449.0,671.0,9.6,23.9,127.0
2025-02-22 08:00:00+00:00,23.9,43.9,448.0,577.0,7.2,27.0,139.0
2025-02-22 09:00:00+00:00,25.4,44.6,448.0,520.0,6.3,29.6,148.0
2025-02-22 10:00:00+00:00,26.7,44.5,447.0,498.0,6.5,31.5,157.0
2025-02-22 11:00:00+00:00,28.5,45.8,447.0,514.0,8.3,32.9,163.0
2025-02-22 12:00:00+00:00,31.1,50.3,448.0,601.0,12.2,34.7,165.0
2025-02-22 13:00:00+00:00,36.1,52.6,451.0,831.0,22.5,32.1,147.0
2025-02-22 14:00:00+00:00,40.4,55.3,455.0,1132.0,36.6,28.6,122.0
2025-02-22 15:00:00+00:00,41.1,58.9,459.0,1327.0,47.5,25.8,101.0
2025-02-22 16:00:00+00:00,41.8,61.7,461.0,1327.0,52.4,24.7,86.0
2025-02-22 17:00:00+00:00,43.1,64.3,463.0,1221.0,53.9,24.4,75.0
2025-02-22 18:00:00+00:00,46.4,68.5,463.0,1097.0,52.9,23.7,68.0
2025-02-22 19:00:00+00:00,49.2,71.2,462.0,972.0,48.8,22.1,65.0
2025-02-22 20:00:00+00:00,48.5,69.4,460.0,830.0,42.1,20.0,66.0
2025-02-22 21:00:00+00:00,45.9,65.2,459.0,711.0,35.3,18.3,69.0
2025-02-22 22:00:00+00:00,43.3,61.7,458.0,594.0,27.5,16.9,74.0
2025-02-22 23:00:00+00:00,41.0,58.3,457.0,500.0,19.7,15.7,81.0
2025-02-23 00:00:00+00:00,39.1,55.5,458.0,528.0,17.3,14.9,81.0
2025-02-23 01:00:00+00:00,38.2,54.0,462.0,804.0,28.0,16.0,71.0
2025-02-23 02:00:00+00:00,40.7,56.7,467.0,1202.0,42.2,17.6,57.0
2025-02-23 03:00:00+00:00,47.5,61.7,469.0,1446.0,48.9,19.6,54.0
2025-02-23 04:00:00+00:00,39.6,58.1,467.0,1399.0,41.1,22.3,70.0
2025-02-23 05:00:00+00:00,32.8,58.7,462.0,1198.0,25.8,25.3,96.0
2025-02-23 06:00:00+00:00,25.6,48.8,458.0,979.0,13.6,27.4,117.0
2025-02-23 07:00:00+00:00,21.6,39.3,454.0,756.0,8.4,28.0,129.0
2025-02-23 08:00:00+00:00,20.1,33.4,450.0,514.0,6.2,27.6,137.0
2025-02-23 09:00:00+00:00,19.3,30.3,447.0,346.0,5.6,26.6,138.0
2025-02-23 10:00:00+00:00,17.9,27.0,445.0,299.0,5.1,24.7,131.0
2025-02-23 11:00:00+00:00,15.9,23.3,445.0,327.0,6.1,22.2,117.0
2025-02-23 12:00:00+00:00,11.6,14.8,445.0,379.0,10.9,21.5,106.0
2025-02-23 13:00:00+00:00,11.6,12.8,446.0,448.0,23.7,20.2,84.0
2025-02-23 14:00:00+00:00,17.7,19.3,447.0,541.0,41.4,18.5,53.0
2025-02-23 15:00:00+00:00,20.7,22.1,449.0,634.0,55.4,17.4,28.0
2025-02-23 16:00:00+00:00,23.9,25.1,452.0,734.0,62.5,18.0,16.0
2025-02-23 17:00:00+00:00,27.1,28.3,455.0,833.0,65.8,19.2,10.0
2025-02-23 18:00:00+00:00,28.4,29.6,458.0,887.0,66.4,19.6,7.0
2025-02-23 19:00:00+00:00,26.8,27.9,459.0,871.0,63.9,18.2,6.0
2025-02-23 20:00:00+00:00,24.0,24.9,459.0,809.0,58.6,15.9,8.0
2025-02-23 21:00:00+00:00,21.4,22.3,458.0,730.0,52.1,14.1,12.0
2025-02-23 22:00:00+00:00,19.7,20.8,457.0,614.0,43.5,13.1,18.0
2025-02-23 23:00:00+00:00,17.0,18.2,456.0,481.0,33.6,12.6,25.0
2025-02-24 00:00:00+00:00,14.6,17.5,455.0,419.0,25.5,11.6,33.0
2025-02-24 01:00:00+00:00,13.3,16.2,455.0,493.0,28.8,12.0,28.0
2025-02-24 02:00:00+00:00,15.2,18.4,455.0,640.0,33.0,12.8,22.0
2025-02-24 03:00:00+00:00,19.9,23.4,455.0,754.0,34.6,14.7,23.0
2025-02-24 04:00:00+00:00,20.3,25.3,454.0,787.0,31.1,18.5,37.0
2025-02-24 05:00:00+00:00,16.9,38.0,453.0,788.0,24.8,23.5,59.0
2025-02-24 06:00:00+00:00,19.2,62.2,453.0,804.0,19.6,28.6,81.0
2025-02-24 07:00:00+00:00,24.3,87.1,454.0,878.0,16.4,34.5,104.0
2025-02-24 08:00:00+00:00,29.3,102.2,455.0,967.0,14.3,40.6,128.0
2025-02-24 09:00:00+00:00,30.5,101.7,455.0,983.0,13.6,43.6,141.0
2025-02-24 10:00:00+00:00,28.6,89.6,453.0,850.0,14.5,41.4,139.0
2025-02-24 11:00:00+00:00,25.8,75.0,449.0,645.0,16.9,36.1,127.0
2025-02-24 12:00:00+00:00,26.5,71.5,447.0,508.0,20.0,41.0,131.0
2025-02-24 13:00:00+00:00,24.7,58.9,446.0,492.0,26.5,35.3,106.0
2025-02-24 14:00:00+00:00,24.2,48.9,447.0,544.0,35.6,27.4,72.0
2025-02-24 15:00:00+00:00,22.7,48.3,449.0,648.0,43.9,21.8,43.0
2025-02-24 16:00:00+00:00,23.6,48.5,454.0,844.0,50.6,20.7,27.0
2025-02-24 17:00:00+00:00,27.0,49.8,460.0,1092.0,56.4,21.9,16.0
2025-02-24 18:00:00+00:00,31.9,54.9,465.0,1255.0,60.0,22.8,9.0
2025-02-24 19:00:00+00:00,35.6,58.3,466.0,1270.0,60.5,22.5,5.0
2025-02-24 20:00:00+00:00,35.3,59.1,466.0,1201.0,58.9,21.9,5.0
2025-02-24 21:00:00+00:00,32.8,59.4,466.0,1102.0,56.5,21.2,6.0
2025-02-24 22:00:00+00:00,30.7,60.3,466.0,939.0,53.3,20.3,7.0
2025-02-24 23:00:00+00:00,28.6,59.5,465.0,746.0,49.2,19.4,8.0
2025-02-25 00:00:00+00:00,28.3,60.5,466.0,685.0,47.7,19.3,8.0
2025-02-25 01:00:00+00:00,25.8,60.5,470.0,887.0,47.3,19.4,6.0
2025-02-25 02:00:00+00:00,27.4,63.8,475.0,1220.0,46.5,20.1,4.0
2025-02-25 03:00:00+00:00,36.4,70.1,478.0,1457.0,44.7,23.9,9.0
2025-02-25 04:00:00+00:00,41.7,79.9,477.0,1496.0,41.6,34.3,25.0
2025-02-25 05:00:00+00:00,33.4,106.9,473.0,1439.0,37.4,47.9,48.0
2025-02-25 06:00:00+00:00,30.0,114.3,470.0,1357.0,32.7,57.1,70.0
2025-02-25 07:00:00+00:00,29.7,115.5,467.0,1265.0,26.4,58.2,90.0
2025-02-25 08:00:00+00:00,30.2,118.3,464.0,1148.0,19.5,54.8,108.0
2025-02-25 09:00:00+00:00,30.4,117.6,461.0,1040.0,15.6,50.4,118.0
2025-02-25 10:00:00+00:00,29.3,110.4,457.0,915.0,15.6,45.4,116.0
2025-02-25 11:00:00+00:00,27.3,96.2,452.0,799.0,18.7,39.2,105.0
2025-02-25 12:00:00+00:00,29.0,90.8,450.0,795.0,26.9,38.6,97.0
2025-02-25 13:00:00+00:00,31.7,73.6,453.0,1034.0,42.9,36.4,72.0
2025-02-25 14:00:00+00:00,39.0,67.8,458.0,1386.0,64.8,33.3,39.0
2025-02-25 15:00:00+00:00,44.4,67.5,461.0,1568.0,80.4,30.7,13.0
2025-02-25 16:00:00+00:00,47.4,68.9,461.0,1408.0,83.9,29.5,4.0
2025-02-25 17:00:00+00:00,47.4,69.4,460.0,1078.0,81.0,28.8,2.0
2025-02-25 18:00:00+00:00,44.4,67.3,458.0,805.0,76.7,27.3,3.0
2025-02-25 19:00:00+00:00,38.0,62.2,457.0,681.0,72.3,24.0,4.0
2025-02-25 20:00:00+00:00,30.5,55.4,456.0,613.0,66.5,19.9,6.0
2025-02-25 21:00:00+00:00,25.0,49.7,455.0,555.0,59.6,16.5,9.0
2025-02-25 22:00:00+00:00,21.5,45.4,455.0,446.0,50.3,14.4,14.0
2025-02-25 23:00:00+00:00,19.4,43.1,455.0,346.0,39.9,13.1,19.0
2025-02-26 00:00:00+00:00,17.3,42.1,457.0,388.0,30.7,12.1,25.0
2025-02-26 01:00:00+00:00,16.8,40.7,461.0,719.0,33.6,12.7,20.0
2025-02-26 02:00:00+00:00,18.3,39.9,466.0,1193.0,37.4,13.7,14.0
2025-02-26 03:00:00+00:00,23.6,42.4,468.0,1496.0,38.2,15.6,16.0
2025-02-26 04:00:00+00:00,23.9,44.4,466.0,1481.0,33.3,19.2,33.0
2025-02-26 05:00:00+00:00,18.5,50.4,462.0,1296.0,25.3,23.8,57.0
2025-02-26 06:00:00+00:00,16.5,63.1,458.0,1076.0,18.6,27.5,78.0
2025-02-26 07:00:00+00:00,17.3,78.0,453.0,819.0,14.3,30.0,93.0
2025-02-26 08:00:00+00:00,18.6,85.9,448.0,527.0,11.2,31.7,105.0
2025-02-26 09:00:00+00:00,19.2,82.7,445.0,343.0,9.9,32.1,110.0
2025-02-26 10:00:00+00:00,18.6,78.2,444.0,339.0,10.0,30.8,107.0
2025-02-26 11:00:00+00:00,17.5,71.5,445.0,443.0,12.0,28.2,98.0
2025-02-26 12:00:00+00:00,15.9,52.4,447.0,582.0,19.4,27.0,78.0
2025-02-26 13:00:00+00:00,18.0,39.1,450.0,777.0,31.1,24.9,58.0
2025-02-26 14:00:00+00:00,23.1,34.3,453.0,1006.0,47.3,22.1,31.0
2025-02-26 15:00:00+00:00,25.1,32.8,456.0,1137.0,59.1,19.9,10.0
2025-02-26 16:00:00+00:00,26.1,33.1,457.0,1093.0,63.4,19.3,2.0
2025-02-26 17:00:00+00:00,27.5,34.7,457.0,951.0,63.3,19.4,1.0
2025-02-26 18:00:00+00:00,27.8,35.2,456.0,799.0,60.0,18.7,3.0
2025-02-26 19:00:00+00:00,24.0,31.2,454.0,655.0,52.3,16.2,10.0
2025-02-26 20:00:00+00:00,18.3,24.7,452.0,502.0,41.3,12.8,20.0
2025-02-26 21:00:00+00:00,14.0,18.8,450.0,380.0,31.6,10.2,29.0
2025-02-26 22:00:00+00:00,11.3,14.6,449.0,286.0,23.3,8.7,35.0
2025-02-26 23:00:00+00:00,9.6,12.1,448.0,223.0,16.3,8.0,40.0
2025-02-27 00:00:00+00:00,7.9,10.7,448.0,243.0,11.3,7.6,47.0
2025-02-27 01:00:00+00:00,9.1,11.8,450.0,433.0,21.3,9.2,35.0
2025-02-27 02:00:00+00:00,12.8,15.4,453.0,705.0,34.7,11.4,20.0
2025-02-27 03:00:00+00:00,20.4,22.9,454.0,850.0,41.6,13.7,15.0
2025-02-27 04:00:00+00:00,14.7,18.3,452.0,738.0,35.6,16.2,29.0
2025-02-27 05:00:00+00:00,13.7,17.8,448.0,499.0,23.0,18.7,54.0
2025-02-27 06:00:00+00:00,12.8,18.0,445.0,314.0,12.9,20.4,75.0
2025-02-27 07:00:00+00:00,13.0,19.2,444.0,257.0,8.7,20.7,87.0
2025-02-27 08:00:00+00:00,13.4,21.0,444.0,253.0,7.0,20.3,96.0
2025-02-27 09:00:00+00:00,14.1,23.7,444.0,264.0,6.4,19.6,100.0
2025-02-27 10:00:00+00:00,14.5,26.8,444.0,280.0,6.1,19.0,99.0
2025-02-27 11:00:00+00:00,14.7,30.7,444.0,311.0,6.8,18.1,92.0
2025-02-27 12:00:00+00:00,18.6,47.0,445.0,341.0,9.3,18.6,86.0
2025-02-27 13:00:00+00:00,19.2,47.5,446.0,374.0,17.4,17.6,73.0
2025-02-27 14:00:00+00:00,21.9,44.0,447.0,407.0,28.3,16.2,55.0
2025-02-27 15:00:00+00:00,23.7,45.8,448.0,419.0,35.6,14.9,42.0
2025-02-27 16:00:00+00:00,24.9,48.3,448.0,395.0,36.0,13.9,40.0
2025-02-27 17:00:00+00:00,25.5,50.9,447.0,349.0,32.7,13.0,43.0
2025-02-27 18:00:00+00:00,25.6,52.6,446.0,304.0,28.3,11.9,49.0
2025-02-27 19:00:00+00:00,24.8,52.6,445.0,263.0,22.8,10.3,56.0
2025-02-27 20:00:00+00:00,23.7,50.9,445.0,223.0,16.1,8.6,66.0
2025-02-27 21:00:00+00:00,23.1,48.9,445.0,195.0,10.9,7.3,74.0
2025-02-27 22:00:00+00:00,22.5,47.3,446.0,177.0,7.5,6.8,81.0
2025-02-27 23:00:00+00:00,21.7,45.1,447.0,172.0,5.6,6.9,86.0
2025-02-28 00:00:00+00:00,19.7,40.6,448.0,196.0,6.5,7.5,90.0
2025-02-28 01:00:00+00:00,18.8,38.6,448.0,281.0,14.0,8.5,83.0
2025-02-28 02:00:00+00:00,20.1,39.5,448.0,396.0,24.0,9.9,74.0
2025-02-28 03:00:00+00:00,24.5,45.8,448.0,459.0,29.0,11.3,72.0
2025-02-28 04:00:00+00:00,27.4,64.7,447.0,421.0,24.1,12.9,84.0
2025-02-28 05:00:00+00:00,33.4,97.8,446.0,331.0,14.1,14.6,103.0
2025-02-28 06:00:00+00:00,39.7,115.5,445.0,261.0,6.4,15.5,117.0
2025-02-28 07:00:00+00:00,39.7,106.6,445.0,237.0,3.9,14.9,121.0
2025-02-28 08:00:00+00:00,37.8,92.7,445.0,233.0,3.7,13.6,120.0
2025-02-28 09:00:00+00:00,35.5,79.2,445.0,239.0,4.1,12.4,117.0
2025-02-28 10:00:00+00:00,33.9,69.2,445.0,258.0,4.7,11.9,113.0
2025-02-28 11:00:00+00:00,33.3,63.1,445.0,289.0,5.9,11.6,108.0
2025-02-28 12:00:00+00:00,27.1,49.8,445.0,315.0,8.2,11.3,101.0
2025-02-28 13:00:00+00:00,27.5,47.0,445.0,336.0,12.3,10.9,93.0
2025-02-28 14:00:00+00:00,28.8,45.3,446.0,353.0,17.8,10.4,82.0
2025-02-28 15:00:00+00:00,28.5,45.6,446.0,356.0,21.0,9.8,75.0
2025-02-28 16:00:00+00:00,27.5,45.6,446.0,337.0,19.7,9.3,75.0
2025-02-28 17:00:00+00:00,26.9,46.7,446.0,304.0,16.0,8.8,80.0
2025-02-28 18:00:00+00:00,26.6,47.7,446.0,272.0,12.5,8.2,84.0
2025-02-28 19:00:00+00:00,26.3,47.7,446.0,244.0,9.9,7.5,88.0
2025-02-28 20:00:00+00:00,25.4,45.3,445.0,217.0,7.5,6.8,92.0
2025-02-28 21:00:00+00:00,24.6,41.8,445.0,201.0,5.9,6.4,95.0
2025-02-28 22:00:00+00:00,24.1,39.7,446.0,189.0,4.1,6.2,97.0
2025-02-28 23:00:00+00:00,24.0,38.6,447.0,188.0,3.1,6.3,99.0
2025-03-01 00:00:00+00:00,24.4,38.1,448.0,229.0,5.9,7.0,95.0
2025-03-01 01:00:00+00:00,24.9,38.1,450.0,364.0,16.6,8.0,80.0
2025-03-01 02:00:00+00:00,27.8,40.4,451.0,541.0,30.8,9.6,61.0
2025-03-01 03:00:00+00:00,36.6,48.4,452.0,640.0,38.3,11.8,55.0
2025-03-01 04:00:00+00:00,33.8,52.6,451.0,586.0,32.3,15.4,74.0
2025-03-01 05:00:00+00:00,33.4,75.2,449.0,453.0,19.5,19.6,105.0
2025-03-01 06:00:00+00:00,36.6,101.5,447.0,345.0,9.4,22.4,130.0
2025-03-01 07:00:00+00:00,38.3,112.7,446.0,302.0,5.7,22.4,142.0
2025-03-01 08:00:00+00:00,36.2,97.8,445.0,284.0,4.6,21.0,148.0
2025-03-01 09:00:00+00:00,32.9,82.4,445.0,278.0,4.5,19.6,149.0
2025-03-01 10:00:00+00:00,29.6,69.8,445.0,282.0,4.4,18.8,145.0
2025-03-01 11:00:00+00:00,26.7,59.3,445.0,299.0,5.3,18.0,135.0
2025-03-01 12:00:00+00:00,28.2,68.7,446.0,324.0,8.9,17.4,123.0
2025-03-01 13:00:00+00:00,27.0,56.6,447.0,358.0,17.6,16.8,107.0
2025-03-01 14:00:00+00:00,27.7,46.1,447.0,400.0,29.5,16.1,84.0
2025-03-01 15:00:00+00:00,28.6,42.8,448.0,443.0,38.2,15.4,67.0
2025-03-01 16:00:00+00:00,28.6,40.2,449.0,490.0,41.0,15.0,60.0
2025-03-01 17:00:00+00:00,28.1,37.8,451.0,537.0,40.6,14.8,59.0
2025-03-01 18:00:00+00:00,27.7,36.3,452.0,565.0,39.0,14.3,58.0
2025-03-01 19:00:00+00:00,27.3,34.9,453.0,562.0,36.5,13.3,57.0
2025-03-01 20:00:00+00:00,25.6,32.1,453.0,539.0,32.7,12.1,57.0
2025-03-01 21:00:00+00:00,24.0,29.6,454.0,510.0,28.7,11.1,58.0
2025-03-01 22:00:00+00:00,23.9,29.5,454.0,454.0,23.5,10.3,60.0
2025-03-01 23:00:00+00:00,23.7,29.0,454.0,391.0,18.0,9.8,62.0
2025-03-02 00:00:00+00:00,27.5,33.4,455.0,400.0,16.9,9.3,54.0
2025-03-02 01:00:00+00:00,30.3,34.7,457.0,554.0,21.8,10.2,46.0
2025-03-02 02:00:00+00:00,34.7,41.2,460.0,778.0,28.4,11.7,36.0
2025-03-02 03:00:00+00:00,36.4,45.5,462.0,931.0,31.8,13.6,36.0
2025-03-02 04:00:00+00:00,31.7,44.2,461.0,948.0,29.1,16.4,54.0
2025-03-02 05:00:00+00:00,29.1,44.0,459.0,893.0,23.2,19.7,82.0
2025-03-02 06:00:00+00:00,28.4,48.3,457.0,813.0,17.7,22.5,110.0
2025-03-02 07:00:00+00:00,29.9,68.7,455.0,706.0,13.2,24.4,137.0
2025-03-02 08:00:00+00:00,32.2,78.7,454.0,573.0,9.1,25.8,163.0
2025-03-02 09:00:00+00:00,33.1,74.0,452.0,467.0,6.8,26.3,178.0
2025-03-02 10:00:00+00:00,33.5,62.9,450.0,409.0,6.9,25.8,177.0
2025-03-02 11:00:00+00:00,30.3,53.9,448.0,377.0,8.8,24.4,164.0
2025-03-02 12:00:00+00:00,27.0,48.0,446.0,362.0,12.5,24.0,161.0
2025-03-02 13:00:00+00:00,24.0,41.2,445.0,363.0,18.4,21.3,137.0
2025-03-02 14:00:00+00:00,24.3,39.0,446.0,381.0,26.4,17.6,103.0
2025-03-02 15:00:00+00:00,22.6,36.1,446.0,401.0,31.7,14.6,78.0
2025-03-02 16:00:00+00:00,20.6,31.8,447.0,430.0,31.9,13.1,69.0
2025-03-02 17:00:00+00:00,19.2,27.7,448.0,462.0,29.5,12.4,67.0
2025-03-02 18:00:00+00:00,18.1,24.8,449.0,464.0,26.4,11.6,68.0
2025-03-02 19:00:00+00:00,17.4,23.0,449.0,411.0,23.1,10.6,69.0
2025-03-02 20:00:00+00:00,16.1,21.4,448.0,328.0,19.3,9.5,73.0
2025-03-02 21:00:00+00:00,14.9,20.8,447.0,263.0,15.8,8.7,76.0
2025-03-02 22:00:00+00:00,14.1,21.6,447.0,222.0,12.3,8.1,80.0
2025-03-02 23:00:00+00:00,13.8,24.4,448.0,198.0,9.1,7.7,84.0
2025-03-03 00:00:00+00:00,13.7,27.6,449.0,216.0,7.2,7.6,89.0
2025-03-03 01:00:00+00:00,14.6,29.9,450.0,320.0,11.8,8.3,84.0
2025-03-03 02:00:00+00:00,16.9,33.5,451.0,467.0,17.9,9.3,78.0
2025-03-03 03:00:00+00:00,20.7,39.6,451.0,548.0,20.8,10.3,77.0
2025-03-03 04:00:00+00:00,23.9,59.5,450.0,497.0,17.3,11.2,86.0
2025-03-03 05:00:00+00:00,26.8,72.2,448.0,380.0,10.6,12.1,101.0
2025-03-03 06:00:00+00:00,29.6,87.3,447.0,291.0,5.4,12.8,112.0
2025-03-03 07:00:00+00:00,32.5,105.9,447.0,267.0,3.6,13.0,116.0
2025-03-03 08:00:00+00:00,35.4,123.9,447.0,272.0,3.3,13.1,117.0
2025-03-03 09:00:00+00:00,37.7,136.9,447.0,286.0,3.9,13.3,115.0
2025-03-03 10:00:00+00:00,39.0,143.4,447.0,303.0,4.7,14.2,111.0
2025-03-03 11:00:00+00:00,39.2,141.1,447.0,330.0,6.4,15.3,106.0
2025-03-03 12:00:00+00:00,34.5,113.9,448.0,367.0,9.5,15.8,97.0
2025-03-03 13:00:00+00:00,34.0,98.0,449.0,426.0,16.6,14.9,84.0
2025-03-03 14:00:00+00:00,34.8,81.5,450.0,496.0,26.2,13.8,67.0
2025-03-03 15:00:00+00:00,36.6,85.7,451.0,542.0,32.2,12.8,56.0
2025-03-03 16:00:00+00:00,38.4,92.2,452.0,550.0,31.3,12.4,57.0
2025-03-03 17:00:00+00:00,40.7,100.6,452.0,535.0,27.0,12.2,63.0
2025-03-03 18:00:00+00:00,44.7,115.5,453.0,510.0,23.0,11.9,67.0
2025-03-03 19:00:00+00:00,48.7,125.7,453.0,474.0,21.0,11.5,64.0
2025-03-03 20:00:00+00:00,52.0,138.8,454.0,428.0,19.5,10.9,58.0
2025-03-03 21:00:00+00:00,49.0,118.0,454.0,387.0,17.8,10.3,54.0
2025-03-03 22:00:00+00:00,43.2,102.0,454.0,330.0,14.6,9.3,55.0
2025-03-03 23:00:00+00:00,40.7,102.2,455.0,279.0,11.3,8.1,58.0
2025-03-04 00:00:00+00:00,36.9,84.1,456.0,315.0,10.4,8.1,53.0
2025-03-04 01:00:00+00:00,38.2,95.5,459.0,535.0,17.1,9.2,44.0
2025-03-04 02:00:00+00:00,41.6,104.8,463.0,843.0,26.1,10.7,32.0
2025-03-04 03:00:00+00:00,48.5,115.5,465.0,1032.0,30.8,12.6,32.0
2025-03-04 04:00:00+00:00,51.2,174.2,462.0,991.0,27.4,15.3,53.0
2025-03-04 05:00:00+00:00,54.6,239.3,457.0,830.0,19.8,18.3,86.0
2025-03-04 06:00:00+00:00,48.5,226.3,453.0,674.0,13.3,20.1,113.0
2025-03-04 07:00:00+00:00,39.1,174.2,450.0,546.0,9.7,19.5,130.0
2025-03-04 08:00:00+00:00,31.3,127.6,448.0,423.0,7.3,17.7,141.0
2025-03-04 09:00:00+00:00,26.6,97.8,447.0,354.0,5.9,16.0,148.0
2025-03-04 10:00:00+00:00,22.8,76.4,447.0,369.0,3.9,14.8,151.0
2025-03-04 11:00:00+00:00,19.6,59.5,448.0,440.0,3.1,13.7,150.0
2025-03-04 12:00:00+00:00,16.4,43.7,449.0,528.0,8.7,14.7,142.0
2025-03-04 13:00:00+00:00,16.8,38.3,451.0,643.0,32.4,16.3,109.0
2025-03-04 14:00:00+00:00,31.0,47.5,453.0,776.0,64.3,18.4,65.0
2025-03-04 15:00:00+00:00,34.0,49.6,455.0,862.0,83.2,19.1,34.0
2025-03-04 16:00:00+00:00,28.5,41.1,457.0,874.0,76.9,17.3,31.0
2025-03-04 17:00:00+00:00,26.4,41.3,458.0,839.0,57.5,14.1,43.0
2025-03-04 18:00:00+00:00,27.0,47.7,458.0,772.0,40.6,11.4,53.0
2025-03-04 19:00:00+00:00,27.4,53.8,456.0,658.0,31.7,9.6,58.0
2025-03-04 20:00:00+00:00,26.3,55.8,454.0,512.0,25.2,8.3,61.0
2025-03-04 21:00:00+00:00,24.2,52.6,452.0,398.0,20.0,7.3,64.0
2025-03-04 22:00:00+00:00,21.5,46.4,451.0,321.0,15.0,6.8,67.0
2025-03-04 23:00:00+00:00,19.4,40.3,451.0,275.0,11.3,6.6,69.0
2025-03-05 00:00:00+00:00,16.6,29.8,451.0,307.0,10.8,7.0,67.0
2025-03-05 01:00:00+00:00,16.6,28.3,453.0,498.0,17.2,8.0,57.0
2025-03-05 02:00:00+00:00,19.4,30.9,456.0,767.0,25.8,9.5,45.0
2025-03-05 03:00:00+00:00,24.3,36.2,457.0,919.0,30.3,11.1,43.0
2025-03-05 04:00:00+00:00,27.3,42.3,455.0,839.0,26.9,12.7,62.0
2025-03-05 05:00:00+00:00,26.5,54.1,451.0,642.0,19.5,14.4,93.0
2025-03-05 06:00:00+00:00,21.8,45.2,448.0,480.0,13.3,15.9,118.0
2025-03-05 07:00:00+00:00,15.8,30.3,447.0,399.0,10.0,16.8,131.0
2025-03-05 08:00:00+00:00,12.8,24.0,446.0,352.0,8.0,17.4,139.0
2025-03-05 09:00:00+00:00,12.2,23.3,446.0,350.0,7.2,18.6,145.0
2025-03-05 10:00:00+00:00,13.8,25.8,447.0,411.0,7.0,21.2,155.0
2025-03-05 11:00:00+00:00,15.6,28.1,449.0,517.0,8.1,24.3,164.0
2025-03-05 12:00:00+00:00,14.4,24.5,451.0,626.0,10.9,24.0,158.0
2025-03-05 13:00:00+00:00,17.3,25.9,453.0,743.0,23.9,23.4,132.0
2025-03-05 14:00:00+00:00,26.5,33.8,456.0,862.0,41.6,22.6,97.0
2025-03-05 15:00:00+00:00,27.6,34.8,458.0,925.0,53.4,21.6,70.0
2025-03-05 16:00:00+00:00,26.7,34.3,459.0,887.0,54.2,20.7,60.0
2025-03-05 17:00:00+00:00,26.2,35.4,458.0,792.0,49.2,19.6,58.0
2025-03-05 18:00:00+00:00,26.7,37.1,458.0,714.0,43.2,18.3,59.0
2025-03-05 19:00:00+00:00,27.1,38.1,458.0,691.0,37.3,16.5,60.0
2025-03-05 20:00:00+00:00,25.0,36.3,458.0,685.0,30.4,14.3,64.0
2025-03-05 21:00:00+00:00,21.4,33.9,458.0,652.0,24.0,12.5,68.0
2025-03-05 22:00:00+00:00,19.2,32.8,456.0,537.0,17.5,11.0,75.0
2025-03-05 23:00:00+00:00,17.8,31.8,454.0,396.0,11.5,9.7,83.0
2025-03-06 00:00:00+00:00,16.2,29.7,453.0,349.0,8.6,8.7,89.0
2025-03-06 01:00:00+00:00,16.4,29.9,453.0,497.0,16.9,9.6,76.0
2025-03-06 02:00:00+00:00,19.0,32.0,454.0,741.0,28.2,11.0,60.0
2025-03-06 03:00:00+00:00,24.7,36.6,454.0,902.0,34.9,13.3,54.0
2025-03-06 04:00:00+00:00,26.0,40.9,454.0,899.0,32.9,17.4,67.0
2025-03-06 05:00:00+00:00,25.5,47.0,454.0,814.0,26.4,22.5,91.0
2025-03-06 06:00:00+00:00,24.6,48.3,453.0,717.0,20.2,26.3,113.0
2025-03-06 07:00:00+00:00,20.9,41.6,452.0,611.0,15.3,27.9,130.0
2025-03-06 08:00:00+00:00,17.6,35.6,450.0,492.0,10.7,28.3,146.0
2025-03-06 09:00:00+00:00,17.6,35.7,449.0,424.0,8.6,27.8,153.0
2025-03-06 10:00:00+00:00,18.9,37.8,449.0,443.0,9.9,26.4,149.0
2025-03-06 11:00:00+00:00,20.5,38.4,449.0,512.0,13.7,24.1,137.0
2025-03-06 12:00:00+00:00,13.6,18.2,450.0,584.0,18.1,20.7,121.0
2025-03-06 13:00:00+00:00,16.5,19.7,451.0,651.0,27.8,18.7,99.0
2025-03-06 14:00:00+00:00,19.8,23.5,451.0,720.0,41.0,15.9,70.0
2025-03-06 15:00:00+00:00,20.7,25.7,452.0,766.0,48.9,13.6,49.0
2025-03-06 16:00:00+00:00,20.3,27.8,453.0,780.0,46.8,12.4,46.0
2025-03-06 17:00:00+00:00,19.8,30.0,454.0,771.0,39.5,11.7,53.0
2025-03-06 18:00:00+00:00,19.6,31.9,455.0,739.0,32.2,11.0,60.0
2025-03-06 19:00:00+00:00,19.1,32.5,455.0,673.0,26.3,10.0,66.0
2025-03-06 20:00:00+00:00,17.9,32.2,454.0,585.0,20.6,8.9,71.0
2025-03-06 21:00:00+00:00,16.5,30.4,454.0,504.0,16.2,8.2,75.0
2025-03-06 22:00:00+00:00,15.5,27.5,453.0,380.0,12.9,7.8,75.0
2025-03-06 23:00:00+00:00,14.8,24.4,451.0,264.0,11.0,7.8,73.0
2025-03-07 00:00:00+00:00,14.4,21.7,453.0,341.0,11.7,8.4,70.0
2025-03-07 01:00:00+00:00,15.7,22.8,462.0,805.0,21.5,10.4,55.0
2025-03-07 02:00:00+00:00,19.6,27.6,474.0,1461.0,34.9,13.2,34.0
2025-03-07 03:00:00+00:00,27.2,36.4,482.0,1915.0,43.2,15.8,29.0
2025-03-07 04:00:00+00:00,30.5,44.6,482.0,1996.0,42.3,17.6,50.0
2025-03-07 05:00:00+00:00,28.1,59.3,478.0,1875.0,36.4,19.2,87.0
2025-03-07 06:00:00+00:00,27.3,67.1,473.0,1666.0,29.7,21.2,119.0
2025-03-07 07:00:00+00:00,25.9,69.2,467.0,1340.0,22.4,24.6,145.0
2025-03-07 08:00:00+00:00,24.8,72.6,460.0,926.0,14.4,28.4,168.0
2025-03-07 09:00:00+00:00,24.9,71.2,454.0,629.0,9.6,30.0,177.0
2025-03-07 10:00:00+00:00,23.8,60.1,452.0,553.0,9.9,27.8,166.0
2025-03-07 11:00:00+00:00,22.7,52.9,451.0,594.0,13.5,23.4,142.0
2025-03-07 12:00:00+00:00,19.8,41.8,451.0,642.0,18.9,21.3,127.0
2025-03-07 13:00:00+00:00,23.3,42.4,451.0,670.0,27.6,19.5,104.0
2025-03-07 14:00:00+00:00,25.3,45.9,452.0,706.0,39.3,16.9,72.0
2025-03-07 15:00:00+00:00,26.5,51.0,453.0,722.0,45.9,14.6,50.0
2025-03-07 16:00:00+00:00,27.0,55.9,453.0,702.0,42.5,12.9,49.0
2025-03-07 17:00:00+00:00,26.7,60.1,454.0,663.0,34.0,11.4,59.0
2025-03-07 18:00:00+00:00,26.7,61.7,454.0,624.0,26.7,10.2,66.0
2025-03-07 19:00:00+00:00,26.4,60.8,454.0,596.0,22.9,9.2,67.0
2025-03-07 20:00:00+00:00,25.6,58.1,454.0,568.0,20.2,8.5,66.0
2025-03-07 21:00:00+00:00,24.6,53.9,455.0,534.0,18.0,8.1,64.0
2025-03-07 22:00:00+00:00,23.5,51.2,456.0,450.0,15.4,8.0,62.0
2025-03-07 23:00:00+00:00,22.6,52.4,457.0,360.0,13.2,8.2,60.0
2025-03-08 00:00:00+00:00,22.0,55.5,459.0,386.0,14.1,8.9,53.0
2025-03-08 01:00:00+00:00,22.4,61.0,464.0,646.0,20.4,10.2,43.0
2025-03-08 02:00:00+00:00,24.5,66.4,470.0,1022.0,28.8,11.9,30.0
2025-03-08 03:00:00+00:00,29.2,70.8,473.0,1279.0,33.2,13.7,29.0
2025-03-08 04:00:00+00:00,33.2,72.6,471.0,1319.0,30.2,15.5,49.0
2025-03-08 05:00:00+00:00,30.7,102.9,466.0,1240.0,23.2,17.4,80.0
2025-03-08 06:00:00+00:00,27.0,133.2,461.0,1103.0,16.7,18.3,106.0
2025-03-08 07:00:00+00:00,23.9,119.2,456.0,877.0,11.4,17.7,120.0
2025-03-08 08:00:00+00:00,22.9,104.3,451.0,594.0,6.6,16.2,129.0
2025-03-08 09:00:00+00:00,21.1,91.7,447.0,402.0,4.3,14.9,131.0
2025-03-08 10:00:00+00:00,19.8,85.0,446.0,375.0,5.7,14.4,124.0
2025-03-08 11:00:00+00:00,20.8,85.0,447.0,440.0,9.7,14.1,111.0
2025-03-08 12:00:00+00:00,18.5,73.3,449.0,532.0,13.6,13.5,99.0
2025-03-08 13:00:00+00:00,19.0,58.8,451.0,660.0,20.6,12.5,85.0
2025-03-08 14:00:00+00:00,19.0,46.7,453.0,816.0,30.1,11.1,66.0
2025-03-08 15:00:00+00:00,17.8,42.1,455.0,903.0,36.1,10.1,52.0
2025-03-08 16:00:00+00:00,16.8,38.9,455.0,868.0,35.4,9.8,49.0
2025-03-08 17:00:00+00:00,17.2,39.9,455.0,766.0,31.3,9.8,52.0
2025-03-08 18:00:00+00:00,19.2,44.8,455.0,664.0,27.4,9.7,55.0
2025-03-08 19:00:00+00:00,20.5,48.1,454.0,575.0,24.9,9.2,56.0
2025-03-08 20:00:00+00:00,20.6,48.4,454.0,487.0,22.7,8.7,57.0
2025-03-08 21:00:00+00:00,20.5,47.0,454.0,427.0,21.4,8.4,55.0
2025-03-08 22:00:00+00:00,20.8,44.5,455.0,384.0,21.3,8.4,47.0
2025-03-08 23:00:00+00:00,21.4,42.5,458.0,369.0,22.2,8.7,36.0
2025-03-09 00:00:00+00:00,22.0,43.8,461.0,446.0,21.7,9.4,36.0
2025-03-09 01:00:00+00:00,23.2,41.3,467.0,711.0,27.1,11.2,27.0
2025-03-09 02:00:00+00:00,26.8,43.5,474.0,1069.0,34.2,13.8,16.0
2025-03-09 03:00:00+00:00,32.8,48.2,477.0,1296.0,37.6,16.9,20.0
2025-03-09 04:00:00+00:00,36.2,54.7,474.0,1270.0,34.0,20.9,52.0
2025-03-09 05:00:00+00:00,31.5,65.2,467.0,1114.0,26.8,25.3,99.0
2025-03-09 06:00:00+00:00,29.8,75.7,461.0,976.0,20.0,28.1,138.0
2025-03-09 07:00:00+00:00,30.3,90.8,458.0,899.0,14.2,28.2,160.0
2025-03-09 08:00:00+00:00,29.1,90.1,457.0,840.0,9.0,26.8,174.0
2025-03-09 09:00:00+00:00,26.2,79.9,456.0,815.0,7.0,25.5,180.0
2025-03-09 10:00:00+00:00,25.0,72.2,456.0,837.0,9.8,25.1,179.0
2025-03-09 11:00:00+00:00,25.1,61.0,456.0,892.0,15.9,24.8,171.0
2025-03-09 12:00:00+00:00,27.6,62.6,457.0,960.0,18.7,27.1,165.0
2025-03-09 13:00:00+00:00,32.6,57.4,459.0,1062.0,30.3,24.7,132.0
2025-03-09 14:00:00+00:00,33.8,59.4,461.0,1176.0,46.2,21.3,85.0
2025-03-09 15:00:00+00:00,33.4,60.5,463.0,1217.0,57.2,18.6,50.0
2025-03-09 16:00:00+00:00,32.7,61.7,464.0,1119.0,58.9,17.3,36.0
2025-03-09 17:00:00+00:00,32.1,62.2,464.0,949.0,55.7,16.7,32.0
2025-03-09 18:00:00+00:00,31.7,61.9,464.0,820.0,51.1,15.8,32.0
2025-03-09 19:00:00+00:00,31.2,61.7,465.0,793.0,45.8,14.3,33.0
2025-03-09 20:00:00+00:00,29.5,60.3,466.0,807.0,39.1,12.5,38.0
2025-03-09 21:00:00+00:00,26.9,57.7,467.0,794.0,32.6,11.1,42.0
2025-03-09 22:00:00+00:00,24.2,55.1,468.0,675.0,25.3,10.0,47.0
2025-03-09 23:00:00+00:00,21.7,52.4,468.0,529.0,18.3,9.3,52.0
2025-03-10 00:00:00+00:00,20.1,49.1,469.0,527.0,16.0,9.3,52.0
2025-03-10 01:00:00+00:00,20.2,49.6,472.0,830.0,24.9,11.2,41.0
2025-03-10 02:00:00+00:00,24.0,53.7,475.0,1277.0,36.8,14.0,26.0
2025-03-10 03:00:00+00:00,33.1,56.5,476.0,1554.0,43.2,16.5,24.0
2025-03-10 04:00:00+00:00,31.1,49.7,472.0,1502.0,39.2,18.6,45.0
2025-03-10 05:00:00+00:00,26.0,42.8,464.0,1280.0,29.7,20.5,77.0
2025-03-10 06:00:00+00:00,22.2,39.1,458.0,1050.0,21.1,21.9,104.0
2025-03-10 07:00:00+00:00,18.7,37.0,453.0,830.0,14.8,22.5,119.0
2025-03-10 08:00:00+00:00,16.7,35.7,449.0,602.0,9.3,22.6,128.0
2025-03-10 09:00:00+00:00,15.5,34.8,447.0,471.0,6.6,22.3,131.0
2025-03-10 10:00:00+00:00,14.8,31.9,447.0,486.0,6.7,21.6,127.0
2025-03-10 11:00:00+00:00,14.5,29.9,449.0,597.0,9.7,20.6,117.0
2025-03-10 12:00:00+00:00,15.3,28.8,451.0,763.0,16.5,21.2,105.0
2025-03-10 13:00:00+00:00,22.4,32.8,455.0,1029.0,32.9,21.1,78.0
2025-03-10 14:00:00+00:00,30.6,39.6,459.0,1349.0,55.5,21.0,41.0
2025-03-10 15:00:00+00:00,35.6,44.1,463.0,1541.0,72.0,20.9,13.0
2025-03-10 16:00:00+00:00,38.0,46.7,465.0,1506.0,76.8,21.2,3.0
2025-03-10 17:00:00+00:00,38.9,48.1,465.0,1344.0,75.4,21.5,3.0
2025-03-10 18:00:00+00:00,39.1,48.8,465.0,1169.0,72.6,20.9,4.0
2025-03-10 19:00:00+00:00,37.4,47.6,463.0,1010.0,70.2,18.7,5.0
2025-03-10 20:00:00+00:00,32.7,43.0,461.0,840.0,66.3,15.7,8.0
2025-03-10 21:00:00+00:00,27.1,36.7,459.0,689.0,59.7,13.2,13.0
2025-03-10 22:00:00+00:00,22.5,31.5,458.0,531.0,47.1,11.4,24.0
2025-03-10 23:00:00+00:00,19.0,28.1,457.0,393.0,31.7,10.0,37.0
2025-03-11 00:00:00+00:00,15.8,24.0,458.0,389.0,21.2,9.3,45.0
2025-03-11 01:00:00+00:00,15.4,23.5,462.0,632.0,27.3,10.7,35.0
2025-03-11 02:00:00+00:00,18.9,26.7,467.0,1009.0,35.5,12.7,22.0
2025-03-11 03:00:00+00:00,28.3,34.6,471.0,1301.0,39.7,15.2,22.0
2025-03-11 04:00:00+00:00,30.2,38.0,471.0,1448.0,36.5,18.5,45.0
2025-03-11 05:00:00+00:00,24.3,39.0,469.0,1510.0,29.2,22.1,81.0
2025-03-11 06:00:00+00:00,22.4,38.9,466.0,1449.0,22.2,24.7,111.0
2025-03-11 07:00:00+00:00,19.1,35.9,460.0,1174.0,15.9,25.5,130.0
2025-03-11 08:00:00+00:00,16.5,31.7,453.0,776.0,9.8,25.1,142.0
2025-03-11 09:00:00+00:00,15.6,28.6,448.0,490.0,6.5,24.4,147.0
2025-03-11 10:00:00+00:00,16.2,27.9,446.0,410.0,6.5,23.3,143.0
2025-03-11 11:00:00+00:00,16.4,27.7,446.0,443.0,9.3,21.8,131.0
2025-03-11 12:00:00+00:00,13.3,16.9,447.0,540.0,15.6,20.1,119.0
2025-03-11 13:00:00+00:00,17.9,23.1,450.0,749.0,30.3,19.0,89.0
2025-03-11 14:00:00+00:00,23.7,30.3,455.0,1023.0,50.5,17.4,49.0
2025-03-11 15:00:00+00:00,26.7,33.6,458.0,1176.0,64.5,16.1,19.0
2025-03-11 16:00:00+00:00,28.1,35.0,458.0,1095.0,67.1,15.6,10.0
2025-03-11 17:00:00+00:00,27.6,34.6,457.0,893.0,63.6,15.3,12.0
2025-03-11 18:00:00+00:00,26.3,33.5,456.0,726.0,57.7,14.6,16.0
2025-03-11 19:00:00+00:00,24.3,32.0,456.0,662.0,49.4,13.0,22.0
2025-03-11 20:00:00+00:00,22.1,30.3,456.0,634.0,38.8,10.9,30.0
2025-03-11 21:00:00+00:00,19.8,28.3,456.0,591.0,29.6,9.3,37.0
2025-03-11 22:00:00+00:00,17.7,26.1,456.0,467.0,22.2,8.4,43.0
2025-03-11 23:00:00+00:00,15.9,24.0,455.0,329.0,16.2,8.0,47.0
2025-03-12 00:00:00+00:00,14.4,19.8,456.0,329.0,17.0,9.3,42.0
2025-03-12 01:00:00+00:00,15.8,22.0,459.0,632.0,25.7,11.7,34.0
2025-03-12 02:00:00+00:00,20.2,27.1,463.0,1073.0,37.2,15.1,23.0
2025-03-12 03:00:00+00:00,29.7,35.5,464.0,1311.0,43.2,17.8,23.0
2025-03-12 04:00:00+00:00,25.4,31.1,460.0,1139.0,38.5,19.4,41.0
2025-03-12 05:00:00+00:00,20.6,26.9,453.0,764.0,28.1,20.5,70.0
2025-03-12 06:00:00+00:00,18.0,27.2,448.0,467.0,19.2,20.8,94.0
2025-03-12 07:00:00+00:00,17.9,33.5,446.0,358.0,13.8,20.2,110.0
2025-03-12 08:00:00+00:00,16.9,35.4,446.0,326.0,9.8,19.0,121.0
2025-03-12 09:00:00+00:00,15.8,32.2,446.0,323.0,7.8,17.6,126.0
2025-03-12 10:00:00+00:00,14.9,29.2,446.0,341.0,8.1,16.1,121.0
2025-03-12 11:00:00+00:00,14.6,27.6,446.0,387.0,10.4,14.5,109.0
2025-03-12 12:00:00+00:00,13.5,22.9,447.0,439.0,14.3,14.0,96.0
2025-03-12 13:00:00+00:00,14.7,20.0,448.0,500.0,21.1,12.9,81.0
2025-03-12 14:00:00+00:00,17.5,22.1,449.0,566.0,30.4,11.4,59.0
2025-03-12 15:00:00+00:00,18.2,23.7,450.0,603.0,35.9,10.1,45.0
2025-03-12 16:00:00+00:00,17.9,23.8,451.0,594.0,34.5,9.5,43.0
2025-03-12 17:00:00+00:00,16.7,23.0,451.0,556.0,29.4,9.2,48.0
2025-03-12 18:00:00+00:00,15.5,21.7,451.0,499.0,24.3,8.8,54.0
2025-03-12 19:00:00+00:00,14.3,20.4,449.0,412.0,20.2,8.0,59.0
2025-03-12 20:00:00+00:00,12.9,19.1,447.0,307.0,16.1,7.1,64.0
2025-03-12 21:00:00+00:00,11.9,18.4,446.0,232.0,12.9,6.6,68.0
2025-03-12 22:00:00+00:00,11.7,18.7,446.0,190.0,10.1,6.5,70.0
2025-03-12 23:00:00+00:00,11.6,19.1,448.0,178.0,8.1,6.7,71.0
2025-03-13 00:00:00+00:00,9.6,12.3,449.0,242.0,6.9,6.2,75.0
2025-03-13 01:00:00+00:00,10.3,17.5,451.0,467.0,12.6,7.1,68.0
2025-03-13 02:00:00+00:00,12.6,22.7,453.0,766.0,20.4,8.5,60.0
2025-03-13 03:00:00+00:00,17.0,29.2,454.0,927.0,24.8,10.1,59.0
2025-03-13 04:00:00+00:00,19.4,36.7,452.0,812.0,22.8,12.3,74.0
2025-03-13 05:00:00+00:00,20.3,49.1,449.0,558.0,17.6,14.6,97.0
2025-03-13 06:00:00+00:00,20.5,57.3,447.0,363.0,12.8,16.1,115.0
2025-03-13 07:00:00+00:00,17.8,49.8,446.0,309.0,9.5,15.9,123.0
2025-03-13 08:00:00+00:00,15.3,39.9,446.0,315.0,6.7,14.8,125.0
2025-03-13 09:00:00+00:00,15.0,36.8,446.0,335.0,5.6,13.7,124.0
2025-03-13 10:00:00+00:00,15.6,36.9,446.0,363.0,7.0,13.0,118.0
2025-03-13 11:00:00+00:00,16.4,36.6,447.0,405.0,10.1,12.3,108.0
2025-03-13 12:00:00+00:00,14.5,33.8,447.0,437.0,13.5,12.3,97.0
2025-03-13 13:00:00+00:00,16.6,30.5,447.0,451.0,20.5,11.8,83.0
2025-03-13 14:00:00+00:00,18.8,30.0,448.0,456.0,29.8,11.1,65.0
2025-03-13 15:00:00+00:00,19.2,30.4,448.0,450.0,34.9,10.4,53.0
2025-03-13 16:00:00+00:00,18.6,30.0,448.0,433.0,31.8,9.8,55.0
2025-03-13 17:00:00+00:00,17.5,29.5,448.0,405.0,24.4,9.1,64.0
2025-03-13 18:00:00+00:00,16.7,28.2,448.0,369.0,17.8,8.4,72.0
2025-03-13 19:00:00+00:00,16.0,27.6,448.0,317.0,13.5,7.6,78.0
2025-03-13 20:00:00+00:00,15.1,27.0,447.0,256.0,10.0,6.7,84.0
2025-03-13 21:00:00+00:00,14.3,26.4,447.0,215.0,7.4,6.1,88.0
2025-03-13 22:00:00+00:00,14.0,26.7,448.0,198.0,5.2,5.8,90.0
2025-03-13 23:00:00+00:00,14.0,26.8,449.0,200.0,4.0,5.8,90.0
2025-03-14 00:00:00+00:00,14.1,25.6,450.0,233.0,4.9,6.1,90.0
2025-03-14 01:00:00+00:00,14.7,26.5,450.0,332.0,9.7,6.7,85.0
2025-03-14 02:00:00+00:00,16.8,30.0,450.0,463.0,16.3,7.6,77.0
2025-03-14 03:00:00+00:00,20.3,35.4,449.0,533.0,20.0,9.0,76.0
2025-03-14 04:00:00+00:00,23.6,49.8,448.0,483.0,18.4,11.5,85.0
2025-03-14 05:00:00+00:00,27.2,75.2,448.0,373.0,14.0,14.5,100.0
2025-03-14 06:00:00+00:00,31.3,107.3,447.0,289.0,10.0,16.5,112.0
2025-03-14 07:00:00+00:00,32.8,119.0,447.0,265.0,7.2,16.5,117.0
2025-03-14 08:00:00+00:00,32.1,120.6,446.0,267.0,4.9,15.4,119.0
2025-03-14 09:00:00+00:00,31.1,115.3,446.0,281.0,4.2,14.4,118.0
2025-03-14 10:00:00+00:00,31.5,109.9,446.0,309.0,5.5,13.8,114.0
2025-03-14 11:00:00+00:00,32.2,106.9,447.0,348.0,8.5,13.3,106.0
2025-03-14 12:00:00+00:00,27.6,86.6,447.0,379.0,11.3,11.8,95.0
2025-03-14 13:00:00+00:00,29.0,78.7,447.0,396.0,16.6,11.1,84.0
2025-03-14 14:00:00+00:00,30.5,77.5,447.0,405.0,23.8,10.1,70.0
2025-03-14 15:00:00+00:00,31.2,80.1,447.0,401.0,28.0,9.3,61.0
2025-03-14 16:00:00+00:00,31.1,79.2,447.0,379.0,26.4,8.8,62.0
2025-03-14 17:00:00+00:00,30.2,75.9,448.0,344.0,21.8,8.4,68.0
2025-03-14 18:00:00+00:00,28.8,70.1,448.0,312.0,17.3,8.0,75.0
2025-03-14 19:00:00+00:00,27.4,65.7,448.0,282.0,13.5,7.4,81.0
2025-03-14 20:00:00+00:00,26.6,63.6,447.0,255.0,9.8,6.8,88.0
2025-03-14 21:00:00+00:00,27.4,66.1,448.0,247.0,7.4,6.5,90.0
2025-03-14 22:00:00+00:00,28.5,70.3,451.0,245.0,6.4,6.6,86.0
2025-03-14 23:00:00+00:00,29.0,75.2,454.0,262.0,6.8,7.0,77.0
2025-03-15 00:00:00+00:00,29.6,88.0,458.0,351.0,9.5,8.4,65.0
2025-03-15 01:00:00+00:00,30.2,90.1,462.0,598.0,16.5,9.9,53.0
2025-03-15 02:00:00+00:00,33.2,90.1,466.0,917.0,25.8,12.0,37.0
2025-03-15 03:00:00+00:00,37.5,86.4,467.0,1101.0,30.5,14.3,36.0
2025-03-15 04:00:00+00:00,37.4,86.8,464.0,1021.0,26.3,17.3,62.0
2025-03-15 05:00:00+00:00,35.2,80.3,458.0,806.0,17.4,20.4,103.0
2025-03-15 06:00:00+00:00,31.2,77.1,454.0,633.0,10.2,22.2,136.0
2025-03-15 07:00:00+00:00,25.7,68.5,453.0,577.0,6.8,21.2,154.0
2025-03-15 08:00:00+00:00,20.8,54.1,453.0,563.0,5.0,18.7,163.0
2025-03-15 09:00:00+00:00,20.0,48.5,453.0,544.0,4.4,17.2,168.0
2025-03-15 10:00:00+00:00,19.6,46.0,451.0,492.0,4.4,17.9,168.0
2025-03-15 11:00:00+00:00,19.4,44.8,449.0,434.0,5.7,19.5,163.0
2025-03-15 12:00:00+00:00,22.5,53.0,448.0,409.0,8.6,18.6,161.0
2025-03-15 13:00:00+00:00,27.9,55.1,448.0,450.0,17.6,18.7,141.0
2025-03-15 14:00:00+00:00,34.0,58.1,449.0,522.0,29.7,18.8,113.0
2025-03-15 15:00:00+00:00,34.6,59.3,450.0,561.0,37.6,18.4,92.0
2025-03-15 16:00:00+00:00,33.3,58.1,450.0,536.0,37.4,17.3,84.0
2025-03-15 17:00:00+00:00,31.7,57.0,450.0,477.0,32.8,15.7,83.0
2025-03-15 18:00:00+00:00,29.8,55.9,449.0,410.0,27.6,14.0,84.0
2025-03-15 19:00:00+00:00,28.1,54.9,448.0,332.0,22.3,12.2,87.0
2025-03-15 20:00:00+00:00,26.0,53.8,447.0,247.0,16.3,10.3,91.0
2025-03-15 21:00:00+00:00,23.7,52.2,446.0,189.0,11.4,8.8,94.0
2025-03-15 22:00:00+00:00,22.0,54.1,446.0,147.0,7.6,7.6,95.0
2025-03-15 23:00:00+00:00,21.7,58.6,446.0,134.0,5.0,6.7,94.0
2025-03-16 00:00:00+00:00,22.4,64.3,448.0,217.0,5.7,6.3,89.0
2025-03-16 01:00:00+00:00,24.1,70.3,453.0,504.0,13.7,7.5,74.0
2025-03-16 02:00:00+00:00,27.0,74.5,459.0,888.0,24.3,9.3,55.0
2025-03-16 03:00:00+00:00,31.5,72.2,462.0,1121.0,30.1,11.8,49.0
2025-03-16 04:00:00+00:00,31.8,95.2,461.0,1062.0,26.3,15.8,70.0
2025-03-16 05:00:00+00:00,29.7,89.2,457.0,853.0,17.5,20.4,104.0
2025-03-16 06:00:00+00:00,28.8,76.6,454.0,665.0,10.3,23.1,132.0
2025-03-16 07:00:00+00:00,26.7,77.3,453.0,555.0,6.9,21.9,146.0
2025-03-16 08:00:00+00:00,23.3,68.9,452.0,466.0,5.0,18.8,154.0
2025-03-16 09:00:00+00:00,22.2,65.0,451.0,405.0,4.3,16.7,158.0
2025-03-16 10:00:00+00:00,23.1,65.9,450.0,377.0,4.1,17.2,160.0
2025-03-16 11:00:00+00:00,24.4,68.5,449.0,376.0,5.1,18.6,159.0
2025-03-16 12:00:00+00:00,17.8,47.1,449.0,396.0,7.4,17.1,151.0
2025-03-16 13:00:00+00:00,21.0,49.9,449.0,442.0,15.8,16.5,130.0
2025-03-16 14:00:00+00:00,26.1,49.9,450.0,509.0,27.9,15.8,100.0
2025-03-16 15:00:00+00:00,27.1,50.4,451.0,573.0,40.2,15.9,73.0
2025-03-16 16:00:00+00:00,28.8,52.7,453.0,641.0,53.2,17.9,53.0
2025-03-16 17:00:00+00:00,33.4,57.7,456.0,706.0,66.6,20.8,37.0
2025-03-16 18:00:00+00:00,42.8,66.8,458.0,719.0,75.6,22.7,24.0
2025-03-16 19:00:00+00:00,51.5,74.3,457.0,640.0,78.4,22.9,16.0
2025-03-16 20:00:00+00:00,54.9,77.1,456.0,508.0,77.0,22.2,12.0
2025-03-16 21:00:00+00:00,49.8,71.0,454.0,401.0,72.1,21.1,12.0
2025-03-16 22:00:00+00:00,40.4,60.8,453.0,310.0,61.5,19.5,19.0
2025-03-16 23:00:00+00:00,32.9,52.6,451.0,242.0,47.5,17.5,30.0
2025-03-17 00:00:00+00:00,28.7,48.0,452.0,295.0,36.5,15.5,40.0
2025-03-17 01:00:00+00:00,27.2,45.8,456.0,598.0,42.0,16.8,31.0
2025-03-17 02:00:00+00:00,31.2,50.8,462.0,1022.0,49.0,18.7,21.0
2025-03-17 03:00:00+00:00,41.8,56.2,465.0,1280.0,50.4,20.8,23.0
2025-03-17 04:00:00+00:00,29.9,56.6,463.0,1219.0,40.9,23.8,51.0
2025-03-17 05:00:00+00:00,24.0,65.0,458.0,992.0,25.8,27.1,91.0
2025-03-17 06:00:00+00:00,24.1,69.2,454.0,769.0,13.7,28.6,124.0
2025-03-17 07:00:00+00:00,23.3,67.1,450.0,584.0,8.0,26.8,141.0
2025-03-17 08:00:00+00:00,21.8,62.6,447.0,403.0,5.4,23.2,151.0
2025-03-17 09:00:00+00:00,21.4,61.7,445.0,294.0,4.6,20.2,153.0
2025-03-17 10:00:00+00:00,20.9,60.1,445.0,291.0,5.0,18.8,147.0
2025-03-17 11:00:00+00:00,19.6,58.0,445.0,360.0,7.2,17.9,133.0
2025-03-17 12:00:00+00:00,17.3,51.0,447.0,466.0,10.7,17.1,124.0
2025-03-17 13:00:00+00:00,19.8,50.3,450.0,639.0,19.9,16.0,103.0
2025-03-17 14:00:00+00:00,22.8,52.5,454.0,849.0,32.5,14.4,73.0
2025-03-17 15:00:00+00:00,23.9,55.9,456.0,965.0,40.9,13.1,52.0
2025-03-17 16:00:00+00:00,24.0,56.1,456.0,908.0,41.1,12.4,48.0
2025-03-17 17:00:00+00:00,23.7,56.2,454.0,758.0,37.2,11.9,52.0
2025-03-17 18:00:00+00:00,23.7,56.9,453.0,617.0,32.9,11.4,56.0
2025-03-17 19:00:00+00:00,23.9,57.3,452.0,516.0,29.7,10.5,57.0
2025-03-17 20:00:00+00:00,23.3,56.1,451.0,424.0,26.2,9.6,58.0
2025-03-17 21:00:00+00:00,21.8,53.6,451.0,357.0,22.6,8.8,59.0
2025-03-17 22:00:00+00:00,19.8,50.2,451.0,277.0,17.6,8.1,63.0
2025-03-17 23:00:00+00:00,17.8,45.2,452.0,223.0,12.4,7.6,68.0
2025-03-18 00:00:00+00:00,16.4,40.6,454.0,321.0,11.3,7.9,68.0
2025-03-18 01:00:00+00:00,15.7,38.3,461.0,756.0,18.8,9.3,58.0
2025-03-18 02:00:00+00:00,18.0,39.3,469.0,1343.0,28.8,11.3,46.0
2025-03-18 03:00:00+00:00,23.4,41.7,473.0,1661.0,33.8,13.6,45.0
2025-03-18 04:00:00+00:00,22.6,46.2,468.0,1449.0,28.9,16.9,66.0
2025-03-18 05:00:00+00:00,18.6,43.3,459.0,968.0,19.0,20.5,99.0
2025-03-18 06:00:00+00:00,13.9,35.0,452.0,575.0,10.9,22.5,125.0
2025-03-18 07:00:00+00:00,12.2,29.8,448.0,404.0,7.1,21.5,137.0
2025-03-18 08:00:00+00:00,11.3,26.3,446.0,321.0,5.0,18.9,141.0
2025-03-18 09:00:00+00:00,10.4,24.2,445.0,281.0,4.3,16.9,141.0
2025-03-18 10:00:00+00:00,9.7,23.9,445.0,279.0,4.1,16.3,136.0
2025-03-18 11:00:00+00:00,9.4,25.8,445.0,320.0,5.3,16.3,127.0
2025-03-18 12:00:00+00:00,8.4,24.3,446.0,372.0,9.3,15.1,115.0
2025-03-18 13:00:00+00:00,10.7,27.6,447.0,431.0,19.3,14.6,97.0
2025-03-18 14:00:00+00:00,15.4,29.3,448.0,501.0,33.0,13.9,71.0
2025-03-18 15:00:00+00:00,17.8,32.8,449.0,566.0,42.4,13.3,53.0
2025-03-18 16:00:00+00:00,18.7,34.6,451.0,639.0,43.8,12.9,48.0
2025-03-18 17:00:00+00:00,18.9,34.3,454.0,708.0,40.9,12.4,49.0
2025-03-18 18:00:00+00:00,18.7,33.1,455.0,716.0,36.9,11.8,52.0
2025-03-18 19:00:00+00:00,17.9,30.6,454.0,615.0,32.4,10.7,55.0
2025-03-18 20:00:00+00:00,16.5,27.0,451.0,454.0,26.9,9.3,59.0
2025-03-18 21:00:00+00:00,14.8,23.2,449.0,324.0,21.9,8.3,63.0
2025-03-18 22:00:00+00:00,13.5,20.2,448.0,238.0,17.2,7.8,66.0
2025-03-18 23:00:00+00:00,12.5,18.1,448.0,182.0,13.2,7.7,69.0
2025-03-19 00:00:00+00:00,9.7,13.8,448.0,211.0,9.3,7.1,76.0
2025-03-19 01:00:00+00:00,10.3,14.4,450.0,414.0,15.6,8.2,69.0
2025-03-19 02:00:00+00:00,12.5,16.6,452.0,700.0,24.0,9.8,61.0
2025-03-19 03:00:00+00:00,16.1,19.8,453.0,852.0,27.8,11.3,61.0
2025-03-19 04:00:00+00:00,13.8,21.2,451.0,730.0,22.6,12.9,78.0
2025-03-19 05:00:00+00:00,12.8,24.9,448.0,473.0,12.9,14.5,103.0
2025-03-19 06:00:00+00:00,13.3,30.6,445.0,279.0,5.5,15.3,122.0
2025-03-19 07:00:00+00:00,14.1,36.1,444.0,229.0,3.1,14.7,127.0
2025-03-19 08:00:00+00:00,14.4,38.8,445.0,242.0,2.9,13.4,126.0
2025-03-19 09:00:00+00:00,14.6,41.3,445.0,267.0,3.5,12.6,122.0
2025-03-19 10:00:00+00:00,14.8,42.5,445.0,295.0,4.2,13.0,117.0
2025-03-19 11:00:00+00:00,15.1,41.7,446.0,335.0,5.7,14.0,110.0
2025-03-19 12:00:00+00:00,11.2,26.0,446.0,369.0,8.3,14.1,105.0
2025-03-19 13:00:00+00:00,12.9,26.6,447.0,391.0,15.8,13.8,90.0
2025-03-19 14:00:00+00:00,16.2,25.9,447.0,407.0,26.0,13.3,70.0
2025-03-19 15:00:00+00:00,17.1,26.3,448.0,410.0,32.9,12.7,55.0
2025-03-19 16:00:00+00:00,16.9,26.0,448.0,391.0,33.4,12.1,51.0
2025-03-19 17:00:00+00:00,16.8,25.6,448.0,360.0,30.7,11.3,52.0
2025-03-19 18:00:00+00:00,17.1,26.0,448.0,342.0,28.0,10.6,53.0
2025-03-19 19:00:00+00:00,17.8,27.3,449.0,357.0,26.6,9.8,51.0
2025-03-19 20:00:00+00:00,17.8,27.9,451.0,384.0,25.3,9.0,49.0
2025-03-19 21:00:00+00:00,17.0,27.0,452.0,393.0,23.3,8.4,49.0
2025-03-19 22:00:00+00:00,15.7,25.6,452.0,348.0,19.3,8.0,52.0
2025-03-19 23:00:00+00:00,14.1,23.9,452.0,285.0,14.7,7.8,56.0
2025-03-20 00:00:00+00:00,12.7,23.6,452.0,270.0,11.2,7.7,61.0
2025-03-20 01:00:00+00:00,12.5,22.1,452.0,364.0,16.4,8.3,55.0
2025-03-20 02:00:00+00:00,14.8,23.9,452.0,508.0,23.4,9.4,49.0
2025-03-20 03:00:00+00:00,18.3,26.4,451.0,590.0,26.6,11.2,52.0
2025-03-20 04:00:00+00:00,17.0,31.8,450.0,548.0,22.5,14.7,74.0
2025-03-20 05:00:00+00:00,16.6,37.5,449.0,445.0,14.6,19.0,106.0
2025-03-20 06:00:00+00:00,17.4,42.6,448.0,362.0,8.4,21.9,131.0
2025-03-20 07:00:00+00:00,17.8,43.4,447.0,330.0,5.8,22.5,145.0
2025-03-20 08:00:00+00:00,16.8,41.6,447.0,319.0,4.8,21.8,153.0
2025-03-20 09:00:00+00:00,16.1,38.4,447.0,316.0,4.8,20.6,154.0
2025-03-20 10:00:00+00:00,15.6,32.8,447.0,316.0,5.8,19.1,146.0
2025-03-20 11:00:00+00:00,14.5,28.4,447.0,326.0,7.8,17.2,131.0
2025-03-20 12:00:00+00:00,12.5,24.1,447.0,349.0,10.3,16.2,118.0
2025-03-20 13:00:00+00:00,13.0,22.3,448.0,396.0,13.5,14.6,106.0
2025-03-20 14:00:00+00:00,14.3,21.0,450.0,457.0,18.0,12.5,88.0
2025-03-20 15:00:00+00:00,14.3,22.0,451.0,509.0,22.7,11.2,73.0
2025-03-20 16:00:00+00:00,15.7,23.3,453.0,553.0,28.3,11.8,61.0
2025-03-20 17:00:00+00:00,18.2,26.0,454.0,587.0,34.2,13.1,52.0
2025-03-20 18:00:00+00:00,21.6,29.5,455.0,584.0,36.5,13.8,47.0
2025-03-20 19:00:00+00:00,24.4,32.5,454.0,511.0,32.7,12.8,50.0
2025-03-20 20:00:00+00:00,21.6,30.2,453.0,401.0,25.5,11.1,59.0
2025-03-20 21:00:00+00:00,17.8,26.3,452.0,325.0,19.2,9.7,65.0
2025-03-20 22:00:00+00:00,15.5,23.3,453.0,286.0,14.6,8.8,68.0
2025-03-20 23:00:00+00:00,14.5,22.6,455.0,282.0,10.9,8.2,69.0
2025-03-21 00:00:00+00:00,14.0,24.0,458.0,375.0,10.0,8.3,68.0
2025-03-21 01:00:00+00:00,14.7,26.0,462.0,659.0,17.4,9.5,56.0
2025-03-21 02:00:00+00:00,18.6,31.2,466.0,1040.0,27.3,11.3,41.0
2025-03-21 03:00:00+00:00,23.9,36.8,469.0,1301.0,32.6,13.9,39.0
2025-03-21 04:00:00+00:00,25.4,46.8,469.0,1334.0,29.1,18.4,62.0
2025-03-21 05:00:00+00:00,23.8,54.4,467.0,1246.0,20.9,23.6,98.0
2025-03-21 06:00:00+00:00,21.6,54.2,465.0,1145.0,13.8,26.4,128.0
2025-03-21 07:00:00+00:00,15.8,41.7,463.0,1066.0,9.3,24.7,145.0
2025-03-21 08:00:00+00:00,16.0,41.4,460.0,974.0,5.7,20.6,155.0
2025-03-21 09:00:00+00:00,16.6,44.1,458.0,869.0,4.1,17.2,158.0
2025-03-21 10:00:00+00:00,16.8,44.7,455.0,731.0,4.9,15.9,152.0
2025-03-21 11:00:00+00:00,16.4,42.5,453.0,580.0,7.7,15.3,140.0
2025-03-21 12:00:00+00:00,13.0,28.1,451.0,480.0,9.5,15.9,136.0
2025-03-21 13:00:00+00:00,15.3,23.9,450.0,473.0,16.4,14.2,116.0
2025-03-21 14:00:00+00:00,17.2,23.5,451.0,516.0,25.7,11.8,89.0
2025-03-21 15:00:00+00:00,16.9,25.2,451.0,552.0,31.5,10.0,71.0
2025-03-21 16:00:00+00:00,17.9,30.3,452.0,562.0,30.4,9.3,69.0
2025-03-21 17:00:00+00:00,20.0,38.4,453.0,564.0,25.9,9.1,76.0
2025-03-21 18:00:00+00:00,21.9,42.8,454.0,550.0,21.6,8.9,82.0
2025-03-21 19:00:00+00:00,22.9,45.6,454.0,510.0,19.0,8.4,83.0
2025-03-21 20:00:00+00:00,22.4,42.8,454.0,453.0,16.7,7.8,83.0
2025-03-21 21:00:00+00:00,20.5,36.6,454.0,400.0,14.8,7.6,83.0
2025-03-21 22:00:00+00:00,18.6,30.7,454.0,324.0,12.5,7.7,82.0
2025-03-21 23:00:00+00:00,17.1,27.1,453.0,252.0,10.7,8.1,81.0
2025-03-22 00:00:00+00:00,15.2,24.2,453.0,282.0,10.4,8.3,81.0
2025-03-22 01:00:00+00:00,15.9,25.6,455.0,537.0,19.1,9.8,71.0
2025-03-22 02:00:00+00:00,19.6,30.0,457.0,895.0,30.7,12.0,58.0
2025-03-22 03:00:00+00:00,23.9,32.1,458.0,1085.0,36.7,14.1,56.0
2025-03-22 04:00:00+00:00,20.7,32.9,455.0,940.0,31.9,16.3,74.0
2025-03-22 05:00:00+00:00,21.5,49.1,451.0,627.0,21.5,18.5,103.0
2025-03-22 06:00:00+00:00,24.5,72.6,447.0,383.0,13.0,19.8,126.0
2025-03-22 07:00:00+00:00,26.0,85.9,446.0,303.0,8.9,19.7,139.0
2025-03-22 08:00:00+00:00,26.0,82.0,446.0,291.0,6.7,18.8,146.0
2025-03-22 09:00:00+00:00,25.3,74.3,446.0,299.0,6.0,17.7,147.0
2025-03-22 10:00:00+00:00,24.4,66.8,446.0,309.0,6.6,16.5,140.0
2025-03-22 11:00:00+00:00,22.9,57.9,446.0,338.0,8.8,15.0,126.0
2025-03-22 12:00:00+00:00,17.7,36.3,447.0,389.0,12.6,14.3,109.0
2025-03-22 13:00:00+00:00,18.1,31.1,449.0,487.0,20.3,13.6,93.0
2025-03-22 14:00:00+00:00,20.5,30.5,451.0,607.0,30.7,12.6,70.0
2025-03-22 15:00:00+00:00,20.8,30.0,452.0,681.0,37.5,11.7,54.0
2025-03-22 16:00:00+00:00,19.9,27.3,452.0,677.0,37.4,11.2,50.0
2025-03-22 17:00:00+00:00,18.7,24.4,452.0,628.0,33.6,11.0,53.0
2025-03-22 18:00:00+00:00,17.9,22.5,452.0,562.0,29.5,10.5,57.0
2025-03-22 19:00:00+00:00,17.2,21.2,451.0,476.0,25.8,9.6,60.0
2025-03-22 20:00:00+00:00,15.9,19.8,450.0,373.0,21.7,8.6,64.0
2025-03-22 21:00:00+00:00,14.5,18.5,449.0,294.0,18.0,7.9,67.0
2025-03-22 22:00:00+00:00,13.2,17.5,449.0,228.0,14.2,7.5,70.0
2025-03-22 23:00:00+00:00,12.2,16.6,449.0,186.0,10.8,7.4,73.0
2025-03-23 00:00:00+00:00,11.2,14.3,450.0,238.0,10.8,7.9,72.0
2025-03-23 01:00:00+00:00,11.5,14.3,452.0,491.0,18.4,9.1,63.0
2025-03-23 02:00:00+00:00,14.2,16.6,455.0,838.0,28.6,11.0,51.0
2025-03-23 03:00:00+00:00,18.8,20.8,456.0,1025.0,34.0,13.1,50.0
2025-03-23 04:00:00+00:00,16.9,19.8,454.0,893.0,30.3,15.9,70.0
2025-03-23 05:00:00+00:00,15.8,22.1,450.0,602.0,21.8,18.9,102.0
2025-03-23 06:00:00+00:00,15.7,30.0,447.0,377.0,14.5,21.0,127.0
2025-03-23 07:00:00+00:00,14.2,30.0,446.0,307.0,10.2,21.4,141.0
2025-03-23 08:00:00+00:00,12.3,25.0,446.0,303.0,7.2,20.9,150.0
2025-03-23 09:00:00+00:00,10.9,20.8,446.0,324.0,5.9,19.9,151.0
2025-03-23 10:00:00+00:00,10.4,17.9,446.0,355.0,6.6,18.5,143.0
2025-03-23 11:00:00+00:00,10.0,16.4,447.0,411.0,9.0,16.7,128.0
2025-03-23 12:00:00+00:00,7.0,7.8,448.0,497.0,12.7,15.5,109.0
2025-03-23 13:00:00+00:00,9.6,10.5,451.0,651.0,23.8,15.1,90.0
2025-03-23 14:00:00+00:00,14.3,15.0,454.0,834.0,38.8,14.6,64.0
2025-03-23 15:00:00+00:00,16.4,17.2,456.0,937.0,48.6,14.0,46.0
2025-03-23 16:00:00+00:00,17.0,18.1,456.0,898.0,48.6,13.5,43.0
2025-03-23 17:00:00+00:00,16.8,18.2,456.0,779.0,43.4,12.9,48.0
2025-03-23 18:00:00+00:00,16.4,18.0,455.0,654.0,37.4,12.0,53.0
2025-03-23 19:00:00+00:00,15.5,17.3,454.0,538.0,31.4,10.6,57.0
2025-03-23 20:00:00+00:00,13.6,15.5,452.0,418.0,24.5,9.0,63.0
2025-03-23 21:00:00+00:00,11.4,13.3,451.0,325.0,18.6,7.7,67.0
2025-03-23 22:00:00+00:00,9.4,11.2,450.0,251.0,13.7,7.0,71.0
2025-03-23 23:00:00+00:00,7.8,9.5,449.0,205.0,9.8,6.6,74.0
2025-03-24 00:00:00+00:00,6.9,8.1,449.0,246.0,9.3,6.8,74.0
2025-03-24 01:00:00+00:00,6.9,8.0,451.0,470.0,15.9,8.0,66.0
2025-03-24 02:00:00+00:00,8.9,9.9,454.0,781.0,24.7,9.8,57.0
2025-03-24 03:00:00+00:00,13.5,14.5,455.0,950.0,28.9,11.4,56.0
2025-03-24 04:00:00+00:00,12.2,13.7,453.0,835.0,23.9,12.9,73.0
2025-03-24 05:00:00+00:00,8.0,9.8,450.0,577.0,14.2,14.4,99.0
2025-03-24 06:00:00+00:00,5.6,9.1,447.0,376.0,6.7,15.1,119.0
2025-03-24 07:00:00+00:00,6.0,11.1,446.0,307.0,4.0,14.5,129.0
2025-03-24 08:00:00+00:00,6.7,12.3,446.0,295.0,3.5,13.1,133.0
2025-03-24 09:00:00+00:00,7.0,12.6,446.0,304.0,3.8,12.4,134.0
2025-03-24 10:00:00+00:00,7.2,12.8,446.0,328.0,3.8,13.2,134.0
2025-03-24 11:00:00+00:00,7.3,12.8,446.0,375.0,4.6,14.7,130.0
2025-03-24 12:00:00+00:00,3.8,3.9,447.0,431.0,9.0,16.6,122.0
2025-03-24 13:00:00+00:00,6.4,7.4,448.0,513.0,20.2,16.2,101.0
2025-03-24 14:00:00+00:00,12.2,12.9,450.0,605.0,35.5,15.7,71.0
2025-03-24 15:00:00+00:00,14.8,15.6,451.0,643.0,45.6,15.0,50.0
2025-03-24 16:00:00+00:00,15.9,16.8,451.0,582.0,46.0,14.1,45.0
2025-03-24 17:00:00+00:00,15.8,17.0,450.0,468.0,41.1,12.9,49.0
2025-03-24 18:00:00+00:00,15.2,16.6,449.0,372.0,35.7,11.8,53.0
2025-03-24 19:00:00+00:00,14.4,16.1,449.0,321.0,30.7,10.6,56.0
2025-03-24 20:00:00+00:00,13.7,15.7,449.0,288.0,25.0,9.4,60.0
2025-03-24 21:00:00+00:00,12.7,15.0,449.0,267.0,20.1,8.5,64.0
2025-03-24 22:00:00+00:00,11.6,13.9,450.0,247.0,15.6,8.0,68.0
2025-03-24 23:00:00+00:00,10.4,13.0,450.0,238.0,11.7,7.8,72.0
2025-03-25 00:00:00+00:00,9.9,12.5,451.0,265.0,9.4,7.8,75.0
2025-03-25 01:00:00+00:00,10.9,13.7,451.0,369.0,15.2,8.3,68.0
2025-03-25 02:00:00+00:00,14.0,16.9,451.0,509.0,23.0,9.0,59.0
2025-03-25 03:00:00+00:00,17.9,20.7,451.0,581.0,26.7,10.5,59.0
2025-03-25 04:00:00+00:00,15.2,18.8,450.0,518.0,22.4,13.5,77.0
2025-03-25 05:00:00+00:00,12.9,16.8,447.0,387.0,14.1,17.2,104.0
2025-03-25 06:00:00+00:00,12.5,18.3,446.0,287.0,7.5,19.5,124.0
2025-03-25 07:00:00+00:00,12.6,21.6,446.0,258.0,4.9,19.2,131.0
2025-03-25 08:00:00+00:00,12.6,22.0,446.0,259.0,4.0,17.6,131.0
2025-03-25 09:00:00+00:00,12.3,22.6,446.0,268.0,4.1,16.2,128.0
2025-03-25 10:00:00+00:00,12.2,23.7,446.0,281.0,4.5,15.7,123.0
2025-03-25 11:00:00+00:00,12.1,22.9,446.0,301.0,5.8,15.5,114.0
2025-03-25 12:00:00+00:00,13.6,22.9,446.0,315.0,8.9,15.6,103.0
2025-03-25 13:00:00+00:00,13.4,21.4,446.0,314.0,14.3,15.0,90.0
2025-03-25 14:00:00+00:00,14.5,20.4,447.0,308.0,21.7,14.1,72.0
2025-03-25 15:00:00+00:00,16.9,23.1,447.0,307.0,27.6,13.4,58.0
2025-03-25 16:00:00+00:00,19.0,25.2,448.0,325.0,31.2,13.2,50.0
2025-03-25 17:00:00+00:00,20.1,26.3,448.0,348.0,33.2,13.1,46.0
2025-03-25 18:00:00+00:00,20.1,26.3,449.0,354.0,32.7,12.6,45.0
2025-03-25 19:00:00+00:00,18.9,25.3,449.0,325.0,28.0,11.1,50.0
2025-03-25 20:00:00+00:00,17.3,24.9,449.0,277.0,20.8,9.2,59.0
2025-03-25 21:00:00+00:00,16.7,26.1,449.0,238.0,15.0,7.8,67.0
2025-03-25 22:00:00+00:00,17.1,28.9,449.0,212.0,11.8,7.3,71.0
2025-03-25 23:00:00+00:00,17.6,31.5,448.0,194.0,10.0,7.3,74.0
2025-03-26 00:00:00+00:00,18.7,37.6,448.0,200.0,10.5,8.0,77.0
2025-03-26 01:00:00+00:00,19.3,36.9,448.0,254.0,16.0,9.0,75.0
2025-03-26 02:00:00+00:00,22.1,38.1,448.0,332.0,23.3,10.5,74.0
2025-03-26 03:00:00+00:00,23.0,37.5,448.0,376.0,26.6,12.0,80.0
2025-03-26 04:00:00+00:00,18.5,30.4,447.0,349.0,21.8,13.9,102.0
2025-03-26 05:00:00+00:00,14.7,22.4,447.0,287.0,12.9,15.9,132.0
2025-03-26 06:00:00+00:00,13.4,24.4,446.0,241.0,6.1,16.9,153.0
2025-03-26 07:00:00+00:00,13.0,26.7,446.0,229.0,3.7,16.2,158.0
2025-03-26 08:00:00+00:00,12.3,26.5,446.0,233.0,3.3,14.5,154.0
2025-03-26 09:00:00+00:00,11.8,25.1,446.0,243.0,3.7,13.2,149.0
2025-03-26 10:00:00+00:00,11.1,22.6,446.0,260.0,4.3,12.9,146.0
2025-03-26 11:00:00+00:00,10.5,19.4,447.0,284.0,5.6,13.1,141.0
2025-03-26 12:00:00+00:00,9.7,23.9,447.0,304.0,8.1,12.6,133.0
2025-03-26 13:00:00+00:00,11.3,22.2,447.0,317.0,13.4,12.4,122.0
2025-03-26 14:00:00+00:00,14.1,22.4,448.0,325.0,20.6,12.1,108.0
2025-03-26 15:00:00+00:00,16.1,25.2,448.0,326.0,25.3,11.7,98.0
2025-03-26 16:00:00+00:00,17.1,28.7,448.0,319.0,25.3,11.1,96.0
2025-03-26 17:00:00+00:00,18.0,32.9,448.0,305.0,22.9,10.3,99.0
2025-03-26 18:00:00+00:00,18.9,36.7,448.0,284.0,19.7,9.5,103.0
2025-03-26 19:00:00+00:00,19.2,38.2,447.0,250.0,15.9,8.5,107.0
2025-03-26 20:00:00+00:00,18.7,36.7,446.0,210.0,11.4,7.5,112.0
2025-03-26 21:00:00+00:00,17.8,33.5,446.0,184.0,8.0,6.7,115.0
2025-03-26 22:00:00+00:00,17.6,34.8,446.0,158.0,5.7,6.2,114.0
2025-03-26 23:00:00+00:00,20.7,50.5,447.0,147.0,4.5,5.9,112.0
2025-03-27 00:00:00+00:00,27.1,75.2,448.0,207.0,5.9,6.3,105.0
2025-03-27 01:00:00+00:00,31.2,89.6,451.0,427.0,14.2,7.9,90.0
2025-03-27 02:00:00+00:00,36.8,99.7,456.0,719.0,25.3,10.1,70.0
2025-03-27 03:00:00+00:00,41.6,106.2,458.0,880.0,31.0,12.2,63.0
2025-03-27 04:00:00+00:00,45.6,174.6,456.0,781.0,25.9,14.2,80.0
2025-03-27 05:00:00+00:00,39.7,159.3,453.0,552.0,15.4,16.0,110.0
2025-03-27 06:00:00+00:00,30.5,114.1,450.0,374.0,7.2,16.6,134.0
2025-03-27 07:00:00+00:00,21.0,72.6,449.0,320.0,4.3,14.8,144.0
2025-03-27 08:00:00+00:00,18.7,62.9,448.0,318.0,3.7,11.7,148.0
2025-03-27 09:00:00+00:00,18.3,60.5,448.0,337.0,3.8,9.9,150.0
2025-03-27 10:00:00+00:00,18.5,61.9,448.0,363.0,3.8,10.7,152.0
2025-03-27 11:00:00+00:00,19.3,67.5,448.0,411.0,4.6,12.6,151.0
2025-03-27 12:00:00+00:00,17.0,68.7,449.0,492.0,7.2,13.0,144.0
2025-03-27 13:00:00+00:00,24.5,91.7,452.0,660.0,15.3,13.6,126.0
2025-03-27 14:00:00+00:00,33.6,95.7,455.0,861.0,26.2,14.3,102.0
2025-03-27 15:00:00+00:00,36.1,102.4,457.0,951.0,33.0,14.3,84.0
2025-03-27 16:00:00+00:00,35.4,103.6,456.0,827.0,31.9,13.0,80.0
2025-03-27 17:00:00+00:00,33.2,95.7,454.0,592.0,26.7,11.0,83.0
2025-03-27 18:00:00+00:00,30.0,81.0,452.0,407.0,21.4,9.3,86.0
2025-03-27 19:00:00+00:00,26.4,68.2,452.0,342.0,16.8,8.1,88.0
2025-03-27 20:00:00+00:00,24.4,65.4,452.0,327.0,12.1,7.3,91.0
2025-03-27 21:00:00+00:00,23.7,72.2,452.0,318.0,8.6,6.8,92.0
2025-03-27 22:00:00+00:00,21.6,73.8,452.0,272.0,6.4,6.8,91.0
2025-03-27 23:00:00+00:00,17.7,62.2,453.0,231.0,5.4,7.3,89.0
2025-03-28 00:00:00+00:00,16.0,57.5,454.0,278.0,8.2,8.9,81.0
2025-03-28 01:00:00+00:00,14.9,54.8,457.0,515.0,16.3,9.5,69.0
2025-03-28 02:00:00+00:00,17.9,61.9,461.0,840.0,27.2,10.4,55.0
2025-03-28 03:00:00+00:00,24.3,68.7,463.0,1033.0,32.9,11.8,53.0
2025-03-28 04:00:00+00:00,27.7,113.4,461.0,967.0,28.6,14.0,76.0
2025-03-28 05:00:00+00:00,32.0,177.9,457.0,768.0,19.2,16.7,112.0
2025-03-28 06:00:00+00:00,28.6,168.6,453.0,593.0,11.6,18.7,142.0
2025-03-28 07:00:00+00:00,26.4,144.8,451.0,489.0,8.2,19.3,160.0
2025-03-28 08:00:00+00:00,26.3,130.9,450.0,409.0,6.6,19.1,172.0
2025-03-28 09:00:00+00:00,27.1,122.0,449.0,367.0,6.0,19.5,181.0
2025-03-28 10:00:00+00:00,27.9,116.2,449.0,372.0,5.7,21.3,189.0
2025-03-28 11:00:00+00:00,29.0,112.9,449.0,415.0,6.6,23.7,193.0
2025-03-28 12:00:00+00:00,27.9,102.4,450.0,487.0,10.1,25.2,188.0
2025-03-28 13:00:00+00:00,29.2,93.8,452.0,597.0,19.3,23.9,159.0
2025-03-28 14:00:00+00:00,33.3,78.9,454.0,736.0,32.4,22.1,119.0
2025-03-28 15:00:00+00:00,34.0,72.2,457.0,866.0,45.4,21.2,84.0
2025-03-28 16:00:00+00:00,35.2,68.9,460.0,993.0,58.4,22.4,60.0
2025-03-28 17:00:00+00:00,39.0,71.0,463.0,1111.0,71.3,24.5,42.0
2025-03-28 18:00:00+00:00,48.4,82.0,466.0,1168.0,79.3,25.4,29.0
2025-03-28 19:00:00+00:00,57.3,92.4,467.0,1130.0,79.8,23.9,21.0
2025-03-28 20:00:00+00:00,58.1,93.4,468.0,1030.0,75.3,21.3,17.0
2025-03-28 21:00:00+00:00,51.3,86.1,468.0,915.0,69.2,18.9,17.0
2025-03-28 22:00:00+00:00,44.8,82.7,469.0,751.0,60.7,17.1,21.0
2025-03-28 23:00:00+00:00,40.2,79.2,470.0,572.0,50.6,15.5,27.0
2025-03-29 00:00:00+00:00,35.4,77.3,471.0,529.0,41.0,13.7,33.0
2025-03-29 01:00:00+00:00,33.2,74.3,472.0,779.0,44.0,14.2,32.0
2025-03-29 02:00:00+00:00,33.9,75.0,473.0,1165.0,47.7,14.9,32.0
2025-03-29 03:00:00+00:00,33.6,74.0,471.0,1362.0,46.6,15.4,41.0
2025-03-29 04:00:00+00:00,30.7,71.5,466.0,1173.0,36.1,15.6,68.0
2025-03-29 05:00:00+00:00,20.3,59.8,458.0,795.0,20.9,15.6,105.0
2025-03-29 06:00:00+00:00,14.8,39.7,452.0,495.0,9.3,15.1,133.0
2025-03-29 07:00:00+00:00,12.9,34.3,449.0,372.0,4.9,13.5,145.0
2025-03-29 08:00:00+00:00,12.2,34.1,447.0,327.0,4.2,11.4,149.0
2025-03-29 09:00:00+00:00,12.0,35.2,447.0,332.0,4.4,10.2,151.0
2025-03-29 10:00:00+00:00,12.1,36.4,448.0,386.0,4.0,10.7,156.0
2025-03-29 11:00:00+00:00,13.2,38.3,449.0,490.0,4.6,12.2,159.0
2025-03-29 12:00:00+00:00,10.7,27.3,452.0,622.0,8.2,14.2,155.0
2025-03-29 13:00:00+00:00,15.5,30.0,456.0,804.0,17.1,14.9,143.0
2025-03-29 14:00:00+00:00,24.4,34.2,460.0,1014.0,29.4,16.0,127.0
2025-03-29 15:00:00+00:00,26.8,36.1,464.0,1160.0,39.0,17.1,113.0
2025-03-29 16:00:00+00:00,28.8,39.1,466.0,1207.0,43.5,18.3,103.0
2025-03-29 17:00:00+00:00,31.0,43.5,468.0,1191.0,45.3,19.5,95.0
2025-03-29 18:00:00+00:00,32.9,48.1,468.0,1120.0,45.0,20.1,88.0
2025-03-29 19:00:00+00:00,34.5,51.5,466.0,972.0,42.4,19.7,82.0
2025-03-29 20:00:00+00:00,34.1,52.0,463.0,769.0,37.6,18.8,78.0
2025-03-29 21:00:00+00:00,31.3,49.8,460.0,597.0,32.2,17.7,78.0
2025-03-29 22:00:00+00:00,27.6,46.4,457.0,436.0,24.6,16.4,85.0
2025-03-29 23:00:00+00:00,23.8,42.4,455.0,305.0,16.2,14.9,96.0
2025-03-30 00:00:00+00:00,23.7,42.8,455.0,341.0,14.9,15.9,98.0
2025-03-30 01:00:00+00:00,23.0,43.2,460.0,710.0,22.6,16.7,92.0
2025-03-30 02:00:00+00:00,26.1,46.7,468.0,1245.0,32.9,17.9,86.0
2025-03-30 03:00:00+00:00,29.3,51.0,472.0,1588.0,37.5,19.7,89.0
2025-03-30 04:00:00+00:00,30.2,60.5,470.0,1564.0,31.2,22.7,112.0
2025-03-30 05:00:00+00:00,23.6,53.2,466.0,1347.0,19.2,26.3,146.0
2025-03-30 06:00:00+00:00,18.1,40.9,461.0,1101.0,9.8,28.2,172.0
2025-03-30 07:00:00+00:00,17.1,41.2,458.0,835.0,6.0,27.0,183.0
2025-03-30 08:00:00+00:00,16.8,43.2,454.0,538.0,4.7,24.2,186.0
2025-03-30 09:00:00+00:00,16.8,42.7,452.0,345.0,4.8,21.8,185.0
2025-03-30 10:00:00+00:00,17.1,41.3,451.0,330.0,5.8,20.8,180.0
2025-03-30 11:00:00+00:00,16.9,37.0,451.0,417.0,8.1,20.3,170.0
2025-03-30 12:00:00+00:00,12.5,18.7,451.0,515.0,11.7,20.3,158.0
2025-03-30 13:00:00+00:00,12.3,16.1,452.0,607.0,18.5,18.2,137.0
2025-03-30 14:00:00+00:00,14.3,17.3,453.0,709.0,27.9,15.3,109.0
2025-03-30 15:00:00+00:00,15.4,18.7,454.0,775.0,34.7,13.1,86.0
2025-03-30 16:00:00+00:00,16.1,20.4,456.0,790.0,37.2,12.4,75.0
2025-03-30 17:00:00+00:00,17.6,23.1,457.0,769.0,37.2,12.4,70.0
2025-03-30 18:00:00+00:00,19.7,26.3,458.0,717.0,35.1,12.1,68.0
2025-03-30 19:00:00+00:00,20.6,27.6,456.0,612.0,30.0,11.0,69.0
2025-03-30 20:00:00+00:00,18.3,25.8,454.0,474.0,22.7,9.6,73.0
2025-03-30 21:00:00+00:00,16.2,25.0,452.0,372.0,16.9,8.6,76.0
2025-03-30 22:00:00+00:00,15.0,26.0,453.0,298.0,12.8,8.0,76.0
2025-03-30 23:00:00+00:00,14.1,26.6,455.0,259.0,10.2,7.7,74.0
2025-03-31 00:00:00+00:00,13.4,23.6,457.0,341.0,11.7,8.4,68.0
2025-03-31 01:00:00+00:00,14.6,26.2,461.0,676.0,20.3,9.8,59.0
2025-03-31 02:00:00+00:00,19.4,31.4,465.0,1132.0,31.8,12.0,47.0
2025-03-31 03:00:00+00:00,23.7,34.6,467.0,1400.0,37.8,14.6,48.0
2025-03-31 04:00:00+00:00,20.3,35.9,465.0,1305.0,33.2,18.1,73.0
2025-03-31 05:00:00+00:00,20.0,38.1,460.0,1021.0,23.0,22.2,110.0
2025-03-31 06:00:00+00:00,20.7,46.2,456.0,764.0,14.5,25.3,140.0
2025-03-31 07:00:00+00:00,21.4,55.2,453.0,593.0,9.8,27.1,157.0
2025-03-31 08:00:00+00:00,21.2,59.8,451.0,449.0,6.8,27.9,167.0
2025-03-31 09:00:00+00:00,21.4,62.4,449.0,368.0,5.8,27.6,170.0
2025-03-31 10:00:00+00:00,22.1,64.7,449.0,378.0,7.0,25.6,163.0
2025-03-31 11:00:00+00:00,21.8,65.2,449.0,451.0,10.1,22.5,149.0
2025-03-31 12:00:00+00:00,16.8,40.3,450.0,542.0,15.2,19.7,131.0
2025-03-31 13:00:00+00:00,17.9,37.6,452.0,663.0,23.9,17.6,109.0
2025-03-31 14:00:00+00:00,19.4,37.1,454.0,802.0,35.8,14.7,78.0
2025-03-31 15:00:00+00:00,20.0,36.9,455.0,876.0,43.6,12.4,56.0
2025-03-31 16:00:00+00:00,19.4,34.5,455.0,833.0,43.9,11.3,49.0
2025-03-31 17:00:00+00:00,19.0,32.1,454.0,726.0,40.0,10.8,50.0
2025-03-31 18:00:00+00:00,19.3,31.4,454.0,622.0,35.2,10.4,53.0
2025-03-31 19:00:00+00:00,19.7,31.2,454.0,541.0,29.6,9.7,57.0
2025-03-31 20:00:00+00:00,17.5,31.2,454.0,465.0,22.9,9.1,63.0
2025-03-31 21:00:00+00:00,15.8,35.4,454.0,407.0,17.7,8.7,67.0
2025-03-31 22:00:00+00:00,15.4,41.4,455.0,338.0,14.1,8.4,68.0
2025-03-31 23:00:00+00:00,15.6,45.5,456.0,288.0,12.0,8.3,67.0
2025-04-01 00:00:00+00:00,15.0,41.6,458.0,359.0,14.1,9.1,61.0
2025-04-01 01:00:00+00:00,17.5,50.5,462.0,701.0,24.4,11.1,50.0
2025-04-01 02:00:00+00:00,24.6,61.0,467.0,1165.0,38.3,14.0,36.0
2025-04-01 03:00:00+00:00,30.9,56.2,468.0,1408.0,45.6,17.3,36.0
2025-04-01 04:00:00+00:00,26.1,68.2,463.0,1211.0,40.2,21.5,63.0
2025-04-01 05:00:00+00:00,27.0,79.6,456.0,793.0,28.3,26.2,104.0
2025-04-01 06:00:00+00:00,30.6,93.8,450.0,469.0,18.2,29.7,139.0
2025-04-01 07:00:00+00:00,33.8,102.2,448.0,366.0,12.6,31.3,163.0
2025-04-01 08:00:00+00:00,34.7,103.8,449.0,357.0,8.8,31.7,181.0
2025-04-01 09:00:00+00:00,34.3,101.3,449.0,371.0,7.2,30.8,187.0
2025-04-01 10:00:00+00:00,33.4,95.5,449.0,385.0,8.3,28.2,178.0
2025-04-01 11:00:00+00:00,32.1,90.1,449.0,423.0,11.6,24.4,157.0
2025-04-01 12:00:00+00:00,25.7,65.0,449.0,480.0,16.6,21.8,137.0
2025-04-01 13:00:00+00:00,25.4,57.5,450.0,578.0,23.8,19.3,114.0
2025-04-01 14:00:00+00:00,25.0,50.6,452.0,695.0,34.0,15.9,82.0
2025-04-01 15:00:00+00:00,23.6,47.0,454.0,768.0,43.9,14.0,55.0
2025-04-01 16:00:00+00:00,23.3,44.9,455.0,753.0,54.2,15.3,38.0
2025-04-01 17:00:00+00:00,26.5,48.4,455.0,693.0,64.1,18.1,27.0
2025-04-01 18:00:00+00:00,34.2,58.4,456.0,652.0,67.9,19.7,22.0
2025-04-01 19:00:00+00:00,30.5,48.7,458.0,673.0,60.4,18.7,27.0
2025-04-01 20:00:00+00:00,25.7,43.8,461.0,714.0,46.7,16.5,38.0
2025-04-01 21:00:00+00:00,24.1,41.8,462.0,711.0,36.3,15.1,45.0
2025-04-01 22:00:00+00:00,24.2,42.8,461.0,564.0,32.3,14.9,44.0
2025-04-01 23:00:00+00:00,25.4,46.0,458.0,373.0,31.5,15.3,40.0
2025-04-02 00:00:00+00:00,30.3,50.3,459.0,377.0,39.2,17.2,27.0
2025-04-02 01:00:00+00:00,32.9,53.8,466.0,792.0,45.9,20.0,20.0
2025-04-02 02:00:00+00:00,40.7,61.9,476.0,1401.0,54.6,24.0,12.0
2025-04-02 03:00:00+00:00,56.8,72.9,482.0,1792.0,57.4,27.9,20.0
2025-04-02 04:00:00+00:00,38.0,61.0,479.0,1766.0,48.9,32.0,58.0
2025-04-02 05:00:00+00:00,30.3,56.2,472.0,1523.0,34.5,35.9,112.0
2025-04-02 06:00:00+00:00,26.5,50.8,465.0,1246.0,22.3,37.7,153.0
2025-04-02 07:00:00+00:00,22.4,43.9,459.0,951.0,14.9,35.8,171.0
2025-04-02 08:00:00+00:00,18.9,37.8,452.0,623.0,9.9,31.8,177.0
2025-04-02 09:00:00+00:00,16.9,34.5,448.0,398.0,7.5,27.7,175.0
2025-04-02 10:00:00+00:00,16.4,32.9,447.0,351.0,8.2,24.2,167.0
2025-04-02 11:00:00+00:00,15.9,31.8,448.0,407.0,11.6,20.6,152.0
2025-04-02 12:00:00+00:00,13.6,20.8,449.0,484.0,17.0,19.4,137.0
2025-04-02 13:00:00+00:00,16.1,24.7,450.0,577.0,27.1,18.0,111.0
2025-04-02 14:00:00+00:00,19.8,29.6,452.0,690.0,40.9,15.9,76.0
2025-04-02 15:00:00+00:00,21.9,35.0,453.0,753.0,50.2,14.3,50.0
2025-04-02 16:00:00+00:00,22.8,39.9,453.0,715.0,51.3,13.5,41.0
2025-04-02 17:00:00+00:00,24.0,45.2,453.0,626.0,47.9,13.0,41.0
2025-04-02 18:00:00+00:00,25.7,50.6,453.0,564.0,43.4,12.5,43.0
2025-04-02 19:00:00+00:00,26.7,53.8,455.0,570.0,37.9,11.6,46.0
2025-04-02 20:00:00+00:00,25.6,50.8,458.0,601.0,31.3,10.6,50.0
2025-04-02 21:00:00+00:00,23.6,45.6,460.0,612.0,26.3,10.1,53.0
2025-04-02 22:00:00+00:00,21.7,39.9,461.0,536.0,23.1,10.0,52.0
2025-04-02 23:00:00+00:00,20.6,37.7,462.0,439.0,21.6,10.4,48.0
2025-04-03 00:00:00+00:00,26.5,55.2,463.0,468.0,23.4,12.5,49.0
2025-04-03 01:00:00+00:00,28.8,55.9,466.0,787.0,34.7,15.3,39.0
2025-04-03 02:00:00+00:00,36.9,64.3,469.0,1232.0,49.8,19.2,27.0
2025-04-03 03:00:00+00:00,44.9,60.8,470.0,1460.0,56.9,22.5,29.0
2025-04-03 04:00:00+00:00,31.2,47.3,465.0,1254.0,48.6,24.9,59.0
2025-04-03 05:00:00+00:00,25.5,38.1,457.0,830.0,32.4,26.7,104.0
2025-04-03 06:00:00+00:00,21.4,31.8,451.0,494.0,19.1,27.2,140.0
2025-04-03 07:00:00+00:00,17.8,27.1,449.0,367.0,12.7,25.8,158.0
2025-04-03 08:00:00+00:00,16.0,24.7,448.0,328.0,9.2,23.2,168.0
2025-04-03 09:00:00+00:00,14.4,23.0,448.0,319.0,7.7,20.7,169.0
2025-04-03 10:00:00+00:00,13.9,23.8,448.0,317.0,7.6,18.5,161.0
2025-04-03 11:00:00+00:00,14.7,27.2,449.0,344.0,9.4,16.4,144.0
2025-04-03 12:00:00+00:00,12.8,22.2,450.0,410.0,13.8,14.0,120.0
2025-04-03 13:00:00+00:00,14.9,25.1,452.0,559.0,21.8,13.4,102.0
2025-04-03 14:00:00+00:00,18.0,28.3,455.0,746.0,32.9,12.7,76.0
2025-04-03 15:00:00+00:00,20.4,29.9,457.0,844.0,41.4,12.2,57.0
2025-04-03 16:00:00+00:00,21.5,29.2,456.0,771.0,45.4,12.4,49.0
2025-04-03 17:00:00+00:00,21.6,27.5,454.0,609.0,46.8,12.9,47.0
2025-04-03 18:00:00+00:00,21.7,26.0,453.0,477.0,45.5,13.0,48.0
2025-04-03 19:00:00+00:00,20.8,24.0,453.0,425.0,40.0,12.1,53.0
2025-04-03 20:00:00+00:00,18.0,20.7,454.0,402.0,31.9,10.8,60.0
2025-04-03 21:00:00+00:00,15.4,17.6,454.0,376.0,25.1,9.9,66.0
2025-04-03 22:00:00+00:00,14.0,16.0,453.0,285.0,20.4,9.5,69.0
2025-04-03 23:00:00+00:00,13.5,15.7,452.0,190.0,17.0,9.5,70.0
2025-04-04 00:00:00+00:00,12.0,17.8,452.0,245.0,14.7,9.1,72.0
2025-04-04 01:00:00+00:00,13.0,18.3,457.0,611.0,24.5,10.9,61.0
2025-04-04 02:00:00+00:00,18.8,24.0,463.0,1126.0,37.5,13.4,48.0
2025-04-04 03:00:00+00:00,23.9,28.0,467.0,1458.0,44.6,16.0,48.0
2025-04-04 04:00:00+00:00,21.5,27.9,466.0,1433.0,40.1,18.5,72.0
2025-04-04 05:00:00+00:00,20.4,33.4,463.0,1224.0,29.5,21.2,110.0
2025-04-04 06:00:00+00:00,22.9,46.3,460.0,1020.0,20.4,23.5,145.0
2025-04-04 07:00:00+00:00,25.0,55.3,458.0,874.0,14.9,26.0,175.0
2025-04-04 08:00:00+00:00,25.5,56.5,455.0,732.0,10.8,28.3,202.0
2025-04-04 09:00:00+00:00,24.2,50.1,453.0,624.0,9.1,28.5,213.0
2025-04-04 10:00:00+00:00,22.5,42.5,451.0,564.0,10.4,25.1,198.0
2025-04-04 11:00:00+00:00,19.2,36.8,450.0,538.0,14.0,19.8,167.0
2025-04-04 12:00:00+00:00,19.7,31.3,449.0,531.0,19.0,19.9,151.0
2025-04-04 13:00:00+00:00,19.0,28.2,449.0,544.0,25.7,17.7,122.0
2025-04-04 14:00:00+00:00,18.9,25.1,451.0,575.0,34.8,14.6,83.0
2025-04-04 15:00:00+00:00,17.1,22.0,452.0,606.0,40.6,12.2,54.0
2025-04-04 16:00:00+00:00,16.2,20.9,454.0,645.0,40.2,11.4,46.0
2025-04-04 17:00:00+00:00,15.8,20.2,456.0,683.0,36.5,11.4,48.0
2025-04-04 18:00:00+00:00,15.8,19.5,457.0,682.0,32.0,11.1,52.0
2025-04-04 19:00:00+00:00,15.0,17.9,457.0,609.0,26.9,10.1,56.0
2025-04-04 20:00:00+00:00,13.1,15.3,455.0,496.0,21.0,8.8,61.0
2025-04-04 21:00:00+00:00,11.0,12.8,454.0,396.0,16.2,7.9,66.0
2025-04-04 22:00:00+00:00,9.2,10.7,453.0,303.0,12.2,7.4,70.0
2025-04-04 23:00:00+00:00,8.0,9.4,451.0,224.0,9.3,7.1,73.0
2025-04-05 00:00:00+00:00,8.3,11.3,451.0,232.0,9.9,7.6,72.0
2025-04-05 01:00:00+00:00,8.8,10.9,453.0,421.0,16.8,8.9,66.0
2025-04-05 02:00:00+00:00,11.9,13.8,456.0,697.0,26.0,10.7,58.0
2025-04-05 03:00:00+00:00,15.5,17.1,457.0,851.0,30.9,12.5,59.0
2025-04-05 04:00:00+00:00,14.7,16.8,455.0,759.0,27.5,14.4,78.0
2025-04-05 05:00:00+00:00,13.7,16.8,452.0,545.0,19.8,16.2,107.0
2025-04-05 06:00:00+00:00,13.2,20.5,449.0,375.0,13.3,17.3,129.0
2025-04-05 07:00:00+00:00,12.7,22.9,448.0,313.0,9.7,17.1,140.0
2025-04-05 08:00:00+00:00,11.6,21.3,447.0,295.0,7.4,16.2,145.0
2025-04-05 09:00:00+00:00,10.9,19.7,447.0,300.0,6.6,15.1,145.0
2025-04-05 10:00:00+00:00,10.8,18.8,447.0,329.0,8.0,14.1,137.0
2025-04-05 11:00:00+00:00,10.6,17.8,448.0,380.0,11.0,13.0,124.0
2025-04-05 12:00:00+00:00,9.1,10.0,449.0,429.0,15.8,12.6,111.0
2025-04-05 13:00:00+00:00,10.2,11.1,450.0,476.0,20.6,11.7,98.0
2025-04-05 14:00:00+00:00,11.8,12.7,451.0,520.0,27.0,10.6,81.0
2025-04-05 15:00:00+00:00,11.2,12.3,451.0,531.0,30.3,9.5,69.0
2025-04-05 16:00:00+00:00,10.2,11.5,451.0,486.0,27.8,8.8,69.0
2025-04-05 17:00:00+00:00,9.5,10.9,450.0,407.0,22.3,8.3,75.0
2025-04-05 18:00:00+00:00,8.9,10.8,449.0,336.0,17.2,7.7,80.0
2025-04-05 19:00:00+00:00,8.3,10.7,449.0,284.0,13.5,6.9,83.0
2025-04-05 20:00:00+00:00,7.6,10.7,448.0,239.0,10.3,6.1,87.0
2025-04-05 21:00:00+00:00,7.0,10.5,448.0,208.0,7.8,5.5,89.0
2025-04-05 22:00:00+00:00,6.4,9.6,448.0,172.0,5.7,5.2,91.0
2025-04-05 23:00:00+00:00,5.9,8.5,448.0,150.0,4.4,5.2,92.0
2025-04-06 00:00:00+00:00,5.5,7.0,449.0,209.0,6.2,5.7,87.0
2025-04-06 01:00:00+00:00,6.1,8.8,451.0,443.0,13.5,6.8,77.0
2025-04-06 02:00:00+00:00,8.8,14.7,454.0,757.0,23.4,8.4,65.0
2025-04-06 03:00:00+00:00,14.2,24.7,456.0,931.0,28.8,10.0,62.0
2025-04-06 04:00:00+00:00,16.8,45.2,455.0,826.0,25.5,11.5,78.0
2025-04-06 05:00:00+00:00,20.5,79.4,451.0,580.0,17.7,12.9,103.0
2025-04-06 06:00:00+00:00,22.5,90.1,449.0,387.0,11.4,13.8,123.0
2025-04-06 07:00:00+00:00,21.2,75.9,448.0,321.0,8.5,13.8,132.0
2025-04-06 08:00:00+00:00,19.4,60.5,447.0,308.0,7.0,13.2,135.0
2025-04-06 09:00:00+00:00,17.9,46.9,447.0,312.0,6.7,12.3,134.0
2025-04-06 10:00:00+00:00,16.3,36.9,447.0,332.0,7.7,11.2,127.0
2025-04-06 11:00:00+00:00,14.3,30.0,448.0,369.0,9.9,9.8,116.0
2025-04-06 12:00:00+00:00,11.2,21.4,448.0,393.0,12.8,9.2,106.0
2025-04-06 13:00:00+00:00,11.6,20.1,448.0,390.0,15.4,8.8,98.0
2025-04-06 14:00:00+00:00,11.6,19.0,449.0,374.0,18.8,8.3,86.0
2025-04-06 15:00:00+00:00,11.1,17.1,449.0,361.0,20.6,7.9,79.0
2025-04-06 16:00:00+00:00,10.3,14.9,449.0,359.0,19.3,7.8,80.0
2025-04-06 17:00:00+00:00,9.8,13.4,449.0,359.0,16.2,7.7,85.0
2025-04-06 18:00:00+00:00,9.6,12.7,449.0,348.0,13.3,7.6,89.0
2025-04-06 19:00:00+00:00,9.3,12.0,449.0,312.0,10.8,7.2,91.0
2025-04-06 20:00:00+00:00,8.6,11.0,448.0,265.0,8.4,6.6,93.0
2025-04-06 21:00:00+00:00,7.9,10.2,448.0,230.0,6.7,6.2,94.0
2025-04-06 22:00:00+00:00,7.3,9.4,448.0,199.0,5.3,5.9,94.0
2025-04-06 23:00:00+00:00,6.9,9.0,448.0,181.0,4.7,5.8,93.0
2025-04-07 00:00:00+00:00,7.1,13.5,449.0,223.0,5.8,5.9,91.0
2025-04-07 01:00:00+00:00,7.7,12.5,451.0,399.0,12.4,6.8,83.0
2025-04-07 02:00:00+00:00,10.0,15.0,453.0,636.0,21.3,8.0,73.0
2025-04-07 03:00:00+00:00,13.9,18.4,454.0,762.0,26.0,9.3,71.0
2025-04-07 04:00:00+00:00,13.6,21.1,453.0,667.0,22.5,10.7,85.0
2025-04-07 05:00:00+00:00,13.4,24.1,450.0,461.0,14.8,12.2,108.0
2025-04-07 06:00:00+00:00,13.4,27.2,448.0,305.0,8.7,13.1,126.0
2025-04-07 07:00:00+00:00,13.3,27.5,448.0,264.0,6.2,12.9,134.0
2025-04-07 08:00:00+00:00,12.7,26.1,448.0,273.0,5.2,12.1,136.0
2025-04-07 09:00:00+00:00,12.1,24.2,448.0,291.0,5.3,11.4,135.0
2025-04-07 10:00:00+00:00,11.9,22.9,448.0,308.0,6.2,11.0,130.0
2025-04-07 11:00:00+00:00,12.1,22.2,448.0,335.0,8.0,10.8,122.0
2025-04-07 12:00:00+00:00,14.0,25.6,448.0,364.0,11.5,11.0,113.0
2025-04-07 13:00:00+00:00,15.7,26.0,449.0,400.0,17.0,10.8,100.0
2025-04-07 14:00:00+00:00,18.9,27.2,449.0,439.0,24.5,10.6,82.0
2025-04-07 15:00:00+00:00,20.5,29.5,450.0,463.0,29.8,10.5,68.0
2025-04-07 16:00:00+00:00,21.7,31.2,451.0,464.0,31.3,10.6,62.0
2025-04-07 17:00:00+00:00,22.9,32.6,452.0,449.0,30.6,10.7,60.0
2025-04-07 18:00:00+00:00,24.2,33.9,452.0,421.0,28.6,10.6,60.0
2025-04-07 19:00:00+00:00,24.6,33.9,452.0,370.0,24.8,10.0,63.0
2025-04-07 20:00:00+00:00,22.8,32.4,451.0,305.0,19.7,9.1,67.0
2025-04-07 21:00:00+00:00,21.4,31.4,451.0,258.0,15.5,8.4,71.0
2025-04-07 22:00:00+00:00,20.5,30.9,451.0,232.0,12.6,8.1,72.0
2025-04-07 23:00:00+00:00,20.0,30.4,451.0,222.0,10.6,7.9,72.0
2025-04-08 00:00:00+00:00,19.3,28.5,451.0,249.0,11.0,8.1,71.0
2025-04-08 01:00:00+00:00,20.1,29.9,451.0,352.0,16.5,8.9,66.0
2025-04-08 02:00:00+00:00,23.9,33.8,451.0,491.0,23.8,10.0,60.0
2025-04-08 03:00:00+00:00,24.9,34.2,451.0,565.0,27.3,11.6,62.0
2025-04-08 04:00:00+00:00,23.3,38.0,450.0,509.0,23.3,14.2,81.0
2025-04-08 05:00:00+00:00,22.9,41.3,449.0,389.0,15.4,17.1,107.0
2025-04-08 06:00:00+00:00,22.2,42.5,448.0,299.0,9.1,18.9,128.0
2025-04-08 07:00:00+00:00,20.8,41.7,448.0,276.0,6.4,18.4,137.0
2025-04-08 08:00:00+00:00,19.2,39.1,448.0,282.0,5.3,16.8,139.0
2025-04-08 09:00:00+00:00,18.0,36.3,448.0,303.0,5.2,15.4,137.0
2025-04-08 10:00:00+00:00,17.1,34.8,448.0,337.0,5.3,14.8,131.0
2025-04-08 11:00:00+00:00,16.5,33.8,448.0,385.0,6.5,14.5,122.0
2025-04-08 12:00:00+00:00,22.1,47.3,449.0,436.0,10.9,14.8,108.0
2025-04-08 13:00:00+00:00,22.9,45.4,450.0,489.0,20.3,15.1,90.0
2025-04-08 14:00:00+00:00,25.0,42.1,451.0,544.0,33.3,15.5,65.0
2025-04-08 15:00:00+00:00,27.8,43.5,452.0,593.0,43.3,15.9,45.0
2025-04-08 16:00:00+00:00,29.5,44.2,454.0,648.0,48.1,16.3,35.0
2025-04-08 17:00:00+00:00,30.6,44.7,456.0,697.0,50.0,16.7,30.0
2025-04-08 18:00:00+00:00,30.5,44.5,457.0,694.0,49.3,16.5,29.0
2025-04-08 19:00:00+00:00,29.9,43.7,456.0,597.0,45.0,15.3,32.0
2025-04-08 20:00:00+00:00,29.5,43.9,454.0,448.0,38.2,13.5,38.0
2025-04-08 21:00:00+00:00,27.2,41.7,452.0,329.0,31.6,11.8,43.0
2025-04-08 22:00:00+00:00,25.0,38.8,451.0,266.0,25.7,10.3,47.0
2025-04-08 23:00:00+00:00,22.8,35.2,450.0,232.0,20.2,8.8,50.0
2025-04-09 00:00:00+00:00,18.2,28.9,450.0,232.0,14.1,7.6,57.0
2025-04-09 01:00:00+00:00,17.9,27.9,450.0,289.0,15.8,8.4,59.0
2025-04-09 02:00:00+00:00,19.6,29.4,449.0,379.0,18.0,9.7,62.0
2025-04-09 03:00:00+00:00,18.2,30.6,449.0,433.0,18.6,11.3,69.0
2025-04-09 04:00:00+00:00,17.6,33.1,449.0,413.0,16.0,13.8,85.0
2025-04-09 05:00:00+00:00,18.3,36.6,448.0,358.0,11.6,16.7,106.0
2025-04-09 06:00:00+00:00,18.6,40.3,448.0,315.0,8.1,18.5,122.0
2025-04-09 07:00:00+00:00,18.3,42.7,448.0,300.0,6.0,18.0,128.0
2025-04-09 08:00:00+00:00,17.6,44.4,448.0,297.0,4.8,16.4,129.0
2025-04-09 09:00:00+00:00,17.2,45.4,448.0,311.0,4.6,15.2,126.0
2025-04-09 10:00:00+00:00,17.2,47.4,448.0,348.0,5.2,15.1,121.0
2025-04-09 11:00:00+00:00,17.5,49.4,449.0,402.0,6.9,15.5,114.0
2025-04-09 12:00:00+00:00,20.1,59.5,450.0,460.0,11.1,16.2,103.0
2025-04-09 13:00:00+00:00,20.4,56.2,452.0,539.0,20.7,16.2,85.0
2025-04-09 14:00:00+00:00,22.1,48.0,453.0,623.0,33.7,16.0,60.0
2025-04-09 15:00:00+00:00,23.5,47.3,454.0,649.0,42.3,15.6,42.0
2025-04-09 16:00:00+00:00,23.9,46.7,453.0,569.0,42.9,14.7,37.0
2025-04-09 17:00:00+00:00,23.3,45.3,451.0,432.0,39.0,13.5,40.0
2025-04-09 18:00:00+00:00,21.2,41.8,449.0,321.0,33.8,12.1,44.0
2025-04-09 19:00:00+00:00,18.8,38.3,449.0,268.0,27.0,10.2,50.0
2025-04-09 20:00:00+00:00,17.1,34.8,449.0,242.0,18.8,8.0,59.0
2025-04-09 21:00:00+00:00,15.5,30.9,449.0,226.0,12.6,6.5,65.0
2025-04-09 22:00:00+00:00,14.3,27.0,449.0,213.0,9.7,6.1,67.0
2025-04-09 23:00:00+00:00,13.4,24.7,450.0,210.0,8.8,6.4,66.0
2025-04-10 00:00:00+00:00,13.4,24.6,450.0,228.0,9.1,6.7,66.0
2025-04-10 01:00:00+00:00,14.0,25.2,450.0,289.0,12.6,7.7,64.0
2025-04-10 02:00:00+00:00,15.8,27.2,450.0,370.0,17.2,9.1,62.0
2025-04-10 03:00:00+00:00,16.5,28.3,450.0,418.0,19.3,10.9,66.0
2025-04-10 04:00:00+00:00,16.8,33.8,449.0,399.0,16.6,13.5,83.0
2025-04-10 05:00:00+00:00,17.6,36.6,449.0,346.0,11.5,16.5,107.0
2025-04-10 06:00:00+00:00,17.8,38.4,448.0,303.0,7.4,18.2,124.0
2025-04-10 07:00:00+00:00,17.4,38.3,448.0,285.0,5.5,17.7,130.0
2025-04-10 08:00:00+00:00,16.6,37.8,448.0,277.0,4.6,16.0,130.0
2025-04-10 09:00:00+00:00,16.1,37.8,448.0,283.0,4.6,14.6,127.0
2025-04-10 10:00:00+00:00,16.1,38.0,449.0,312.0,5.2,14.1,120.0
2025-04-10 11:00:00+00:00,16.4,39.7,449.0,354.0,6.7,13.9,110.0
2025-04-10 12:00:00+00:00,15.7,37.3,450.0,380.0,10.6,14.0,99.0
2025-04-10 13:00:00+00:00,16.8,38.3,450.0,376.0,16.6,14.0,85.0
2025-04-10 14:00:00+00:00,18.0,39.3,449.0,356.0,24.9,13.9,66.0
2025-04-10 15:00:00+00:00,20.2,40.2,449.0,337.0,31.0,13.7,51.0
2025-04-10 16:00:00+00:00,21.7,41.9,449.0,328.0,33.4,13.5,45.0
2025-04-10 17:00:00+00:00,22.8,43.2,450.0,320.0,33.7,13.2,43.0
2025-04-10 18:00:00+00:00,23.1,43.7,450.0,305.0,32.2,12.5,44.0
2025-04-10 19:00:00+00:00,22.7,43.4,450.0,276.0,28.3,11.0,46.0
2025-04-10 20:00:00+00:00,22.3,43.1,450.0,240.0,22.6,9.1,51.0
2025-04-10 21:00:00+00:00,21.6,43.2,450.0,214.0,17.7,7.6,55.0
2025-04-10 22:00:00+00:00,20.7,42.4,450.0,201.0,14.0,6.9,59.0
2025-04-10 23:00:00+00:00,19.6,41.0,450.0,197.0,11.1,6.5,62.0
2025-04-11 00:00:00+00:00,18.1,36.4,450.0,212.0,9.0,6.7,64.0
2025-04-11 01:00:00+00:00,17.9,36.3,450.0,263.0,11.2,7.5,63.0
2025-04-11 02:00:00+00:00,20.0,39.3,449.0,331.0,14.1,8.7,62.0
2025-04-11 03:00:00+00:00,21.6,44.6,449.0,371.0,15.3,10.2,67.0
2025-04-11 04:00:00+00:00,22.6,50.4,449.0,354.0,13.1,12.4,82.0
2025-04-11 05:00:00+00:00,23.9,53.7,448.0,309.0,9.3,14.8,102.0
2025-04-11 06:00:00+00:00,24.7,56.0,448.0,275.0,6.2,16.3,118.0
2025-04-11 07:00:00+00:00,24.6,56.5,448.0,268.0,4.8,16.1,125.0
2025-04-11 08:00:00+00:00,23.9,56.0,448.0,272.0,4.2,14.9,127.0
2025-04-11 09:00:00+00:00,23.1,54.8,448.0,283.0,4.5,13.9,126.0
2025-04-11 10:00:00+00:00,22.3,53.3,448.0,304.0,5.8,13.6,121.0
2025-04-11 11:00:00+00:00,21.4,50.6,449.0,332.0,8.1,13.5,114.0
2025-04-11 12:00:00+00:00,21.5,51.0,449.0,349.0,10.7,13.3,104.0
2025-04-11 13:00:00+00:00,21.5,45.8,449.0,342.0,15.8,12.4,92.0
2025-04-11 14:00:00+00:00,22.4,40.7,449.0,324.0,22.6,11.2,76.0
2025-04-11 15:00:00+00:00,23.4,43.5,449.0,323.0,27.1,10.2,65.0
2025-04-11 16:00:00+00:00,24.5,48.5,450.0,365.0,27.0,9.6,64.0
2025-04-11 17:00:00+00:00,26.0,54.6,451.0,424.0,24.4,9.2,67.0
2025-04-11 18:00:00+00:00,27.1,59.3,452.0,445.0,21.8,8.9,70.0
2025-04-11 19:00:00+00:00,27.5,61.0,452.0,391.0,19.7,8.5,70.0
2025-04-11 20:00:00+00:00,27.2,60.8,451.0,301.0,17.5,8.2,70.0
2025-04-11 21:00:00+00:00,28.1,65.4,450.0,230.0,15.6,8.1,70.0
2025-04-11 22:00:00+00:00,28.1,67.3,449.0,189.0,13.4,8.3,71.0
2025-04-11 23:00:00+00:00,27.2,65.0,449.0,169.0,11.6,8.7,72.0
2025-04-12 00:00:00+00:00,21.8,44.9,449.0,199.0,9.7,7.8,75.0
2025-04-12 01:00:00+00:00,21.3,43.9,450.0,331.0,15.3,8.4,71.0
2025-04-12 02:00:00+00:00,22.5,43.4,451.0,513.0,22.8,9.4,66.0
2025-04-12 03:00:00+00:00,23.7,40.3,452.0,615.0,26.5,10.5,69.0
2025-04-12 04:00:00+00:00,22.9,47.0,451.0,558.0,22.6,12.1,88.0
2025-04-12 05:00:00+00:00,22.6,51.8,450.0,422.0,14.8,13.9,116.0
2025-04-12 06:00:00+00:00,22.8,56.1,449.0,317.0,8.6,15.0,135.0
2025-04-12 07:00:00+00:00,22.3,55.4,448.0,284.0,6.1,14.7,139.0
2025-04-12 08:00:00+00:00,21.3,53.3,448.0,281.0,5.2,13.7,135.0
2025-04-12 09:00:00+00:00,20.6,52.2,448.0,295.0,5.2,12.9,128.0
2025-04-12 10:00:00+00:00,20.1,53.6,448.0,328.0,5.9,12.6,121.0
2025-04-12 11:00:00+00:00,19.7,53.7,449.0,377.0,7.4,12.5,111.0
2025-04-12 12:00:00+00:00,17.0,48.4,449.0,417.0,11.0,12.4,100.0
2025-04-12 13:00:00+00:00,17.0,40.5,450.0,442.0,15.1,11.7,88.0
2025-04-12 14:00:00+00:00,17.9,35.7,451.0,458.0,20.7,10.6,72.0
2025-04-12 15:00:00+00:00,17.4,33.6,451.0,455.0,24.2,9.8,61.0
2025-04-12 16:00:00+00:00,17.2,31.5,451.0,423.0,23.9,9.5,58.0
2025-04-12 17:00:00+00:00,16.9,29.3,450.0,372.0,21.4,9.5,60.0
2025-04-12 18:00:00+00:00,16.3,27.1,449.0,321.0,18.5,9.2,62.0
2025-04-12 19:00:00+00:00,14.9,25.8,448.0,273.0,15.1,8.3,65.0
2025-04-12 20:00:00+00:00,13.3,25.4,448.0,226.0,11.1,7.2,68.0
2025-04-12 21:00:00+00:00,12.4,25.8,448.0,194.0,8.1,6.4,71.0
2025-04-12 22:00:00+00:00,11.9,25.7,449.0,181.0,6.4,6.2,72.0
2025-04-12 23:00:00+00:00,11.9,26.1,450.0,184.0,5.7,6.4,71.0
2025-04-13 00:00:00+00:00,12.4,28.5,451.0,208.0,6.6,7.0,70.0
2025-04-13 01:00:00+00:00,12.7,27.7,451.0,275.0,9.4,7.8,68.0
2025-04-13 02:00:00+00:00,14.4,28.9,451.0,363.0,13.1,8.9,65.0
2025-04-13 03:00:00+00:00,16.3,32.7,450.0,414.0,14.9,10.1,68.0
2025-04-13 04:00:00+00:00,16.6,35.6,449.0,390.0,12.9,11.5,80.0
2025-04-13 05:00:00+00:00,16.8,37.1,449.0,328.0,8.9,12.9,97.0
2025-04-13 06:00:00+00:00,17.0,37.4,448.0,281.0,5.8,13.8,110.0
2025-04-13 07:00:00+00:00,16.8,36.8,448.0,267.0,4.5,13.7,114.0
2025-04-13 08:00:00+00:00,16.5,36.4,448.0,267.0,4.1,12.9,114.0
2025-04-13 09:00:00+00:00,16.3,36.8,448.0,275.0,4.3,12.2,111.0
2025-04-13 10:00:00+00:00,16.3,36.8,448.0,293.0,5.1,11.6,104.0
2025-04-13 11:00:00+00:00,16.3,36.2,449.0,319.0,6.5,11.0,94.0
2025-04-13 12:00:00+00:00,16.5,39.5,449.0,339.0,9.2,10.7,84.0
2025-04-13 13:00:00+00:00,17.6,36.8,449.0,349.0,12.8,10.5,75.0
2025-04-13 14:00:00+00:00,18.6,32.8,450.0,354.0,17.7,10.1,63.0
2025-04-13 15:00:00+00:00,18.9,33.5,450.0,353.0,20.6,9.7,54.0
2025-04-13 16:00:00+00:00,18.5,32.4,450.0,347.0,19.8,9.3,53.0
2025-04-13 17:00:00+00:00,17.9,30.6,450.0,334.0,17.0,8.9,56.0
2025-04-13 18:00:00+00:00,17.5,29.2,450.0,314.0,14.2,8.4,59.0
2025-04-13 19:00:00+00:00,16.8,27.6,450.0,279.0,11.8,7.9,61.0
2025-04-13 20:00:00+00:00,15.7,25.6,450.0,236.0,9.3,7.3,63.0
2025-04-13 21:00:00+00:00,14.1,22.8,450.0,204.0,7.4,6.8,65.0
2025-04-13 22:00:00+00:00,12.7,20.4,450.0,182.0,5.9,6.4,67.0
2025-04-13 23:00:00+00:00,11.9,19.4,449.0,171.0,4.8,6.1,68.0
2025-04-14 00:00:00+00:00,10.4,18.0,449.0,193.0,5.0,5.9,69.0
2025-04-14 01:00:00+00:00,10.1,17.7,450.0,282.0,8.4,6.5,66.0
2025-04-14 02:00:00+00:00,11.4,19.2,451.0,404.0,12.9,7.4,62.0
2025-04-14 03:00:00+00:00,13.5,22.8,452.0,473.0,15.4,8.5,64.0
2025-04-14 04:00:00+00:00,14.4,26.9,451.0,439.0,13.8,10.2,76.0
2025-04-14 05:00:00+00:00,15.3,33.8,450.0,353.0,10.1,12.2,94.0
2025-04-14 06:00:00+00:00,16.3,40.3,449.0,284.0,7.0,13.4,107.0
2025-04-14 07:00:00+00:00,16.7,41.3,449.0,258.0,5.4,13.0,111.0
2025-04-14 08:00:00+00:00,16.3,39.8,449.0,250.0,4.4,11.8,110.0
2025-04-14 09:00:00+00:00,15.9,38.9,449.0,254.0,4.2,10.7,106.0
2025-04-14 10:00:00+00:00,15.8,37.1,449.0,274.0,4.8,10.0,100.0
2025-04-14 11:00:00+00:00,15.9,34.9,450.0,305.0,6.1,9.5,92.0
2025-04-14 12:00:00+00:00,16.8,34.7,450.0,330.0,8.5,9.3,82.0
2025-04-14 13:00:00+00:00,18.5,32.4,450.0,342.0,12.4,9.6,74.0
2025-04-14 14:00:00+00:00,19.9,30.3,451.0,347.0,17.8,10.0,63.0
2025-04-14 15:00:00+00:00,21.4,31.3,451.0,346.0,21.1,10.1,56.0
2025-04-14 16:00:00+00:00,21.5,31.2,451.0,338.0,20.7,9.9,55.0
2025-04-14 17:00:00+00:00,21.2,30.6,450.0,324.0,18.2,9.4,57.0
2025-04-14 18:00:00+00:00,20.4,29.3,450.0,301.0,15.4,8.8,60.0
2025-04-14 19:00:00+00:00,19.2,27.6,450.0,263.0,12.4,7.9,63.0
2025-04-14 20:00:00+00:00,17.3,25.6,449.0,218.0,9.2,6.9,66.0
2025-04-14 21:00:00+00:00,15.7,24.1,449.0,185.0,6.7,6.2,68.0
2025-04-14 22:00:00+00:00,14.5,22.9,449.0,166.0,5.4,5.9,68.0
2025-04-14 23:00:00+00:00,13.6,22.5,450.0,160.0,4.9,5.8,68.0
2025-04-15 00:00:00+00:00,12.8,22.9,450.0,183.0,5.5,6.0,67.0
2025-04-15 01:00:00+00:00,12.9,22.6,450.0,264.0,8.3,6.8,64.0
2025-04-15 02:00:00+00:00,14.5,24.3,451.0,373.0,12.1,8.0,61.0
2025-04-15 03:00:00+00:00,16.3,28.9,451.0,437.0,14.1,9.5,63.0
2025-04-15 04:00:00+00:00,17.3,34.8,451.0,413.0,12.7,11.5,77.0
2025-04-15 05:00:00+00:00,19.3,45.2,450.0,344.0,9.5,13.8,96.0
2025-04-15 06:00:00+00:00,21.5,55.5,449.0,289.0,6.9,15.2,110.0
2025-04-15 07:00:00+00:00,22.9,61.5,449.0,268.0,5.6,15.2,116.0
2025-04-15 08:00:00+00:00,22.9,63.3,448.0,260.0,4.8,14.4,116.0
2025-04-15 09:00:00+00:00,22.1,60.1,448.0,261.0,4.7,13.4,113.0
2025-04-15 10:00:00+00:00,21.0,57.6,448.0,273.0,5.3,12.5,105.0
2025-04-15 11:00:00+00:00,19.4,50.1,449.0,293.0,6.5,11.4,93.0
2025-04-15 12:00:00+00:00,17.5,44.4,449.0,314.0,9.1,11.0,81.0
2025-04-15 13:00:00+00:00,16.8,37.8,450.0,336.0,13.0,10.6,73.0
2025-04-15 14:00:00+00:00,16.7,32.1,451.0,357.0,18.3,10.0,61.0
2025-04-15 15:00:00+00:00,17.5,29.3,451.0,365.0,21.6,9.5,53.0
2025-04-15 16:00:00+00:00,17.7,30.2,451.0,353.0,21.0,9.3,52.0
2025-04-15 17:00:00+00:00,18.0,31.4,450.0,328.0,18.4,9.2,55.0
2025-04-15 18:00:00+00:00,18.5,33.3,450.0,297.0,15.6,8.9,58.0
2025-04-15 19:00:00+00:00,18.5,34.5,450.0,258.0,12.8,8.3,60.0
2025-04-15 20:00:00+00:00,17.8,34.6,449.0,213.0,9.9,7.6,63.0
2025-04-15 21:00:00+00:00,16.9,33.9,449.0,181.0,7.6,7.0,65.0
2025-04-15 22:00:00+00:00,16.2,33.6,449.0,163.0,6.1,6.7,66.0
2025-04-15 23:00:00+00:00,15.7,33.6,450.0,158.0,5.4,6.5,66.0
2025-04-16 00:00:00+00:00,15.9,39.6,450.0,181.0,6.0,6.7,64.0
2025-04-16 01:00:00+00:00,16.4,38.4,450.0,262.0,9.3,7.4,61.0
2025-04-16 02:00:00+00:00,18.3,40.5,451.0,372.0,13.7,8.4,58.0
2025-04-16 03:00:00+00:00,20.5,46.1,451.0,434.0,16.0,9.5,60.0
2025-04-16 04:00:00+00:00,21.3,51.5,450.0,403.0,14.0,11.1,73.0
2025-04-16 05:00:00+00:00,22.1,56.3,449.0,325.0,9.9,12.8,91.0
2025-04-16 06:00:00+00:00,23.0,59.1,448.0,265.0,6.6,13.8,105.0
2025-04-16 07:00:00+00:00,23.2,60.3,448.0,250.0,5.1,13.5,110.0
2025-04-16 08:00:00+00:00,22.5,58.8,448.0,254.0,4.5,12.4,110.0
2025-04-16 09:00:00+00:00,21.3,55.9,448.0,264.0,4.5,11.4,107.0
2025-04-16 10:00:00+00:00,19.8,51.3,448.0,277.0,5.1,10.7,100.0
2025-04-16 11:00:00+00:00,18.2,43.9,448.0,295.0,6.3,10.0,89.0
2025-04-16 12:00:00+00:00,17.2,42.6,448.0,313.0,8.9,10.1,81.0
2025-04-16 13:00:00+00:00,17.1,35.5,448.0,333.0,11.6,9.7,74.0
2025-04-16 14:00:00+00:00,17.6,30.5,449.0,351.0,15.2,9.0,65.0
2025-04-16 15:00:00+00:00,17.7,31.2,449.0,356.0,17.3,8.5,58.0
2025-04-16 16:00:00+00:00,17.2,30.4,449.0,338.0,16.4,8.1,57.0
2025-04-16 17:00:00+00:00,16.9,30.4,448.0,305.0,14.0,7.8,60.0
2025-04-16 18:00:00+00:00,16.6,30.5,448.0,271.0,11.7,7.5,62.0
2025-04-16 19:00:00+00:00,16.0,30.0,448.0,236.0,10.1,7.0,63.0
2025-04-16 20:00:00+00:00,15.2,29.7,448.0,200.0,8.6,6.6,63.0
2025-04-16 21:00:00+00:00,14.3,28.8,448.0,174.0,7.3,6.2,63.0
2025-04-16 22:00:00+00:00,13.4,27.9,448.0,155.0,6.0,6.0,63.0
2025-04-16 23:00:00+00:00,12.6,27.1,448.0,146.0,5.0,5.9,63.0
2025-04-17 00:00:00+00:00,11.8,27.0,448.0,166.0,5.0,6.1,64.0
2025-04-17 01:00:00+00:00,11.9,26.4,448.0,245.0,7.9,6.8,61.0
2025-04-17 02:00:00+00:00,13.1,27.2,449.0,352.0,11.9,7.8,57.0
2025-04-17 03:00:00+00:00,15.0,29.7,449.0,413.0,13.9,8.8,59.0
2025-04-17 04:00:00+00:00,15.8,33.9,448.0,382.0,12.2,10.0,72.0
2025-04-17 05:00:00+00:00,16.6,38.9,448.0,304.0,8.5,11.1,91.0
2025-04-17 06:00:00+00:00,17.2,42.6,447.0,245.0,5.7,11.8,105.0
2025-04-17 07:00:00+00:00,16.7,42.1,447.0,230.0,4.6,11.5,108.0
2025-04-17 08:00:00+00:00,15.7,39.5,447.0,233.0,4.2,10.7,106.0
2025-04-17 09:00:00+00:00,14.3,34.6,447.0,245.0,4.5,10.0,102.0
2025-04-17 10:00:00+00:00,13.2,31.4,447.0,265.0,5.6,9.7,95.0
2025-04-17 11:00:00+00:00,12.7,27.9,448.0,294.0,7.3,9.5,86.0
2025-04-17 12:00:00+00:00,14.2,31.0,448.0,318.0,9.6,9.7,77.0
2025-04-17 13:00:00+00:00,14.1,27.6,448.0,337.0,12.9,9.3,69.0
2025-04-17 14:00:00+00:00,15.0,24.5,449.0,352.0,17.4,8.8,58.0
2025-04-17 15:00:00+00:00,15.2,27.2,449.0,355.0,19.9,8.4,52.0
2025-04-17 16:00:00+00:00,15.5,29.0,449.0,340.0,18.8,8.2,54.0
2025-04-17 17:00:00+00:00,16.2,32.5,449.0,313.0,15.8,8.0,60.0
2025-04-17 18:00:00+00:00,17.5,37.7,449.0,282.0,12.9,7.8,66.0
2025-04-17 19:00:00+00:00,18.6,42.8,449.0,245.0,10.6,7.3,72.0
2025-04-17 20:00:00+00:00,18.9,45.1,448.0,205.0,8.4,6.8,78.0
2025-04-17 21:00:00+00:00,18.6,44.9,448.0,177.0,6.7,6.4,82.0
2025-04-17 22:00:00+00:00,17.8,42.0,448.0,161.0,5.7,6.3,84.0
2025-04-17 23:00:00+00:00,17.0,38.8,449.0,157.0,5.2,6.4,84.0
2025-04-18 00:00:00+00:00,16.5,34.0,449.0,183.0,5.7,6.8,85.0
2025-04-18 01:00:00+00:00,16.4,31.2,450.0,274.0,8.9,7.8,83.0
2025-04-18 02:00:00+00:00,17.8,30.7,451.0,394.0,13.1,9.2,80.0
2025-04-18 03:00:00+00:00,18.9,31.9,451.0,461.0,15.1,10.5,82.0
2025-04-18 04:00:00+00:00,17.8,29.3,450.0,420.0,12.9,11.5,93.0
2025-04-18 05:00:00+00:00,15.8,25.4,448.0,325.0,8.5,12.4,110.0
2025-04-18 06:00:00+00:00,14.5,23.3,447.0,250.0,5.1,12.9,122.0
2025-04-18 07:00:00+00:00,13.7,22.6,446.0,226.0,3.9,12.7,127.0
2025-04-18 08:00:00+00:00,13.9,23.8,446.0,222.0,3.6,12.0,128.0
2025-04-18 09:00:00+00:00,14.6,25.9,446.0,227.0,3.9,11.4,126.0
2025-04-18 10:00:00+00:00,15.5,29.0,446.0,241.0,4.6,11.2,123.0
2025-04-18 11:00:00+00:00,16.9,34.3,447.0,263.0,5.8,11.1,117.0
2025-04-18 12:00:00+00:00,17.4,41.3,447.0,279.0,7.6,11.0,110.0
2025-04-18 13:00:00+00:00,18.5,47.8,447.0,285.0,10.8,10.7,97.0
2025-04-18 14:00:00+00:00,18.4,45.5,447.0,284.0,15.2,10.3,79.0
2025-04-18 15:00:00+00:00,19.2,50.5,447.0,279.0,17.9,9.9,66.0
2025-04-18 16:00:00+00:00,19.2,52.9,447.0,267.0,17.5,9.6,64.0
2025-04-18 17:00:00+00:00,19.2,53.6,447.0,250.0,15.3,9.2,67.0
2025-04-18 18:00:00+00:00,19.0,53.8,447.0,231.0,13.0,8.8,71.0
2025-04-18 19:00:00+00:00,18.6,54.8,447.0,210.0,10.7,8.1,74.0
2025-04-18 20:00:00+00:00,18.3,58.3,447.0,188.0,8.1,7.4,77.0
2025-04-18 21:00:00+00:00,18.5,62.6,447.0,173.0,6.1,6.8,81.0
2025-04-18 22:00:00+00:00,19.0,67.1,447.0,163.0,4.8,6.4,84.0
2025-04-18 23:00:00+00:00,19.7,69.6,448.0,160.0,4.2,6.2,88.0
2025-04-19 00:00:00+00:00,21.7,74.7,448.0,179.0,4.0,6.2,95.0
2025-04-19 01:00:00+00:00,22.3,71.7,448.0,243.0,6.4,7.0,95.0
2025-04-19 02:00:00+00:00,24.1,71.9,449.0,328.0,9.5,8.1,95.0
2025-04-19 03:00:00+00:00,27.6,87.5,449.0,378.0,11.2,9.8,100.0
2025-04-19 04:00:00+00:00,32.8,119.7,449.0,356.0,10.0,12.5,114.0
2025-04-19 05:00:00+00:00,41.4,174.6,448.0,299.0,7.2,15.6,132.0
2025-04-19 06:00:00+00:00,49.7,223.5,448.0,258.0,5.1,17.9,145.0
2025-04-19 07:00:00+00:00,54.2,245.9,448.0,252.0,4.1,18.6,151.0
2025-04-19 08:00:00+00:00,59.4,274.7,448.0,261.0,3.7,18.4,152.0
2025-04-19 09:00:00+00:00,65.2,305.5,448.0,284.0,4.2,17.8,149.0
2025-04-19 10:00:00+00:00,70.5,326.0,448.0,320.0,5.7,16.8,142.0
2025-04-19 11:00:00+00:00,74.7,330.6,448.0,370.0,8.0,15.3,131.0
2025-04-19 12:00:00+00:00,83.1,362.3,449.0,424.0,11.0,13.8,119.0
2025-04-19 13:00:00+00:00,88.2,345.5,450.0,500.0,15.2,12.1,105.0
2025-04-19 14:00:00+00:00,92.7,343.7,452.0,581.0,20.9,9.8,85.0
2025-04-19 15:00:00+00:00,95.7,367.9,453.0,611.0,24.0,8.0,73.0
2025-04-19 16:00:00+00:00,94.1,368.8,452.0,546.0,22.0,7.2,74.0
2025-04-19 17:00:00+00:00,86.8,337.1,451.0,429.0,17.4,7.0,82.0
2025-04-19 18:00:00+00:00,76.8,290.6,450.0,332.0,13.3,6.8,89.0
2025-04-19 19:00:00+00:00,68.5,250.5,450.0,277.0,10.5,6.5,93.0
2025-04-19 20:00:00+00:00,64.0,225.8,450.0,242.0,8.0,6.2,95.0
2025-04-19 21:00:00+00:00,62.9,212.8,450.0,228.0,6.6,6.1,94.0
2025-04-19 22:00:00+00:00,63.6,204.4,451.0,208.0,5.9,6.1,88.0
2025-04-19 23:00:00+00:00,64.5,198.8,452.0,210.0,6.1,6.2,80.0
2025-04-20 00:00:00+00:00,62.6,185.8,455.0,310.0,8.2,6.8,76.0
2025-04-20 01:00:00+00:00,63.8,177.0,460.0,633.0,14.3,8.4,67.0
2025-04-20 02:00:00+00:00,66.1,165.8,467.0,1056.0,22.6,10.8,56.0
2025-04-20 03:00:00+00:00,65.9,156.9,470.0,1286.0,26.7,13.2,56.0
2025-04-20 04:00:00+00:00,58.6,163.9,466.0,1138.0,22.9,16.1,80.0
2025-04-20 05:00:00+00:00,51.0,215.6,460.0,798.0,15.1,19.1,115.0
2025-04-20 06:00:00+00:00,43.7,210.5,454.0,527.0,8.7,20.4,142.0
2025-04-20 07:00:00+00:00,37.4,183.9,452.0,427.0,5.7,18.4,152.0
2025-04-20 08:00:00+00:00,37.0,196.0,451.0,396.0,4.1,14.7,152.0
2025-04-20 09:00:00+00:00,39.6,218.9,451.0,391.0,3.7,12.1,150.0
2025-04-20 10:00:00+00:00,41.3,228.6,450.0,407.0,4.1,11.9,146.0
2025-04-20 11:00:00+00:00,41.9,230.0,450.0,448.0,5.7,12.9,139.0
2025-04-20 12:00:00+00:00,37.8,174.2,450.0,482.0,11.2,13.9,128.0
2025-04-20 13:00:00+00:00,41.3,152.7,450.0,496.0,18.5,13.7,112.0
2025-04-20 14:00:00+00:00,43.7,135.0,451.0,502.0,28.4,13.3,89.0
2025-04-20 15:00:00+00:00,44.5,133.2,452.0,504.0,34.4,12.7,73.0
2025-04-20 16:00:00+00:00,44.8,131.3,452.0,506.0,33.1,11.8,68.0
2025-04-20 17:00:00+00:00,44.8,131.3,453.0,503.0,27.9,10.8,69.0
2025-04-20 18:00:00+00:00,44.0,125.3,453.0,482.0,22.8,9.8,71.0
2025-04-20 19:00:00+00:00,42.6,116.9,453.0,427.0,19.0,8.9,71.0
2025-04-20 20:00:00+00:00,42.3,115.5,453.0,355.0,15.3,8.0,72.0
2025-04-20 21:00:00+00:00,42.1,116.4,453.0,300.0,12.5,7.5,72.0
2025-04-20 22:00:00+00:00,42.6,124.3,453.0,250.0,10.1,7.3,71.0
2025-04-20 23:00:00+00:00,43.0,131.8,454.0,218.0,8.6,7.5,70.0
2025-04-21 00:00:00+00:00,44.0,142.5,455.0,279.0,7.8,7.2,73.0
2025-04-21 01:00:00+00:00,44.7,142.5,458.0,519.0,14.4,8.6,66.0
2025-04-21 02:00:00+00:00,49.2,143.9,463.0,853.0,23.2,10.8,57.0
2025-04-21 03:00:00+00:00,51.3,153.2,466.0,1098.0,28.1,13.9,60.0
2025-04-21 04:00:00+00:00,54.8,206.3,467.0,1196.0,25.4,19.2,85.0
2025-04-21 05:00:00+00:00,55.3,222.1,467.0,1206.0,18.7,25.4,122.0
2025-04-21 06:00:00+00:00,51.8,194.2,465.0,1124.0,12.8,29.1,152.0
2025-04-21 07:00:00+00:00,46.7,161.6,461.0,886.0,8.9,28.0,170.0
2025-04-21 08:00:00+00:00,43.0,143.9,457.0,557.0,5.9,24.4,182.0
2025-04-21 09:00:00+00:00,40.9,134.6,453.0,327.0,4.7,21.4,185.0
2025-04-21 10:00:00+00:00,43.8,140.6,451.0,292.0,5.9,20.3,175.0
2025-04-21 11:00:00+00:00,46.3,143.0,450.0,356.0,9.0,19.8,156.0
2025-04-21 12:00:00+00:00,44.2,128.5,450.0,424.0,13.4,20.1,139.0
2025-04-21 13:00:00+00:00,43.0,110.4,450.0,464.0,20.4,18.3,118.0
2025-04-21 14:00:00+00:00,43.1,95.5,451.0,508.0,30.1,15.8,88.0
2025-04-21 15:00:00+00:00,41.8,92.7,452.0,556.0,36.6,13.8,66.0
2025-04-21 16:00:00+00:00,41.4,92.0,454.0,629.0,37.3,12.9,58.0
2025-04-21 17:00:00+00:00,41.8,93.4,457.0,706.0,34.8,12.6,57.0
2025-04-21 18:00:00+00:00,42.7,96.9,459.0,724.0,31.9,12.3,57.0
2025-04-21 19:00:00+00:00,43.8,95.9,458.0,631.0,29.1,12.0,57.0
2025-04-21 20:00:00+00:00,41.8,88.9,456.0,480.0,25.9,11.7,57.0
2025-04-21 21:00:00+00:00,39.5,86.4,455.0,360.0,22.6,11.4,59.0
2025-04-21 22:00:00+00:00,37.5,84.8,455.0,286.0,18.7,10.9,62.0
2025-04-21 23:00:00+00:00,35.9,85.0,457.0,244.0,14.8,10.5,66.0
2025-04-22 00:00:00+00:00,34.0,84.1,458.0,285.0,11.5,9.3,70.0
2025-04-22 01:00:00+00:00,34.3,82.9,460.0,477.0,16.7,10.1,66.0
2025-04-22 02:00:00+00:00,37.5,79.9,462.0,753.0,23.6,11.5,62.0
2025-04-22 03:00:00+00:00,38.0,82.4,463.0,963.0,27.2,13.9,67.0
2025-04-22 04:00:00+00:00,37.6,92.7,464.0,1057.0,24.6,18.5,91.0
2025-04-22 05:00:00+00:00,38.3,110.8,465.0,1085.0,18.8,24.1,125.0
2025-04-22 06:00:00+00:00,39.2,125.3,464.0,1044.0,13.5,28.0,153.0
2025-04-22 07:00:00+00:00,39.3,129.9,462.0,892.0,9.7,28.7,171.0
2025-04-22 08:00:00+00:00,36.8,123.9,458.0,672.0,6.4,27.7,182.0
2025-04-22 09:00:00+00:00,33.5,110.4,455.0,505.0,5.1,25.9,184.0
2025-04-22 10:00:00+00:00,30.9,98.3,453.0,442.0,6.4,23.5,173.0
2025-04-22 11:00:00+00:00,27.8,86.8,453.0,433.0,9.7,20.5,152.0
2025-04-22 12:00:00+00:00,27.4,81.3,452.0,448.0,13.8,18.2,130.0
2025-04-22 13:00:00+00:00,27.1,72.2,452.0,490.0,20.2,16.2,109.0
2025-04-22 14:00:00+00:00,28.8,66.4,452.0,556.0,29.0,13.5,81.0
2025-04-22 15:00:00+00:00,29.6,68.9,452.0,608.0,34.8,11.4,59.0
2025-04-22 16:00:00+00:00,30.5,69.8,453.0,640.0,35.1,10.5,51.0
2025-04-22 17:00:00+00:00,31.1,70.1,455.0,657.0,32.4,10.2,51.0
2025-04-22 18:00:00+00:00,31.4,68.9,456.0,639.0,29.1,9.9,52.0
2025-04-22 19:00:00+00:00,31.2,65.4,456.0,557.0,25.4,9.2,54.0
2025-04-22 20:00:00+00:00,29.7,62.6,455.0,439.0,21.0,8.5,57.0
2025-04-22 21:00:00+00:00,28.0,61.7,454.0,346.0,17.3,8.1,60.0
2025-04-22 22:00:00+00:00,26.9,62.9,455.0,280.0,14.4,8.0,61.0
2025-04-22 23:00:00+00:00,26.3,64.3,456.0,238.0,12.3,8.2,62.0
2025-04-23 00:00:00+00:00,26.8,69.4,457.0,275.0,12.2,8.7,63.0
2025-04-23 01:00:00+00:00,28.0,74.0,459.0,478.0,16.2,9.7,61.0
2025-04-23 02:00:00+00:00,31.1,74.3,461.0,760.0,22.2,11.1,59.0
2025-04-23 03:00:00+00:00,31.5,73.1,461.0,909.0,25.1,12.8,65.0
2025-04-23 04:00:00+00:00,30.9,81.0,458.0,793.0,21.8,15.4,88.0
2025-04-23 05:00:00+00:00,28.9,85.0,453.0,545.0,15.3,18.3,119.0
2025-04-23 06:00:00+00:00,28.1,89.6,449.0,353.0,10.0,19.9,142.0
2025-04-23 07:00:00+00:00,27.9,92.0,448.0,294.0,7.2,19.3,150.0
2025-04-23 08:00:00+00:00,27.2,95.2,448.0,290.0,5.6,17.4,151.0
2025-04-23 09:00:00+00:00,27.2,98.0,448.0,302.0,5.3,15.7,147.0
2025-04-23 10:00:00+00:00,28.2,104.8,448.0,319.0,6.3,14.8,139.0
2025-04-23 11:00:00+00:00,30.3,114.1,448.0,352.0,8.5,14.1,126.0
2025-04-23 12:00:00+00:00,29.9,106.2,448.0,388.0,11.9,13.2,111.0
2025-04-23 13:00:00+00:00,31.5,106.4,449.0,429.0,17.5,12.3,96.0
2025-04-23 14:00:00+00:00,31.8,87.5,450.0,474.0,25.2,11.1,74.0
2025-04-23 15:00:00+00:00,30.3,82.7,451.0,504.0,30.1,10.2,59.0
2025-04-23 16:00:00+00:00,28.3,75.0,452.0,513.0,29.8,9.8,56.0
2025-04-23 17:00:00+00:00,26.4,65.7,452.0,507.0,26.8,9.6,58.0
2025-04-23 18:00:00+00:00,25.6,58.2,453.0,491.0,23.7,9.4,61.0
2025-04-23 19:00:00+00:00,25.0,53.3,454.0,464.0,21.4,9.1,62.0
2025-04-23 20:00:00+00:00,24.2,48.5,456.0,427.0,19.0,8.7,63.0
2025-04-23 21:00:00+00:00,22.4,43.1,456.0,382.0,16.6,8.4,65.0
2025-04-23 22:00:00+00:00,20.1,38.5,454.0,311.0,13.5,8.1,70.0
2025-04-23 23:00:00+00:00,18.2,34.3,452.0,233.0,10.3,7.9,76.0
2025-04-24 00:00:00+00:00,16.9,35.2,450.0,207.0,8.7,7.6,81.0
2025-04-24 01:00:00+00:00,17.0,34.7,450.0,289.0,12.3,7.9,80.0
2025-04-24 02:00:00+00:00,19.3,36.4,451.0,424.0,17.2,8.5,80.0
2025-04-24 03:00:00+00:00,21.4,40.7,451.0,502.0,19.5,9.5,86.0
2025-04-24 04:00:00+00:00,22.5,47.1,450.0,460.0,17.0,11.6,103.0
2025-04-24 05:00:00+00:00,23.1,52.9,449.0,361.0,12.0,14.1,126.0
2025-04-24 06:00:00+00:00,24.2,59.5,448.0,285.0,7.9,15.8,143.0
2025-04-24 07:00:00+00:00,24.4,63.6,448.0,261.0,5.9,15.8,148.0
2025-04-24 08:00:00+00:00,23.5,62.4,448.0,259.0,4.8,14.8,147.0
2025-04-24 09:00:00+00:00,22.4,60.1,448.0,268.0,4.7,13.9,143.0
2025-04-24 10:00:00+00:00,21.0,55.2,448.0,285.0,5.4,13.3,136.0
2025-04-24 11:00:00+00:00,19.6,49.0,448.0,312.0,7.1,12.7,126.0
2025-04-24 12:00:00+00:00,18.4,42.4,448.0,344.0,10.0,12.7,115.0
2025-04-24 13:00:00+00:00,18.7,39.0,449.0,386.0,15.0,12.3,102.0
2025-04-24 14:00:00+00:00,19.6,32.5,450.0,433.0,21.9,11.8,84.0
2025-04-24 15:00:00+00:00,20.0,34.3,451.0,458.0,26.4,11.2,71.0
2025-04-24 16:00:00+00:00,19.9,34.6,451.0,446.0,26.4,10.6,66.0
2025-04-24 17:00:00+00:00,19.8,35.7,451.0,412.0,24.1,10.0,66.0
2025-04-24 18:00:00+00:00,20.0,37.3,451.0,378.0,21.7,9.5,65.0
2025-04-24 19:00:00+00:00,20.3,39.1,452.0,350.0,20.0,9.2,63.0
2025-04-24 20:00:00+00:00,20.3,40.7,453.0,321.0,18.4,9.0,61.0
2025-04-24 21:00:00+00:00,21.0,45.6,453.0,293.0,16.7,8.8,59.0
2025-04-24 22:00:00+00:00,21.0,48.9,453.0,254.0,14.7,8.6,58.0
2025-04-24 23:00:00+00:00,20.0,48.3,452.0,216.0,12.8,8.4,57.0
2025-04-25 00:00:00+00:00,17.8,44.7,451.0,211.0,9.7,7.6,62.0
2025-04-25 01:00:00+00:00,18.3,45.1,451.0,275.0,12.4,8.3,61.0
2025-04-25 02:00:00+00:00,21.0,47.4,450.0,373.0,16.0,9.4,61.0
2025-04-25 03:00:00+00:00,22.9,56.2,450.0,430.0,17.6,10.9,68.0
2025-04-25 04:00:00+00:00,24.9,65.9,449.0,405.0,15.1,13.5,87.0
2025-04-25 05:00:00+00:00,26.9,70.5,449.0,339.0,10.6,16.5,114.0
2025-04-25 06:00:00+00:00,28.3,72.4,448.0,287.0,7.1,18.4,133.0
2025-04-25 07:00:00+00:00,28.5,73.8,448.0,267.0,5.5,18.3,141.0
2025-04-25 08:00:00+00:00,27.4,72.9,448.0,260.0,4.9,17.1,142.0
2025-04-25 09:00:00+00:00,25.8,69.2,448.0,266.0,5.2,15.7,139.0
2025-04-25 10:00:00+00:00,24.9,66.8,448.0,285.0,6.5,14.4,131.0
2025-04-25 11:00:00+00:00,24.2,66.6,448.0,317.0,8.7,12.8,118.0
2025-04-25 12:00:00+00:00,20.7,52.4,449.0,357.0,12.3,12.3,104.0
2025-04-25 13:00:00+00:00,21.1,48.3,450.0,410.0,17.4,11.4,90.0
2025-04-25 14:00:00+00:00,22.1,44.4,451.0,473.0,24.3,10.1,72.0
2025-04-25 15:00:00+00:00,21.8,47.5,452.0,527.0,28.4,9.1,59.0
2025-04-25 16:00:00+00:00,21.0,46.6,454.0,581.0,27.1,8.7,59.0
2025-04-25 17:00:00+00:00,20.1,44.4,457.0,628.0,22.9,8.6,64.0
2025-04-25 18:00:00+00:00,19.8,42.4,458.0,625.0,19.0,8.4,69.0
2025-04-25 19:00:00+00:00,19.8,40.5,457.0,532.0,16.5,8.0,70.0
2025-04-25 20:00:00+00:00,18.7,37.0,455.0,390.0,14.2,7.6,71.0
2025-04-25 21:00:00+00:00,16.9,34.7,453.0,278.0,12.2,7.3,72.0
2025-04-25 22:00:00+00:00,15.6,35.4,452.0,216.0,9.7,7.0,74.0
2025-04-25 23:00:00+00:00,15.1,38.9,451.0,186.0,7.5,6.9,75.0
2025-04-26 00:00:00+00:00,14.7,41.2,451.0,207.0,6.2,6.7,81.0
2025-04-26 01:00:00+00:00,16.2,46.3,452.0,330.0,12.5,7.9,74.0
2025-04-26 02:00:00+00:00,19.6,49.0,453.0,504.0,20.9,9.7,66.0
2025-04-26 03:00:00+00:00,23.5,53.3,454.0,607.0,25.6,12.0,68.0
2025-04-26 04:00:00+00:00,25.1,66.8,453.0,562.0,23.1,15.4,89.0
2025-04-26 05:00:00+00:00,27.9,80.6,451.0,445.0,16.8,19.4,121.0
2025-04-26 06:00:00+00:00,31.4,93.4,450.0,356.0,11.6,22.1,147.0
2025-04-26 07:00:00+00:00,34.1,105.0,450.0,334.0,9.0,22.7,163.0
2025-04-26 08:00:00+00:00,34.8,112.5,450.0,340.0,7.4,22.0,174.0
2025-04-26 09:00:00+00:00,34.7,107.1,450.0,353.0,7.1,20.5,175.0
2025-04-26 10:00:00+00:00,35.3,103.8,450.0,365.0,8.4,17.8,161.0
2025-04-26 11:00:00+00:00,34.7,101.3,450.0,385.0,11.1,14.3,136.0
2025-04-26 12:00:00+00:00,33.1,92.7,450.0,415.0,16.3,13.5,120.0
2025-04-26 13:00:00+00:00,31.1,78.2,451.0,466.0,22.6,12.3,100.0
2025-04-26 14:00:00+00:00,29.3,77.1,453.0,527.0,31.2,10.7,73.0
2025-04-26 15:00:00+00:00,27.7,68.0,454.0,569.0,37.1,9.7,53.0
2025-04-26 16:00:00+00:00,26.7,68.5,455.0,583.0,37.9,9.8,47.0
2025-04-26 17:00:00+00:00,26.8,65.9,456.0,577.0,36.0,10.5,48.0
2025-04-26 18:00:00+00:00,27.6,66.4,457.0,549.0,33.6,11.0,50.0
2025-04-26 19:00:00+00:00,28.3,65.9,457.0,484.0,31.1,10.7,50.0
2025-04-26 20:00:00+00:00,28.2,65.7,457.0,396.0,28.1,10.2,51.0
2025-04-26 21:00:00+00:00,28.0,68.2,456.0,324.0,25.5,10.0,52.0
2025-04-26 22:00:00+00:00,29.4,76.8,455.0,274.0,23.4,10.5,53.0
2025-04-26 23:00:00+00:00,30.3,81.3,455.0,241.0,21.8,11.3,53.0
2025-04-27 00:00:00+00:00,25.5,74.5,454.0,246.0,13.7,9.0,59.0
2025-04-27 01:00:00+00:00,25.6,71.2,453.0,328.0,17.0,9.5,57.0
2025-04-27 02:00:00+00:00,27.0,65.2,451.0,449.0,21.2,10.2,56.0
2025-04-27 03:00:00+00:00,28.5,69.2,450.0,512.0,22.8,11.2,61.0
2025-04-27 04:00:00+00:00,28.5,78.2,449.0,457.0,19.0,12.8,79.0
2025-04-27 05:00:00+00:00,28.7,77.1,448.0,344.0,12.6,14.7,104.0
2025-04-27 06:00:00+00:00,29.6,79.4,447.0,259.0,7.5,15.8,123.0
2025-04-27 07:00:00+00:00,30.4,81.7,447.0,238.0,5.3,15.4,130.0
2025-04-27 08:00:00+00:00,30.3,83.4,448.0,246.0,4.5,14.3,130.0
2025-04-27 09:00:00+00:00,29.8,84.3,448.0,263.0,4.7,13.2,128.0
2025-04-27 10:00:00+00:00,29.0,80.3,448.0,277.0,5.8,12.6,124.0
2025-04-27 11:00:00+00:00,27.8,73.6,448.0,301.0,7.9,12.0,117.0
2025-04-27 12:00:00+00:00,27.9,72.2,449.0,348.0,11.1,12.2,106.0
2025-04-27 13:00:00+00:00,27.4,65.4,450.0,442.0,17.4,11.9,92.0
2025-04-27 14:00:00+00:00,27.6,57.5,452.0,559.0,25.9,11.6,72.0
2025-04-27 15:00:00+00:00,27.8,59.1,454.0,647.0,31.7,11.2,57.0
2025-04-27 16:00:00+00:00,27.4,60.5,455.0,692.0,32.3,10.9,52.0
2025-04-27 17:00:00+00:00,27.1,60.1,456.0,706.0,30.2,10.7,51.0
2025-04-27 18:00:00+00:00,27.0,59.5,456.0,675.0,27.3,10.3,52.0
2025-04-27 19:00:00+00:00,26.3,57.5,455.0,567.0,24.0,9.6,53.0
2025-04-27 20:00:00+00:00,25.0,54.2,454.0,414.0,20.0,8.7,55.0
2025-04-27 21:00:00+00:00,23.4,51.5,453.0,292.0,16.5,8.0,57.0
2025-04-27 22:00:00+00:00,22.2,49.8,452.0,220.0,13.4,7.7,59.0
2025-04-27 23:00:00+00:00,21.2,48.1,451.0,179.0,10.8,7.5,61.0
2025-04-28 00:00:00+00:00,19.9,44.1,450.0,197.0,9.3,7.5,63.0
2025-04-28 01:00:00+00:00,19.6,42.4,451.0,331.0,13.0,8.1,61.0
2025-04-28 02:00:00+00:00,20.8,41.4,452.0,522.0,17.8,8.9,59.0
2025-04-28 03:00:00+00:00,22.9,42.7,453.0,627.0,20.1,9.9,63.0
2025-04-28 04:00:00+00:00,23.4,47.3,452.0,554.0,17.4,11.2,80.0
2025-04-28 05:00:00+00:00,24.4,54.5,450.0,393.0,12.0,12.6,104.0
2025-04-28 06:00:00+00:00,26.3,65.0,448.0,272.0,7.8,13.5,122.0
2025-04-28 07:00:00+00:00,27.5,72.6,448.0,241.0,5.9,13.5,131.0
2025-04-28 08:00:00+00:00,27.7,71.9,448.0,249.0,5.0,13.0,134.0
2025-04-28 09:00:00+00:00,26.8,67.3,448.0,267.0,5.1,12.4,133.0
2025-04-28 10:00:00+00:00,24.6,58.2,448.0,286.0,6.0,11.9,126.0
2025-04-28 11:00:00+00:00,22.1,49.6,448.0,315.0,7.9,11.4,115.0
2025-04-28 12:00:00+00:00,18.7,39.7,448.0,354.0,11.1,11.3,104.0
2025-04-28 13:00:00+00:00,18.0,34.3,449.0,414.0,16.1,10.9,91.0
2025-04-28 14:00:00+00:00,18.5,32.4,450.0,483.0,22.9,10.4,74.0
2025-04-28 15:00:00+00:00,18.5,32.0,451.0,524.0,27.5,10.0,62.0
2025-04-28 16:00:00+00:00,18.6,31.4,451.0,521.0,28.2,9.8,59.0
2025-04-28 17:00:00+00:00,18.7,31.1,451.0,489.0,26.7,9.7,61.0
2025-04-28 18:00:00+00:00,18.5,30.6,451.0,440.0,24.2,9.3,65.0
2025-04-28 19:00:00+00:00,17.5,28.8,450.0,362.0,20.6,8.4,69.0
2025-04-28 20:00:00+00:00,15.7,26.0,449.0,265.0,16.0,7.4,75.0
2025-04-28 21:00:00+00:00,13.8,22.7,448.0,196.0,12.1,6.5,80.0
2025-04-28 22:00:00+00:00,12.0,19.3,448.0,163.0,9.1,6.0,84.0
2025-04-28 23:00:00+00:00,10.4,15.9,448.0,157.0,6.9,5.7,87.0
2025-04-29 00:00:00+00:00,8.8,11.0,448.0,193.0,6.9,5.9,88.0
2025-04-29 01:00:00+00:00,8.1,10.2,449.0,315.0,11.7,6.7,84.0
2025-04-29 02:00:00+00:00,9.6,11.6,450.0,479.0,18.2,7.9,80.0
2025-04-29 03:00:00+00:00,12.6,15.1,451.0,567.0,21.4,9.0,82.0
2025-04-29 04:00:00+00:00,13.6,20.4,450.0,501.0,18.1,10.1,96.0
2025-04-29 05:00:00+00:00,15.0,27.9,448.0,359.0,11.6,11.1,117.0
2025-04-29 06:00:00+00:00,14.8,27.8,447.0,251.0,6.5,11.7,131.0
2025-04-29 07:00:00+00:00,13.7,23.3,447.0,224.0,4.7,11.5,133.0
2025-04-29 08:00:00+00:00,12.4,19.5,447.0,231.0,4.4,10.8,128.0
2025-04-29 09:00:00+00:00,12.1,18.1,447.0,250.0,4.8,10.3,122.0
2025-04-29 10:00:00+00:00,11.8,17.3,448.0,276.0,5.8,10.1,115.0
2025-04-29 11:00:00+00:00,11.9,17.1,448.0,314.0,7.6,10.0,106.0
2025-04-29 12:00:00+00:00,11.8,16.8,449.0,351.0,9.8,9.5,95.0
2025-04-29 13:00:00+00:00,14.0,19.5,450.0,388.0,13.4,9.3,85.0
2025-04-29 14:00:00+00:00,15.9,22.1,450.0,424.0,18.3,8.9,72.0
2025-04-29 15:00:00+00:00,16.9,23.9,451.0,449.0,21.5,8.6,62.0
2025-04-29 16:00:00+00:00,17.2,24.8,452.0,464.0,21.6,8.4,59.0
2025-04-29 17:00:00+00:00,17.3,25.2,453.0,469.0,20.0,8.3,60.0
2025-04-29 18:00:00+00:00,17.3,25.2,453.0,446.0,17.9,8.1,61.0
2025-04-29 19:00:00+00:00,16.9,24.6,452.0,374.0,15.6,7.6,63.0
2025-04-29 20:00:00+00:00,15.9,23.1,451.0,276.0,12.8,7.0,65.0
2025-04-29 21:00:00+00:00,14.5,20.9,450.0,202.0,10.3,6.5,67.0
2025-04-29 22:00:00+00:00,13.2,19.1,449.0,165.0,8.0,6.2,69.0
2025-04-29 23:00:00+00:00,12.3,18.0,449.0,152.0,5.9,6.0,70.0
2025-04-30 00:00:00+00:00,11.6,19.3,449.0,177.0,5.5,6.0,71.0
2025-04-30 01:00:00+00:00,11.9,18.9,450.0,276.0,9.1,6.8,69.0
2025-04-30 02:00:00+00:00,13.9,21.6,451.0,412.0,13.9,7.9,66.0
2025-04-30 03:00:00+00:00,16.4,26.1,451.0,487.0,16.4,9.0,69.0
2025-04-30 04:00:00+00:00,17.1,30.2,451.0,440.0,14.4,10.3,84.0
2025-04-30 05:00:00+00:00,17.5,33.8,450.0,333.0,10.1,11.7,105.0
2025-04-30 06:00:00+00:00,17.5,37.4,449.0,252.0,6.7,12.5,120.0
2025-04-30 07:00:00+00:00,17.2,38.0,449.0,234.0,5.3,12.1,123.0
2025-04-30 08:00:00+00:00,16.5,36.7,448.0,242.0,4.7,11.1,119.0
2025-04-30 09:00:00+00:00,15.5,32.0,448.0,256.0,4.8,10.3,113.0
2025-04-30 10:00:00+00:00,14.6,27.5,448.0,268.0,5.5,9.9,106.0
2025-04-30 11:00:00+00:00,14.1,24.5,448.0,284.0,6.9,9.7,97.0
2025-04-30 12:00:00+00:00,10.8,18.5,448.0,306.0,8.9,9.1,88.0
2025-04-30 13:00:00+00:00,11.6,16.5,449.0,341.0,12.0,9.0,81.0
2025-04-30 14:00:00+00:00,13.5,17.8,449.0,382.0,16.3,8.9,71.0
2025-04-30 15:00:00+00:00,14.2,19.2,450.0,399.0,19.2,8.8,64.0
2025-04-30 16:00:00+00:00,14.5,20.1,450.0,377.0,19.5,8.8,62.0
2025-04-30 17:00:00+00:00,14.8,20.7,450.0,332.0,18.3,8.9,63.0
2025-04-30 18:00:00+00:00,15.5,21.7,450.0,287.0,16.6,8.8,65.0
2025-04-30 19:00:00+00:00,15.8,22.2,450.0,246.0,14.3,8.4,67.0
2025-04-30 20:00:00+00:00,15.3,21.7,449.0,204.0,11.5,7.7,69.0
2025-04-30 21:00:00+00:00,14.6,21.2,449.0,176.0,9.1,7.2,71.0
2025-04-30 22:00:00+00:00,13.9,20.7,449.0,162.0,7.3,6.8,73.0
2025-04-30 23:00:00+00:00,13.4,20.4,450.0,161.0,6.0,6.4,74.0
2025-05-01 00:00:00+00:00,13.2,19.7,450.0,183.0,6.4,6.5,74.0
2025-05-01 01:00:00+00:00,13.2,20.3,450.0,253.0,8.8,7.0,73.0
2025-05-01 02:00:00+00:00,14.5,21.8,451.0,347.0,11.9,7.7,72.0
2025-05-01 03:00:00+00:00,16.4,24.9,451.0,399.0,13.3,8.5,75.0
2025-05-01 04:00:00+00:00,16.9,27.7,451.0,368.0,11.4,9.7,87.0
2025-05-01 05:00:00+00:00,17.2,30.6,450.0,294.0,7.8,11.1,102.0
2025-05-01 06:00:00+00:00,17.3,33.1,449.0,238.0,5.0,11.8,113.0
2025-05-01 07:00:00+00:00,16.7,32.1,449.0,222.0,3.9,11.4,115.0
2025-05-01 08:00:00+00:00,15.8,29.8,448.0,223.0,3.5,10.3,112.0
2025-05-01 09:00:00+00:00,15.1,27.6,448.0,232.0,3.8,9.5,107.0
2025-05-01 10:00:00+00:00,14.8,26.2,448.0,246.0,4.6,9.3,102.0
2025-05-01 11:00:00+00:00,14.7,25.6,448.0,269.0,6.0,9.4,95.0
2025-05-01 12:00:00+00:00,15.1,24.6,449.0,302.0,8.4,10.8,90.0
2025-05-01 13:00:00+00:00,15.8,24.7,450.0,361.0,11.4,10.5,82.0
2025-05-01 14:00:00+00:00,16.8,24.2,451.0,429.0,15.5,10.0,70.0
2025-05-01 15:00:00+00:00,16.8,25.3,452.0,461.0,18.2,9.6,62.0
2025-05-01 16:00:00+00:00,17.1,26.1,452.0,426.0,18.6,9.5,59.0
2025-05-01 17:00:00+00:00,17.8,27.4,451.0,354.0,17.6,9.4,59.0
2025-05-01 18:00:00+00:00,18.1,27.9,450.0,288.0,15.9,9.1,60.0
2025-05-01 19:00:00+00:00,17.4,27.4,450.0,241.0,13.1,8.3,63.0
2025-05-01 20:00:00+00:00,16.1,25.8,450.0,200.0,9.4,7.2,68.0
2025-05-01 21:00:00+00:00,15.1,24.5,450.0,173.0,6.7,6.4,71.0
2025-05-01 22:00:00+00:00,14.4,23.7,450.0,161.0,5.4,6.0,72.0
2025-05-01 23:00:00+00:00,14.1,23.1,450.0,163.0,4.9,5.8,71.0
2025-05-02 00:00:00+00:00,13.6,19.0,450.0,182.0,5.8,5.7,70.0
2025-05-02 01:00:00+00:00,13.9,20.7,450.0,233.0,8.1,7.0,69.0
2025-05-02 02:00:00+00:00,15.6,22.5,451.0,301.0,11.2,8.9,67.0
2025-05-02 03:00:00+00:00,17.6,26.1,451.0,340.0,12.7,10.4,70.0
2025-05-02 04:00:00+00:00,18.0,28.9,450.0,320.0,10.9,11.4,81.0
2025-05-02 05:00:00+00:00,18.2,32.4,450.0,270.0,7.5,12.1,96.0
2025-05-02 06:00:00+00:00,18.2,35.9,449.0,233.0,4.9,12.3,107.0
2025-05-02 07:00:00+00:00,17.7,35.4,449.0,223.0,3.8,11.7,110.0
2025-05-02 08:00:00+00:00,16.8,32.1,449.0,225.0,3.5,10.6,108.0
2025-05-02 09:00:00+00:00,16.1,29.8,449.0,235.0,3.8,9.8,104.0
2025-05-02 10:00:00+00:00,15.7,28.0,449.0,254.0,4.8,9.7,99.0
2025-05-02 11:00:00+00:00,15.4,27.4,449.0,280.0,6.5,9.9,92.0
2025-05-02 12:00:00+00:00,15.8,26.0,449.0,306.0,8.9,11.3,86.0
2025-05-02 13:00:00+00:00,16.6,26.9,450.0,333.0,13.8,11.5,76.0
2025-05-02 14:00:00+00:00,17.8,27.1,450.0,359.0,20.4,11.8,62.0
2025-05-02 15:00:00+00:00,18.9,29.0,451.0,372.0,24.4,11.7,52.0
2025-05-02 16:00:00+00:00,18.3,29.3,451.0,365.0,23.3,11.0,52.0
2025-05-02 17:00:00+00:00,17.5,28.2,451.0,345.0,19.5,10.0,56.0
2025-05-02 18:00:00+00:00,17.1,27.3,451.0,316.0,16.2,9.2,59.0
2025-05-02 19:00:00+00:00,16.9,26.7,451.0,271.0,14.4,8.7,59.0
2025-05-02 20:00:00+00:00,16.4,26.0,450.0,218.0,13.1,8.3,59.0
2025-05-02 21:00:00+00:00,15.7,25.1,450.0,180.0,11.8,8.1,59.0
2025-05-02 22:00:00+00:00,14.7,24.2,450.0,164.0,10.1,7.9,60.0
2025-05-02 23:00:00+00:00,13.8,23.7,450.0,164.0,8.6,7.8,61.0
2025-05-03 00:00:00+00:00,14.5,25.0,450.0,183.0,10.2,8.7,59.0
2025-05-03 01:00:00+00:00,14.1,24.7,450.0,240.0,12.1,9.4,61.0
2025-05-03 02:00:00+00:00,15.8,26.3,450.0,317.0,14.5,10.5,64.0
2025-05-03 03:00:00+00:00,17.6,32.2,450.0,363.0,15.4,11.8,72.0
2025-05-03 04:00:00+00:00,18.6,35.9,450.0,347.0,13.2,13.6,91.0
2025-05-03 05:00:00+00:00,19.9,41.9,450.0,299.0,9.3,15.5,116.0
2025-05-03 06:00:00+00:00,21.5,47.0,450.0,262.0,6.3,16.6,133.0
2025-05-03 07:00:00+00:00,21.5,46.4,450.0,251.0,4.9,16.0,138.0
2025-05-03 08:00:00+00:00,20.3,43.0,450.0,251.0,4.3,14.6,136.0
2025-05-03 09:00:00+00:00,18.4,36.9,450.0,258.0,4.6,13.4,130.0
2025-05-03 10:00:00+00:00,16.7,31.9,450.0,276.0,5.7,12.9,121.0
2025-05-03 11:00:00+00:00,15.9,29.8,449.0,302.0,7.6,12.7,109.0
2025-05-03 12:00:00+00:00,13.2,24.6,449.0,324.0,10.3,12.3,99.0
2025-05-03 13:00:00+00:00,14.1,24.6,449.0,337.0,18.5,12.6,82.0
2025-05-03 14:00:00+00:00,16.6,27.1,450.0,346.0,29.6,12.9,59.0
2025-05-03 15:00:00+00:00,19.7,31.4,451.0,361.0,36.8,13.0,43.0
2025-05-03 16:00:00+00:00,20.7,33.2,452.0,398.0,36.6,12.8,40.0
2025-05-03 17:00:00+00:00,20.2,32.8,453.0,440.0,32.4,12.4,44.0
2025-05-03 18:00:00+00:00,19.2,31.0,454.0,447.0,27.9,11.8,48.0
2025-05-03 19:00:00+00:00,18.1,29.6,453.0,388.0,23.8,10.6,51.0
2025-05-03 20:00:00+00:00,16.9,28.6,452.0,293.0,19.3,9.2,54.0
2025-05-03 21:00:00+00:00,16.5,28.9,451.0,219.0,15.7,8.2,57.0
2025-05-03 22:00:00+00:00,16.5,29.9,450.0,178.0,13.2,7.9,59.0
2025-05-03 23:00:00+00:00,15.8,29.5,449.0,157.0,11.5,7.9,60.0
2025-05-04 00:00:00+00:00,15.1,25.6,449.0,171.0,9.3,7.6,68.0
2025-05-04 01:00:00+00:00,15.7,27.2,450.0,253.0,11.4,8.4,75.0
2025-05-04 02:00:00+00:00,17.8,28.9,451.0,370.0,14.2,9.6,85.0
2025-05-04 03:00:00+00:00,20.2,31.9,452.0,438.0,15.2,10.7,95.0
2025-05-04 04:00:00+00:00,20.0,31.8,452.0,408.0,12.8,11.9,105.0
2025-05-04 05:00:00+00:00,18.4,29.7,451.0,329.0,8.6,13.0,114.0
2025-05-04 06:00:00+00:00,17.0,28.1,450.0,267.0,5.3,13.5,120.0
2025-05-04 07:00:00+00:00,16.2,28.8,450.0,247.0,3.9,12.7,120.0
2025-05-04 08:00:00+00:00,17.0,30.5,450.0,245.0,3.5,11.3,117.0
2025-05-04 09:00:00+00:00,18.1,32.1,450.0,250.0,3.7,10.3,113.0
2025-05-04 10:00:00+00:00,18.5,32.5,450.0,263.0,4.1,10.2,109.0
2025-05-04 11:00:00+00:00,18.4,31.3,450.0,285.0,5.2,10.6,105.0
2025-05-04 12:00:00+00:00,22.2,38.1,450.0,303.0,7.8,12.8,100.0
2025-05-04 13:00:00+00:00,22.3,36.7,450.0,311.0,14.4,13.3,87.0
2025-05-04 14:00:00+00:00,22.1,32.8,450.0,315.0,23.4,14.0,69.0
2025-05-04 15:00:00+00:00,22.9,31.2,451.0,330.0,29.4,14.3,56.0
2025-05-04 16:00:00+00:00,21.7,30.5,452.0,376.0,29.9,13.8,52.0
2025-05-04 17:00:00+00:00,21.0,31.7,454.0,433.0,27.5,12.8,53.0
2025-05-04 18:00:00+00:00,21.4,35.3,455.0,448.0,24.4,11.7,55.0
2025-05-04 19:00:00+00:00,21.7,39.8,454.0,381.0,20.8,10.5,58.0
2025-05-04 20:00:00+00:00,20.8,43.1,452.0,273.0,16.5,9.3,63.0
2025-05-04 21:00:00+00:00,19.5,45.2,451.0,192.0,13.0,8.3,66.0
2025-05-04 22:00:00+00:00,18.6,46.3,450.0,157.0,10.6,7.7,67.0
2025-05-04 23:00:00+00:00,18.3,48.0,450.0,150.0,9.1,7.3,68.0
2025-05-05 00:00:00+00:00,17.1,43.8,451.0,186.0,9.8,7.8,61.0
2025-05-05 01:00:00+00:00,16.4,39.6,453.0,310.0,11.6,9.1,59.0
2025-05-05 02:00:00+00:00,16.7,38.5,456.0,476.0,13.8,11.0,58.0
2025-05-05 03:00:00+00:00,17.1,37.4,457.0,569.0,14.6,13.2,62.0
2025-05-05 04:00:00+00:00,17.6,42.3,456.0,514.0,12.3,16.1,76.0
2025-05-05 05:00:00+00:00,19.4,46.4,453.0,385.0,8.6,19.2,96.0
2025-05-05 06:00:00+00:00,22.2,54.6,451.0,284.0,5.6,21.2,111.0
2025-05-05 07:00:00+00:00,24.8,68.5,450.0,251.0,4.1,20.9,120.0
2025-05-05 08:00:00+00:00,25.8,75.0,450.0,246.0,3.4,19.6,124.0
2025-05-05 09:00:00+00:00,25.6,73.3,450.0,252.0,4.1,19.0,124.0
2025-05-05 10:00:00+00:00,25.1,74.3,450.0,262.0,6.0,20.3,117.0
2025-05-05 11:00:00+00:00,28.7,100.8,450.0,283.0,9.3,22.4,106.0
2025-05-05 12:00:00+00:00,40.2,172.3,450.0,325.0,9.3,16.4,159.0
2025-05-05 13:00:00+00:00,39.1,151.3,451.0,412.0,21.3,16.2,131.0
2025-05-05 14:00:00+00:00,38.3,108.3,453.0,519.0,37.7,16.0,92.0
2025-05-05 15:00:00+00:00,39.1,87.8,455.0,586.0,48.6,15.5,62.0
2025-05-05 16:00:00+00:00,39.7,79.6,456.0,566.0,48.6,14.7,51.0
2025-05-05 17:00:00+00:00,36.9,72.4,457.0,505.0,43.1,13.7,48.0
2025-05-05 18:00:00+00:00,34.5,69.6,458.0,477.0,38.5,13.0,46.0
2025-05-05 19:00:00+00:00,34.5,70.3,460.0,529.0,37.0,12.7,40.0
2025-05-05 20:00:00+00:00,33.2,61.2,463.0,614.0,36.4,12.7,35.0
2025-05-05 21:00:00+00:00,30.5,55.2,465.0,668.0,35.8,13.3,31.0
2025-05-05 22:00:00+00:00,30.4,53.2,467.0,639.0,35.0,14.8,28.0
2025-05-05 23:00:00+00:00,30.6,53.6,468.0,578.0,34.2,16.9,26.0
2025-05-06 00:00:00+00:00,41.9,73.6,470.0,576.0,50.1,18.5,14.0
2025-05-06 01:00:00+00:00,42.7,75.4,474.0,725.0,48.2,21.9,25.0
2025-05-06 02:00:00+00:00,46.6,77.5,478.0,932.0,45.2,26.5,41.0
2025-05-06 03:00:00+00:00,46.3,104.8,478.0,1010.0,40.1,30.5,64.0
2025-05-06 04:00:00+00:00,43.3,122.9,472.0,828.0,31.0,33.3,98.0
2025-05-06 05:00:00+00:00,43.1,129.0,462.0,517.0,19.8,35.3,138.0
2025-05-06 06:00:00+00:00,45.3,135.0,454.0,284.0,11.2,36.0,169.0
2025-05-06 07:00:00+00:00,44.6,129.9,451.0,222.0,7.0,34.5,185.0
2025-05-06 08:00:00+00:00,42.5,121.1,450.0,238.0,5.4,31.6,190.0
2025-05-06 09:00:00+00:00,40.5,116.6,450.0,263.0,5.1,28.8,186.0
2025-05-06 10:00:00+00:00,38.0,120.1,450.0,280.0,6.1,26.7,168.0
2025-05-06 11:00:00+00:00,35.6,120.6,450.0,306.0,8.5,24.6,140.0
2025-05-06 12:00:00+00:00,36.8,129.5,450.0,319.0,12.7,20.5,110.0
2025-05-06 13:00:00+00:00,34.5,127.1,450.0,308.0,17.7,18.9,90.0
2025-05-06 14:00:00+00:00,31.5,111.8,449.0,286.0,24.4,16.6,62.0
2025-05-06 15:00:00+00:00,28.4,92.9,449.0,265.0,28.6,14.6,42.0
2025-05-06 16:00:00+00:00,24.7,70.5,449.0,251.0,27.9,13.1,36.0
2025-05-06 17:00:00+00:00,21.4,54.8,449.0,239.0,24.6,11.9,38.0
2025-05-06 18:00:00+00:00,18.7,40.2,449.0,230.0,21.5,10.9,40.0
2025-05-06 19:00:00+00:00,16.9,32.2,450.0,222.0,19.1,9.8,40.0
2025-05-06 20:00:00+00:00,15.5,28.5,451.0,217.0,16.8,9.0,40.0
2025-05-06 21:00:00+00:00,15.3,27.0,452.0,215.0,15.6,9.0,40.0
2025-05-06 22:00:00+00:00,15.9,27.0,454.0,205.0,16.6,10.1,37.0
2025-05-06 23:00:00+00:00,17.2,29.3,456.0,198.0,18.7,12.1,34.0
2025-05-07 00:00:00+00:00,16.6,23.1,458.0,236.0,22.5,13.9,25.0
2025-05-07 01:00:00+00:00,17.8,27.0,460.0,368.0,21.1,18.0,29.0
2025-05-07 02:00:00+00:00,19.4,38.1,461.0,544.0,19.0,23.9,36.0
2025-05-07 03:00:00+00:00,20.1,54.8,461.0,653.0,16.7,29.4,51.0
2025-05-07 04:00:00+00:00,23.1,78.2,459.0,637.0,14.2,34.7,79.0
2025-05-07 05:00:00+00:00,29.3,99.4,457.0,553.0,11.4,39.6,114.0
2025-05-07 06:00:00+00:00,37.5,116.4,454.0,464.0,9.1,42.1,143.0
2025-05-07 07:00:00+00:00,41.3,117.6,452.0,378.0,7.1,40.7,164.0
2025-05-07 08:00:00+00:00,38.1,101.3,450.0,287.0,5.6,36.8,178.0
2025-05-07 09:00:00+00:00,33.6,81.7,449.0,229.0,5.1,32.3,178.0
2025-05-07 10:00:00+00:00,27.3,67.3,449.0,227.0,6.2,27.1,154.0
2025-05-07 11:00:00+00:00,23.2,61.9,449.0,258.0,8.3,21.2,115.0
2025-05-07 12:00:00+00:00,18.8,50.6,449.0,285.0,10.2,17.9,87.0
2025-05-07 13:00:00+00:00,16.6,46.0,449.0,299.0,13.0,16.1,73.0
2025-05-07 14:00:00+00:00,15.4,40.7,450.0,310.0,16.9,13.7,53.0
2025-05-07 15:00:00+00:00,15.4,37.4,450.0,310.0,20.7,12.1,38.0
2025-05-07 16:00:00+00:00,15.8,36.1,450.0,294.0,24.0,12.3,31.0
2025-05-07 17:00:00+00:00,16.5,35.7,450.0,267.0,27.2,13.4,28.0
2025-05-07 18:00:00+00:00,18.7,34.9,450.0,240.0,30.3,14.1,25.0
2025-05-07 19:00:00+00:00,21.8,36.7,450.0,213.0,33.9,14.0,20.0
2025-05-07 20:00:00+00:00,23.7,38.0,451.0,187.0,37.4,13.6,16.0
2025-05-07 21:00:00+00:00,22.8,37.0,451.0,169.0,38.5,13.1,14.0
2025-05-07 22:00:00+00:00,21.0,35.0,451.0,158.0,35.7,12.2,15.0
2025-05-07 23:00:00+00:00,19.4,34.3,450.0,156.0,30.5,11.3,18.0
2025-05-08 00:00:00+00:00,24.1,41.9,450.0,177.0,38.3,14.4,12.0
2025-05-08 01:00:00+00:00,23.2,39.6,451.0,250.0,31.4,16.0,21.0
2025-05-08 02:00:00+00:00,21.5,42.8,452.0,346.0,21.7,18.3,33.0
2025-05-08 03:00:00+00:00,19.3,47.0,452.0,398.0,13.8,20.1,47.0
2025-05-08 04:00:00+00:00,19.5,50.3,451.0,361.0,9.4,21.1,64.0
2025-05-08 05:00:00+00:00,20.8,51.3,449.0,279.0,6.7,21.6,83.0
2025-05-08 06:00:00+00:00,22.4,52.7,448.0,217.0,4.9,21.4,97.0
2025-05-08 07:00:00+00:00,22.5,52.7,448.0,201.0,3.6,20.1,104.0
2025-05-08 08:00:00+00:00,22.0,53.6,448.0,206.0,3.2,18.1,105.0
2025-05-08 09:00:00+00:00,21.3,52.2,448.0,218.0,3.4,16.8,104.0
2025-05-08 10:00:00+00:00,21.2,53.0,448.0,237.0,4.1,16.9,99.0
2025-05-08 11:00:00+00:00,21.1,53.0,448.0,264.0,5.5,17.6,92.0
2025-05-08 12:00:00+00:00,19.6,48.7,448.0,288.0,7.4,18.6,85.0
2025-05-08 13:00:00+00:00,19.6,50.9,449.0,309.0,11.1,18.8,72.0
2025-05-08 14:00:00+00:00,19.3,50.4,449.0,327.0,16.2,19.0,55.0
2025-05-08 15:00:00+00:00,19.7,50.9,450.0,335.0,20.7,18.9,41.0
2025-05-08 16:00:00+00:00,20.8,50.6,450.0,330.0,24.0,18.2,34.0
2025-05-08 17:00:00+00:00,22.0,52.5,450.0,315.0,26.6,17.1,31.0
2025-05-08 18:00:00+00:00,23.2,54.0,450.0,292.0,27.9,15.8,29.0
2025-05-08 19:00:00+00:00,24.0,56.1,450.0,252.0,27.2,14.2,29.0
2025-05-08 20:00:00+00:00,24.5,58.0,449.0,204.0,25.1,12.4,30.0
2025-05-08 21:00:00+00:00,25.1,59.0,449.0,172.0,23.3,11.1,31.0
2025-05-08 22:00:00+00:00,25.5,59.8,450.0,159.0,22.6,10.3,29.0
2025-05-08 23:00:00+00:00,25.7,61.7,451.0,162.0,22.2,10.0,28.0
2025-05-09 00:00:00+00:00,30.2,66.1,452.0,194.0,30.4,15.6,18.0
2025-05-09 01:00:00+00:00,31.5,59.5,453.0,286.0,27.8,19.5,24.0
2025-05-09 02:00:00+00:00,31.4,63.3,455.0,406.0,24.0,24.8,34.0
2025-05-09 03:00:00+00:00,31.7,87.8,455.0,472.0,19.8,28.2,47.0
2025-05-09 04:00:00+00:00,30.4,91.5,453.0,432.0,14.9,28.1,67.0
2025-05-09 05:00:00+00:00,31.3,90.8,450.0,337.0,9.6,26.1,90.0
2025-05-09 06:00:00+00:00,33.5,92.0,448.0,262.0,5.6,23.9,108.0
2025-05-09 07:00:00+00:00,33.9,89.6,447.0,233.0,3.7,21.7,116.0
2025-05-09 08:00:00+00:00,33.1,85.9,447.0,224.0,3.2,19.4,119.0
2025-05-09 09:00:00+00:00,31.4,81.0,447.0,225.0,3.4,17.7,117.0
2025-05-09 10:00:00+00:00,29.5,76.4,447.0,240.0,4.1,17.3,110.0
2025-05-09 11:00:00+00:00,28.4,74.5,448.0,267.0,5.6,17.5,98.0
2025-05-09 12:00:00+00:00,30.6,80.8,448.0,288.0,7.7,19.6,105.0
2025-05-09 13:00:00+00:00,27.0,69.4,448.0,299.0,11.2,18.2,88.0
2025-05-09 14:00:00+00:00,24.3,59.6,449.0,304.0,16.1,16.3,64.0
2025-05-09 15:00:00+00:00,24.0,57.5,449.0,303.0,20.0,15.0,46.0
2025-05-09 16:00:00+00:00,24.5,57.3,449.0,294.0,21.9,14.9,40.0
2025-05-09 17:00:00+00:00,25.0,56.3,449.0,279.0,22.9,15.3,39.0
2025-05-09 18:00:00+00:00,25.8,56.0,449.0,260.0,22.9,15.3,39.0
2025-05-09 19:00:00+00:00,26.4,55.6,449.0,233.0,21.7,14.4,39.0
2025-05-09 20:00:00+00:00,26.3,56.0,449.0,202.0,19.7,13.0,40.0
2025-05-09 21:00:00+00:00,26.0,55.9,449.0,183.0,18.1,12.0,40.0
2025-05-09 22:00:00+00:00,26.1,55.9,450.0,174.0,17.6,11.3,38.0
2025-05-09 23:00:00+00:00,26.3,56.1,452.0,178.0,17.6,10.8,35.0
2025-05-10 00:00:00+00:00,27.5,54.6,453.0,215.0,19.9,11.8,28.0
2025-05-10 01:00:00+00:00,27.9,55.9,454.0,327.0,18.5,13.9,35.0
2025-05-10 02:00:00+00:00,30.0,73.3,456.0,474.0,16.4,17.0,44.0
2025-05-10 03:00:00+00:00,30.7,80.3,456.0,552.0,14.0,19.9,58.0
2025-05-10 04:00:00+00:00,32.6,85.9,454.0,496.0,11.1,22.7,79.0
2025-05-10 05:00:00+00:00,35.3,90.3,451.0,373.0,7.9,25.5,103.0
2025-05-10 06:00:00+00:00,36.8,91.5,449.0,276.0,5.5,26.8,121.0
2025-05-10 07:00:00+00:00,36.6,89.9,448.0,243.0,4.2,25.9,130.0
2025-05-10 08:00:00+00:00,35.9,88.9,447.0,238.0,3.8,23.6,133.0
2025-05-10 09:00:00+00:00,34.5,86.1,447.0,244.0,4.0,21.3,131.0
2025-05-10 10:00:00+00:00,32.8,81.7,447.0,263.0,5.0,19.1,121.0
2025-05-10 11:00:00+00:00,31.2,77.3,448.0,293.0,6.6,16.7,105.0
2025-05-10 12:00:00+00:00,25.1,59.1,448.0,314.0,8.9,15.9,93.0
2025-05-10 13:00:00+00:00,25.4,60.3,448.0,316.0,11.9,15.4,80.0
2025-05-10 14:00:00+00:00,26.1,61.5,449.0,309.0,16.1,14.6,62.0
2025-05-10 15:00:00+00:00,26.9,62.4,449.0,296.0,19.1,13.9,48.0
2025-05-10 16:00:00+00:00,27.5,63.3,449.0,277.0,20.1,13.6,43.0
2025-05-10 17:00:00+00:00,27.9,61.9,448.0,252.0,19.9,13.3,43.0
2025-05-10 18:00:00+00:00,28.2,63.1,448.0,227.0,18.8,12.7,44.0
2025-05-10 19:00:00+00:00,28.0,63.3,448.0,201.0,16.2,11.2,47.0
2025-05-10 20:00:00+00:00,27.3,63.3,448.0,175.0,12.7,9.2,52.0
2025-05-10 21:00:00+00:00,26.7,62.2,448.0,161.0,9.9,7.8,56.0
2025-05-10 22:00:00+00:00,26.3,59.3,449.0,162.0,8.2,7.2,58.0
2025-05-10 23:00:00+00:00,25.9,57.0,450.0,175.0,7.2,7.3,58.0
2025-05-11 00:00:00+00:00,25.5,56.9,451.0,202.0,6.9,7.9,60.0
2025-05-11 01:00:00+00:00,25.8,56.0,451.0,261.0,8.9,9.7,59.0
2025-05-11 02:00:00+00:00,27.9,62.4,451.0,334.0,11.6,12.3,60.0
2025-05-11 03:00:00+00:00,30.0,71.9,450.0,373.0,12.8,14.7,65.0
2025-05-11 04:00:00+00:00,31.8,78.7,449.0,344.0,11.2,16.8,82.0
2025-05-11 05:00:00+00:00,33.6,82.9,449.0,280.0,8.1,18.8,103.0
2025-05-11 06:00:00+00:00,35.3,85.0,448.0,231.0,5.6,19.7,119.0
2025-05-11 07:00:00+00:00,35.2,84.1,448.0,215.0,4.4,18.9,123.0
2025-05-11 08:00:00+00:00,34.2,81.7,448.0,215.0,3.7,17.0,120.0
2025-05-11 09:00:00+00:00,33.1,78.9,448.0,224.0,3.7,15.4,115.0
2025-05-11 10:00:00+00:00,32.0,76.4,448.0,247.0,4.3,14.6,108.0
2025-05-11 11:00:00+00:00,31.0,74.0,449.0,281.0,5.6,14.0,98.0
2025-05-11 12:00:00+00:00,43.9,106.4,449.0,303.0,8.2,14.9,90.0
2025-05-11 13:00:00+00:00,43.8,104.3,449.0,307.0,11.0,14.8,81.0
2025-05-11 14:00:00+00:00,43.4,99.4,449.0,301.0,14.9,14.7,68.0
2025-05-11 15:00:00+00:00,43.5,95.7,449.0,287.0,17.8,14.3,59.0
2025-05-11 16:00:00+00:00,43.3,87.8,449.0,264.0,19.2,13.4,56.0
2025-05-11 17:00:00+00:00,43.2,87.5,448.0,234.0,19.7,12.2,56.0
2025-05-11 18:00:00+00:00,43.1,86.6,448.0,208.0,19.2,11.1,57.0
2025-05-11 19:00:00+00:00,42.4,85.4,448.0,189.0,17.2,10.3,60.0
2025-05-11 20:00:00+00:00,41.2,84.3,448.0,175.0,14.3,9.6,64.0
2025-05-11 21:00:00+00:00,40.0,83.8,448.0,164.0,11.8,9.0,67.0
2025-05-11 22:00:00+00:00,38.8,82.0,448.0,153.0,10.2,8.1,68.0
2025-05-11 23:00:00+00:00,37.7,80.3,448.0,146.0,9.0,7.2,68.0
2025-05-12 00:00:00+00:00,35.7,71.2,448.0,154.0,8.8,7.5,69.0
2025-05-12 01:00:00+00:00,35.5,71.2,448.0,192.0,9.2,9.2,73.0
2025-05-12 02:00:00+00:00,36.8,85.0,448.0,244.0,9.8,11.6,79.0
2025-05-12 03:00:00+00:00,36.0,89.6,448.0,275.0,9.6,13.6,87.0
2025-05-12 04:00:00+00:00,35.4,89.6,448.0,263.0,8.0,14.9,99.0
2025-05-12 05:00:00+00:00,35.2,92.2,447.0,231.0,5.7,15.9,112.0
2025-05-12 06:00:00+00:00,35.2,95.9,447.0,207.0,3.9,16.2,121.0
2025-05-12 07:00:00+00:00,34.8,102.9,447.0,205.0,3.1,15.6,122.0
2025-05-12 08:00:00+00:00,33.5,100.8,447.0,211.0,2.9,14.4,119.0
2025-05-12 09:00:00+00:00,31.8,96.2,447.0,220.0,3.2,13.4,115.0
2025-05-12 10:00:00+00:00,29.9,92.0,447.0,231.0,3.8,13.0,110.0
2025-05-12 11:00:00+00:00,27.6,85.4,447.0,245.0,4.8,12.7,104.0
2025-05-12 12:00:00+00:00,22.1,68.5,447.0,253.0,6.4,13.2,97.0
2025-05-12 13:00:00+00:00,20.0,59.5,447.0,252.0,8.5,13.4,90.0
2025-05-12 14:00:00+00:00,18.4,50.2,447.0,246.0,11.4,13.6,81.0
2025-05-12 15:00:00+00:00,17.6,42.4,447.0,239.0,13.7,13.4,73.0
2025-05-12 16:00:00+00:00,17.2,35.6,447.0,234.0,15.0,12.6,69.0
2025-05-12 17:00:00+00:00,16.6,31.8,447.0,227.0,15.8,11.3,67.0
2025-05-12 18:00:00+00:00,16.6,29.3,447.0,216.0,15.9,10.2,66.0
2025-05-12 19:00:00+00:00,16.8,27.6,447.0,195.0,15.0,9.3,66.0
2025-05-12 20:00:00+00:00,16.4,26.1,447.0,169.0,13.4,8.5,67.0
2025-05-12 21:00:00+00:00,15.7,24.9,447.0,151.0,11.8,7.8,68.0
2025-05-12 22:00:00+00:00,15.1,24.2,447.0,143.0,10.2,7.2,69.0
2025-05-12 23:00:00+00:00,14.9,24.5,448.0,143.0,8.7,6.7,71.0
2025-05-13 00:00:00+00:00,15.4,26.8,448.0,154.0,7.3,7.1,75.0
2025-05-13 01:00:00+00:00,16.2,27.8,448.0,189.0,8.0,8.3,77.0
2025-05-13 02:00:00+00:00,18.3,33.1,447.0,235.0,8.8,10.0,81.0
2025-05-13 03:00:00+00:00,19.7,37.3,447.0,263.0,8.9,11.6,87.0
2025-05-13 04:00:00+00:00,20.9,40.4,447.0,253.0,7.6,13.2,97.0
2025-05-13 05:00:00+00:00,22.4,44.0,446.0,224.0,5.6,14.7,108.0
2025-05-13 06:00:00+00:00,23.3,46.6,446.0,203.0,4.1,15.6,116.0
2025-05-13 07:00:00+00:00,23.9,49.8,446.0,198.0,3.4,15.4,119.0
2025-05-13 08:00:00+00:00,23.9,52.6,446.0,200.0,3.2,14.6,118.0
2025-05-13 09:00:00+00:00,23.7,55.4,446.0,208.0,3.4,13.8,115.0
2025-05-13 10:00:00+00:00,22.9,53.7,446.0,227.0,4.0,13.2,110.0
2025-05-13 11:00:00+00:00,21.6,48.0,446.0,251.0,5.1,12.7,102.0
2025-05-13 12:00:00+00:00,20.5,47.4,446.0,266.0,7.1,14.8,97.0
2025-05-13 13:00:00+00:00,20.4,42.8,446.0,263.0,9.9,15.4,88.0
2025-05-13 14:00:00+00:00,20.1,38.4,446.0,251.0,13.8,16.1,76.0
2025-05-13 15:00:00+00:00,19.8,34.1,446.0,239.0,16.9,16.2,66.0
2025-05-13 16:00:00+00:00,19.8,31.5,446.0,233.0,18.4,15.2,61.0
2025-05-13 17:00:00+00:00,19.8,31.0,446.0,228.0,19.0,13.5,59.0
2025-05-13 18:00:00+00:00,20.0,30.5,446.0,219.0,18.9,11.9,57.0
2025-05-13 19:00:00+00:00,20.0,29.9,446.0,202.0,17.8,10.5,56.0
2025-05-13 20:00:00+00:00,19.7,29.1,446.0,181.0,15.9,9.3,56.0
2025-05-13 21:00:00+00:00,18.9,28.5,446.0,167.0,14.0,8.4,57.0
2025-05-13 22:00:00+00:00,18.5,29.0,447.0,160.0,11.9,8.0,59.0
2025-05-13 23:00:00+00:00,18.6,30.9,448.0,161.0,9.8,7.9,62.0
2025-05-14 00:00:00+00:00,16.0,23.6,449.0,181.0,7.8,8.0,65.0
2025-05-14 01:00:00+00:00,16.7,26.4,449.0,244.0,9.3,9.1,65.0
2025-05-14 02:00:00+00:00,18.5,31.2,449.0,327.0,11.2,10.8,67.0
2025-05-14 03:00:00+00:00,20.0,35.5,448.0,374.0,12.0,12.9,74.0
2025-05-14 04:00:00+00:00,21.7,40.2,447.0,351.0,10.5,16.0,92.0
2025-05-14 05:00:00+00:00,24.2,48.3,447.0,292.0,7.9,19.6,116.0
2025-05-14 06:00:00+00:00,26.9,58.9,446.0,245.0,5.8,21.5,133.0
2025-05-14 07:00:00+00:00,27.6,63.6,446.0,229.0,4.7,20.5,137.0
2025-05-14 08:00:00+00:00,26.5,62.6,446.0,225.0,4.0,17.9,133.0
2025-05-14 09:00:00+00:00,25.3,61.9,446.0,229.0,4.1,15.7,127.0
2025-05-14 10:00:00+00:00,25.0,63.8,446.0,244.0,4.7,14.5,120.0
2025-05-14 11:00:00+00:00,24.6,62.2,447.0,267.0,6.0,13.7,112.0
2025-05-14 12:00:00+00:00,27.6,75.0,447.0,282.0,9.0,15.4,101.0
2025-05-14 13:00:00+00:00,27.0,67.1,447.0,282.0,14.3,15.1,87.0
2025-05-14 14:00:00+00:00,25.4,56.0,446.0,274.0,21.5,14.7,68.0
2025-05-14 15:00:00+00:00,24.5,46.4,446.0,264.0,26.4,14.1,54.0
2025-05-14 16:00:00+00:00,23.3,41.0,446.0,252.0,26.8,13.1,50.0
2025-05-14 17:00:00+00:00,22.1,38.5,446.0,238.0,24.8,11.8,50.0
2025-05-14 18:00:00+00:00,21.5,36.6,446.0,221.0,22.9,10.8,51.0
2025-05-14 19:00:00+00:00,21.5,35.7,446.0,198.0,21.9,10.2,49.0
2025-05-14 20:00:00+00:00,21.7,35.5,446.0,172.0,21.0,9.7,47.0
2025-05-14 21:00:00+00:00,20.8,34.1,446.0,156.0,19.5,9.4,47.0
2025-05-14 22:00:00+00:00,19.2,32.1,447.0,150.0,16.7,8.9,49.0
2025-05-14 23:00:00+00:00,17.7,31.0,448.0,155.0,13.3,8.6,52.0
2025-05-15 00:00:00+00:00,16.9,30.4,449.0,182.0,12.2,8.8,54.0
2025-05-15 01:00:00+00:00,16.3,29.5,449.0,258.0,13.5,9.6,56.0
2025-05-15 02:00:00+00:00,18.5,30.7,449.0,356.0,15.1,10.9,60.0
2025-05-15 03:00:00+00:00,19.4,37.3,449.0,409.0,15.3,12.9,70.0
2025-05-15 04:00:00+00:00,21.0,41.7,448.0,374.0,12.9,16.5,92.0
2025-05-15 05:00:00+00:00,22.8,46.7,447.0,294.0,9.1,20.7,121.0
2025-05-15 06:00:00+00:00,24.4,51.0,446.0,232.0,6.1,23.0,140.0
2025-05-15 07:00:00+00:00,24.4,53.2,446.0,211.0,4.7,21.8,143.0
2025-05-15 08:00:00+00:00,23.7,53.9,447.0,208.0,4.1,18.7,138.0
2025-05-15 09:00:00+00:00,23.7,58.2,447.0,213.0,4.2,16.1,131.0
2025-05-15 10:00:00+00:00,24.4,65.4,447.0,225.0,4.7,14.9,125.0
2025-05-15 11:00:00+00:00,24.6,68.0,447.0,245.0,5.9,14.2,118.0
2025-05-15 12:00:00+00:00,23.3,68.2,447.0,266.0,9.3,14.0,103.0
2025-05-15 13:00:00+00:00,23.8,64.3,447.0,290.0,16.4,14.1,87.0
2025-05-15 14:00:00+00:00,23.5,54.7,447.0,314.0,26.1,14.2,66.0
2025-05-15 15:00:00+00:00,24.2,45.4,447.0,322.0,32.5,14.0,50.0
2025-05-15 16:00:00+00:00,23.7,41.0,447.0,304.0,32.8,13.3,45.0
2025-05-15 17:00:00+00:00,22.3,37.3,446.0,271.0,29.8,12.3,46.0
2025-05-15 18:00:00+00:00,20.3,33.3,446.0,239.0,26.5,11.3,47.0
2025-05-15 19:00:00+00:00,19.0,31.7,446.0,211.0,23.7,10.3,48.0
2025-05-15 20:00:00+00:00,18.7,31.9,446.0,185.0,20.6,9.3,49.0
2025-05-15 21:00:00+00:00,19.2,32.7,446.0,165.0,18.0,8.5,50.0
2025-05-15 22:00:00+00:00,21.7,38.4,446.0,151.0,16.2,8.0,48.0
2025-05-15 23:00:00+00:00,21.9,38.4,445.0,145.0,14.9,7.7,46.0
2025-05-16 00:00:00+00:00,19.2,34.0,445.0,152.0,13.2,7.9,48.0
2025-05-16 01:00:00+00:00,17.8,29.8,445.0,188.0,13.3,8.9,52.0
2025-05-16 02:00:00+00:00,17.5,30.5,444.0,239.0,13.4,10.3,58.0
2025-05-16 03:00:00+00:00,17.0,31.9,444.0,268.0,12.6,11.6,67.0
2025-05-16 04:00:00+00:00,18.0,34.0,444.0,252.0,10.2,12.8,82.0
2025-05-16 05:00:00+00:00,18.3,35.5,444.0,214.0,7.0,14.0,100.0
2025-05-16 06:00:00+00:00,18.1,36.2,444.0,186.0,4.6,14.7,114.0
2025-05-16 07:00:00+00:00,18.0,36.8,444.0,181.0,3.6,14.4,120.0
2025-05-16 08:00:00+00:00,18.3,38.4,444.0,187.0,3.3,13.6,121.0
2025-05-16 09:00:00+00:00,19.0,40.9,444.0,198.0,3.7,13.2,119.0
2025-05-16 10:00:00+00:00,19.9,43.5,445.0,217.0,4.2,13.6,116.0
2025-05-16 11:00:00+00:00,20.5,45.4,445.0,243.0,5.3,14.4,112.0
2025-05-16 12:00:00+00:00,21.3,47.8,446.0,261.0,8.0,14.6,100.0
2025-05-16 13:00:00+00:00,21.4,47.8,447.0,270.0,14.0,14.9,84.0
2025-05-16 14:00:00+00:00,20.7,44.7,447.0,272.0,22.4,15.4,61.0
2025-05-16 15:00:00+00:00,21.3,39.3,447.0,264.0,28.3,15.5,44.0
2025-05-16 16:00:00+00:00,21.1,37.1,446.0,240.0,30.0,15.1,37.0
2025-05-16 17:00:00+00:00,20.7,35.4,445.0,207.0,29.4,14.4,36.0
2025-05-16 18:00:00+00:00,19.8,33.5,444.0,178.0,27.4,13.3,36.0
2025-05-16 19:00:00+00:00,18.1,30.9,444.0,159.0,23.7,11.7,38.0
2025-05-16 20:00:00+00:00,16.7,28.9,444.0,145.0,18.8,9.7,42.0
2025-05-16 21:00:00+00:00,16.4,28.8,444.0,136.0,14.7,8.2,46.0
2025-05-16 22:00:00+00:00,16.0,28.2,444.0,129.0,12.5,7.3,47.0
2025-05-16 23:00:00+00:00,15.7,28.8,445.0,126.0,11.1,6.9,48.0
2025-05-17 00:00:00+00:00,15.9,29.2,445.0,135.0,12.3,7.5,47.0
2025-05-17 01:00:00+00:00,16.0,30.4,445.0,167.0,12.4,9.7,49.0
2025-05-17 02:00:00+00:00,17.3,35.0,444.0,209.0,12.4,12.8,53.0
2025-05-17 03:00:00+00:00,18.1,41.1,444.0,233.0,11.7,15.3,60.0
2025-05-17 04:00:00+00:00,18.7,45.3,444.0,219.0,9.6,16.9,75.0
2025-05-17 05:00:00+00:00,20.4,46.4,443.0,187.0,6.8,18.0,94.0
2025-05-17 06:00:00+00:00,21.2,47.4,443.0,164.0,4.7,18.3,108.0
2025-05-17 07:00:00+00:00,21.1,46.9,443.0,160.0,3.7,17.2,112.0
2025-05-17 08:00:00+00:00,20.5,46.0,443.0,164.0,3.4,15.2,111.0
2025-05-17 09:00:00+00:00,20.1,45.1,443.0,173.0,3.6,13.8,107.0
2025-05-17 10:00:00+00:00,19.7,44.2,443.0,190.0,3.9,13.6,101.0
2025-05-17 11:00:00+00:00,19.3,43.1,444.0,211.0,4.8,14.0,92.0
2025-05-17 12:00:00+00:00,20.0,47.3,444.0,225.0,7.1,14.9,84.0
2025-05-17 13:00:00+00:00,19.2,42.7,444.0,224.0,12.5,15.1,70.0
2025-05-17 14:00:00+00:00,18.2,39.2,444.0,216.0,19.8,15.4,52.0
2025-05-17 15:00:00+00:00,19.0,35.2,444.0,207.0,24.7,15.2,38.0
2025-05-17 16:00:00+00:00,19.0,34.0,444.0,200.0,24.7,14.1,35.0
2025-05-17 17:00:00+00:00,18.1,32.7,444.0,193.0,22.2,12.5,37.0
2025-05-17 18:00:00+00:00,17.2,32.1,444.0,183.0,19.9,11.0,39.0
2025-05-17 19:00:00+00:00,16.8,32.5,444.0,166.0,18.5,9.7,39.0
2025-05-17 20:00:00+00:00,16.8,32.4,444.0,145.0,17.3,8.6,38.0
2025-05-17 21:00:00+00:00,17.1,31.7,444.0,132.0,16.4,7.9,37.0
2025-05-17 22:00:00+00:00,17.1,32.0,445.0,127.0,16.2,7.5,35.0
2025-05-17 23:00:00+00:00,16.9,32.1,445.0,129.0,16.4,7.6,32.0
2025-05-18 00:00:00+00:00,15.9,30.2,446.0,145.0,14.9,8.6,34.0
2025-05-18 01:00:00+00:00,16.2,30.2,446.0,192.0,13.6,11.6,39.0
2025-05-18 02:00:00+00:00,17.5,38.3,446.0,254.0,11.8,15.7,47.0
2025-05-18 03:00:00+00:00,17.3,41.0,446.0,288.0,9.9,19.0,58.0
2025-05-18 04:00:00+00:00,18.3,42.0,445.0,267.0,8.0,20.9,74.0
2025-05-18 05:00:00+00:00,19.8,42.6,445.0,218.0,6.1,22.0,92.0
2025-05-18 06:00:00+00:00,21.1,42.8,444.0,182.0,4.7,22.2,105.0
2025-05-18 07:00:00+00:00,20.5,40.3,444.0,173.0,3.9,21.1,111.0
2025-05-18 08:00:00+00:00,19.2,36.9,444.0,177.0,3.6,19.2,111.0
2025-05-18 09:00:00+00:00,17.2,32.9,444.0,185.0,3.7,17.4,108.0
2025-05-18 10:00:00+00:00,15.6,30.4,444.0,198.0,4.3,16.0,100.0
2025-05-18 11:00:00+00:00,15.0,29.7,444.0,216.0,5.3,14.9,87.0
2025-05-18 12:00:00+00:00,14.0,29.6,444.0,228.0,6.9,14.3,76.0
2025-05-18 13:00:00+00:00,14.1,29.3,444.0,229.0,9.4,14.2,67.0
2025-05-18 14:00:00+00:00,14.3,29.3,444.0,224.0,12.9,14.0,54.0
2025-05-18 15:00:00+00:00,14.9,29.9,444.0,217.0,16.1,13.8,43.0
2025-05-18 16:00:00+00:00,15.7,30.4,444.0,210.0,19.0,13.5,37.0
2025-05-18 17:00:00+00:00,16.4,31.1,444.0,201.0,21.7,13.1,34.0
2025-05-18 18:00:00+00:00,17.5,32.1,444.0,189.0,22.9,12.6,32.0
2025-05-18 19:00:00+00:00,17.8,32.4,444.0,171.0,21.8,11.7,32.0
2025-05-18 20:00:00+00:00,17.1,31.7,444.0,149.0,19.4,10.7,34.0
2025-05-18 21:00:00+00:00,16.2,30.9,444.0,134.0,17.0,9.9,36.0
2025-05-18 22:00:00+00:00,15.3,29.8,444.0,125.0,15.2,9.2,37.0
2025-05-18 23:00:00+00:00,14.5,28.7,445.0,123.0,13.5,8.7,37.0
2025-05-19 00:00:00+00:00,14.6,28.9,445.0,135.0,13.2,9.3,37.0
2025-05-19 01:00:00+00:00,14.8,28.8,445.0,179.0,12.1,11.2,42.0
2025-05-19 02:00:00+00:00,16.2,36.0,445.0,238.0,10.6,13.9,49.0
2025-05-19 03:00:00+00:00,16.6,37.7,445.0,272.0,9.0,15.9,57.0
2025-05-19 04:00:00+00:00,17.1,37.1,445.0,254.0,7.2,16.6,68.0
2025-05-19 05:00:00+00:00,18.0,38.2,444.0,209.0,5.2,16.7,81.0
2025-05-19 06:00:00+00:00,18.8,39.6,444.0,177.0,3.8,16.4,90.0
2025-05-19 07:00:00+00:00,19.0,40.2,444.0,171.0,3.1,15.6,94.0
2025-05-19 08:00:00+00:00,18.7,40.3,445.0,177.0,2.9,14.5,94.0
2025-05-19 09:00:00+00:00,18.7,41.1,445.0,187.0,3.2,13.6,92.0
2025-05-19 10:00:00+00:00,18.6,41.6,445.0,203.0,4.0,13.4,87.0
2025-05-19 11:00:00+00:00,18.4,42.1,445.0,224.0,5.2,13.4,80.0
2025-05-19 12:00:00+00:00,21.3,53.0,445.0,236.0,6.8,13.7,73.0
2025-05-19 13:00:00+00:00,21.7,54.2,445.0,232.0,10.3,13.8,64.0
2025-05-19 14:00:00+00:00,21.7,53.3,444.0,220.0,15.1,13.9,51.0
2025-05-19 15:00:00+00:00,22.0,49.2,444.0,208.0,18.5,13.7,42.0
2025-05-19 16:00:00+00:00,21.9,49.5,444.0,201.0,19.4,13.0,39.0
2025-05-19 17:00:00+00:00,22.1,48.5,444.0,195.0,19.0,12.1,39.0
2025-05-19 18:00:00+00:00,22.3,48.3,444.0,185.0,17.9,11.2,40.0
2025-05-19 19:00:00+00:00,22.4,48.4,444.0,167.0,16.2,10.4,41.0
2025-05-19 20:00:00+00:00,22.0,48.0,444.0,146.0,14.0,9.6,43.0
2025-05-19 21:00:00+00:00,21.5,46.8,444.0,131.0,11.9,8.9,45.0
2025-05-19 22:00:00+00:00,20.5,44.6,444.0,122.0,10.2,8.2,46.0
2025-05-19 23:00:00+00:00,19.5,42.5,445.0,119.0,8.7,7.6,48.0
2025-05-20 00:00:00+00:00,19.2,42.5,445.0,129.0,7.0,8.0,50.0
2025-05-20 01:00:00+00:00,19.0,41.6,445.0,165.0,7.2,9.1,52.0
2025-05-20 02:00:00+00:00,20.1,45.3,445.0,214.0,7.4,10.7,55.0
2025-05-20 03:00:00+00:00,20.6,50.3,445.0,243.0,7.1,12.0,60.0
2025-05-20 04:00:00+00:00,21.6,59.0,445.0,232.0,6.0,12.6,69.0
2025-05-20 05:00:00+00:00,23.6,71.9,444.0,202.0,4.5,12.9,79.0
2025-05-20 06:00:00+00:00,24.9,82.4,444.0,180.0,3.3,13.0,87.0
2025-05-20 07:00:00+00:00,25.7,88.5,444.0,177.0,2.8,12.7,91.0
2025-05-20 08:00:00+00:00,25.3,86.6,444.0,181.0,2.6,12.3,91.0
2025-05-20 09:00:00+00:00,25.0,85.9,444.0,190.0,2.9,12.1,90.0
2025-05-20 10:00:00+00:00,24.7,85.2,444.0,204.0,3.6,12.5,86.0
2025-05-20 11:00:00+00:00,24.4,86.1,445.0,223.0,4.7,13.1,80.0
2025-05-20 12:00:00+00:00,27.8,108.7,445.0,235.0,6.4,15.4,78.0
2025-05-20 13:00:00+00:00,26.5,102.2,445.0,237.0,8.3,15.5,70.0
2025-05-20 14:00:00+00:00,25.3,94.5,445.0,233.0,11.0,15.5,58.0
2025-05-20 15:00:00+00:00,24.3,86.6,445.0,226.0,13.1,15.4,49.0
2025-05-20 16:00:00+00:00,23.4,81.5,445.0,215.0,14.4,15.0,45.0
2025-05-20 17:00:00+00:00,22.9,75.2,445.0,200.0,15.2,14.3,45.0
2025-05-20 18:00:00+00:00,22.9,72.9,445.0,184.0,15.1,13.4,45.0
2025-05-20 19:00:00+00:00,22.6,72.4,445.0,163.0,13.5,11.9,47.0
2025-05-20 20:00:00+00:00,21.8,71.2,445.0,141.0,11.1,10.2,50.0
2025-05-20 21:00:00+00:00,20.9,68.7,445.0,126.0,9.1,8.9,52.0
2025-05-20 22:00:00+00:00,20.3,67.1,445.0,121.0,8.2,8.2,53.0
2025-05-20 23:00:00+00:00,20.1,66.8,446.0,123.0,7.7,7.9,53.0
2025-05-21 00:00:00+00:00,20.2,67.8,446.0,138.0,7.2,8.2,54.0
2025-05-21 01:00:00+00:00,21.1,72.6,446.0,176.0,7.7,9.9,56.0
2025-05-21 02:00:00+00:00,24.2,96.6,446.0,226.0,8.3,12.3,60.0
2025-05-21 03:00:00+00:00,28.0,133.2,446.0,257.0,8.3,14.2,66.0
2025-05-21 04:00:00+00:00,29.7,140.2,446.0,250.0,7.0,15.1,77.0
2025-05-21 05:00:00+00:00,31.2,140.2,446.0,224.0,5.0,15.4,90.0
2025-05-21 06:00:00+00:00,32.1,136.0,446.0,204.0,3.6,15.6,100.0
2025-05-21 07:00:00+00:00,32.1,131.3,446.0,196.0,3.1,15.7,105.0
2025-05-21 08:00:00+00:00,32.0,129.5,445.0,194.0,3.1,15.6,108.0
2025-05-21 09:00:00+00:00,31.7,126.2,445.0,199.0,3.5,15.5,107.0
2025-05-21 10:00:00+00:00,30.9,121.5,445.0,217.0,4.3,15.3,102.0
2025-05-21 11:00:00+00:00,29.7,116.4,446.0,242.0,5.4,14.9,93.0
2025-05-21 12:00:00+00:00,34.3,149.0,446.0,257.0,6.9,15.9,87.0
2025-05-21 13:00:00+00:00,32.4,133.2,446.0,254.0,9.2,15.9,77.0
2025-05-21 14:00:00+00:00,30.5,116.2,446.0,241.0,12.4,15.8,63.0
2025-05-21 15:00:00+00:00,29.2,104.1,446.0,227.0,15.1,15.4,52.0
2025-05-21 16:00:00+00:00,27.9,89.9,446.0,216.0,17.1,14.6,46.0
2025-05-21 17:00:00+00:00,27.6,86.8,445.0,204.0,18.5,13.6,44.0
2025-05-21 18:00:00+00:00,27.3,85.4,445.0,189.0,18.6,12.5,43.0
2025-05-21 19:00:00+00:00,26.0,84.3,445.0,168.0,16.2,11.4,45.0
2025-05-21 20:00:00+00:00,23.7,78.0,445.0,145.0,12.4,10.3,50.0
2025-05-21 21:00:00+00:00,21.7,72.9,445.0,130.0,9.4,9.4,53.0
2025-05-21 22:00:00+00:00,20.3,68.9,445.0,124.0,8.3,8.7,53.0
2025-05-21 23:00:00+00:00,19.5,66.8,446.0,125.0,8.0,8.3,53.0
2025-05-22 00:00:00+00:00,20.6,78.2,446.0,141.0,7.6,8.7,53.0
2025-05-22 01:00:00+00:00,20.9,78.9,446.0,186.0,8.0,10.4,55.0
2025-05-22 02:00:00+00:00,23.2,96.4,447.0,244.0,8.6,12.8,57.0
2025-05-22 03:00:00+00:00,25.0,113.9,447.0,279.0,8.5,14.7,63.0
2025-05-22 04:00:00+00:00,26.4,115.7,447.0,267.0,7.3,15.8,74.0
2025-05-22 05:00:00+00:00,27.0,110.4,446.0,231.0,5.4,16.4,88.0
2025-05-22 06:00:00+00:00,27.3,106.4,446.0,203.0,4.0,16.5,98.0
2025-05-22 07:00:00+00:00,26.5,101.0,446.0,194.0,3.3,15.8,101.0
2025-05-22 08:00:00+00:00,25.3,96.6,446.0,193.0,3.1,14.5,99.0
2025-05-22 09:00:00+00:00,24.4,94.1,446.0,198.0,3.3,13.6,96.0
2025-05-22 10:00:00+00:00,23.6,91.7,446.0,214.0,3.8,13.3,91.0
2025-05-22 11:00:00+00:00,22.3,84.3,446.0,237.0,4.7,13.4,84.0
2025-05-22 12:00:00+00:00,22.1,85.7,446.0,254.0,6.6,13.7,76.0
2025-05-22 13:00:00+00:00,21.3,78.7,446.0,260.0,10.8,14.0,66.0
2025-05-22 14:00:00+00:00,20.3,68.7,447.0,260.0,16.5,14.3,53.0
2025-05-22 15:00:00+00:00,20.3,57.0,447.0,255.0,20.8,14.3,43.0
2025-05-22 16:00:00+00:00,20.5,56.6,447.0,243.0,22.3,13.8,39.0
2025-05-22 17:00:00+00:00,21.0,56.2,448.0,225.0,22.4,13.1,38.0
2025-05-22 18:00:00+00:00,21.4,56.0,448.0,206.0,21.4,12.1,39.0
2025-05-22 19:00:00+00:00,21.3,56.1,448.0,185.0,19.1,10.7,41.0
2025-05-22 20:00:00+00:00,20.3,55.5,448.0,164.0,15.9,9.1,43.0
2025-05-22 21:00:00+00:00,19.1,54.9,448.0,148.0,13.0,8.0,46.0
2025-05-22 22:00:00+00:00,18.2,54.7,448.0,138.0,10.8,7.8,48.0
2025-05-22 23:00:00+00:00,17.6,54.2,448.0,133.0,9.0,8.1,50.0
2025-05-23 00:00:00+00:00,15.9,44.0,448.0,144.0,7.7,7.8,52.0
2025-05-23 01:00:00+00:00,15.9,45.9,448.0,186.0,7.7,8.7,54.0
2025-05-23 02:00:00+00:00,16.8,51.6,447.0,243.0,7.6,9.9,58.0
2025-05-23 03:00:00+00:00,19.0,66.4,447.0,279.0,7.2,11.0,64.0
2025-05-23 04:00:00+00:00,18.5,61.5,447.0,271.0,6.2,11.9,74.0
2025-05-23 05:00:00+00:00,19.4,61.7,446.0,241.0,4.9,12.7,86.0
2025-05-23 06:00:00+00:00,20.0,62.2,446.0,217.0,3.9,13.3,95.0
2025-05-23 07:00:00+00:00,20.1,61.2,446.0,210.0,3.5,13.5,100.0
2025-05-23 08:00:00+00:00,19.9,58.2,446.0,209.0,3.4,13.5,102.0
2025-05-23 09:00:00+00:00,19.6,54.7,446.0,212.0,3.8,13.4,101.0
2025-05-23 10:00:00+00:00,19.3,51.7,446.0,223.0,4.4,13.3,96.0
2025-05-23 11:00:00+00:00,18.7,49.8,445.0,238.0,5.5,13.2,88.0
2025-05-23 12:00:00+00:00,18.5,52.5,445.0,246.0,7.8,13.9,79.0
2025-05-23 13:00:00+00:00,18.2,53.4,445.0,239.0,12.1,14.0,67.0
2025-05-23 14:00:00+00:00,18.1,52.5,445.0,224.0,17.9,14.0,51.0
2025-05-23 15:00:00+00:00,18.9,50.1,445.0,210.0,21.7,13.6,40.0
2025-05-23 16:00:00+00:00,19.4,49.9,445.0,199.0,21.6,12.5,38.0
2025-05-23 17:00:00+00:00,19.1,49.2,445.0,188.0,19.5,10.9,40.0
2025-05-23 18:00:00+00:00,18.3,48.3,445.0,177.0,16.9,9.6,43.0
2025-05-23 19:00:00+00:00,17.6,48.3,445.0,163.0,14.1,8.6,46.0
2025-05-23 20:00:00+00:00,17.2,48.3,446.0,147.0,10.9,7.8,50.0
2025-05-23 21:00:00+00:00,16.7,46.7,446.0,137.0,8.4,7.3,53.0
2025-05-23 22:00:00+00:00,16.5,45.5,446.0,130.0,7.1,7.0,54.0
2025-05-23 23:00:00+00:00,16.4,44.5,447.0,128.0,6.5,7.1,55.0
2025-05-24 00:00:00+00:00,15.9,41.4,447.0,139.0,5.9,7.2,57.0
2025-05-24 01:00:00+00:00,16.6,43.3,447.0,176.0,6.6,8.3,58.0
2025-05-24 02:00:00+00:00,19.0,51.9,447.0,226.0,7.4,9.9,60.0
2025-05-24 03:00:00+00:00,19.9,55.3,447.0,257.0,7.7,11.4,65.0
2025-05-24 04:00:00+00:00,21.1,57.0,447.0,250.0,6.8,12.9,76.0
2025-05-24 05:00:00+00:00,22.8,59.4,447.0,223.0,5.3,14.5,90.0
2025-05-24 06:00:00+00:00,23.9,62.9,447.0,202.0,4.2,15.4,100.0
2025-05-24 07:00:00+00:00,24.3,63.3,447.0,195.0,3.7,15.4,104.0
2025-05-24 08:00:00+00:00,24.3,63.1,446.0,193.0,3.5,14.8,104.0
2025-05-24 09:00:00+00:00,24.0,62.4,446.0,199.0,3.7,14.1,101.0
2025-05-24 10:00:00+00:00,23.5,61.2,446.0,218.0,4.2,13.5,94.0
2025-05-24 11:00:00+00:00,22.8,59.8,447.0,244.0,5.1,12.8,84.0
2025-05-24 12:00:00+00:00,25.3,73.8,447.0,263.0,6.9,12.8,75.0
2025-05-24 13:00:00+00:00,25.4,71.5,447.0,271.0,9.9,13.2,66.0
2025-05-24 14:00:00+00:00,25.4,68.7,447.0,273.0,14.1,13.7,55.0
2025-05-24 15:00:00+00:00,25.5,64.0,447.0,268.0,17.0,13.7,46.0
2025-05-24 16:00:00+00:00,25.7,60.8,447.0,255.0,17.7,13.0,43.0
2025-05-24 17:00:00+00:00,25.7,60.5,447.0,235.0,17.1,11.9,44.0
2025-05-24 18:00:00+00:00,25.8,60.3,447.0,215.0,15.9,10.7,45.0
2025-05-24 19:00:00+00:00,25.6,59.8,447.0,194.0,13.8,9.5,47.0
2025-05-24 20:00:00+00:00,24.5,57.4,448.0,172.0,10.9,8.2,50.0
2025-05-24 21:00:00+00:00,24.0,56.3,448.0,155.0,8.7,7.3,52.0
2025-05-24 22:00:00+00:00,23.6,56.0,448.0,139.0,7.6,6.9,53.0
2025-05-24 23:00:00+00:00,23.6,56.7,448.0,128.0,7.1,6.9,53.0
2025-05-25 00:00:00+00:00,24.6,69.2,448.0,134.0,5.7,7.2,57.0
2025-05-25 01:00:00+00:00,24.7,65.4,448.0,174.0,6.4,8.3,58.0
2025-05-25 02:00:00+00:00,25.3,67.8,447.0,231.0,7.4,9.9,60.0
2025-05-25 03:00:00+00:00,26.3,71.0,447.0,268.0,7.8,11.4,65.0
2025-05-25 04:00:00+00:00,27.2,72.9,447.0,265.0,7.0,12.9,76.0
2025-05-25 05:00:00+00:00,28.1,74.0,447.0,243.0,5.5,14.4,90.0
2025-05-25 06:00:00+00:00,28.5,72.6,447.0,224.0,4.4,15.3,100.0
2025-05-25 07:00:00+00:00,28.1,70.3,447.0,215.0,3.8,15.1,103.0
2025-05-25 08:00:00+00:00,27.4,68.7,446.0,210.0,3.5,14.3,102.0
2025-05-25 09:00:00+00:00,26.7,66.4,446.0,212.0,3.6,13.5,98.0
2025-05-25 10:00:00+00:00,26.0,65.4,446.0,225.0,4.3,13.1,91.0
2025-05-25 11:00:00+00:00,25.5,64.0,446.0,246.0,5.5,12.7,81.0
2025-05-25 12:00:00+00:00,32.6,85.9,446.0,263.0,7.4,13.6,75.0
2025-05-25 13:00:00+00:00,32.1,83.1,446.0,276.0,9.9,13.4,66.0
2025-05-25 14:00:00+00:00,32.1,79.2,447.0,285.0,13.4,13.2,55.0
2025-05-25 15:00:00+00:00,32.0,74.5,447.0,285.0,15.9,13.0,46.0
2025-05-25 16:00:00+00:00,32.0,71.9,447.0,269.0,16.6,12.9,43.0
2025-05-25 17:00:00+00:00,31.9,69.2,447.0,242.0,16.4,12.8,44.0
2025-05-25 18:00:00+00:00,31.7,67.8,447.0,216.0,15.5,12.4,45.0
2025-05-25 19:00:00+00:00,30.6,63.1,447.0,191.0,13.7,11.3,47.0
2025-05-25 20:00:00+00:00,29.1,59.5,447.0,167.0,11.3,10.0,50.0
2025-05-25 21:00:00+00:00,27.7,56.3,447.0,150.0,9.2,8.8,52.0
2025-05-25 22:00:00+00:00,26.4,53.4,448.0,137.0,7.5,7.9,54.0
2025-05-25 23:00:00+00:00,25.0,50.1,448.0,131.0,6.1,7.2,55.0
2025-05-26 00:00:00+00:00,24.4,49.6,449.0,146.0,6.2,7.6,57.0
2025-05-26 01:00:00+00:00,24.1,49.6,449.0,201.0,7.1,8.9,57.0
2025-05-26 02:00:00+00:00,25.7,59.0,448.0,276.0,8.3,10.7,58.0
2025-05-26 03:00:00+00:00,26.5,63.6,448.0,326.0,8.7,12.4,63.0
2025-05-26 04:00:00+00:00,27.1,64.7,448.0,325.0,7.7,14.0,75.0
2025-05-26 05:00:00+00:00,28.2,67.3,447.0,298.0,6.0,15.5,91.0
2025-05-26 06:00:00+00:00,29.2,69.6,447.0,274.0,4.6,16.4,103.0
2025-05-26 07:00:00+00:00,29.2,70.1,447.0,261.0,3.9,16.3,107.0
2025-05-26 08:00:00+00:00,28.2,67.1,446.0,251.0,3.5,15.5,106.0
2025-05-26 09:00:00+00:00,26.8,63.6,446.0,249.0,3.7,14.8,102.0
2025-05-26 10:00:00+00:00,25.4,60.5,446.0,262.0,4.5,14.2,94.0
2025-05-26 11:00:00+00:00,24.3,58.2,446.0,283.0,5.8,13.6,84.0
2025-05-26 12:00:00+00:00,37.8,87.8,446.0,299.0,9.9,16.1,83.0
2025-05-26 13:00:00+00:00,34.9,82.0,446.0,309.0,13.8,14.8,69.0
2025-05-26 14:00:00+00:00,32.9,73.3,447.0,314.0,19.1,13.1,51.0
2025-05-26 15:00:00+00:00,31.3,65.0,447.0,307.0,22.4,11.6,38.0
2025-05-26 16:00:00+00:00,30.0,59.1,447.0,279.0,21.9,10.8,36.0
2025-05-26 17:00:00+00:00,28.9,53.0,446.0,240.0,19.3,10.4,40.0
2025-05-26 18:00:00+00:00,27.8,50.2,446.0,205.0,16.5,9.9,44.0
2025-05-26 19:00:00+00:00,26.0,47.1,446.0,182.0,13.6,9.1,47.0
2025-05-26 20:00:00+00:00,24.0,44.7,445.0,163.0,10.4,8.3,50.0
2025-05-26 21:00:00+00:00,22.1,42.0,445.0,150.0,7.9,7.7,52.0
2025-05-26 22:00:00+00:00,20.2,38.9,445.0,136.0,6.5,7.2,53.0
2025-05-26 23:00:00+00:00,18.9,37.0,445.0,127.0,5.8,7.0,53.0
2025-05-27 00:00:00+00:00,17.5,30.2,445.0,138.0,6.0,7.3,52.0
2025-05-27 01:00:00+00:00,17.3,32.5,445.0,190.0,6.8,8.2,53.0
2025-05-27 02:00:00+00:00,18.6,37.5,446.0,262.0,7.8,9.5,55.0
2025-05-27 03:00:00+00:00,20.0,43.1,446.0,306.0,8.2,10.7,60.0
2025-05-27 04:00:00+00:00,21.1,46.8,446.0,294.0,7.2,11.7,72.0
2025-05-27 05:00:00+00:00,22.1,49.5,445.0,254.0,5.5,12.5,86.0
2025-05-27 06:00:00+00:00,23.1,53.6,445.0,223.0,4.2,13.1,97.0
2025-05-27 07:00:00+00:00,23.6,57.2,445.0,213.0,3.6,13.3,101.0
2025-05-27 08:00:00+00:00,23.6,57.0,444.0,211.0,3.5,13.1,101.0
2025-05-27 09:00:00+00:00,23.3,55.2,444.0,215.0,3.8,12.9,98.0
2025-05-27 10:00:00+00:00,23.0,53.8,444.0,226.0,4.7,12.6,92.0
2025-05-27 11:00:00+00:00,22.8,51.6,445.0,243.0,6.2,12.2,83.0
2025-05-27 12:00:00+00:00,27.4,63.3,445.0,255.0,7.0,11.9,73.0
2025-05-27 13:00:00+00:00,27.2,59.6,445.0,258.0,9.4,11.9,66.0
2025-05-27 14:00:00+00:00,27.0,54.7,446.0,256.0,12.6,11.9,57.0
2025-05-27 15:00:00+00:00,26.4,50.4,446.0,252.0,14.9,11.8,50.0
2025-05-27 16:00:00+00:00,24.9,44.9,446.0,246.0,15.2,11.4,48.0
2025-05-27 17:00:00+00:00,24.3,43.7,445.0,238.0,14.5,10.7,49.0
2025-05-27 18:00:00+00:00,24.3,44.1,445.0,230.0,13.7,10.2,49.0
2025-05-27 19:00:00+00:00,24.1,44.5,446.0,223.0,13.3,9.8,48.0
2025-05-27 20:00:00+00:00,24.8,46.3,447.0,215.0,12.9,9.5,47.0
2025-05-27 21:00:00+00:00,23.7,44.0,447.0,203.0,12.1,9.2,47.0
2025-05-27 22:00:00+00:00,21.7,41.0,446.0,178.0,10.5,8.6,49.0
2025-05-27 23:00:00+00:00,20.1,40.0,445.0,149.0,8.7,7.9,52.0
2025-05-28 00:00:00+00:00,20.4,44.8,444.0,141.0,7.6,7.7,56.0
2025-05-28 01:00:00+00:00,20.3,45.1,444.0,177.0,7.9,9.1,58.0
2025-05-28 02:00:00+00:00,21.4,49.8,445.0,233.0,8.3,11.1,61.0
2025-05-28 03:00:00+00:00,29.5,81.7,445.0,271.0,8.2,12.9,67.0
2025-05-28 04:00:00+00:00,25.0,66.8,445.0,268.0,7.1,14.4,79.0
2025-05-28 05:00:00+00:00,26.4,69.8,445.0,245.0,5.4,15.6,95.0
2025-05-28 06:00:00+00:00,28.1,74.5,445.0,228.0,4.2,16.5,107.0
2025-05-28 07:00:00+00:00,29.3,78.5,445.0,225.0,3.7,16.7,114.0
2025-05-28 08:00:00+00:00,30.6,85.2,445.0,227.0,3.6,16.5,119.0
2025-05-28 09:00:00+00:00,31.9,92.2,445.0,235.0,4.2,16.2,119.0
2025-05-28 10:00:00+00:00,33.1,100.1,445.0,254.0,5.3,16.2,115.0
2025-05-28 11:00:00+00:00,33.9,109.2,446.0,278.0,7.2,16.1,107.0
2025-05-28 12:00:00+00:00,32.2,96.6,446.0,299.0,9.9,16.1,98.0
2025-05-28 13:00:00+00:00,31.2,95.0,447.0,311.0,13.9,14.9,87.0
2025-05-28 14:00:00+00:00,29.5,83.6,447.0,318.0,19.4,13.3,71.0
2025-05-28 15:00:00+00:00,27.5,66.6,448.0,325.0,23.5,12.3,59.0
2025-05-28 16:00:00+00:00,26.5,57.4,449.0,341.0,25.2,12.5,54.0
2025-05-28 17:00:00+00:00,26.1,55.3,450.0,356.0,25.5,13.3,52.0
2025-05-28 18:00:00+00:00,25.4,49.1,450.0,349.0,24.3,13.5,51.0
2025-05-28 19:00:00+00:00,24.2,43.0,449.0,297.0,20.7,12.6,52.0
2025-05-28 20:00:00+00:00,21.7,37.4,447.0,223.0,15.6,11.2,54.0
2025-05-28 21:00:00+00:00,19.2,32.7,446.0,167.0,11.4,9.9,55.0
2025-05-28 22:00:00+00:00,17.8,31.2,446.0,137.0,8.9,8.9,55.0
2025-05-28 23:00:00+00:00,17.5,33.5,446.0,127.0,7.3,8.0,54.0
2025-05-29 00:00:00+00:00,17.2,35.2,447.0,154.0,7.3,7.3,56.0
2025-05-29 01:00:00+00:00,18.3,40.2,448.0,254.0,10.0,8.2,54.0
2025-05-29 02:00:00+00:00,21.0,48.9,450.0,393.0,13.7,9.7,52.0
2025-05-29 03:00:00+00:00,25.4,73.1,451.0,483.0,15.8,12.1,61.0
2025-05-29 04:00:00+00:00,32.7,115.9,450.0,480.0,14.8,16.8,90.0
2025-05-29 05:00:00+00:00,44.4,188.6,449.0,429.0,12.2,22.6,130.0
2025-05-29 06:00:00+00:00,55.9,279.4,448.0,379.0,9.8,25.9,159.0
2025-05-29 07:00:00+00:00,49.8,247.7,448.0,339.0,7.6,25.0,168.0
2025-05-29 08:00:00+00:00,40.4,192.3,448.0,300.0,5.5,21.7,165.0
2025-05-29 09:00:00+00:00,41.2,195.1,448.0,289.0,5.0,18.3,158.0
2025-05-29 10:00:00+00:00,48.0,224.4,448.0,331.0,7.3,15.4,146.0
2025-05-29 11:00:00+00:00,50.6,219.3,449.0,401.0,11.2,12.5,129.0
2025-05-29 12:00:00+00:00,50.2,196.0,449.0,451.0,14.9,12.3,117.0
2025-05-29 13:00:00+00:00,47.5,178.3,449.0,463.0,17.5,10.8,104.0
2025-05-29 14:00:00+00:00,42.1,153.2,450.0,454.0,21.0,8.6,87.0
2025-05-29 15:00:00+00:00,38.5,151.3,450.0,429.0,22.5,7.1,76.0
2025-05-29 16:00:00+00:00,33.8,126.2,449.0,380.0,20.2,6.9,77.0
2025-05-29 17:00:00+00:00,30.0,106.9,449.0,315.0,15.8,7.2,83.0
2025-05-29 18:00:00+00:00,27.6,93.1,448.0,258.0,11.9,7.3,90.0
2025-05-29 19:00:00+00:00,26.3,87.1,448.0,218.0,9.1,6.7,95.0
2025-05-29 20:00:00+00:00,25.3,81.7,448.0,187.0,6.6,5.8,99.0
2025-05-29 21:00:00+00:00,25.1,80.1,448.0,167.0,4.9,5.2,102.0
2025-05-29 22:00:00+00:00,25.6,83.8,448.0,156.0,3.8,5.0,103.0
2025-05-29 23:00:00+00:00,26.4,92.4,449.0,157.0,3.5,5.1,103.0
2025-05-30 00:00:00+00:00,24.9,87.3,449.0,174.0,4.0,5.4,95.0
2025-05-30 01:00:00+00:00,26.5,97.8,449.0,224.0,7.3,6.0,91.0
2025-05-30 02:00:00+00:00,29.6,111.8,448.0,291.0,11.8,6.8,86.0
2025-05-30 03:00:00+00:00,32.6,117.8,448.0,333.0,14.2,7.7,87.0
2025-05-30 04:00:00+00:00,43.2,192.8,448.0,326.0,12.4,8.7,98.0
2025-05-30 05:00:00+00:00,56.5,279.4,447.0,293.0,8.4,9.7,115.0
2025-05-30 06:00:00+00:00,61.0,298.0,447.0,267.0,5.4,10.5,128.0
2025-05-30 07:00:00+00:00,60.5,285.0,447.0,255.0,4.4,10.8,133.0
2025-05-30 08:00:00+00:00,60.3,275.7,446.0,250.0,4.3,10.9,133.0
2025-05-30 09:00:00+00:00,61.7,271.9,446.0,254.0,4.9,10.6,130.0
2025-05-30 10:00:00+00:00,60.8,258.0,446.0,273.0,6.2,9.8,121.0
2025-05-30 11:00:00+00:00,56.0,228.2,446.0,302.0,8.2,8.7,108.0
2025-05-30 12:00:00+00:00,44.5,170.4,446.0,330.0,10.3,8.0,95.0
2025-05-30 13:00:00+00:00,34.8,120.6,447.0,360.0,13.6,7.9,85.0
2025-05-30 14:00:00+00:00,29.6,84.8,448.0,389.0,18.0,7.7,71.0
2025-05-30 15:00:00+00:00,28.5,71.7,448.0,391.0,19.9,7.4,62.0
2025-05-30 16:00:00+00:00,27.4,75.4,447.0,344.0,17.1,7.1,64.0
2025-05-30 17:00:00+00:00,25.4,67.5,446.0,270.0,12.0,6.8,71.0
2025-05-30 18:00:00+00:00,23.8,59.6,445.0,209.0,7.7,6.4,76.0
2025-05-30 19:00:00+00:00,22.3,52.5,445.0,176.0,5.7,6.0,77.0
2025-05-30 20:00:00+00:00,21.0,47.3,445.0,155.0,4.6,5.6,76.0
2025-05-30 21:00:00+00:00,20.1,42.6,445.0,142.0,3.9,5.3,75.0
2025-05-30 22:00:00+00:00,18.9,37.3,445.0,133.0,3.4,5.1,74.0
2025-05-30 23:00:00+00:00,18.7,37.5,446.0,131.0,3.3,5.1,72.0
2025-05-31 00:00:00+00:00,19.2,45.2,446.0,142.0,3.8,5.3,70.0
2025-05-31 01:00:00+00:00,19.5,43.2,446.0,176.0,5.7,6.1,69.0
2025-05-31 02:00:00+00:00,21.2,48.5,445.0,223.0,8.2,7.3,68.0
2025-05-31 03:00:00+00:00,23.7,60.8,445.0,254.0,9.5,8.5,72.0
2025-05-31 04:00:00+00:00,29.8,105.5,445.0,252.0,8.6,9.8,87.0
2025-05-31 05:00:00+00:00,40.3,179.7,445.0,234.0,6.5,11.1,107.0
2025-05-31 06:00:00+00:00,56.3,292.4,445.0,221.0,4.9,12.1,122.0
2025-05-31 07:00:00+00:00,69.2,378.1,445.0,219.0,4.3,12.6,130.0
2025-05-31 08:00:00+00:00,73.1,385.6,445.0,221.0,4.3,12.7,133.0
2025-05-31 09:00:00+00:00,72.6,355.8,445.0,230.0,4.7,12.4,132.0
2025-05-31 10:00:00+00:00,68.5,306.4,445.0,254.0,5.8,11.5,124.0
2025-05-31 11:00:00+00:00,59.5,243.1,446.0,284.0,7.5,10.2,112.0
2025-05-31 12:00:00+00:00,41.3,170.4,446.0,298.0,8.3,9.5,91.0
2025-05-31 13:00:00+00:00,32.8,127.1,445.0,278.0,9.9,8.8,83.0
2025-05-31 14:00:00+00:00,26.8,91.7,445.0,242.0,12.1,7.8,72.0
2025-05-31 15:00:00+00:00,22.9,67.1,444.0,213.0,13.2,7.0,64.0
2025-05-31 16:00:00+00:00,21.5,59.6,444.0,204.0,12.3,6.8,63.0
2025-05-31 17:00:00+00:00,20.8,55.4,444.0,203.0,10.4,6.8,66.0
2025-05-31 18:00:00+00:00,20.1,52.4,444.0,196.0,8.6,6.7,68.0
2025-05-31 19:00:00+00:00,19.4,49.6,444.0,174.0,7.2,6.3,69.0
2025-05-31 20:00:00+00:00,18.7,47.0,443.0,146.0,5.8,5.8,69.0
2025-05-31 21:00:00+00:00,17.9,44.1,443.0,128.0,4.9,5.5,70.0
2025-05-31 22:00:00+00:00,17.2,40.5,444.0,124.0,4.1,5.3,71.0
2025-05-31 23:00:00+00:00,16.6,37.4,445.0,129.0,3.7,5.3,71.0
2025-06-01 00:00:00+00:00,16.0,33.2,446.0,146.0,3.9,5.5,67.0
2025-06-01 01:00:00+00:00,16.0,32.4,446.0,187.0,5.9,6.3,66.0
2025-06-01 02:00:00+00:00,17.6,36.8,445.0,241.0,8.6,7.5,66.0
2025-06-01 03:00:00+00:00,22.7,68.0,445.0,275.0,10.1,9.0,71.0
2025-06-01 04:00:00+00:00,31.9,129.5,445.0,271.0,9.3,11.3,88.0
2025-06-01 05:00:00+00:00,44.2,209.5,445.0,249.0,7.4,13.8,111.0
2025-06-01 06:00:00+00:00,56.2,286.8,445.0,233.0,5.8,15.4,127.0
2025-06-01 07:00:00+00:00,63.3,322.2,445.0,232.0,4.9,15.2,132.0
2025-06-01 08:00:00+00:00,68.7,331.6,446.0,239.0,4.3,14.1,131.0
2025-06-01 09:00:00+00:00,73.3,334.3,446.0,254.0,4.4,12.8,126.0
2025-06-01 10:00:00+00:00,73.6,314.8,446.0,284.0,5.4,11.5,117.0
2025-06-01 11:00:00+00:00,66.4,267.3,447.0,323.0,7.1,10.0,105.0
2025-06-01 12:00:00+00:00,52.4,208.6,447.0,357.0,10.5,9.3,89.0
2025-06-01 13:00:00+00:00,40.2,154.6,448.0,388.0,14.8,9.2,78.0
2025-06-01 14:00:00+00:00,32.5,118.5,449.0,413.0,20.6,9.0,63.0
2025-06-01 15:00:00+00:00,29.7,101.5,449.0,413.0,23.9,8.9,52.0
2025-06-01 16:00:00+00:00,28.1,93.6,448.0,371.0,22.7,9.0,49.0
2025-06-01 17:00:00+00:00,25.9,79.9,446.0,303.0,19.2,9.2,51.0
2025-06-01 18:00:00+00:00,23.5,65.7,445.0,241.0,15.5,9.1,53.0
2025-06-01 19:00:00+00:00,21.5,56.5,444.0,193.0,12.2,8.3,55.0
2025-06-01 20:00:00+00:00,19.9,50.5,443.0,151.0,8.7,7.2,59.0
2025-06-01 21:00:00+00:00,19.4,50.9,443.0,124.0,6.2,6.4,62.0
2025-06-01 22:00:00+00:00,20.2,56.8,443.0,114.0,4.9,6.0,65.0
2025-06-01 23:00:00+00:00,21.8,65.9,444.0,118.0,4.5,5.8,67.0
2025-06-02 00:00:00+00:00,22.7,79.2,445.0,138.0,4.9,5.9,66.0
2025-06-02 01:00:00+00:00,25.0,84.1,445.0,189.0,6.9,6.9,66.0
2025-06-02 02:00:00+00:00,29.5,107.8,445.0,255.0,9.5,8.4,66.0
2025-06-02 03:00:00+00:00,38.8,173.7,445.0,294.0,10.9,10.1,72.0
2025-06-02 04:00:00+00:00,52.0,268.2,445.0,277.0,9.7,12.4,88.0
2025-06-02 05:00:00+00:00,63.1,331.6,444.0,233.0,7.3,14.9,109.0
2025-06-02 06:00:00+00:00,70.3,366.9,444.0,199.0,5.3,16.5,124.0
2025-06-02 07:00:00+00:00,73.1,372.5,444.0,190.0,4.4,16.3,129.0
2025-06-02 08:00:00+00:00,72.9,362.3,444.0,192.0,4.0,15.2,128.0
2025-06-02 09:00:00+00:00,72.9,360.4,444.0,199.0,4.1,14.0,124.0
2025-06-02 10:00:00+00:00,71.0,341.8,444.0,213.0,4.8,12.9,117.0
2025-06-02 11:00:00+00:00,67.1,314.8,445.0,232.0,6.1,11.8,107.0
2025-06-02 12:00:00+00:00,61.2,289.6,445.0,243.0,8.2,11.1,92.0
2025-06-02 13:00:00+00:00,52.4,228.6,445.0,241.0,11.9,10.6,82.0
2025-06-02 14:00:00+00:00,41.7,157.9,445.0,231.0,16.8,10.0,68.0
2025-06-02 15:00:00+00:00,35.3,120.1,445.0,220.0,19.6,9.3,59.0
2025-06-02 16:00:00+00:00,31.9,103.6,445.0,208.0,18.3,8.7,58.0
2025-06-02 17:00:00+00:00,29.4,92.0,445.0,195.0,14.8,8.2,62.0
2025-06-02 18:00:00+00:00,27.1,80.1,445.0,181.0,11.5,7.7,65.0
2025-06-02 19:00:00+00:00,25.6,73.1,445.0,165.0,9.1,7.2,66.0
2025-06-02 20:00:00+00:00,24.8,69.8,445.0,148.0,7.0,6.8,66.0
2025-06-02 21:00:00+00:00,24.4,70.5,445.0,136.0,5.5,6.5,66.0
2025-06-02 22:00:00+00:00,24.6,75.7,445.0,127.0,4.8,6.3,66.0
2025-06-02 23:00:00+00:00,24.5,77.8,445.0,122.0,4.6,6.2,66.0
2025-06-03 00:00:00+00:00,24.6,77.8,445.0,130.0,4.6,6.1,68.0
2025-06-03 01:00:00+00:00,23.7,72.2,445.0,162.0,5.7,6.7,69.0
2025-06-03 02:00:00+00:00,24.5,74.5,445.0,206.0,7.1,7.6,72.0
2025-06-03 03:00:00+00:00,26.7,92.0,445.0,233.0,7.7,8.4,76.0
2025-06-03 04:00:00+00:00,28.0,102.2,445.0,226.0,6.6,9.1,84.0
2025-06-03 05:00:00+00:00,28.4,105.9,445.0,202.0,4.7,9.7,95.0
2025-06-03 06:00:00+00:00,28.3,104.8,445.0,184.0,3.2,10.2,103.0
2025-06-03 07:00:00+00:00,28.1,101.7,445.0,180.0,2.7,10.5,107.0
2025-06-03 08:00:00+00:00,28.5,101.7,446.0,183.0,2.7,10.6,109.0
2025-06-03 09:00:00+00:00,29.4,103.6,446.0,191.0,3.1,10.8,110.0
2025-06-03 10:00:00+00:00,29.9,103.1,446.0,209.0,3.8,11.3,110.0
2025-06-03 11:00:00+00:00,30.2,100.8,446.0,233.0,4.9,11.8,108.0
2025-06-03 12:00:00+00:00,39.1,137.4,446.0,250.0,6.9,12.4,100.0
2025-06-03 13:00:00+00:00,38.1,119.7,446.0,256.0,11.4,12.1,90.0
2025-06-03 14:00:00+00:00,36.8,98.3,447.0,257.0,17.4,11.7,76.0
2025-06-03 15:00:00+00:00,36.6,83.8,447.0,252.0,21.1,11.2,67.0
2025-06-03 16:00:00+00:00,36.3,78.2,447.0,242.0,20.3,10.5,67.0
2025-06-03 17:00:00+00:00,35.4,70.5,446.0,228.0,17.1,9.8,72.0
2025-06-03 18:00:00+00:00,34.2,65.4,446.0,211.0,14.1,9.1,75.0
2025-06-03 19:00:00+00:00,32.8,64.5,446.0,191.0,11.8,8.6,75.0
2025-06-03 20:00:00+00:00,32.1,69.6,447.0,169.0,9.7,8.2,73.0
2025-06-03 21:00:00+00:00,31.7,75.0,447.0,152.0,8.2,8.0,71.0
2025-06-03 22:00:00+00:00,31.1,77.3,447.0,139.0,7.6,8.1,69.0
2025-06-03 23:00:00+00:00,30.2,77.1,446.0,130.0,7.6,8.5,66.0
2025-06-04 00:00:00+00:00,28.6,80.1,445.0,135.0,6.8,7.8,68.0
2025-06-04 01:00:00+00:00,28.6,79.2,445.0,166.0,7.5,9.1,71.0
2025-06-04 02:00:00+00:00,30.7,93.4,444.0,211.0,8.5,10.9,75.0
2025-06-04 03:00:00+00:00,31.4,103.6,444.0,238.0,8.7,12.4,81.0
2025-06-04 04:00:00+00:00,32.4,110.6,444.0,228.0,7.4,13.5,91.0
2025-06-04 05:00:00+00:00,32.7,108.3,444.0,200.0,5.3,14.3,102.0
2025-06-04 06:00:00+00:00,32.7,106.6,444.0,179.0,3.7,14.6,110.0
2025-06-04 07:00:00+00:00,31.8,101.7,444.0,176.0,3.0,13.9,112.0
2025-06-04 08:00:00+00:00,30.5,98.7,444.0,180.0,2.8,12.7,109.0
2025-06-04 09:00:00+00:00,28.9,95.5,444.0,188.0,3.0,11.7,105.0
2025-06-04 10:00:00+00:00,26.8,88.0,444.0,202.0,3.4,11.4,98.0
2025-06-04 11:00:00+00:00,24.9,81.3,445.0,221.0,4.1,11.3,90.0
2025-06-04 12:00:00+00:00,28.8,99.4,445.0,233.0,6.0,12.2,83.0
2025-06-04 13:00:00+00:00,27.4,91.0,445.0,234.0,9.6,12.2,72.0
2025-06-04 14:00:00+00:00,25.7,78.5,444.0,228.0,14.6,12.2,56.0
2025-06-04 15:00:00+00:00,25.3,64.0,444.0,220.0,17.9,12.1,45.0
2025-06-04 16:00:00+00:00,25.6,60.8,444.0,213.0,18.3,11.8,41.0
2025-06-04 17:00:00+00:00,25.5,58.8,444.0,203.0,17.1,11.3,42.0
2025-06-04 18:00:00+00:00,24.6,57.9,444.0,191.0,15.4,10.8,43.0
2025-06-04 19:00:00+00:00,23.9,58.9,444.0,172.0,13.2,10.1,45.0
2025-06-04 20:00:00+00:00,22.8,58.6,444.0,151.0,10.4,9.3,47.0
2025-06-04 21:00:00+00:00,22.1,60.8,444.0,135.0,8.5,8.8,49.0
2025-06-04 22:00:00+00:00,21.4,60.8,445.0,125.0,8.0,8.5,48.0
2025-06-04 23:00:00+00:00,21.0,60.3,446.0,121.0,8.4,8.4,47.0
2025-06-05 00:00:00+00:00,19.5,55.6,446.0,130.0,6.3,7.7,52.0
2025-06-05 01:00:00+00:00,21.0,63.1,446.0,164.0,6.7,9.1,55.0
2025-06-05 02:00:00+00:00,23.6,76.6,445.0,209.0,7.2,10.9,59.0
2025-06-05 03:00:00+00:00,23.5,80.6,444.0,237.0,7.2,12.3,65.0
2025-06-05 04:00:00+00:00,24.3,84.8,444.0,227.0,6.1,12.7,75.0
2025-06-05 05:00:00+00:00,24.9,85.2,444.0,199.0,4.5,12.6,87.0
2025-06-05 06:00:00+00:00,25.4,85.2,444.0,178.0,3.3,12.5,96.0
2025-06-05 07:00:00+00:00,25.8,83.8,444.0,174.0,2.8,12.6,101.0
2025-06-05 08:00:00+00:00,25.8,82.0,444.0,178.0,2.8,12.6,103.0
2025-06-05 09:00:00+00:00,25.6,79.9,444.0,187.0,3.1,12.9,102.0
2025-06-05 10:00:00+00:00,25.0,77.3,444.0,204.0,3.6,13.6,99.0
2025-06-05 11:00:00+00:00,24.2,73.3,444.0,226.0,4.4,14.5,92.0
2025-06-05 12:00:00+00:00,29.4,94.8,444.0,240.0,6.5,15.3,88.0
2025-06-05 13:00:00+00:00,27.9,87.5,444.0,240.0,9.8,14.9,76.0
2025-06-05 14:00:00+00:00,26.2,78.7,444.0,231.0,14.4,14.2,60.0
2025-06-05 15:00:00+00:00,25.5,66.8,444.0,222.0,18.0,13.6,47.0
2025-06-05 16:00:00+00:00,25.7,66.4,444.0,216.0,19.9,13.0,41.0
2025-06-05 17:00:00+00:00,25.8,64.5,444.0,209.0,20.7,12.5,39.0
2025-06-05 18:00:00+00:00,25.7,64.0,444.0,196.0,20.0,11.9,39.0
2025-06-05 19:00:00+00:00,25.1,64.0,444.0,172.0,16.8,11.4,43.0
2025-06-05 20:00:00+00:00,23.9,64.0,443.0,142.0,12.1,10.8,49.0
2025-06-05 21:00:00+00:00,23.3,64.0,443.0,121.0,8.6,10.4,53.0
2025-06-05 22:00:00+00:00,23.3,64.0,443.0,113.0,7.4,10.0,54.0
2025-06-05 23:00:00+00:00,22.5,60.5,444.0,114.0,7.4,9.6,52.0
2025-06-06 00:00:00+00:00,21.8,56.7,444.0,128.0,6.7,10.5,55.0
2025-06-06 01:00:00+00:00,23.0,60.3,444.0,169.0,6.9,11.2,57.0
2025-06-06 02:00:00+00:00,24.8,68.9,444.0,224.0,7.1,12.1,60.0
2025-06-06 03:00:00+00:00,25.3,69.8,444.0,257.0,6.9,12.7,66.0
2025-06-06 04:00:00+00:00,26.1,72.2,444.0,246.0,5.9,12.6,76.0
2025-06-06 05:00:00+00:00,27.4,74.5,443.0,212.0,4.4,12.3,88.0
2025-06-06 06:00:00+00:00,28.2,75.0,443.0,186.0,3.3,12.0,97.0
2025-06-06 07:00:00+00:00,28.9,74.5,443.0,178.0,2.8,12.0,101.0
2025-06-06 08:00:00+00:00,28.5,72.2,443.0,179.0,2.6,12.0,103.0
2025-06-06 09:00:00+00:00,27.8,70.3,443.0,184.0,2.9,12.2,102.0
2025-06-06 10:00:00+00:00,26.8,68.0,443.0,197.0,3.5,12.7,98.0
2025-06-06 11:00:00+00:00,25.8,65.7,444.0,215.0,4.4,13.3,91.0
2025-06-06 12:00:00+00:00,25.8,69.2,444.0,229.0,6.0,13.4,84.0
2025-06-06 13:00:00+00:00,25.0,65.0,444.0,237.0,9.4,13.2,74.0
2025-06-06 14:00:00+00:00,24.7,62.4,444.0,241.0,13.9,13.0,59.0
2025-06-06 15:00:00+00:00,24.9,56.9,444.0,237.0,17.1,12.6,49.0
2025-06-06 16:00:00+00:00,25.3,58.9,444.0,223.0,17.6,12.0,46.0
2025-06-06 17:00:00+00:00,25.5,60.3,444.0,201.0,16.8,11.3,47.0
2025-06-06 18:00:00+00:00,25.6,62.2,444.0,180.0,15.3,10.5,49.0
2025-06-06 19:00:00+00:00,25.3,63.8,444.0,161.0,13.2,9.6,52.0
2025-06-06 20:00:00+00:00,24.9,65.4,445.0,143.0,10.5,8.7,55.0
2025-06-06 21:00:00+00:00,24.2,65.4,445.0,130.0,8.3,8.0,58.0
2025-06-06 22:00:00+00:00,23.3,63.3,445.0,122.0,7.1,7.6,59.0
2025-06-06 23:00:00+00:00,22.8,62.2,445.0,120.0,6.4,7.4,60.0
2025-06-07 00:00:00+00:00,22.4,61.2,445.0,129.0,6.6,7.7,59.0
2025-06-07 01:00:00+00:00,22.6,61.7,445.0,161.0,7.0,8.8,61.0
2025-06-07 02:00:00+00:00,24.9,75.2,444.0,205.0,7.5,10.3,65.0
2025-06-07 03:00:00+00:00,24.9,75.9,444.0,231.0,7.4,11.6,70.0
2025-06-07 04:00:00+00:00,25.5,76.1,444.0,222.0,6.3,12.5,79.0
2025-06-07 05:00:00+00:00,26.2,76.1,444.0,194.0,4.7,13.3,90.0
2025-06-07 06:00:00+00:00,26.5,76.1,444.0,174.0,3.5,13.5,97.0
2025-06-07 07:00:00+00:00,26.4,78.0,444.0,169.0,3.0,12.9,99.0
2025-06-07 08:00:00+00:00,25.8,76.6,443.0,172.0,2.8,11.9,98.0
2025-06-07 09:00:00+00:00,25.4,75.4,443.0,178.0,3.0,11.1,95.0
2025-06-07 10:00:00+00:00,25.0,73.6,443.0,192.0,3.4,10.9,90.0
2025-06-07 11:00:00+00:00,24.6,71.9,443.0,209.0,4.2,10.9,84.0
2025-06-07 12:00:00+00:00,23.8,71.0,443.0,221.0,5.7,11.3,78.0
2025-06-07 13:00:00+00:00,23.4,66.1,443.0,221.0,8.6,11.1,70.0
2025-06-07 14:00:00+00:00,23.1,62.9,444.0,215.0,12.5,10.9,60.0
2025-06-07 15:00:00+00:00,23.3,56.6,444.0,208.0,15.1,10.6,52.0
2025-06-07 16:00:00+00:00,23.3,55.5,444.0,202.0,15.4,10.2,50.0
2025-06-07 17:00:00+00:00,23.2,53.4,444.0,196.0,14.5,9.7,52.0
2025-06-07 18:00:00+00:00,22.6,51.1,444.0,185.0,13.0,9.1,54.0
2025-06-07 19:00:00+00:00,21.7,48.4,444.0,167.0,10.9,8.4,57.0
2025-06-07 20:00:00+00:00,20.3,45.2,444.0,144.0,8.4,7.6,60.0
2025-06-07 21:00:00+00:00,19.0,42.4,444.0,128.0,6.4,7.1,63.0
2025-06-07 22:00:00+00:00,18.2,40.2,444.0,118.0,5.6,6.8,64.0
2025-06-07 23:00:00+00:00,17.6,39.2,444.0,113.0,5.3,6.8,65.0
2025-06-08 00:00:00+00:00,17.0,36.1,444.0,122.0,6.4,7.3,63.0
2025-06-08 01:00:00+00:00,17.3,38.8,444.0,159.0,6.8,8.4,66.0
2025-06-08 02:00:00+00:00,19.4,49.8,444.0,211.0,7.4,9.9,70.0
2025-06-08 03:00:00+00:00,20.7,55.2,444.0,242.0,7.4,11.3,76.0
2025-06-08 04:00:00+00:00,21.9,58.4,444.0,233.0,6.4,12.4,86.0
2025-06-08 05:00:00+00:00,23.2,61.0,443.0,204.0,4.9,13.3,97.0
2025-06-08 06:00:00+00:00,24.0,63.8,443.0,182.0,3.7,13.8,105.0
2025-06-08 07:00:00+00:00,24.0,63.8,443.0,176.0,3.2,13.6,107.0
2025-06-08 08:00:00+00:00,23.8,63.1,443.0,177.0,3.0,12.9,106.0
2025-06-08 09:00:00+00:00,23.5,61.2,443.0,183.0,3.2,12.2,102.0
2025-06-08 10:00:00+00:00,22.9,58.8,443.0,198.0,3.6,11.7,96.0
2025-06-08 11:00:00+00:00,22.2,56.3,444.0,217.0,4.2,11.3,89.0
2025-06-08 12:00:00+00:00,25.4,66.8,444.0,229.0,5.9,11.8,84.0
2025-06-08 13:00:00+00:00,24.3,62.6,444.0,225.0,8.6,11.6,76.0
2025-06-08 14:00:00+00:00,23.6,59.1,444.0,213.0,12.4,11.3,64.0
2025-06-08 15:00:00+00:00,23.7,52.5,444.0,201.0,15.1,11.0,56.0
2025-06-08 16:00:00+00:00,24.2,52.5,444.0,193.0,15.9,10.8,54.0
2025-06-08 17:00:00+00:00,24.4,52.4,444.0,186.0,15.6,10.5,55.0
2025-06-08 18:00:00+00:00,24.5,51.7,444.0,176.0,14.7,10.1,57.0
2025-06-08 19:00:00+00:00,23.9,49.7,444.0,161.0,12.8,9.3,59.0
2025-06-08 20:00:00+00:00,23.0,47.4,443.0,143.0,10.2,8.3,61.0
2025-06-08 21:00:00+00:00,22.1,45.9,443.0,130.0,8.2,7.6,63.0
2025-06-08 22:00:00+00:00,21.5,44.7,443.0,121.0,7.2,7.2,63.0
2025-06-08 23:00:00+00:00,21.0,43.8,444.0,117.0,6.7,7.1,63.0
2025-06-09 00:00:00+00:00,20.9,42.4,444.0,127.0,6.9,7.8,62.0
2025-06-09 01:00:00+00:00,21.0,42.7,444.0,166.0,7.2,8.9,64.0
2025-06-09 02:00:00+00:00,26.6,61.2,443.0,218.0,7.5,10.4,66.0
2025-06-09 03:00:00+00:00,23.4,54.6,443.0,249.0,7.3,11.6,71.0
2025-06-09 04:00:00+00:00,24.2,55.6,443.0,235.0,6.2,12.3,79.0
2025-06-09 05:00:00+00:00,24.7,56.2,442.0,199.0,4.5,12.7,90.0
2025-06-09 06:00:00+00:00,24.9,56.2,442.0,172.0,3.3,12.8,97.0
2025-06-09 07:00:00+00:00,24.7,55.2,442.0,166.0,2.8,12.4,99.0
2025-06-09 08:00:00+00:00,24.4,54.5,442.0,168.0,2.8,11.7,99.0
2025-06-09 09:00:00+00:00,24.0,53.9,442.0,174.0,3.0,11.2,96.0
2025-06-09 10:00:00+00:00,23.4,52.7,442.0,184.0,3.4,11.0,92.0
2025-06-09 11:00:00+00:00,22.6,51.8,442.0,198.0,4.1,10.9,85.0
2025-06-09 12:00:00+00:00,22.3,53.3,442.0,206.0,5.7,11.2,78.0
2025-06-09 13:00:00+00:00,21.5,52.2,442.0,205.0,8.7,11.3,70.0
2025-06-09 14:00:00+00:00,20.7,50.5,442.0,199.0,12.8,11.5,58.0
2025-06-09 15:00:00+00:00,20.5,45.5,442.0,193.0,15.7,11.5,50.0
2025-06-09 16:00:00+00:00,20.5,45.6,442.0,188.0,16.5,11.2,47.0
2025-06-09 17:00:00+00:00,20.1,44.7,442.0,183.0,16.1,10.6,47.0
2025-06-09 18:00:00+00:00,19.4,43.2,442.0,174.0,14.9,10.0,48.0
2025-06-09 19:00:00+00:00,18.6,41.9,442.0,158.0,12.6,9.2,51.0
2025-06-09 20:00:00+00:00,17.6,40.4,443.0,139.0,9.5,8.2,55.0
2025-06-09 21:00:00+00:00,17.0,39.5,443.0,125.0,7.1,7.5,58.0
2025-06-09 22:00:00+00:00,16.8,38.6,443.0,117.0,6.1,7.1,59.0
2025-06-09 23:00:00+00:00,16.6,38.0,443.0,114.0,5.8,6.9,60.0
2025-06-10 00:00:00+00:00,17.4,37.5,443.0,125.0,6.1,7.3,62.0
2025-06-10 01:00:00+00:00,17.8,38.4,443.0,162.0,6.4,8.3,65.0
2025-06-10 02:00:00+00:00,19.7,45.4,444.0,213.0,6.8,9.7,69.0
2025-06-10 03:00:00+00:00,20.3,48.4,444.0,243.0,6.7,10.7,74.0
2025-06-10 04:00:00+00:00,20.8,49.6,444.0,232.0,5.7,11.1,82.0
2025-06-10 05:00:00+00:00,21.4,51.2,443.0,201.0,4.2,11.3,90.0
2025-06-10 06:00:00+00:00,21.7,52.3,443.0,178.0,3.1,11.2,96.0
2025-06-10 07:00:00+00:00,21.7,52.0,443.0,172.0,2.7,10.8,97.0
2025-06-10 08:00:00+00:00,21.5,51.3,443.0,174.0,2.6,10.3,96.0
2025-06-10 09:00:00+00:00,21.2,50.6,443.0,181.0,2.8,9.9,93.0
2025-06-10 10:00:00+00:00,20.8,49.1,443.0,196.0,3.2,9.9,89.0
2025-06-10 11:00:00+00:00,20.2,47.4,443.0,217.0,4.0,10.0,84.0
2025-06-10 12:00:00+00:00,25.9,63.8,443.0,229.0,5.4,10.7,78.0
2025-06-10 13:00:00+00:00,24.9,60.3,443.0,226.0,7.1,10.8,72.0
2025-06-10 14:00:00+00:00,24.3,58.3,443.0,215.0,9.4,10.9,64.0
2025-06-10 15:00:00+00:00,23.2,52.3,443.0,206.0,11.4,10.9,58.0
2025-06-10 16:00:00+00:00,23.0,50.2,443.0,204.0,12.9,10.8,54.0
2025-06-10 17:00:00+00:00,23.0,49.8,444.0,202.0,14.0,10.7,53.0
2025-06-10 18:00:00+00:00,23.1,50.2,444.0,195.0,14.1,10.4,52.0
2025-06-10 19:00:00+00:00,22.5,48.9,444.0,174.0,12.5,9.8,54.0
2025-06-10 20:00:00+00:00,21.5,46.9,443.0,148.0,10.0,8.9,57.0
2025-06-10 21:00:00+00:00,20.4,44.7,443.0,128.0,8.0,8.3,59.0
2025-06-10 22:00:00+00:00,19.8,43.7,443.0,119.0,7.1,7.8,59.0
2025-06-10 23:00:00+00:00,19.3,42.5,442.0,117.0,6.7,7.5,59.0
2025-06-11 00:00:00+00:00,18.6,40.2,442.0,127.0,6.6,7.7,60.0
2025-06-11 01:00:00+00:00,18.8,40.9,442.0,162.0,6.9,8.8,62.0
2025-06-11 02:00:00+00:00,20.3,46.9,443.0,209.0,7.3,10.3,65.0
2025-06-11 03:00:00+00:00,20.1,49.8,443.0,238.0,7.2,11.4,70.0
2025-06-11 04:00:00+00:00,20.5,51.1,443.0,229.0,6.0,11.8,78.0
2025-06-11 05:00:00+00:00,21.0,51.3,443.0,202.0,4.4,11.8,87.0
2025-06-11 06:00:00+00:00,21.1,50.8,443.0,181.0,3.1,11.6,94.0
2025-06-11 07:00:00+00:00,20.9,49.2,443.0,176.0,2.6,11.1,95.0
2025-06-11 08:00:00+00:00,20.7,48.7,443.0,178.0,2.5,10.5,94.0
2025-06-11 09:00:00+00:00,20.6,49.1,443.0,186.0,2.8,10.1,91.0
2025-06-11 10:00:00+00:00,20.6,48.4,443.0,204.0,3.4,10.3,87.0
2025-06-11 11:00:00+00:00,20.4,47.8,443.0,229.0,4.4,10.7,83.0
2025-06-11 12:00:00+00:00,25.1,61.7,443.0,243.0,5.8,12.3,80.0
2025-06-11 13:00:00+00:00,25.0,58.3,443.0,239.0,8.0,12.5,73.0
2025-06-11 14:00:00+00:00,24.6,54.0,443.0,225.0,11.1,12.7,63.0
2025-06-11 15:00:00+00:00,24.3,48.5,443.0,211.0,13.3,12.6,55.0
2025-06-11 16:00:00+00:00,24.2,44.8,443.0,199.0,14.1,12.0,52.0
2025-06-11 17:00:00+00:00,23.5,43.3,443.0,187.0,14.0,11.1,52.0
2025-06-11 18:00:00+00:00,23.1,42.5,443.0,174.0,13.2,10.3,52.0
2025-06-11 19:00:00+00:00,20.8,38.3,443.0,157.0,11.4,9.5,53.0
2025-06-11 20:00:00+00:00,19.4,35.9,442.0,139.0,9.0,8.8,55.0
2025-06-11 21:00:00+00:00,18.2,33.5,442.0,126.0,7.1,8.2,57.0
2025-06-11 22:00:00+00:00,17.1,31.2,442.0,118.0,6.2,7.7,57.0
2025-06-11 23:00:00+00:00,16.2,29.7,443.0,116.0,5.7,7.2,57.0
2025-06-12 00:00:00+00:00,15.8,27.9,443.0,128.0,5.7,7.3,57.0
2025-06-12 01:00:00+00:00,15.8,28.6,443.0,169.0,6.5,8.3,58.0
2025-06-12 02:00:00+00:00,16.8,32.0,443.0,224.0,7.6,9.7,59.0
2025-06-12 03:00:00+00:00,18.1,38.1,443.0,257.0,7.9,11.0,63.0
2025-06-12 04:00:00+00:00,18.9,41.0,443.0,245.0,6.9,12.2,73.0
2025-06-12 05:00:00+00:00,20.1,43.1,442.0,210.0,5.1,13.3,86.0
2025-06-12 06:00:00+00:00,21.0,45.9,442.0,184.0,3.8,13.9,95.0
2025-06-12 07:00:00+00:00,21.4,48.0,442.0,179.0,3.2,13.6,98.0
2025-06-12 08:00:00+00:00,21.5,50.2,442.0,183.0,3.1,12.9,98.0
2025-06-12 09:00:00+00:00,21.0,48.8,442.0,191.0,3.3,12.2,96.0
2025-06-12 10:00:00+00:00,20.3,47.5,442.0,207.0,4.0,11.9,91.0
2025-06-12 11:00:00+00:00,19.2,44.5,443.0,227.0,5.1,11.6,84.0
2025-06-12 12:00:00+00:00,15.9,37.0,443.0,239.0,7.2,12.8,78.0
2025-06-12 13:00:00+00:00,15.0,32.5,443.0,236.0,9.5,12.6,69.0
2025-06-12 14:00:00+00:00,13.8,27.0,443.0,225.0,12.6,12.2,57.0
2025-06-12 15:00:00+00:00,13.4,24.3,443.0,213.0,15.0,11.9,48.0
2025-06-12 16:00:00+00:00,13.5,22.8,443.0,203.0,16.1,11.6,45.0
2025-06-12 17:00:00+00:00,14.1,23.6,443.0,191.0,16.4,11.2,44.0
2025-06-12 18:00:00+00:00,14.1,23.1,443.0,178.0,15.9,10.8,45.0
2025-06-12 19:00:00+00:00,14.2,23.4,443.0,161.0,14.2,10.1,46.0
2025-06-12 20:00:00+00:00,13.8,23.5,442.0,142.0,11.8,9.3,48.0
2025-06-12 21:00:00+00:00,13.3,23.6,442.0,129.0,9.8,8.7,50.0
2025-06-12 22:00:00+00:00,12.9,23.9,442.0,122.0,8.6,8.2,50.0
2025-06-12 23:00:00+00:00,12.7,24.2,443.0,120.0,7.9,8.0,50.0
2025-06-13 00:00:00+00:00,14.1,27.1,443.0,135.0,8.7,7.3,49.0
2025-06-13 01:00:00+00:00,15.0,29.0,443.0,182.0,9.3,9.2,51.0
2025-06-13 02:00:00+00:00,17.1,38.0,443.0,246.0,10.0,11.8,56.0
2025-06-13 03:00:00+00:00,18.3,50.2,443.0,285.0,10.0,14.0,63.0
2025-06-13 04:00:00+00:00,20.1,57.2,443.0,276.0,8.7,15.5,77.0
2025-06-13 05:00:00+00:00,22.2,62.2,443.0,243.0,6.8,16.7,94.0
2025-06-13 06:00:00+00:00,24.6,68.2,443.0,219.0,5.3,17.4,108.0
2025-06-13 07:00:00+00:00,26.6,76.6,443.0,220.0,4.6,17.6,118.0
2025-06-13 08:00:00+00:00,28.5,87.8,443.0,231.0,4.3,17.5,124.0
2025-06-13 09:00:00+00:00,29.1,92.7,443.0,240.0,4.6,16.9,124.0
2025-06-13 10:00:00+00:00,28.3,90.3,443.0,242.0,5.4,15.8,115.0
2025-06-13 11:00:00+00:00,26.2,82.0,443.0,242.0,6.8,14.3,100.0
2025-06-13 12:00:00+00:00,24.7,75.9,443.0,241.0,9.6,15.8,92.0
2025-06-13 13:00:00+00:00,22.3,66.6,443.0,238.0,12.5,13.9,78.0
2025-06-13 14:00:00+00:00,20.1,53.7,443.0,234.0,16.5,11.2,58.0
2025-06-13 15:00:00+00:00,18.8,45.5,443.0,230.0,19.5,9.4,44.0
2025-06-13 16:00:00+00:00,19.0,43.1,443.0,228.0,20.7,9.3,40.0
2025-06-13 17:00:00+00:00,20.1,48.7,443.0,226.0,20.9,9.9,41.0
2025-06-13 18:00:00+00:00,21.9,55.8,443.0,214.0,20.3,10.3,43.0
2025-06-13 19:00:00+00:00,22.9,60.1,443.0,183.0,18.6,9.9,44.0
2025-06-13 20:00:00+00:00,22.6,64.3,442.0,144.0,16.2,9.3,46.0
2025-06-13 21:00:00+00:00,21.8,64.5,442.0,116.0,13.8,8.7,48.0
2025-06-13 22:00:00+00:00,21.0,63.8,442.0,104.0,11.6,8.0,50.0
2025-06-13 23:00:00+00:00,20.5,63.3,443.0,104.0,9.4,7.4,51.0
2025-06-14 00:00:00+00:00,20.3,66.4,444.0,127.0,7.5,7.4,55.0
2025-06-14 01:00:00+00:00,20.5,63.6,445.0,199.0,8.8,8.8,54.0
2025-06-14 02:00:00+00:00,22.4,66.1,445.0,295.0,10.6,10.8,54.0
2025-06-14 03:00:00+00:00,24.6,78.9,445.0,349.0,11.5,13.4,61.0
2025-06-14 04:00:00+00:00,27.9,91.5,444.0,319.0,10.9,17.1,80.0
2025-06-14 05:00:00+00:00,32.7,110.6,444.0,246.0,9.6,21.2,105.0
2025-06-14 06:00:00+00:00,39.0,130.9,443.0,191.0,8.2,23.9,126.0
2025-06-14 07:00:00+00:00,44.1,147.1,443.0,177.0,6.8,24.0,139.0
2025-06-14 08:00:00+00:00,44.4,146.7,443.0,180.0,5.3,22.6,146.0
2025-06-14 09:00:00+00:00,42.6,145.3,443.0,192.0,4.9,20.9,146.0
2025-06-14 10:00:00+00:00,40.9,149.5,443.0,215.0,5.8,19.2,134.0
2025-06-14 11:00:00+00:00,39.5,155.5,443.0,246.0,7.7,17.2,114.0
2025-06-14 12:00:00+00:00,39.8,151.8,443.0,268.0,11.3,19.1,106.0
2025-06-14 13:00:00+00:00,37.5,145.3,443.0,273.0,17.6,17.7,85.0
2025-06-14 14:00:00+00:00,35.7,136.4,444.0,269.0,26.2,15.8,57.0
2025-06-14 15:00:00+00:00,34.3,123.9,445.0,257.0,31.5,14.0,37.0
2025-06-14 16:00:00+00:00,32.1,109.4,446.0,236.0,30.3,12.5,33.0
2025-06-14 17:00:00+00:00,29.8,103.8,448.0,207.0,25.8,11.1,38.0
2025-06-14 18:00:00+00:00,28.5,98.0,448.0,182.0,21.8,9.9,42.0
2025-06-14 19:00:00+00:00,27.8,93.8,447.0,162.0,19.5,9.0,43.0
2025-06-14 20:00:00+00:00,27.2,89.4,445.0,144.0,17.6,8.4,44.0
2025-06-14 21:00:00+00:00,26.4,82.0,443.0,134.0,16.4,8.1,44.0
2025-06-14 22:00:00+00:00,27.8,82.2,443.0,130.0,15.9,7.9,42.0
2025-06-14 23:00:00+00:00,28.8,89.4,444.0,133.0,16.0,8.0,39.0
2025-06-15 00:00:00+00:00,27.5,85.7,444.0,149.0,18.8,9.1,34.0
2025-06-15 01:00:00+00:00,25.8,79.6,443.0,192.0,17.6,11.1,40.0
2025-06-15 02:00:00+00:00,27.3,106.9,443.0,248.0,15.8,13.9,49.0
2025-06-15 03:00:00+00:00,31.1,144.4,442.0,280.0,13.7,16.6,61.0
2025-06-15 04:00:00+00:00,37.0,194.6,442.0,265.0,11.2,19.2,80.0
2025-06-15 05:00:00+00:00,40.5,203.0,442.0,227.0,8.5,21.8,102.0
2025-06-15 06:00:00+00:00,44.7,210.9,442.0,199.0,6.4,23.1,119.0
2025-06-15 07:00:00+00:00,46.3,207.2,442.0,194.0,5.0,22.4,128.0
2025-06-15 08:00:00+00:00,45.2,195.1,442.0,199.0,4.1,20.5,132.0
2025-06-15 09:00:00+00:00,42.4,171.4,442.0,211.0,4.2,18.8,130.0
2025-06-15 10:00:00+00:00,39.2,147.1,442.0,234.0,5.2,17.8,122.0
2025-06-15 11:00:00+00:00,35.4,123.4,443.0,265.0,7.1,17.0,108.0
2025-06-15 12:00:00+00:00,40.3,137.4,443.0,287.0,10.1,16.7,100.0
2025-06-15 13:00:00+00:00,37.0,120.1,443.0,295.0,15.3,15.9,84.0
2025-06-15 14:00:00+00:00,34.2,104.5,444.0,294.0,22.5,14.8,62.0
2025-06-15 15:00:00+00:00,32.4,94.5,444.0,288.0,28.4,14.0,44.0
2025-06-15 16:00:00+00:00,31.1,92.0,444.0,274.0,31.6,13.8,35.0
2025-06-15 17:00:00+00:00,30.5,89.6,444.0,255.0,33.5,13.8,31.0
2025-06-15 18:00:00+00:00,31.3,88.5,444.0,240.0,35.1,14.1,27.0
2025-06-15 19:00:00+00:00,32.9,88.7,445.0,229.0,36.8,14.3,23.0
2025-06-15 20:00:00+00:00,35.2,93.1,446.0,223.0,38.3,14.7,20.0
2025-06-15 21:00:00+00:00,34.9,95.0,448.0,231.0,39.3,15.9,17.0
2025-06-15 22:00:00+00:00,33.9,88.9,451.0,255.0,39.9,18.3,15.0
2025-06-15 23:00:00+00:00,33.5,92.2,454.0,293.0,40.1,21.6,13.0
2025-06-16 00:00:00+00:00,33.3,89.4,456.0,354.0,33.5,21.6,20.0
2025-06-16 01:00:00+00:00,35.0,97.8,456.0,458.0,32.1,26.5,25.0
2025-06-16 02:00:00+00:00,39.1,125.3,456.0,585.0,29.8,33.2,33.0
2025-06-16 03:00:00+00:00,44.5,167.6,455.0,684.0,26.4,38.0,49.0
2025-06-16 04:00:00+00:00,47.7,175.1,455.0,746.0,20.7,39.3,81.0
2025-06-16 05:00:00+00:00,50.9,163.4,456.0,779.0,13.7,38.7,121.0
2025-06-16 06:00:00+00:00,53.7,156.9,455.0,759.0,8.4,36.9,153.0
2025-06-16 07:00:00+00:00,50.8,144.4,452.0,645.0,5.8,33.3,171.0
2025-06-16 08:00:00+00:00,46.9,130.9,448.0,478.0,4.9,28.6,181.0
2025-06-16 09:00:00+00:00,44.5,120.1,445.0,352.0,5.3,24.9,182.0
2025-06-16 10:00:00+00:00,44.2,117.3,444.0,308.0,7.3,23.4,170.0
2025-06-16 11:00:00+00:00,43.8,117.3,443.0,305.0,10.6,23.0,149.0
2025-06-16 12:00:00+00:00,34.1,107.6,443.0,313.0,17.3,25.0,88.0
2025-06-16 13:00:00+00:00,38.1,115.0,443.0,333.0,27.9,29.5,76.0
2025-06-16 14:00:00+00:00,40.2,110.8,444.0,365.0,42.2,35.4,60.0
2025-06-16 15:00:00+00:00,42.8,104.1,445.0,378.0,51.3,38.1,47.0
2025-06-16 16:00:00+00:00,39.6,99.4,445.0,356.0,50.3,34.7,39.0
2025-06-16 17:00:00+00:00,37.3,103.6,444.0,315.0,44.0,28.2,34.0
2025-06-16 18:00:00+00:00,36.2,106.4,444.0,279.0,37.6,22.5,31.0
2025-06-16 19:00:00+00:00,35.3,106.9,445.0,254.0,32.7,19.2,32.0
2025-06-16 20:00:00+00:00,33.5,99.2,446.0,233.0,27.6,16.8,36.0
2025-06-16 21:00:00+00:00,31.7,96.6,447.0,219.0,23.1,14.8,39.0
2025-06-16 22:00:00+00:00,30.0,95.5,448.0,200.0,18.8,13.0,41.0
2025-06-16 23:00:00+00:00,29.0,94.5,448.0,187.0,15.0,11.7,42.0
2025-06-17 00:00:00+00:00,34.0,120.6,449.0,225.0,17.5,14.2,43.0
2025-06-17 01:00:00+00:00,34.5,113.4,451.0,370.0,18.1,15.4,45.0
2025-06-17 02:00:00+00:00,36.8,132.7,452.0,564.0,18.8,17.1,49.0
2025-06-17 03:00:00+00:00,39.5,147.1,453.0,678.0,18.2,18.6,59.0
2025-06-17 04:00:00+00:00,41.0,140.6,451.0,635.0,15.1,19.8,81.0
2025-06-17 05:00:00+00:00,41.2,130.4,448.0,512.0,10.6,20.7,110.0
2025-06-17 06:00:00+00:00,41.0,124.8,446.0,409.0,7.1,20.9,130.0
2025-06-17 07:00:00+00:00,40.4,120.6,445.0,359.0,5.3,19.8,136.0
2025-06-17 08:00:00+00:00,39.2,116.2,445.0,329.0,4.4,18.0,134.0
2025-06-17 09:00:00+00:00,37.3,110.6,445.0,317.0,4.6,16.2,127.0
2025-06-17 10:00:00+00:00,34.9,102.2,445.0,331.0,6.3,14.7,114.0
2025-06-17 11:00:00+00:00,32.2,95.2,445.0,363.0,9.1,13.2,96.0
2025-06-17 12:00:00+00:00,30.4,89.2,445.0,389.0,12.0,12.4,82.0
2025-06-17 13:00:00+00:00,28.6,82.7,445.0,405.0,16.1,11.7,71.0
2025-06-17 14:00:00+00:00,27.0,75.9,446.0,414.0,21.6,10.7,55.0
2025-06-17 15:00:00+00:00,25.1,65.7,446.0,405.0,24.9,10.0,44.0
2025-06-17 16:00:00+00:00,23.9,56.9,445.0,365.0,24.3,10.0,42.0
2025-06-17 17:00:00+00:00,23.2,49.9,445.0,307.0,21.5,10.3,45.0
2025-06-17 18:00:00+00:00,22.9,47.5,444.0,255.0,18.3,10.5,48.0
2025-06-17 19:00:00+00:00,22.7,46.9,444.0,217.0,14.8,10.5,52.0
2025-06-17 20:00:00+00:00,22.4,46.2,444.0,186.0,11.0,10.4,56.0
2025-06-17 21:00:00+00:00,21.7,45.1,444.0,163.0,7.9,10.2,60.0
2025-06-17 22:00:00+00:00,20.9,43.4,444.0,146.0,6.1,9.6,62.0
2025-06-17 23:00:00+00:00,20.5,44.4,444.0,139.0,5.1,8.8,63.0
2025-06-18 00:00:00+00:00,19.8,42.3,444.0,149.0,5.5,8.1,64.0
2025-06-18 01:00:00+00:00,19.6,41.2,444.0,195.0,6.8,8.9,64.0
2025-06-18 02:00:00+00:00,21.2,46.6,445.0,260.0,8.5,10.1,65.0
2025-06-18 03:00:00+00:00,22.5,50.9,445.0,299.0,9.2,11.2,69.0
2025-06-18 04:00:00+00:00,23.4,53.4,445.0,288.0,8.0,12.1,80.0
2025-06-18 05:00:00+00:00,23.9,54.9,444.0,251.0,5.8,12.8,94.0
2025-06-18 06:00:00+00:00,23.9,55.5,444.0,223.0,4.1,13.2,104.0
2025-06-18 07:00:00+00:00,23.1,53.6,444.0,217.0,3.5,13.1,107.0
2025-06-18 08:00:00+00:00,22.2,51.3,444.0,219.0,3.3,12.8,106.0
2025-06-18 09:00:00+00:00,21.1,47.1,444.0,224.0,3.5,12.2,102.0
2025-06-18 10:00:00+00:00,20.0,44.7,444.0,234.0,3.9,11.4,94.0
2025-06-18 11:00:00+00:00,19.5,44.1,443.0,248.0,4.7,10.4,83.0
2025-06-18 12:00:00+00:00,24.0,53.4,443.0,255.0,5.9,10.0,74.0
2025-06-18 13:00:00+00:00,23.5,53.4,443.0,251.0,7.2,9.7,69.0
2025-06-18 14:00:00+00:00,23.2,50.9,443.0,241.0,8.9,9.3,63.0
2025-06-18 15:00:00+00:00,22.5,46.7,443.0,230.0,10.1,9.0,58.0
2025-06-18 16:00:00+00:00,22.3,45.1,443.0,219.0,10.5,8.9,56.0
2025-06-18 17:00:00+00:00,22.2,43.7,443.0,206.0,10.4,8.9,56.0
2025-06-18 18:00:00+00:00,21.9,43.8,443.0,191.0,9.9,8.8,56.0
2025-06-18 19:00:00+00:00,21.2,42.3,443.0,171.0,8.8,8.5,57.0
2025-06-18 20:00:00+00:00,20.5,41.4,442.0,149.0,7.3,8.0,58.0
2025-06-18 21:00:00+00:00,20.5,43.2,442.0,133.0,6.1,7.6,59.0
2025-06-18 22:00:00+00:00,20.9,46.6,442.0,125.0,5.3,7.1,60.0
2025-06-18 23:00:00+00:00,20.5,47.7,442.0,123.0,4.7,6.6,60.0
2025-06-19 00:00:00+00:00,19.2,46.0,442.0,133.0,4.4,6.5,61.0
2025-06-19 01:00:00+00:00,18.2,43.8,442.0,167.0,5.2,7.0,60.0
2025-06-19 02:00:00+00:00,17.9,44.5,442.0,212.0,6.3,7.7,59.0
2025-06-19 03:00:00+00:00,18.9,49.1,442.0,240.0,6.7,8.2,60.0
2025-06-19 04:00:00+00:00,21.0,56.2,442.0,233.0,5.8,8.4,65.0
2025-06-19 05:00:00+00:00,19.4,49.2,441.0,208.0,4.2,8.4,71.0
2025-06-19 06:00:00+00:00,19.8,50.5,441.0,190.0,3.0,8.4,77.0
2025-06-19 07:00:00+00:00,19.8,49.0,441.0,189.0,2.5,8.2,81.0
2025-06-19 08:00:00+00:00,20.3,50.4,441.0,194.0,2.4,8.0,83.0
2025-06-19 09:00:00+00:00,20.5,51.0,441.0,203.0,2.6,7.9,84.0
2025-06-19 10:00:00+00:00,20.4,49.1,441.0,217.0,3.2,8.1,81.0
2025-06-19 11:00:00+00:00,20.3,48.5,442.0,234.0,4.1,8.4,77.0
2025-06-19 12:00:00+00:00,22.7,57.2,442.0,246.0,5.5,9.4,72.0
2025-06-19 13:00:00+00:00,22.6,55.4,442.0,252.0,7.0,9.4,67.0
2025-06-19 14:00:00+00:00,21.8,52.2,442.0,254.0,9.2,9.3,61.0
2025-06-19 15:00:00+00:00,21.1,48.8,442.0,249.0,10.6,9.2,56.0
2025-06-19 16:00:00+00:00,20.4,45.8,442.0,233.0,10.9,8.9,55.0
2025-06-19 17:00:00+00:00,20.4,46.9,442.0,210.0,10.5,8.5,55.0
2025-06-19 18:00:00+00:00,20.4,46.7,442.0,187.0,9.7,8.0,56.0
2025-06-19 19:00:00+00:00,20.0,45.8,442.0,165.0,8.4,7.5,57.0
2025-06-19 20:00:00+00:00,19.6,45.3,441.0,144.0,6.8,7.0,58.0
2025-06-19 21:00:00+00:00,18.9,44.5,441.0,130.0,5.5,6.6,59.0
2025-06-19 22:00:00+00:00,18.2,43.2,441.0,122.0,4.8,6.4,59.0
2025-06-19 23:00:00+00:00,17.6,42.5,442.0,121.0,4.5,6.3,59.0
2025-06-20 00:00:00+00:00,17.2,41.3,442.0,132.0,4.6,6.0,59.0
2025-06-20 01:00:00+00:00,16.6,39.6,442.0,168.0,5.6,6.6,59.0
2025-06-20 02:00:00+00:00,17.1,40.6,441.0,217.0,7.0,7.6,58.0
2025-06-20 03:00:00+00:00,17.9,43.9,441.0,247.0,7.6,8.4,60.0
2025-06-20 04:00:00+00:00,18.5,45.9,441.0,239.0,6.7,9.1,66.0
2025-06-20 05:00:00+00:00,18.3,46.0,441.0,212.0,5.1,9.7,73.0
2025-06-20 06:00:00+00:00,19.0,48.2,441.0,191.0,3.9,10.1,79.0
2025-06-20 07:00:00+00:00,19.2,47.8,441.0,186.0,3.4,10.1,81.0
2025-06-20 08:00:00+00:00,27.8,87.3,441.0,188.0,3.2,9.8,82.0
2025-06-20 09:00:00+00:00,20.9,53.3,441.0,195.0,3.4,9.6,81.0
2025-06-20 10:00:00+00:00,20.5,50.6,441.0,210.0,4.0,9.6,78.0
2025-06-20 11:00:00+00:00,22.8,59.0,442.0,231.0,4.9,9.7,74.0
2025-06-20 12:00:00+00:00,28.1,67.8,442.0,249.0,7.0,9.6,66.0
2025-06-20 13:00:00+00:00,27.3,65.4,442.0,264.0,10.2,9.6,60.0
2025-06-20 14:00:00+00:00,26.4,59.3,443.0,276.0,14.4,9.6,53.0
2025-06-20 15:00:00+00:00,25.5,52.7,443.0,277.0,17.0,9.6,48.0
2025-06-20 16:00:00+00:00,24.4,51.8,443.0,263.0,16.4,9.5,48.0
2025-06-20 17:00:00+00:00,23.4,50.9,443.0,238.0,14.1,9.5,50.0
2025-06-20 18:00:00+00:00,22.6,50.4,443.0,212.0,11.7,9.2,53.0
2025-06-20 19:00:00+00:00,21.5,49.1,443.0,183.0,9.7,8.6,55.0
2025-06-20 20:00:00+00:00,20.3,47.1,442.0,153.0,7.6,7.9,57.0
2025-06-20 21:00:00+00:00,19.4,46.2,442.0,131.0,6.1,7.4,59.0
2025-06-20 22:00:00+00:00,18.9,46.8,442.0,118.0,5.3,7.2,59.0
2025-06-20 23:00:00+00:00,18.7,47.3,442.0,114.0,5.1,7.3,59.0
2025-06-21 00:00:00+00:00,17.6,42.7,442.0,130.0,5.0,7.0,59.0
2025-06-21 01:00:00+00:00,17.5,41.9,442.0,188.0,6.3,7.9,58.0
2025-06-21 02:00:00+00:00,17.5,41.3,443.0,266.0,8.0,9.1,58.0
2025-06-21 03:00:00+00:00,18.6,44.0,443.0,311.0,8.8,10.1,59.0
2025-06-21 04:00:00+00:00,19.4,46.3,442.0,290.0,8.0,10.8,63.0
2025-06-21 05:00:00+00:00,19.6,45.5,442.0,236.0,6.4,11.4,68.0
2025-06-21 06:00:00+00:00,19.6,44.5,441.0,194.0,5.0,11.6,73.0
2025-06-21 07:00:00+00:00,19.6,44.7,441.0,182.0,4.2,11.4,77.0
2025-06-21 08:00:00+00:00,20.1,44.9,441.0,182.0,3.7,10.9,79.0
2025-06-21 09:00:00+00:00,21.5,50.2,441.0,189.0,3.8,10.5,80.0
2025-06-21 10:00:00+00:00,19.3,40.7,441.0,205.0,4.6,10.4,77.0
2025-06-21 11:00:00+00:00,18.9,38.5,442.0,227.0,5.9,10.5,71.0
2025-06-21 12:00:00+00:00,22.6,47.7,442.0,247.0,7.2,11.8,68.0
2025-06-21 13:00:00+00:00,22.6,45.8,442.0,262.0,9.7,11.7,62.0
2025-06-21 14:00:00+00:00,22.8,44.8,443.0,274.0,13.3,11.5,55.0
2025-06-21 15:00:00+00:00,21.3,36.7,443.0,277.0,15.9,11.3,49.0
2025-06-21 16:00:00+00:00,21.1,35.0,443.0,266.0,17.0,11.2,47.0
2025-06-21 17:00:00+00:00,21.1,35.7,443.0,246.0,17.3,11.0,47.0
2025-06-21 18:00:00+00:00,21.8,39.0,443.0,222.0,16.8,10.7,47.0
2025-06-21 19:00:00+00:00,21.9,40.9,443.0,192.0,15.2,10.1,48.0
2025-06-21 20:00:00+00:00,21.1,41.1,442.0,159.0,12.9,9.4,50.0
2025-06-21 21:00:00+00:00,20.5,43.2,442.0,135.0,11.0,8.9,52.0
2025-06-21 22:00:00+00:00,19.8,43.7,442.0,122.0,9.6,8.5,53.0
2025-06-21 23:00:00+00:00,19.4,44.7,443.0,118.0,8.7,8.2,54.0
2025-06-22 00:00:00+00:00,19.2,42.8,443.0,134.0,7.0,8.1,57.0
2025-06-22 01:00:00+00:00,19.4,45.8,443.0,188.0,9.1,9.2,56.0
2025-06-22 02:00:00+00:00,21.3,54.2,444.0,262.0,12.0,10.8,55.0
2025-06-22 03:00:00+00:00,22.7,59.1,444.0,310.0,13.3,12.2,57.0
2025-06-22 04:00:00+00:00,23.4,67.3,444.0,306.0,11.7,13.5,64.0
2025-06-22 05:00:00+00:00,24.4,75.0,443.0,277.0,8.6,14.8,74.0
2025-06-22 06:00:00+00:00,25.4,78.2,443.0,250.0,6.0,15.3,82.0
2025-06-22 07:00:00+00:00,26.8,79.9,443.0,234.0,4.6,14.5,88.0
2025-06-22 08:00:00+00:00,26.6,76.6,442.0,220.0,3.6,13.0,92.0
2025-06-22 09:00:00+00:00,26.0,74.7,442.0,217.0,3.4,11.9,93.0
2025-06-22 10:00:00+00:00,24.6,65.9,442.0,230.0,3.9,11.7,89.0
2025-06-22 11:00:00+00:00,23.5,59.3,442.0,254.0,5.2,11.8,82.0
2025-06-22 12:00:00+00:00,26.5,73.8,442.0,273.0,7.3,13.8,79.0
2025-06-22 13:00:00+00:00,24.2,60.8,442.0,283.0,10.3,13.4,71.0
2025-06-22 14:00:00+00:00,23.3,56.0,443.0,290.0,14.4,12.8,61.0
2025-06-22 15:00:00+00:00,23.2,48.2,443.0,293.0,17.5,12.4,53.0
2025-06-22 16:00:00+00:00,23.2,45.2,443.0,297.0,18.7,12.5,50.0
2025-06-22 17:00:00+00:00,23.9,47.0,444.0,297.0,18.8,12.7,49.0
2025-06-22 18:00:00+00:00,24.9,50.2,444.0,282.0,18.2,12.7,49.0
2025-06-22 19:00:00+00:00,24.6,50.3,443.0,238.0,16.6,12.0,50.0
2025-06-22 20:00:00+00:00,23.7,50.1,443.0,179.0,14.3,11.1,51.0
2025-06-22 21:00:00+00:00,22.8,49.1,442.0,136.0,12.3,10.3,52.0
2025-06-22 22:00:00+00:00,21.9,48.7,442.0,121.0,10.9,9.7,52.0
2025-06-22 23:00:00+00:00,21.1,48.2,442.0,121.0,9.9,9.2,53.0
2025-06-23 00:00:00+00:00,20.7,48.1,442.0,137.0,8.1,9.5,56.0
2025-06-23 01:00:00+00:00,20.3,46.7,442.0,179.0,9.1,10.4,57.0
2025-06-23 02:00:00+00:00,22.2,56.1,442.0,235.0,10.3,11.5,59.0
2025-06-23 03:00:00+00:00,22.9,58.6,442.0,270.0,10.6,12.6,63.0
2025-06-23 04:00:00+00:00,23.6,64.7,442.0,262.0,9.0,13.4,72.0
2025-06-23 05:00:00+00:00,24.9,69.2,442.0,232.0,6.5,14.0,83.0
2025-06-23 06:00:00+00:00,25.7,69.2,442.0,209.0,4.6,14.4,92.0
2025-06-23 07:00:00+00:00,26.1,69.8,442.0,203.0,3.8,14.4,96.0
2025-06-23 08:00:00+00:00,26.4,69.8,442.0,205.0,3.7,14.1,98.0
2025-06-23 09:00:00+00:00,26.9,68.5,442.0,210.0,4.0,13.7,97.0
2025-06-23 10:00:00+00:00,26.1,63.6,442.0,219.0,4.7,13.2,92.0
2025-06-23 11:00:00+00:00,25.2,59.5,441.0,233.0,5.8,12.6,84.0
2025-06-23 12:00:00+00:00,34.1,88.5,441.0,249.0,9.1,16.2,79.0
2025-06-23 13:00:00+00:00,34.6,86.6,442.0,271.0,11.8,16.2,70.0
2025-06-23 14:00:00+00:00,33.4,79.9,442.0,295.0,15.5,16.1,58.0
2025-06-23 15:00:00+00:00,33.2,76.1,443.0,308.0,18.6,15.9,48.0
2025-06-23 16:00:00+00:00,33.3,73.3,443.0,303.0,20.7,15.5,43.0
2025-06-23 17:00:00+00:00,32.8,74.7,443.0,287.0,22.2,14.8,40.0
2025-06-23 18:00:00+00:00,32.0,75.7,443.0,264.0,22.2,13.9,39.0
2025-06-23 19:00:00+00:00,30.0,71.9,443.0,229.0,19.6,12.4,40.0
2025-06-23 20:00:00+00:00,27.7,68.0,442.0,186.0,15.4,10.5,44.0
2025-06-23 21:00:00+00:00,26.2,66.6,442.0,154.0,12.3,9.2,46.0
2025-06-23 22:00:00+00:00,25.5,66.6,442.0,136.0,11.2,8.5,45.0
2025-06-23 23:00:00+00:00,24.9,64.5,442.0,128.0,11.2,8.4,44.0
2025-06-24 00:00:00+00:00,24.9,67.8,442.0,137.0,9.6,9.2,47.0
2025-06-24 01:00:00+00:00,25.4,68.9,442.0,178.0,9.7,11.0,50.0
2025-06-24 02:00:00+00:00,28.7,86.6,442.0,236.0,9.9,13.6,55.0
2025-06-24 03:00:00+00:00,30.5,100.6,442.0,271.0,9.5,15.8,63.0
2025-06-24 04:00:00+00:00,32.4,106.2,442.0,260.0,8.1,17.5,77.0
2025-06-24 05:00:00+00:00,34.6,109.4,442.0,226.0,6.2,18.9,94.0
2025-06-24 06:00:00+00:00,37.1,108.7,442.0,200.0,4.8,19.6,108.0
2025-06-24 07:00:00+00:00,38.5,106.2,442.0,194.0,4.1,19.4,116.0
2025-06-24 08:00:00+00:00,38.3,101.3,442.0,196.0,3.8,18.5,120.0
2025-06-24 09:00:00+00:00,36.7,96.2,442.0,202.0,4.0,17.5,119.0
2025-06-24 10:00:00+00:00,33.9,89.4,442.0,212.0,4.6,16.3,110.0
2025-06-24 11:00:00+00:00,30.4,82.4,442.0,226.0,5.6,14.9,95.0
2025-06-24 12:00:00+00:00,29.5,88.5,442.0,240.0,6.6,13.2,79.0
2025-06-24 13:00:00+00:00,27.9,87.3,442.0,255.0,9.1,13.3,70.0
2025-06-24 14:00:00+00:00,27.4,87.8,443.0,271.0,12.8,13.5,58.0
2025-06-24 15:00:00+00:00,28.2,86.4,443.0,281.0,16.4,13.8,47.0
2025-06-24 16:00:00+00:00,29.5,83.1,443.0,283.0,19.8,14.2,41.0
2025-06-24 17:00:00+00:00,29.6,78.2,443.0,279.0,23.2,14.6,37.0
2025-06-24 18:00:00+00:00,29.7,74.5,443.0,270.0,26.0,14.9,33.0
2025-06-24 19:00:00+00:00,30.2,71.0,444.0,252.0,28.5,14.8,29.0
2025-06-24 20:00:00+00:00,31.1,70.3,444.0,228.0,30.4,14.5,26.0
2025-06-24 21:00:00+00:00,33.5,76.8,445.0,209.0,30.9,14.7,25.0
2025-06-24 22:00:00+00:00,36.0,89.4,446.0,195.0,28.9,15.6,26.0
2025-06-24 23:00:00+00:00,34.6,96.2,447.0,185.0,25.5,17.0,29.0
2025-06-25 00:00:00+00:00,29.7,69.8,447.0,187.0,23.9,14.4,30.0
2025-06-25 01:00:00+00:00,28.8,70.8,446.0,213.0,21.9,16.7,35.0
2025-06-25 02:00:00+00:00,30.6,81.3,443.0,251.0,19.1,19.9,44.0
2025-06-25 03:00:00+00:00,30.7,86.8,442.0,274.0,16.1,22.5,55.0
2025-06-25 04:00:00+00:00,31.8,97.1,442.0,264.0,12.8,23.9,72.0
2025-06-25 05:00:00+00:00,34.1,100.4,443.0,239.0,9.3,24.7,92.0
2025-06-25 06:00:00+00:00,36.0,97.6,443.0,219.0,6.6,24.6,109.0
2025-06-25 07:00:00+00:00,37.4,94.8,443.0,212.0,5.0,23.3,121.0
2025-06-25 08:00:00+00:00,37.1,89.9,443.0,211.0,4.3,21.3,128.0
2025-06-25 09:00:00+00:00,35.7,84.8,443.0,216.0,4.2,19.4,130.0
2025-06-25 10:00:00+00:00,33.9,78.9,443.0,230.0,4.8,18.0,122.0
2025-06-25 11:00:00+00:00,31.9,75.4,443.0,251.0,6.1,16.7,108.0
2025-06-25 12:00:00+00:00,32.4,87.1,443.0,272.0,7.2,11.8,85.0
2025-06-25 13:00:00+00:00,31.2,82.4,444.0,293.0,10.1,12.2,76.0
2025-06-25 14:00:00+00:00,30.0,79.4,444.0,314.0,14.1,12.8,64.0
2025-06-25 15:00:00+00:00,29.7,78.5,445.0,325.0,17.5,13.2,53.0
2025-06-25 16:00:00+00:00,29.2,75.0,445.0,322.0,19.8,13.2,47.0
2025-06-25 17:00:00+00:00,29.1,78.5,445.0,310.0,21.5,13.1,43.0
2025-06-25 18:00:00+00:00,29.3,80.6,445.0,290.0,22.8,12.8,39.0
2025-06-25 19:00:00+00:00,30.0,79.9,444.0,258.0,23.6,12.3,35.0
2025-06-25 20:00:00+00:00,29.3,78.0,444.0,220.0,23.9,11.8,32.0
2025-06-25 21:00:00+00:00,29.2,78.0,444.0,193.0,24.1,11.6,30.0
2025-06-25 22:00:00+00:00,29.7,74.7,446.0,181.0,24.5,12.0,27.0
2025-06-25 23:00:00+00:00,28.9,73.1,449.0,181.0,24.7,12.7,25.0
2025-06-26 00:00:00+00:00,31.2,82.0,451.0,205.0,27.3,15.4,24.0
2025-06-26 01:00:00+00:00,30.5,79.4,450.0,275.0,26.8,19.3,27.0
2025-06-26 02:00:00+00:00,32.2,97.3,449.0,369.0,25.9,24.6,32.0
2025-06-26 03:00:00+00:00,33.8,117.6,447.0,430.0,24.1,28.7,38.0
2025-06-26 04:00:00+00:00,42.4,166.2,446.0,429.0,20.9,30.5,47.0
2025-06-26 05:00:00+00:00,36.3,141.6,446.0,396.0,16.8,31.0,58.0
2025-06-26 06:00:00+00:00,35.6,136.9,445.0,365.0,13.2,30.4,69.0
2025-06-26 07:00:00+00:00,35.9,134.6,445.0,344.0,10.3,28.7,80.0
2025-06-26 08:00:00+00:00,36.0,130.9,444.0,324.0,7.9,26.0,92.0
2025-06-26 09:00:00+00:00,34.5,120.6,444.0,315.0,6.4,22.7,97.0
2025-06-26 10:00:00+00:00,30.0,103.1,444.0,326.0,6.0,18.4,92.0
2025-06-26 11:00:00+00:00,25.5,89.9,444.0,348.0,6.5,13.7,82.0
2025-06-26 12:00:00+00:00,23.9,82.0,444.0,357.0,7.4,11.3,76.0
2025-06-26 13:00:00+00:00,24.2,83.4,444.0,336.0,10.0,11.5,72.0
2025-06-26 14:00:00+00:00,24.1,79.2,444.0,302.0,13.6,11.8,66.0
2025-06-26 15:00:00+00:00,24.2,75.2,445.0,285.0,16.3,12.1,62.0
2025-06-26 16:00:00+00:00,24.6,72.4,447.0,308.0,16.9,12.3,62.0
2025-06-26 17:00:00+00:00,24.7,68.7,449.0,349.0,16.6,12.6,63.0
2025-06-26 18:00:00+00:00,24.7,64.7,451.0,371.0,16.8,12.8,62.0
2025-06-26 19:00:00+00:00,25.4,63.3,452.0,354.0,18.1,12.9,58.0
2025-06-26 20:00:00+00:00,26.1,60.5,452.0,318.0,19.9,13.0,52.0
2025-06-26 21:00:00+00:00,26.1,58.3,452.0,288.0,21.4,13.6,47.0
2025-06-26 22:00:00+00:00,26.5,57.9,453.0,257.0,22.1,14.6,43.0
2025-06-26 23:00:00+00:00,27.2,61.9,454.0,233.0,22.5,16.2,40.0
2025-06-27 00:00:00+00:00,22.9,43.1,455.0,260.0,17.7,20.2,42.0
2025-06-27 01:00:00+00:00,22.6,47.1,455.0,382.0,19.5,19.3,41.0
2025-06-27 02:00:00+00:00,25.0,56.7,456.0,556.0,21.9,18.1,40.0
2025-06-27 03:00:00+00:00,29.5,72.9,456.0,694.0,22.7,18.3,46.0
2025-06-27 04:00:00+00:00,35.2,93.6,457.0,770.0,20.6,21.4,64.0
2025-06-27 05:00:00+00:00,38.8,103.1,458.0,809.0,17.0,25.9,89.0
2025-06-27 06:00:00+00:00,41.0,105.0,458.0,805.0,14.1,28.7,111.0
2025-06-27 07:00:00+00:00,39.9,99.4,455.0,694.0,12.0,28.2,129.0
2025-06-27 08:00:00+00:00,37.4,87.1,451.0,540.0,10.6,26.0,144.0
2025-06-27 09:00:00+00:00,38.6,87.1,450.0,519.0,11.6,24.3,149.0
2025-06-27 10:00:00+00:00,40.7,91.0,454.0,766.0,16.1,23.6,138.0
2025-06-27 11:00:00+00:00,43.2,92.7,462.0,1147.0,23.1,23.3,118.0
2025-06-27 12:00:00+00:00,53.9,80.1,468.0,1439.0,66.9,30.1,34.0
2025-06-27 13:00:00+00:00,49.2,78.0,471.0,1559.0,63.6,28.5,36.0
2025-06-27 14:00:00+00:00,43.8,65.0,474.0,1590.0,58.6,26.2,38.0
2025-06-27 15:00:00+00:00,39.6,61.2,475.0,1555.0,51.8,23.4,42.0
2025-06-27 16:00:00+00:00,33.9,56.7,476.0,1438.0,41.8,19.6,49.0
2025-06-27 17:00:00+00:00,30.0,52.3,476.0,1255.0,29.9,15.3,57.0
2025-06-27 18:00:00+00:00,26.2,50.2,475.0,1081.0,20.3,11.8,63.0
2025-06-27 19:00:00+00:00,24.4,50.3,474.0,943.0,14.6,9.8,66.0
2025-06-27 20:00:00+00:00,22.7,48.5,473.0,814.0,11.0,8.6,68.0
2025-06-27 21:00:00+00:00,20.4,43.2,470.0,683.0,8.5,7.8,70.0
2025-06-27 22:00:00+00:00,17.3,37.6,465.0,508.0,6.0,7.1,73.0
2025-06-27 23:00:00+00:00,17.5,41.0,459.0,331.0,4.6,6.7,76.0
2025-06-28 00:00:00+00:00,20.4,50.9,456.0,276.0,7.3,7.9,69.0
2025-06-28 01:00:00+00:00,20.1,48.2,459.0,462.0,11.9,9.0,64.0
2025-06-28 02:00:00+00:00,21.5,48.4,466.0,770.0,18.2,10.5,58.0
2025-06-28 03:00:00+00:00,24.0,54.4,469.0,960.0,21.8,12.1,58.0
2025-06-28 04:00:00+00:00,24.7,56.3,466.0,902.0,20.2,13.6,69.0
2025-06-28 05:00:00+00:00,21.6,53.2,460.0,727.0,16.0,15.2,86.0
2025-06-28 06:00:00+00:00,20.7,49.4,456.0,583.0,13.0,16.3,98.0
2025-06-28 07:00:00+00:00,21.5,47.5,455.0,529.0,13.1,16.7,100.0
2025-06-28 08:00:00+00:00,21.0,43.0,454.0,506.0,14.5,16.8,96.0
2025-06-28 09:00:00+00:00,19.8,38.4,454.0,488.0,15.6,16.9,93.0
2025-06-28 10:00:00+00:00,18.2,32.5,453.0,460.0,14.7,17.5,95.0
2025-06-28 11:00:00+00:00,19.2,33.6,453.0,437.0,13.6,18.2,97.0
2025-06-28 12:00:00+00:00,37.4,55.3,452.0,432.0,13.7,23.7,159.0
2025-06-28 13:00:00+00:00,33.2,49.8,452.0,466.0,19.6,22.6,130.0
2025-06-28 14:00:00+00:00,28.4,46.0,452.0,519.0,27.7,21.0,90.0
2025-06-28 15:00:00+00:00,27.5,49.7,452.0,544.0,32.8,19.3,59.0
2025-06-28 16:00:00+00:00,25.0,49.4,452.0,521.0,32.2,17.6,47.0
2025-06-28 17:00:00+00:00,23.5,48.3,452.0,472.0,28.6,15.9,45.0
2025-06-28 18:00:00+00:00,22.5,47.0,451.0,412.0,25.1,14.3,44.0
2025-06-28 19:00:00+00:00,22.5,47.5,450.0,336.0,22.4,12.7,43.0
2025-06-28 20:00:00+00:00,22.6,48.1,448.0,251.0,19.8,11.3,44.0
2025-06-28 21:00:00+00:00,22.5,48.8,447.0,190.0,17.6,10.5,45.0
2025-06-28 22:00:00+00:00,22.5,50.1,447.0,168.0,15.6,10.5,45.0
2025-06-28 23:00:00+00:00,21.8,46.2,447.0,170.0,14.0,11.1,45.0
2025-06-29 00:00:00+00:00,16.2,28.8,447.0,191.0,16.3,13.9,49.0
2025-06-29 01:00:00+00:00,14.8,23.2,447.0,244.0,17.5,14.9,53.0
2025-06-29 02:00:00+00:00,14.6,21.0,447.0,315.0,18.9,16.3,58.0
2025-06-29 03:00:00+00:00,13.8,18.1,447.0,356.0,18.8,17.4,66.0
2025-06-29 04:00:00+00:00,10.6,12.4,446.0,338.0,15.5,18.2,79.0
2025-06-29 05:00:00+00:00,9.4,10.3,445.0,290.0,10.7,18.7,94.0
2025-06-29 06:00:00+00:00,9.7,11.2,444.0,250.0,6.8,18.3,104.0
2025-06-29 07:00:00+00:00,10.4,16.1,443.0,231.0,4.8,16.1,107.0
2025-06-29 08:00:00+00:00,9.5,16.3,443.0,221.0,3.8,13.0,105.0
2025-06-29 09:00:00+00:00,10.4,19.5,443.0,220.0,3.7,10.9,102.0
2025-06-29 10:00:00+00:00,11.1,21.2,443.0,231.0,4.2,10.6,98.0
2025-06-29 11:00:00+00:00,11.6,21.8,443.0,251.0,5.5,11.2,93.0
2025-06-29 12:00:00+00:00,11.5,21.9,444.0,279.0,10.7,19.0,88.0
2025-06-29 13:00:00+00:00,13.1,24.3,446.0,326.0,16.2,18.9,76.0
2025-06-29 14:00:00+00:00,13.8,24.7,449.0,381.0,23.9,18.7,61.0
2025-06-29 15:00:00+00:00,16.4,25.0,451.0,407.0,29.7,18.2,48.0
2025-06-29 16:00:00+00:00,17.2,25.0,450.0,382.0,32.4,17.2,42.0
2025-06-29 17:00:00+00:00,18.0,25.6,448.0,329.0,33.3,15.9,40.0
2025-06-29 18:00:00+00:00,19.0,27.2,446.0,275.0,32.5,14.6,39.0
2025-06-29 19:00:00+00:00,20.0,30.3,445.0,226.0,29.3,13.4,40.0
2025-06-29 20:00:00+00:00,20.7,34.8,444.0,178.0,24.5,12.3,43.0
2025-06-29 21:00:00+00:00,22.2,43.8,443.0,144.0,20.0,11.4,46.0
2025-06-29 22:00:00+00:00,25.1,57.4,443.0,128.0,16.3,10.8,49.0
2025-06-29 23:00:00+00:00,27.9,72.9,443.0,126.0,13.0,10.4,52.0
2025-06-30 00:00:00+00:00,32.1,101.0,443.0,149.0,9.3,10.2,60.0
2025-06-30 01:00:00+00:00,32.8,103.1,443.0,221.0,10.0,10.6,61.0
2025-06-30 02:00:00+00:00,32.4,99.7,444.0,316.0,10.9,11.2,62.0
2025-06-30 03:00:00+00:00,29.4,92.4,444.0,368.0,10.8,11.7,64.0
2025-06-30 04:00:00+00:00,25.8,75.2,443.0,333.0,8.9,12.0,69.0
2025-06-30 05:00:00+00:00,23.3,62.9,442.0,254.0,6.0,12.2,75.0
2025-06-30 06:00:00+00:00,22.1,57.0,441.0,194.0,3.9,12.2,79.0
2025-06-30 07:00:00+00:00,21.8,55.3,440.0,178.0,3.2,11.8,79.0
2025-06-30 08:00:00+00:00,21.9,56.5,440.0,181.0,3.3,11.1,76.0
2025-06-30 09:00:00+00:00,21.5,54.8,440.0,190.0,3.8,10.5,73.0
2025-06-30 10:00:00+00:00,21.6,53.9,440.0,205.0,4.4,10.2,69.0
2025-06-30 11:00:00+00:00,20.3,49.8,441.0,227.0,5.4,10.1,64.0
2025-06-30 12:00:00+00:00,26.0,64.5,441.0,247.0,6.8,10.7,62.0
2025-06-30 13:00:00+00:00,24.0,60.1,442.0,266.0,11.0,10.7,55.0
2025-06-30 14:00:00+00:00,24.4,57.3,443.0,283.0,16.6,10.7,44.0
2025-06-30 15:00:00+00:00,23.5,50.1,443.0,287.0,20.4,10.6,37.0
2025-06-30 16:00:00+00:00,22.6,48.5,443.0,270.0,20.6,10.3,36.0
2025-06-30 17:00:00+00:00,22.4,48.7,442.0,240.0,18.9,9.9,37.0
2025-06-30 18:00:00+00:00,22.1,48.0,442.0,209.0,16.8,9.3,39.0
2025-06-30 19:00:00+00:00,21.2,46.2,442.0,179.0,14.3,8.5,41.0
2025-06-30 20:00:00+00:00,20.0,43.3,441.0,150.0,11.3,7.6,43.0
2025-06-30 21:00:00+00:00,19.0,41.0,441.0,129.0,9.0,7.0,44.0
2025-06-30 22:00:00+00:00,18.5,39.5,441.0,118.0,7.9,6.8,44.0
2025-06-30 23:00:00+00:00,18.7,40.6,442.0,117.0,7.5,7.0,44.0
2025-07-01 00:00:00+00:00,18.5,38.9,442.0,130.0,6.5,7.1,48.0
2025-07-01 01:00:00+00:00,19.8,43.1,442.0,172.0,8.6,8.0,47.0
2025-07-01 02:00:00+00:00,22.6,52.2,442.0,229.0,11.4,9.3,46.0
2025-07-01 03:00:00+00:00,24.6,59.1,442.0,264.0,12.7,10.6,49.0
2025-07-01 04:00:00+00:00,25.7,68.7,442.0,255.0,10.8,12.0,58.0
2025-07-01 05:00:00+00:00,27.9,79.2,441.0,223.0,7.4,13.4,70.0
2025-07-01 06:00:00+00:00,28.1,80.8,441.0,199.0,4.8,14.2,79.0
2025-07-01 07:00:00+00:00,27.7,78.2,441.0,191.0,3.9,14.1,83.0
2025-07-01 08:00:00+00:00,27.6,77.1,441.0,190.0,3.7,13.3,83.0
2025-07-01 09:00:00+00:00,24.1,64.0,441.0,196.0,4.1,12.7,81.0
2025-07-01 10:00:00+00:00,22.5,58.7,441.0,210.0,4.6,12.4,76.0
2025-07-01 11:00:00+00:00,21.0,53.1,442.0,230.0,5.7,12.1,69.0
2025-07-01 12:00:00+00:00,27.6,71.9,442.0,250.0,8.1,12.7,62.0
2025-07-01 13:00:00+00:00,26.1,66.4,442.0,272.0,12.5,12.5,54.0
2025-07-01 14:00:00+00:00,25.7,61.9,443.0,293.0,18.5,12.3,42.0
2025-07-01 15:00:00+00:00,25.1,53.0,443.0,299.0,22.6,12.0,34.0
2025-07-01 16:00:00+00:00,24.0,48.7,443.0,281.0,23.4,11.7,31.0
2025-07-01 17:00:00+00:00,23.3,48.2,443.0,249.0,22.4,11.4,32.0
2025-07-01 18:00:00+00:00,22.8,48.7,443.0,217.0,20.6,10.9,33.0
2025-07-01 19:00:00+00:00,21.5,47.8,443.0,185.0,17.7,9.9,36.0
2025-07-01 20:00:00+00:00,19.5,44.9,442.0,153.0,14.0,8.8,40.0
2025-07-01 21:00:00+00:00,17.9,43.2,442.0,132.0,10.9,7.9,43.0
2025-07-01 22:00:00+00:00,16.6,41.8,443.0,123.0,9.0,7.4,45.0
2025-07-01 23:00:00+00:00,16.1,42.8,443.0,125.0,7.8,7.1,46.0
2025-07-02 00:00:00+00:00,16.9,47.6,444.0,142.0,7.5,7.4,47.0
2025-07-02 01:00:00+00:00,17.2,47.7,444.0,189.0,9.0,8.6,47.0
2025-07-02 02:00:00+00:00,19.2,54.9,444.0,250.0,11.1,10.4,46.0
2025-07-02 03:00:00+00:00,21.2,65.2,444.0,287.0,11.9,12.0,49.0
2025-07-02 04:00:00+00:00,23.1,79.6,443.0,274.0,10.4,13.3,56.0
2025-07-02 05:00:00+00:00,24.8,87.1,443.0,237.0,7.7,14.5,67.0
2025-07-02 06:00:00+00:00,26.0,91.7,442.0,206.0,5.5,15.2,75.0
2025-07-02 07:00:00+00:00,27.1,92.2,442.0,193.0,4.4,15.2,81.0
2025-07-02 08:00:00+00:00,27.5,91.7,441.0,187.0,3.9,14.7,85.0
2025-07-02 09:00:00+00:00,26.7,87.1,441.0,189.0,4.0,14.2,85.0
2025-07-02 10:00:00+00:00,25.0,81.3,441.0,202.0,4.4,13.7,80.0
2025-07-02 11:00:00+00:00,23.0,74.3,442.0,222.0,5.3,13.1,71.0
2025-07-02 12:00:00+00:00,29.6,100.8,442.0,242.0,8.3,14.6,62.0
2025-07-02 13:00:00+00:00,26.5,85.9,442.0,261.0,12.2,14.2,54.0
2025-07-02 14:00:00+00:00,26.5,83.8,443.0,280.0,17.6,13.6,43.0
2025-07-02 15:00:00+00:00,25.6,69.4,443.0,285.0,21.8,13.1,34.0
2025-07-02 16:00:00+00:00,25.6,65.2,443.0,269.0,23.7,12.9,31.0
2025-07-02 17:00:00+00:00,25.6,63.8,443.0,241.0,24.4,12.7,30.0
2025-07-02 18:00:00+00:00,25.1,61.9,443.0,212.0,24.0,12.3,30.0
2025-07-02 19:00:00+00:00,24.3,60.3,443.0,183.0,21.9,11.4,31.0
2025-07-02 20:00:00+00:00,22.9,57.6,442.0,154.0,18.7,10.2,34.0
2025-07-02 21:00:00+00:00,21.9,55.9,442.0,135.0,16.0,9.4,36.0
2025-07-02 22:00:00+00:00,21.2,54.9,442.0,113.0,14.5,9.0,36.0
2025-07-02 23:00:00+00:00,20.6,54.0,443.0,100.0,13.5,9.0,36.0
2025-07-03 00:00:00+00:00,22.2,64.5,444.0,145.0,11.6,9.7,40.0
2025-07-03 01:00:00+00:00,22.9,65.9,447.0,317.0,13.4,11.7,40.0
2025-07-03 02:00:00+00:00,25.9,75.0,450.0,547.0,15.8,14.5,40.0
2025-07-03 03:00:00+00:00,28.1,90.6,451.0,672.0,16.6,16.9,43.0
2025-07-03 04:00:00+00:00,28.2,98.0,449.0,591.0,14.2,18.6,52.0
2025-07-03 05:00:00+00:00,30.2,108.7,446.0,406.0,10.1,20.0,65.0
2025-07-03 06:00:00+00:00,33.2,120.6,443.0,262.0,7.2,21.1,76.0
2025-07-03 07:00:00+00:00,36.1,125.7,442.0,219.0,6.4,22.1,84.0
2025-07-03 08:00:00+00:00,36.3,121.5,442.0,218.0,6.8,22.9,90.0
2025-07-03 09:00:00+00:00,34.7,114.3,442.0,228.0,7.6,23.0,90.0
2025-07-03 10:00:00+00:00,31.8,105.2,442.0,240.0,8.4,22.0,82.0
2025-07-03 11:00:00+00:00,29.2,99.7,443.0,263.0,9.8,20.2,68.0
2025-07-03 12:00:00+00:00,34.6,108.5,443.0,288.0,14.2,22.3,60.0
2025-07-03 13:00:00+00:00,29.7,90.3,444.0,318.0,18.2,20.7,50.0
2025-07-03 14:00:00+00:00,26.3,81.7,445.0,349.0,23.8,18.4,36.0
2025-07-03 15:00:00+00:00,25.5,69.2,445.0,363.0,28.3,16.5,25.0
2025-07-03 16:00:00+00:00,25.8,68.0,445.0,350.0,31.0,15.7,20.0
2025-07-03 17:00:00+00:00,26.6,67.8,444.0,321.0,32.7,15.3,18.0
2025-07-03 18:00:00+00:00,26.4,63.8,444.0,285.0,32.2,14.5,19.0
2025-07-03 19:00:00+00:00,25.1,60.3,444.0,240.0,28.3,12.8,23.0
2025-07-03 20:00:00+00:00,23.4,56.7,443.0,188.0,22.3,10.8,29.0
2025-07-03 21:00:00+00:00,22.2,54.9,443.0,151.0,17.5,9.4,33.0
2025-07-03 22:00:00+00:00,21.9,55.9,443.0,127.0,14.8,8.9,34.0
2025-07-03 23:00:00+00:00,22.0,57.6,443.0,118.0,13.3,9.0,34.0
2025-07-04 00:00:00+00:00,23.3,56.5,444.0,150.0,16.7,11.9,30.0
2025-07-04 01:00:00+00:00,22.7,55.5,446.0,270.0,16.8,12.8,31.0
2025-07-04 02:00:00+00:00,24.1,62.6,449.0,431.0,16.8,14.1,34.0
2025-07-04 03:00:00+00:00,25.1,68.2,450.0,524.0,15.8,15.5,40.0
2025-07-04 04:00:00+00:00,26.5,84.3,449.0,481.0,13.0,17.1,52.0
2025-07-04 05:00:00+00:00,30.0,103.4,446.0,370.0,9.2,18.7,67.0
2025-07-04 06:00:00+00:00,33.4,113.9,444.0,281.0,6.4,19.8,80.0
2025-07-04 07:00:00+00:00,36.9,122.9,443.0,247.0,5.1,19.9,90.0
2025-07-04 08:00:00+00:00,37.0,118.0,443.0,234.0,4.6,19.5,96.0
2025-07-04 09:00:00+00:00,35.3,110.1,443.0,237.0,5.2,19.2,97.0
2025-07-04 10:00:00+00:00,38.0,118.0,443.0,255.0,6.8,19.2,87.0
2025-07-04 11:00:00+00:00,34.0,105.0,443.0,289.0,9.3,19.3,71.0
2025-07-04 12:00:00+00:00,37.4,125.3,444.0,327.0,10.1,20.1,77.0
2025-07-04 13:00:00+00:00,34.8,115.9,445.0,382.0,16.8,20.0,62.0
2025-07-04 14:00:00+00:00,31.8,101.0,447.0,442.0,26.0,19.7,42.0
2025-07-04 15:00:00+00:00,30.5,82.0,448.0,460.0,32.2,18.9,27.0
2025-07-04 16:00:00+00:00,28.4,72.4,447.0,402.0,32.8,17.2,23.0
2025-07-04 17:00:00+00:00,27.2,66.6,446.0,303.0,30.4,14.9,26.0
2025-07-04 18:00:00+00:00,26.4,62.9,445.0,222.0,27.1,12.9,30.0
2025-07-04 19:00:00+00:00,25.8,62.6,445.0,182.0,22.9,11.3,36.0
2025-07-04 20:00:00+00:00,25.6,63.3,445.0,160.0,17.9,9.9,43.0
2025-07-04 21:00:00+00:00,26.3,66.6,445.0,145.0,13.7,8.8,49.0
2025-07-04 22:00:00+00:00,27.7,71.7,444.0,130.0,11.1,8.0,53.0
2025-07-04 23:00:00+00:00,29.4,76.4,443.0,122.0,9.4,7.6,56.0
2025-07-05 00:00:00+00:00,28.9,76.1,443.0,138.0,9.8,8.8,55.0
2025-07-05 01:00:00+00:00,31.2,82.0,443.0,203.0,10.5,10.2,57.0
2025-07-05 02:00:00+00:00,35.5,103.4,444.0,291.0,11.4,12.1,60.0
2025-07-05 03:00:00+00:00,37.1,112.2,445.0,346.0,11.4,13.7,65.0
2025-07-05 04:00:00+00:00,38.6,120.6,445.0,334.0,9.6,14.9,74.0
2025-07-05 05:00:00+00:00,39.7,127.1,444.0,288.0,6.8,15.7,85.0
2025-07-05 06:00:00+00:00,40.4,127.1,444.0,249.0,4.7,16.2,94.0
2025-07-05 07:00:00+00:00,43.8,135.0,444.0,230.0,3.8,16.0,99.0
2025-07-05 08:00:00+00:00,41.7,124.3,443.0,218.0,3.5,15.3,101.0
2025-07-05 09:00:00+00:00,39.8,116.4,443.0,214.0,3.7,14.8,101.0
2025-07-05 10:00:00+00:00,38.4,112.2,443.0,222.0,4.2,14.9,97.0
2025-07-05 11:00:00+00:00,36.4,106.4,443.0,239.0,5.1,15.1,89.0
2025-07-05 12:00:00+00:00,36.7,107.3,443.0,253.0,7.2,16.1,85.0
2025-07-05 13:00:00+00:00,32.8,95.7,443.0,264.0,11.0,15.3,74.0
2025-07-05 14:00:00+00:00,30.6,88.2,443.0,273.0,16.1,14.1,60.0
2025-07-05 15:00:00+00:00,29.5,75.2,443.0,273.0,19.6,13.0,50.0
2025-07-05 16:00:00+00:00,28.7,69.8,443.0,261.0,20.0,12.1,48.0
2025-07-05 17:00:00+00:00,27.6,68.0,443.0,240.0,18.6,11.4,51.0
2025-07-05 18:00:00+00:00,26.5,68.0,443.0,217.0,16.7,10.5,54.0
2025-07-05 19:00:00+00:00,25.3,69.2,443.0,188.0,14.1,9.4,56.0
2025-07-05 20:00:00+00:00,24.1,68.9,443.0,157.0,10.9,8.2,58.0
2025-07-05 21:00:00+00:00,23.3,66.8,443.0,134.0,8.4,7.4,60.0
2025-07-05 22:00:00+00:00,22.8,62.4,443.0,122.0,7.1,7.2,62.0
2025-07-05 23:00:00+00:00,22.8,61.0,442.0,118.0,6.4,7.4,63.0
2025-07-06 00:00:00+00:00,22.8,63.8,442.0,130.0,6.5,8.2,62.0
2025-07-06 01:00:00+00:00,23.7,65.0,442.0,172.0,8.3,9.5,62.0
2025-07-06 02:00:00+00:00,26.3,74.0,442.0,229.0,10.8,11.2,63.0
2025-07-06 03:00:00+00:00,27.3,78.0,442.0,264.0,11.8,12.7,67.0
2025-07-06 04:00:00+00:00,28.6,84.1,442.0,257.0,10.1,13.6,76.0
2025-07-06 05:00:00+00:00,28.5,81.3,442.0,228.0,7.1,14.3,88.0
2025-07-06 06:00:00+00:00,29.9,84.3,442.0,205.0,4.7,14.6,97.0
2025-07-06 07:00:00+00:00,30.5,85.7,442.0,195.0,3.7,14.5,102.0
2025-07-06 08:00:00+00:00,30.7,86.4,441.0,191.0,3.4,14.0,105.0
2025-07-06 09:00:00+00:00,30.7,87.1,441.0,194.0,3.6,13.6,104.0
2025-07-06 10:00:00+00:00,29.9,85.7,441.0,208.0,4.1,13.3,98.0
2025-07-06 11:00:00+00:00,29.7,88.2,442.0,230.0,5.1,13.1,88.0
2025-07-06 12:00:00+00:00,30.3,82.0,442.0,246.0,8.9,16.4,83.0
2025-07-06 13:00:00+00:00,29.3,85.4,442.0,254.0,12.2,16.0,73.0
2025-07-06 14:00:00+00:00,28.7,87.5,443.0,257.0,16.9,15.6,59.0
2025-07-06 15:00:00+00:00,29.3,79.9,443.0,254.0,21.7,15.2,47.0
2025-07-06 16:00:00+00:00,31.2,80.3,443.0,243.0,27.0,15.3,38.0
2025-07-06 17:00:00+00:00,32.8,78.9,442.0,225.0,32.3,15.5,31.0
2025-07-06 18:00:00+00:00,33.2,79.2,442.0,204.0,34.7,15.2,28.0
2025-07-06 19:00:00+00:00,32.0,77.3,442.0,177.0,32.1,13.8,30.0
2025-07-06 20:00:00+00:00,30.5,75.0,442.0,146.0,26.6,11.8,35.0
2025-07-06 21:00:00+00:00,28.9,73.8,442.0,125.0,21.8,10.3,39.0
2025-07-06 22:00:00+00:00,27.4,72.2,442.0,107.0,19.0,9.3,41.0
2025-07-06 23:00:00+00:00,26.3,71.7,442.0,99.0,16.8,8.7,42.0
2025-07-07 00:00:00+00:00,32.7,72.6,443.0,130.0,33.5,13.8,21.0
2025-07-07 01:00:00+00:00,33.2,74.7,445.0,244.0,29.8,17.5,29.0
2025-07-07 02:00:00+00:00,35.0,90.8,448.0,398.0,24.5,22.5,40.0
2025-07-07 03:00:00+00:00,33.4,105.5,449.0,486.0,19.8,26.6,52.0
2025-07-07 04:00:00+00:00,33.9,107.3,448.0,446.0,16.4,28.8,63.0
2025-07-07 05:00:00+00:00,35.4,107.1,445.0,341.0,13.6,29.9,74.0
2025-07-07 06:00:00+00:00,36.8,106.9,443.0,258.0,11.4,30.3,85.0
2025-07-07 07:00:00+00:00,38.9,109.2,442.0,232.0,9.7,29.8,97.0
2025-07-07 08:00:00+00:00,41.2,112.0,442.0,228.0,8.5,28.5,110.0
2025-07-07 09:00:00+00:00,42.3,114.6,442.0,231.0,8.1,26.8,115.0
2025-07-07 10:00:00+00:00,40.9,111.5,442.0,237.0,8.3,24.4,110.0
2025-07-07 11:00:00+00:00,38.4,105.9,442.0,249.0,9.3,21.6,98.0
2025-07-07 12:00:00+00:00,38.1,108.3,442.0,259.0,9.9,19.5,91.0
2025-07-07 13:00:00+00:00,34.0,97.3,442.0,263.0,14.7,18.5,77.0
2025-07-07 14:00:00+00:00,31.4,92.2,443.0,265.0,21.2,17.2,57.0
2025-07-07 15:00:00+00:00,30.7,84.1,444.0,274.0,26.2,16.0,42.0
2025-07-07 16:00:00+00:00,30.4,84.8,445.0,305.0,28.1,15.4,36.0
2025-07-07 17:00:00+00:00,30.2,85.4,447.0,344.0,28.5,15.0,34.0
2025-07-07 18:00:00+00:00,29.9,83.8,447.0,352.0,28.1,14.4,34.0
2025-07-07 19:00:00+00:00,29.4,82.0,446.0,301.0,26.9,13.4,34.0
2025-07-07 20:00:00+00:00,28.6,80.3,444.0,221.0,24.9,12.2,35.0
2025-07-07 21:00:00+00:00,28.2,78.7,442.0,159.0,23.3,11.5,35.0
2025-07-07 22:00:00+00:00,27.9,78.5,441.0,128.0,22.7,11.1,34.0
2025-07-07 23:00:00+00:00,27.9,78.5,439.0,115.0,22.5,11.2,32.0
2025-07-08 00:00:00+00:00,29.7,85.9,439.0,135.0,22.7,11.9,34.0
2025-07-08 01:00:00+00:00,29.9,77.8,440.0,217.0,21.2,16.7,39.0
2025-07-08 02:00:00+00:00,31.9,104.3,443.0,332.0,19.0,23.3,47.0
2025-07-08 03:00:00+00:00,33.2,115.7,444.0,400.0,16.5,28.1,59.0
2025-07-08 04:00:00+00:00,34.1,115.9,444.0,376.0,13.3,29.6,77.0
2025-07-08 05:00:00+00:00,34.8,109.0,442.0,306.0,9.8,29.4,98.0
2025-07-08 06:00:00+00:00,36.7,103.6,441.0,251.0,7.0,28.2,115.0
2025-07-08 07:00:00+00:00,37.5,98.3,441.0,233.0,5.4,25.8,126.0
2025-07-08 08:00:00+00:00,37.1,94.8,440.0,230.0,4.5,22.5,132.0
2025-07-08 09:00:00+00:00,36.2,92.2,440.0,231.0,4.3,19.9,133.0
2025-07-08 10:00:00+00:00,36.4,94.5,440.0,234.0,4.7,18.8,127.0
2025-07-08 11:00:00+00:00,36.6,98.5,439.0,242.0,5.8,18.3,115.0
2025-07-08 12:00:00+00:00,42.6,110.4,439.0,251.0,8.9,17.1,100.0
2025-07-08 13:00:00+00:00,42.1,120.1,440.0,266.0,14.2,16.3,84.0
2025-07-08 14:00:00+00:00,40.9,122.0,441.0,283.0,21.4,15.2,62.0
2025-07-08 15:00:00+00:00,39.7,111.8,442.0,287.0,26.2,14.1,46.0
2025-07-08 16:00:00+00:00,38.9,115.9,442.0,270.0,26.4,13.1,41.0
2025-07-08 17:00:00+00:00,38.1,117.6,442.0,241.0,24.1,12.1,43.0
2025-07-08 18:00:00+00:00,36.8,114.8,442.0,211.0,21.6,11.2,44.0
2025-07-08 19:00:00+00:00,34.5,106.4,442.0,180.0,19.3,10.3,44.0
2025-07-08 20:00:00+00:00,31.5,93.4,441.0,149.0,16.9,9.5,44.0
2025-07-08 21:00:00+00:00,28.9,82.2,441.0,128.0,15.3,9.1,43.0
2025-07-08 22:00:00+00:00,26.9,73.8,441.0,119.0,15.5,8.9,39.0
2025-07-08 23:00:00+00:00,26.0,69.4,442.0,121.0,16.5,9.0,35.0
2025-07-09 00:00:00+00:00,27.5,71.2,442.0,141.0,19.6,10.9,31.0
2025-07-09 01:00:00+00:00,28.7,70.1,442.0,200.0,18.9,14.7,36.0
2025-07-09 02:00:00+00:00,30.7,90.6,442.0,277.0,17.7,19.9,44.0
2025-07-09 03:00:00+00:00,30.6,101.0,442.0,322.0,16.0,23.5,53.0
2025-07-09 04:00:00+00:00,32.6,108.0,442.0,304.0,13.1,24.0,66.0
2025-07-09 05:00:00+00:00,33.6,105.9,441.0,253.0,9.6,22.9,81.0
2025-07-09 06:00:00+00:00,35.4,105.9,441.0,213.0,7.0,21.4,92.0
2025-07-09 07:00:00+00:00,36.4,104.1,441.0,198.0,5.8,19.8,96.0
2025-07-09 08:00:00+00:00,36.9,102.9,440.0,194.0,5.4,17.9,97.0
2025-07-09 09:00:00+00:00,35.7,98.3,440.0,197.0,5.5,16.4,95.0
2025-07-09 10:00:00+00:00,35.0,95.9,440.0,208.0,5.9,15.8,91.0
2025-07-09 11:00:00+00:00,34.5,93.6,441.0,226.0,6.7,15.6,85.0
2025-07-09 12:00:00+00:00,36.9,99.9,441.0,244.0,9.2,16.9,80.0
2025-07-09 13:00:00+00:00,34.2,93.8,441.0,266.0,13.3,15.8,69.0
2025-07-09 14:00:00+00:00,32.7,91.3,442.0,288.0,19.1,14.2,53.0
2025-07-09 15:00:00+00:00,32.4,84.3,442.0,294.0,24.1,13.1,40.0
2025-07-09 16:00:00+00:00,32.8,86.8,442.0,272.0,28.0,13.0,33.0
2025-07-09 17:00:00+00:00,33.8,88.2,441.0,234.0,31.1,13.3,29.0
2025-07-09 18:00:00+00:00,34.3,87.3,441.0,199.0,31.9,13.2,28.0
2025-07-09 19:00:00+00:00,33.3,85.2,441.0,172.0,28.6,12.0,31.0
2025-07-09 20:00:00+00:00,30.7,80.3,441.0,148.0,22.9,10.4,37.0
2025-07-09 21:00:00+00:00,28.1,76.6,441.0,132.0,18.3,9.2,41.0
2025-07-09 22:00:00+00:00,26.2,73.6,442.0,121.0,16.0,8.6,42.0
2025-07-09 23:00:00+00:00,25.0,71.2,442.0,118.0,14.8,8.4,41.0
2025-07-10 00:00:00+00:00,26.7,71.2,443.0,130.0,17.6,10.2,36.0
2025-07-10 01:00:00+00:00,26.5,68.7,443.0,175.0,16.7,12.4,41.0
2025-07-10 02:00:00+00:00,28.8,92.0,442.0,235.0,15.4,15.4,47.0
2025-07-10 03:00:00+00:00,28.3,97.1,442.0,272.0,13.8,17.7,54.0
2025-07-10 04:00:00+00:00,29.0,102.0,442.0,262.0,11.7,18.5,61.0
2025-07-10 05:00:00+00:00,30.6,109.0,441.0,228.0,9.3,18.5,69.0
2025-07-10 06:00:00+00:00,32.5,114.8,441.0,202.0,7.4,18.3,76.0
2025-07-10 07:00:00+00:00,32.9,112.7,441.0,194.0,6.1,17.8,82.0
2025-07-10 08:00:00+00:00,34.5,113.9,440.0,194.0,5.3,17.1,87.0
2025-07-10 09:00:00+00:00,34.6,113.2,440.0,199.0,5.1,16.6,89.0
2025-07-10 10:00:00+00:00,35.4,115.3,440.0,212.0,5.3,16.6,88.0
2025-07-10 11:00:00+00:00,34.1,112.5,441.0,230.0,6.0,16.7,85.0
2025-07-10 12:00:00+00:00,37.8,130.4,441.0,246.0,8.7,17.2,73.0
2025-07-10 13:00:00+00:00,37.5,128.1,441.0,260.0,14.6,17.2,61.0
2025-07-10 14:00:00+00:00,36.9,123.4,442.0,272.0,22.7,17.2,44.0
2025-07-10 15:00:00+00:00,37.6,108.5,442.0,276.0,28.8,16.9,31.0
2025-07-10 16:00:00+00:00,37.3,101.3,442.0,271.0,31.2,16.0,26.0
2025-07-10 17:00:00+00:00,36.8,95.5,442.0,259.0,31.6,14.8,25.0
2025-07-10 18:00:00+00:00,36.0,89.2,442.0,240.0,30.8,13.6,25.0
2025-07-10 19:00:00+00:00,34.5,81.5,442.0,207.0,28.8,12.4,26.0
2025-07-10 20:00:00+00:00,31.9,73.6,441.0,167.0,25.6,11.1,28.0
2025-07-10 21:00:00+00:00,29.4,67.1,441.0,138.0,22.6,10.2,30.0
2025-07-10 22:00:00+00:00,27.1,61.0,441.0,121.0,20.2,9.5,31.0
2025-07-10 23:00:00+00:00,25.1,56.8,442.0,114.0,18.0,9.0,33.0
2025-07-11 00:00:00+00:00,24.2,55.8,443.0,136.0,15.7,9.8,36.0
2025-07-11 01:00:00+00:00,24.0,53.7,444.0,216.0,15.5,12.6,39.0
2025-07-11 02:00:00+00:00,26.4,66.8,445.0,324.0,15.2,16.4,43.0
2025-07-11 03:00:00+00:00,26.9,75.7,446.0,387.0,14.3,19.3,49.0
2025-07-11 04:00:00+00:00,27.5,87.3,445.0,361.0,12.3,20.6,57.0
2025-07-11 05:00:00+00:00,29.5,100.1,443.0,290.0,9.8,21.1,68.0
2025-07-11 06:00:00+00:00,31.2,105.2,442.0,234.0,7.7,21.0,76.0
2025-07-11 07:00:00+00:00,33.1,104.8,441.0,215.0,6.4,20.3,82.0
2025-07-11 08:00:00+00:00,32.9,99.7,441.0,210.0,5.7,19.1,87.0
2025-07-11 09:00:00+00:00,31.5,93.8,441.0,212.0,5.5,17.9,89.0
2025-07-11 10:00:00+00:00,29.8,91.7,441.0,220.0,5.7,16.9,86.0
2025-07-11 11:00:00+00:00,27.4,85.2,441.0,234.0,6.4,16.1,80.0
2025-07-11 12:00:00+00:00,30.2,93.1,441.0,250.0,8.3,15.8,73.0
2025-07-11 13:00:00+00:00,26.8,82.7,442.0,271.0,12.1,15.5,63.0
2025-07-11 14:00:00+00:00,24.7,74.0,442.0,293.0,17.4,15.0,49.0
2025-07-11 15:00:00+00:00,24.1,62.4,443.0,299.0,21.6,14.5,38.0
2025-07-11 16:00:00+00:00,24.4,60.1,443.0,277.0,24.0,14.1,33.0
2025-07-11 17:00:00+00:00,24.5,58.3,442.0,239.0,25.4,13.7,32.0
2025-07-11 18:00:00+00:00,24.6,56.8,442.0,204.0,25.2,13.1,32.0
2025-07-11 19:00:00+00:00,24.3,56.2,442.0,176.0,22.7,12.0,34.0
2025-07-11 20:00:00+00:00,23.3,55.1,441.0,150.0,18.6,10.6,38.0
2025-07-11 21:00:00+00:00,22.6,54.8,441.0,133.0,15.1,9.5,42.0
2025-07-11 22:00:00+00:00,22.0,54.4,441.0,124.0,12.5,8.6,44.0
2025-07-11 23:00:00+00:00,21.7,53.9,441.0,124.0,10.5,7.9,46.0
2025-07-12 00:00:00+00:00,22.6,60.1,441.0,140.0,10.2,8.1,48.0
2025-07-12 01:00:00+00:00,23.8,65.4,441.0,186.0,11.0,9.7,49.0
2025-07-12 02:00:00+00:00,25.7,71.9,442.0,248.0,12.0,11.9,51.0
2025-07-12 03:00:00+00:00,26.2,78.7,442.0,286.0,12.2,13.8,55.0
2025-07-12 04:00:00+00:00,28.3,90.1,442.0,277.0,10.9,15.1,62.0
2025-07-12 05:00:00+00:00,30.3,98.5,441.0,243.0,8.7,16.2,71.0
2025-07-12 06:00:00+00:00,30.3,98.3,441.0,217.0,7.0,16.6,77.0
2025-07-12 07:00:00+00:00,29.7,97.1,441.0,208.0,6.0,16.1,80.0
2025-07-12 08:00:00+00:00,28.7,95.2,441.0,206.0,5.4,15.1,81.0
2025-07-12 09:00:00+00:00,27.7,92.4,441.0,211.0,5.4,14.2,80.0
2025-07-12 10:00:00+00:00,25.6,83.6,441.0,228.0,5.8,13.8,75.0
2025-07-12 11:00:00+00:00,24.4,79.2,441.0,251.0,6.7,13.6,68.0
2025-07-12 12:00:00+00:00,29.6,96.6,441.0,264.0,8.7,15.9,72.0
2025-07-12 13:00:00+00:00,27.2,87.1,441.0,258.0,13.5,15.6,61.0
2025-07-12 14:00:00+00:00,25.0,75.7,441.0,241.0,19.9,15.1,46.0
2025-07-12 15:00:00+00:00,24.2,62.4,441.0,225.0,23.9,14.3,36.0
2025-07-12 16:00:00+00:00,23.5,57.3,441.0,214.0,23.1,13.0,35.0
2025-07-12 17:00:00+00:00,22.5,55.1,441.0,203.0,19.9,11.5,38.0
2025-07-12 18:00:00+00:00,22.1,53.8,441.0,190.0,16.6,10.2,42.0
2025-07-12 19:00:00+00:00,21.5,52.9,441.0,169.0,13.9,9.2,45.0
2025-07-12 20:00:00+00:00,20.8,51.7,441.0,146.0,11.2,8.5,47.0
2025-07-12 21:00:00+00:00,20.1,51.1,441.0,130.0,9.3,8.1,49.0
2025-07-12 22:00:00+00:00,19.8,51.5,441.0,122.0,8.6,8.1,49.0
2025-07-12 23:00:00+00:00,19.7,52.2,442.0,121.0,8.6,8.3,47.0
2025-07-13 00:00:00+00:00,19.8,57.2,442.0,135.0,7.3,8.7,51.0
2025-07-13 01:00:00+00:00,20.3,58.4,442.0,178.0,8.6,9.9,52.0
2025-07-13 02:00:00+00:00,22.3,67.5,442.0,236.0,10.4,11.5,53.0
2025-07-13 03:00:00+00:00,23.2,78.0,442.0,273.0,11.1,12.9,57.0
2025-07-13 04:00:00+00:00,24.2,89.9,442.0,267.0,9.6,13.7,66.0
2025-07-13 05:00:00+00:00,25.9,97.3,441.0,239.0,7.0,14.3,76.0
2025-07-13 06:00:00+00:00,27.4,100.4,441.0,219.0,5.1,14.5,84.0
2025-07-13 07:00:00+00:00,28.3,104.5,441.0,218.0,4.5,14.2,86.0
2025-07-13 08:00:00+00:00,28.5,103.4,441.0,224.0,4.4,13.4,84.0
2025-07-13 09:00:00+00:00,27.5,98.3,441.0,232.0,4.7,12.8,81.0
2025-07-13 10:00:00+00:00,28.2,102.0,441.0,240.0,4.9,12.4,78.0
2025-07-13 11:00:00+00:00,27.1,99.4,441.0,250.0,5.4,12.0,75.0
2025-07-13 12:00:00+00:00,29.2,109.2,441.0,258.0,6.9,12.8,74.0
2025-07-13 13:00:00+00:00,28.0,102.0,441.0,267.0,10.5,12.4,65.0
2025-07-13 14:00:00+00:00,27.7,96.6,442.0,276.0,15.5,11.8,53.0
2025-07-13 15:00:00+00:00,27.6,81.0,442.0,274.0,18.6,11.2,45.0
2025-07-13 16:00:00+00:00,26.6,76.1,442.0,256.0,18.3,10.7,43.0
2025-07-13 17:00:00+00:00,24.3,68.0,441.0,228.0,16.2,10.1,45.0
2025-07-13 18:00:00+00:00,22.9,65.7,441.0,201.0,13.9,9.6,47.0
2025-07-13 19:00:00+00:00,22.1,64.3,441.0,178.0,11.9,9.0,49.0
2025-07-13 20:00:00+00:00,21.6,65.2,441.0,156.0,9.8,8.5,51.0
2025-07-13 21:00:00+00:00,21.1,65.7,441.0,141.0,8.1,8.1,53.0
2025-07-13 22:00:00+00:00,20.6,64.7,442.0,130.0,7.0,7.8,54.0
2025-07-13 23:00:00+00:00,20.3,64.0,442.0,126.0,6.4,7.7,54.0
2025-07-14 00:00:00+00:00,20.0,61.7,443.0,137.0,6.5,8.1,55.0
2025-07-14 01:00:00+00:00,19.5,59.3,443.0,180.0,7.6,8.9,55.0
2025-07-14 02:00:00+00:00,20.4,63.8,442.0,238.0,9.1,10.1,56.0
2025-07-14 03:00:00+00:00,21.8,73.3,442.0,275.0,9.6,11.1,59.0
2025-07-14 04:00:00+00:00,24.2,85.2,442.0,267.0,8.3,11.8,66.0
2025-07-14 05:00:00+00:00,25.1,89.4,441.0,237.0,6.1,12.4,76.0
2025-07-14 06:00:00+00:00,27.7,101.5,441.0,215.0,4.4,12.9,84.0
2025-07-14 07:00:00+00:00,29.5,112.2,441.0,212.0,3.6,13.2,91.0
2025-07-14 08:00:00+00:00,31.3,124.3,441.0,217.0,3.3,13.4,96.0
2025-07-14 09:00:00+00:00,33.5,139.7,441.0,225.0,3.5,13.5,97.0
2025-07-14 10:00:00+00:00,32.1,126.2,441.0,236.0,4.1,13.4,92.0
2025-07-14 11:00:00+00:00,30.4,114.3,441.0,249.0,5.2,13.1,83.0
2025-07-14 12:00:00+00:00,31.1,111.1,441.0,257.0,7.4,14.9,78.0
2025-07-14 13:00:00+00:00,29.1,100.6,441.0,257.0,10.7,14.3,68.0
2025-07-14 14:00:00+00:00,27.6,92.2,441.0,252.0,15.3,13.3,55.0
2025-07-14 15:00:00+00:00,25.6,73.3,441.0,245.0,18.3,12.4,45.0
2025-07-14 16:00:00+00:00,24.3,68.2,441.0,239.0,18.4,11.4,43.0
2025-07-14 17:00:00+00:00,23.3,65.0,442.0,232.0,16.9,10.4,45.0
2025-07-14 18:00:00+00:00,22.9,63.6,442.0,218.0,15.4,9.6,47.0
2025-07-14 19:00:00+00:00,23.4,64.3,442.0,191.0,14.3,9.3,47.0
2025-07-14 20:00:00+00:00,23.1,61.2,441.0,158.0,13.2,9.2,47.0
2025-07-14 21:00:00+00:00,22.4,58.9,441.0,133.0,12.1,9.1,47.0
2025-07-14 22:00:00+00:00,21.9,58.0,441.0,116.0,10.6,8.6,47.0
2025-07-14 23:00:00+00:00,21.5,57.0,442.0,107.0,9.1,8.1,48.0
2025-07-15 00:00:00+00:00,22.2,60.8,442.0,118.0,9.4,8.9,47.0
2025-07-15 01:00:00+00:00,23.3,63.8,442.0,171.0,10.4,10.7,48.0
2025-07-15 02:00:00+00:00,26.7,75.7,443.0,244.0,11.6,13.3,51.0
2025-07-15 03:00:00+00:00,29.3,92.4,443.0,289.0,11.8,15.4,56.0
2025-07-15 04:00:00+00:00,31.7,103.4,442.0,276.0,10.0,16.7,67.0
2025-07-15 05:00:00+00:00,33.8,106.6,442.0,234.0,7.2,17.6,82.0
2025-07-15 06:00:00+00:00,36.2,109.4,441.0,203.0,5.0,17.9,92.0
2025-07-15 07:00:00+00:00,37.5,108.7,441.0,200.0,4.1,17.2,96.0
2025-07-15 08:00:00+00:00,36.0,102.2,442.0,209.0,3.8,16.0,96.0
2025-07-15 09:00:00+00:00,33.4,95.5,442.0,219.0,4.3,15.1,93.0
2025-07-15 10:00:00+00:00,31.1,90.8,442.0,229.0,5.5,15.2,86.0
2025-07-15 11:00:00+00:00,28.8,85.7,441.0,241.0,7.5,15.7,75.0
2025-07-15 12:00:00+00:00,34.6,101.7,441.0,249.0,10.1,15.7,64.0
2025-07-15 13:00:00+00:00,33.3,95.9,441.0,250.0,13.9,15.4,56.0
2025-07-15 14:00:00+00:00,32.7,91.3,441.0,246.0,19.0,14.8,45.0
2025-07-15 15:00:00+00:00,31.2,75.7,441.0,240.0,22.4,14.1,37.0
2025-07-15 16:00:00+00:00,30.3,71.7,441.0,232.0,22.6,13.0,35.0
2025-07-15 17:00:00+00:00,29.4,69.6,441.0,220.0,21.1,11.7,37.0
2025-07-15 18:00:00+00:00,29.1,69.2,441.0,205.0,19.2,10.6,39.0
2025-07-15 19:00:00+00:00,29.2,70.1,441.0,181.0,17.3,10.0,41.0
2025-07-15 20:00:00+00:00,28.3,69.8,441.0,154.0,15.0,9.7,42.0
2025-07-15 21:00:00+00:00,27.3,68.2,441.0,135.0,13.1,9.5,44.0
2025-07-15 22:00:00+00:00,26.4,66.1,441.0,125.0,11.5,9.2,45.0
2025-07-15 23:00:00+00:00,25.6,64.5,442.0,124.0,10.3,9.0,46.0
2025-07-16 00:00:00+00:00,25.0,62.9,442.0,141.0,9.8,9.9,47.0
2025-07-16 01:00:00+00:00,25.6,64.7,442.0,195.0,10.1,11.4,49.0
2025-07-16 02:00:00+00:00,28.3,79.9,443.0,267.0,10.5,13.4,53.0
2025-07-16 03:00:00+00:00,27.1,78.7,443.0,309.0,10.2,14.9,58.0
2025-07-16 04:00:00+00:00,29.3,90.1,442.0,293.0,8.8,15.4,66.0
2025-07-16 05:00:00+00:00,27.1,82.4,442.0,247.0,6.7,15.3,77.0
2025-07-16 06:00:00+00:00,26.6,79.9,441.0,211.0,5.1,14.9,84.0
2025-07-16 07:00:00+00:00,25.9,75.9,441.0,199.0,4.1,14.2,87.0
2025-07-16 08:00:00+00:00,25.4,72.6,441.0,197.0,3.6,13.2,87.0
2025-07-16 09:00:00+00:00,24.9,70.5,441.0,200.0,3.5,12.4,85.0
2025-07-16 10:00:00+00:00,24.1,69.2,441.0,211.0,3.9,12.1,80.0
2025-07-16 11:00:00+00:00,23.3,66.8,441.0,227.0,4.7,11.9,72.0
2025-07-16 12:00:00+00:00,28.2,81.3,441.0,240.0,6.6,12.1,64.0
2025-07-16 13:00:00+00:00,29.2,83.8,441.0,249.0,10.7,12.6,56.0
2025-07-16 14:00:00+00:00,30.2,82.0,442.0,255.0,16.4,13.3,45.0
2025-07-16 15:00:00+00:00,30.6,73.6,442.0,254.0,21.0,13.8,36.0
2025-07-16 16:00:00+00:00,32.2,75.2,442.0,242.0,24.0,14.0,31.0
2025-07-16 17:00:00+00:00,34.0,78.5,441.0,222.0,25.9,13.9,29.0
2025-07-16 18:00:00+00:00,34.8,80.6,441.0,201.0,26.1,13.5,29.0
2025-07-16 19:00:00+00:00,33.6,78.2,441.0,176.0,23.5,12.5,31.0
2025-07-16 20:00:00+00:00,31.8,75.2,441.0,150.0,19.2,11.1,36.0
2025-07-16 21:00:00+00:00,29.9,72.4,441.0,132.0,15.7,10.0,39.0
2025-07-16 22:00:00+00:00,28.5,70.8,441.0,124.0,13.8,9.2,39.0
2025-07-16 23:00:00+00:00,27.4,68.5,442.0,125.0,12.6,8.7,39.0
2025-07-17 00:00:00+00:00,26.1,66.1,442.0,141.0,10.3,8.5,42.0
2025-07-17 01:00:00+00:00,26.5,66.1,442.0,189.0,10.8,10.5,44.0
2025-07-17 02:00:00+00:00,30.0,83.4,442.0,253.0,11.4,13.2,48.0
2025-07-17 03:00:00+00:00,31.2,91.7,442.0,289.0,11.4,15.2,52.0
2025-07-17 04:00:00+00:00,30.3,88.9,442.0,271.0,10.1,15.9,57.0
2025-07-17 05:00:00+00:00,29.4,88.5,441.0,226.0,8.1,15.9,64.0
2025-07-17 06:00:00+00:00,29.0,87.1,441.0,192.0,6.4,15.8,70.0
2025-07-17 07:00:00+00:00,28.2,81.3,441.0,184.0,5.3,15.6,77.0
2025-07-17 08:00:00+00:00,28.2,82.4,441.0,186.0,4.4,15.2,85.0
2025-07-17 09:00:00+00:00,27.5,79.6,441.0,192.0,4.1,14.9,88.0
2025-07-17 10:00:00+00:00,26.7,75.0,441.0,201.0,4.4,14.6,85.0
2025-07-17 11:00:00+00:00,25.8,73.6,441.0,214.0,5.2,14.3,79.0
2025-07-17 12:00:00+00:00,28.5,83.8,441.0,227.0,6.8,14.9,73.0
2025-07-17 13:00:00+00:00,27.3,79.9,441.0,240.0,9.2,15.4,64.0
2025-07-17 14:00:00+00:00,26.4,74.5,442.0,252.0,12.5,16.1,52.0
2025-07-17 15:00:00+00:00,26.4,71.7,442.0,257.0,15.2,16.5,42.0
2025-07-17 16:00:00+00:00,26.1,69.4,442.0,252.0,16.6,16.5,38.0
2025-07-17 17:00:00+00:00,25.7,64.7,442.0,241.0,17.3,16.2,37.0
2025-07-17 18:00:00+00:00,25.3,60.3,442.0,223.0,17.4,15.4,37.0
2025-07-17 19:00:00+00:00,24.6,56.7,442.0,194.0,16.6,13.8,37.0
2025-07-17 20:00:00+00:00,23.8,54.0,441.0,159.0,15.1,11.9,38.0
2025-07-17 21:00:00+00:00,23.4,52.3,441.0,135.0,14.0,10.4,38.0
2025-07-17 22:00:00+00:00,23.1,51.0,442.0,124.0,13.6,9.6,37.0
2025-07-17 23:00:00+00:00,22.5,48.4,442.0,124.0,13.5,9.4,35.0
2025-07-18 00:00:00+00:00,24.8,53.4,443.0,143.0,16.0,11.4,31.0
2025-07-18 01:00:00+00:00,25.3,56.8,443.0,202.0,14.7,13.9,36.0
2025-07-18 02:00:00+00:00,26.2,65.7,443.0,282.0,12.8,17.2,42.0
2025-07-18 03:00:00+00:00,25.3,66.8,443.0,329.0,10.9,19.3,50.0
2025-07-18 04:00:00+00:00,25.7,70.5,442.0,314.0,8.8,18.8,60.0
2025-07-18 05:00:00+00:00,26.4,73.6,442.0,268.0,6.6,16.9,71.0
2025-07-18 06:00:00+00:00,27.2,77.8,441.0,229.0,5.0,15.5,79.0
2025-07-18 07:00:00+00:00,28.5,83.1,441.0,210.0,4.5,15.3,83.0
2025-07-18 08:00:00+00:00,29.6,87.1,440.0,198.0,4.6,15.5,84.0
2025-07-18 09:00:00+00:00,30.3,87.1,440.0,195.0,4.9,15.7,83.0
2025-07-18 10:00:00+00:00,29.8,83.8,440.0,205.0,5.2,15.8,81.0
2025-07-18 11:00:00+00:00,28.8,81.0,441.0,222.0,5.8,15.9,78.0
2025-07-18 12:00:00+00:00,30.5,84.8,441.0,235.0,7.1,17.3,82.0
2025-07-18 13:00:00+00:00,27.6,80.1,441.0,238.0,9.5,16.4,71.0
2025-07-18 14:00:00+00:00,25.1,73.1,441.0,237.0,12.7,15.1,55.0
2025-07-18 15:00:00+00:00,23.9,66.8,441.0,229.0,14.6,14.0,44.0
2025-07-18 16:00:00+00:00,23.7,66.6,441.0,212.0,14.1,13.4,42.0
2025-07-18 17:00:00+00:00,24.2,68.0,441.0,189.0,12.3,13.0,44.0
2025-07-18 18:00:00+00:00,23.9,64.5,441.0,167.0,10.6,12.3,46.0
2025-07-18 19:00:00+00:00,23.5,60.8,441.0,149.0,9.5,11.1,47.0
2025-07-18 20:00:00+00:00,21.0,50.8,441.0,132.0,8.5,9.6,47.0
2025-07-18 21:00:00+00:00,20.0,46.9,441.0,121.0,7.8,8.6,47.0
2025-07-18 22:00:00+00:00,20.3,48.4,441.0,110.0,7.3,8.2,46.0
2025-07-18 23:00:00+00:00,19.9,45.8,442.0,105.0,7.0,8.2,46.0
2025-07-19 00:00:00+00:00,21.2,52.2,442.0,120.0,7.2,10.3,47.0
2025-07-19 01:00:00+00:00,21.5,55.4,442.0,179.0,8.2,11.0,47.0
2025-07-19 02:00:00+00:00,22.2,58.0,443.0,259.0,9.4,12.0,47.0
2025-07-19 03:00:00+00:00,23.9,63.6,443.0,308.0,9.8,13.0,50.0
2025-07-19 04:00:00+00:00,27.8,78.9,443.0,294.0,8.5,14.0,60.0
2025-07-19 05:00:00+00:00,28.2,80.6,442.0,249.0,6.4,15.0,73.0
2025-07-19 06:00:00+00:00,30.6,88.9,442.0,213.0,4.9,15.7,82.0
2025-07-19 07:00:00+00:00,31.9,92.0,442.0,201.0,4.5,15.9,85.0
2025-07-19 08:00:00+00:00,31.4,88.9,441.0,199.0,4.6,15.8,84.0
2025-07-19 09:00:00+00:00,29.7,82.4,441.0,203.0,5.3,15.5,80.0
2025-07-19 10:00:00+00:00,27.8,77.5,441.0,217.0,6.7,15.1,72.0
2025-07-19 11:00:00+00:00,26.4,72.9,442.0,236.0,8.7,14.6,61.0
2025-07-19 12:00:00+00:00,26.4,72.2,442.0,246.0,10.1,15.6,55.0
2025-07-19 13:00:00+00:00,25.8,68.9,442.0,238.0,11.1,14.7,52.0
2025-07-19 14:00:00+00:00,25.5,66.1,442.0,220.0,12.4,13.4,49.0
2025-07-19 15:00:00+00:00,25.4,65.4,442.0,205.0,13.1,12.3,46.0
2025-07-19 16:00:00+00:00,24.0,57.7,442.0,199.0,12.6,11.7,46.0
2025-07-19 17:00:00+00:00,23.5,57.9,442.0,195.0,11.5,11.3,47.0
2025-07-19 18:00:00+00:00,23.1,55.3,442.0,187.0,10.5,10.9,48.0
2025-07-19 19:00:00+00:00,24.3,58.0,442.0,170.0,9.9,10.3,48.0
2025-07-19 20:00:00+00:00,23.7,55.6,442.0,150.0,9.5,9.7,47.0
2025-07-19 21:00:00+00:00,22.3,51.5,442.0,136.0,9.1,9.1,46.0
2025-07-19 22:00:00+00:00,21.1,48.3,442.0,124.0,8.4,8.4,46.0
2025-07-19 23:00:00+00:00,20.8,49.1,443.0,118.0,7.7,7.9,45.0
2025-07-20 00:00:00+00:00,19.3,43.0,443.0,139.0,9.0,8.6,43.0
2025-07-20 01:00:00+00:00,19.8,46.0,443.0,219.0,9.7,9.4,44.0
2025-07-20 02:00:00+00:00,22.1,55.4,444.0,325.0,10.7,10.6,46.0
2025-07-20 03:00:00+00:00,24.7,64.0,444.0,389.0,11.0,11.8,49.0
2025-07-20 04:00:00+00:00,26.9,73.6,444.0,367.0,9.9,13.2,55.0
2025-07-20 05:00:00+00:00,28.6,80.1,443.0,301.0,8.1,14.6,61.0
2025-07-20 06:00:00+00:00,28.5,79.2,442.0,248.0,6.9,15.8,66.0
2025-07-20 07:00:00+00:00,28.8,79.2,442.0,229.0,6.7,16.4,67.0
2025-07-20 08:00:00+00:00,29.2,80.3,441.0,222.0,6.9,16.8,67.0
2025-07-20 09:00:00+00:00,29.6,82.2,441.0,224.0,7.5,17.1,65.0
2025-07-20 10:00:00+00:00,29.6,82.7,441.0,236.0,8.2,17.6,62.0
2025-07-20 11:00:00+00:00,28.9,81.3,442.0,256.0,9.2,18.0,59.0
2025-07-20 12:00:00+00:00,28.5,78.5,442.0,273.0,11.5,19.8,55.0
2025-07-20 13:00:00+00:00,27.5,76.6,442.0,287.0,13.2,19.1,51.0
2025-07-20 14:00:00+00:00,26.5,72.4,443.0,298.0,15.6,18.0,45.0
2025-07-20 15:00:00+00:00,24.8,63.3,443.0,297.0,17.4,16.9,40.0
2025-07-20 16:00:00+00:00,24.4,57.4,443.0,278.0,18.4,15.9,38.0
2025-07-20 17:00:00+00:00,23.9,54.6,442.0,247.0,18.8,14.9,38.0
2025-07-20 18:00:00+00:00,23.8,53.1,442.0,216.0,18.4,13.9,39.0
2025-07-20 19:00:00+00:00,23.5,52.5,442.0,186.0,16.6,12.7,41.0
2025-07-20 20:00:00+00:00,23.0,52.4,441.0,156.0,13.9,11.4,44.0
2025-07-20 21:00:00+00:00,24.7,58.1,441.0,135.0,11.7,10.3,46.0
2025-07-20 22:00:00+00:00,23.3,52.7,441.0,123.0,10.4,9.4,46.0
2025-07-20 23:00:00+00:00,21.7,48.3,441.0,121.0,9.5,8.6,45.0
2025-07-21 00:00:00+00:00,20.8,45.8,441.0,139.0,11.7,9.2,39.0
2025-07-21 01:00:00+00:00,21.5,46.8,441.0,198.0,13.0,11.0,40.0
2025-07-21 02:00:00+00:00,23.7,50.8,442.0,278.0,14.6,13.6,41.0
2025-07-21 03:00:00+00:00,25.0,59.4,442.0,326.0,15.1,15.7,44.0
2025-07-21 04:00:00+00:00,25.7,63.1,442.0,313.0,13.5,16.9,51.0
2025-07-21 05:00:00+00:00,28.9,69.2,441.0,269.0,10.8,17.7,60.0
2025-07-21 06:00:00+00:00,29.8,73.6,441.0,233.0,8.5,18.0,68.0
2025-07-21 07:00:00+00:00,31.7,78.9,441.0,218.0,6.9,17.6,74.0
2025-07-21 08:00:00+00:00,34.3,85.4,441.0,212.0,5.6,16.7,79.0
2025-07-21 09:00:00+00:00,33.1,83.4,441.0,213.0,5.0,16.0,82.0
2025-07-21 10:00:00+00:00,32.6,81.3,441.0,225.0,5.1,15.8,81.0
2025-07-21 11:00:00+00:00,31.5,79.4,441.0,245.0,6.0,15.7,78.0
2025-07-21 12:00:00+00:00,37.3,97.8,441.0,264.0,8.3,17.5,82.0
2025-07-21 13:00:00+00:00,36.1,95.0,442.0,282.0,13.4,17.3,69.0
2025-07-21 14:00:00+00:00,33.9,86.4,443.0,300.0,20.3,17.0,52.0
2025-07-21 15:00:00+00:00,32.0,71.0,444.0,310.0,25.2,16.4,39.0
2025-07-21 16:00:00+00:00,30.9,66.8,445.0,310.0,26.2,15.5,34.0
2025-07-21 17:00:00+00:00,30.4,64.5,446.0,302.0,25.1,14.3,34.0
2025-07-21 18:00:00+00:00,30.0,62.4,446.0,281.0,23.2,13.1,35.0
2025-07-21 19:00:00+00:00,29.1,60.5,445.0,238.0,20.3,11.8,37.0
2025-07-21 20:00:00+00:00,27.8,58.0,443.0,182.0,16.6,10.4,40.0
2025-07-21 21:00:00+00:00,26.6,55.5,442.0,141.0,13.6,9.4,43.0
2025-07-21 22:00:00+00:00,25.4,53.2,441.0,124.0,11.9,8.8,43.0
2025-07-21 23:00:00+00:00,24.3,50.1,441.0,122.0,10.8,8.5,43.0
2025-07-22 00:00:00+00:00,23.7,49.2,441.0,135.0,10.1,8.8,44.0
2025-07-22 01:00:00+00:00,23.5,49.2,441.0,176.0,10.4,10.2,45.0
2025-07-22 02:00:00+00:00,24.8,55.5,441.0,232.0,10.8,12.2,48.0
2025-07-22 03:00:00+00:00,24.7,57.9,441.0,267.0,10.5,13.8,52.0
2025-07-22 04:00:00+00:00,25.8,65.0,441.0,259.0,8.8,14.6,60.0
2025-07-22 05:00:00+00:00,28.1,72.4,441.0,229.0,6.5,14.9,71.0
2025-07-22 06:00:00+00:00,32.4,85.7,441.0,205.0,4.7,14.9,79.0
2025-07-22 07:00:00+00:00,30.2,78.9,441.0,197.0,3.9,14.3,83.0
2025-07-22 08:00:00+00:00,28.8,75.2,441.0,194.0,3.7,13.3,84.0
2025-07-22 09:00:00+00:00,30.5,82.0,441.0,199.0,3.9,12.5,83.0
2025-07-22 10:00:00+00:00,27.5,72.9,441.0,216.0,4.4,12.1,79.0
2025-07-22 11:00:00+00:00,27.4,73.3,441.0,239.0,5.2,11.8,71.0
2025-07-22 12:00:00+00:00,31.2,86.4,441.0,253.0,6.9,13.7,72.0
2025-07-22 13:00:00+00:00,30.0,82.7,441.0,248.0,10.8,13.4,62.0
2025-07-22 14:00:00+00:00,29.3,78.9,441.0,233.0,16.1,13.0,49.0
2025-07-22 15:00:00+00:00,28.6,67.5,441.0,219.0,19.2,12.4,40.0
2025-07-22 16:00:00+00:00,28.2,65.4,441.0,209.0,18.4,11.4,39.0
2025-07-22 17:00:00+00:00,26.4,60.1,441.0,200.0,15.4,10.1,43.0
2025-07-22 18:00:00+00:00,24.6,55.8,441.0,187.0,12.5,8.9,46.0
2025-07-22 19:00:00+00:00,22.7,51.2,441.0,168.0,10.2,7.9,48.0
2025-07-22 20:00:00+00:00,21.5,49.2,441.0,145.0,8.0,6.9,51.0
2025-07-22 21:00:00+00:00,21.0,48.8,441.0,129.0,6.3,6.3,53.0
2025-07-22 22:00:00+00:00,20.6,48.4,441.0,119.0,5.3,6.0,54.0
2025-07-22 23:00:00+00:00,20.1,48.1,440.0,115.0,4.7,6.0,55.0
2025-07-23 00:00:00+00:00,21.0,50.8,440.0,126.0,4.7,6.3,55.0
2025-07-23 01:00:00+00:00,20.9,51.2,441.0,167.0,6.0,7.1,55.0
2025-07-23 02:00:00+00:00,22.5,57.4,441.0,224.0,7.7,8.3,54.0
2025-07-23 03:00:00+00:00,24.3,65.0,442.0,260.0,8.5,9.3,56.0
2025-07-23 04:00:00+00:00,25.4,69.8,442.0,254.0,7.6,10.0,61.0
2025-07-23 05:00:00+00:00,26.4,73.6,441.0,227.0,5.9,10.6,68.0
2025-07-23 06:00:00+00:00,26.1,72.9,441.0,206.0,4.5,10.9,73.0
2025-07-23 07:00:00+00:00,26.1,73.1,441.0,200.0,3.9,10.7,75.0
2025-07-23 08:00:00+00:00,26.7,76.1,441.0,201.0,3.6,10.2,75.0
2025-07-23 09:00:00+00:00,26.8,74.7,441.0,205.0,3.7,9.8,74.0
2025-07-23 10:00:00+00:00,26.9,74.5,441.0,216.0,4.1,9.7,71.0
2025-07-23 11:00:00+00:00,25.6,69.2,441.0,232.0,4.9,9.6,66.0
2025-07-23 12:00:00+00:00,25.0,67.3,441.0,242.0,6.8,10.1,62.0
2025-07-23 13:00:00+00:00,24.6,65.4,441.0,241.0,10.3,10.1,56.0
2025-07-23 14:00:00+00:00,23.6,54.1,441.0,235.0,15.2,10.2,48.0
2025-07-23 15:00:00+00:00,24.0,53.2,441.0,226.0,18.1,10.1,42.0
2025-07-23 16:00:00+00:00,24.0,53.3,441.0,216.0,17.5,9.8,42.0
2025-07-23 17:00:00+00:00,22.5,48.9,441.0,203.0,15.1,9.4,44.0
2025-07-23 18:00:00+00:00,21.5,47.7,441.0,189.0,12.7,8.8,47.0
2025-07-23 19:00:00+00:00,20.7,46.3,441.0,170.0,10.7,8.0,49.0
2025-07-23 20:00:00+00:00,19.6,43.7,441.0,149.0,8.7,7.0,51.0
2025-07-23 21:00:00+00:00,19.0,42.8,441.0,134.0,7.1,6.4,52.0
2025-07-23 22:00:00+00:00,19.0,43.3,441.0,124.0,6.1,6.2,53.0
2025-07-23 23:00:00+00:00,19.6,45.8,440.0,119.0,5.6,6.3,53.0
2025-07-24 00:00:00+00:00,19.0,40.7,440.0,131.0,5.9,6.2,52.0
2025-07-24 01:00:00+00:00,19.9,44.6,441.0,177.0,7.3,7.4,52.0
2025-07-24 02:00:00+00:00,21.9,50.4,441.0,239.0,9.1,9.1,52.0
2025-07-24 03:00:00+00:00,24.2,60.8,442.0,278.0,9.9,10.5,55.0
2025-07-24 04:00:00+00:00,25.8,68.2,442.0,269.0,8.6,11.4,62.0
2025-07-24 05:00:00+00:00,28.1,75.0,441.0,237.0,6.2,12.0,72.0
2025-07-24 06:00:00+00:00,30.9,83.4,441.0,211.0,4.3,12.4,80.0
2025-07-24 07:00:00+00:00,32.0,85.2,441.0,201.0,3.6,12.5,84.0
2025-07-24 08:00:00+00:00,31.2,82.9,441.0,198.0,3.5,12.3,86.0
2025-07-24 09:00:00+00:00,31.0,81.0,441.0,202.0,3.7,12.2,86.0
2025-07-24 10:00:00+00:00,31.1,82.2,441.0,216.0,3.9,12.2,82.0
2025-07-24 11:00:00+00:00,30.4,79.6,441.0,238.0,4.6,12.3,76.0
2025-07-24 12:00:00+00:00,32.7,85.7,441.0,256.0,6.4,13.7,76.0
2025-07-24 13:00:00+00:00,30.0,78.0,441.0,271.0,9.7,13.7,67.0
2025-07-24 14:00:00+00:00,28.3,71.2,442.0,282.0,14.3,13.7,54.0
2025-07-24 15:00:00+00:00,28.3,66.8,442.0,283.0,17.9,13.5,44.0
2025-07-24 16:00:00+00:00,27.0,57.0,442.0,266.0,19.8,13.2,40.0
2025-07-24 17:00:00+00:00,26.1,55.1,442.0,238.0,20.7,12.8,39.0
2025-07-24 18:00:00+00:00,25.5,53.0,442.0,211.0,20.5,12.1,39.0
2025-07-24 19:00:00+00:00,24.6,51.2,442.0,187.0,18.5,11.0,41.0
2025-07-24 20:00:00+00:00,23.3,48.1,442.0,163.0,15.4,9.6,43.0
2025-07-24 21:00:00+00:00,21.9,44.9,442.0,147.0,12.6,8.5,46.0
2025-07-24 22:00:00+00:00,20.7,42.3,442.0,137.0,10.6,7.9,48.0
2025-07-24 23:00:00+00:00,19.8,40.6,441.0,134.0,8.9,7.6,49.0
2025-07-25 00:00:00+00:00,19.6,40.4,441.0,149.0,8.9,8.0,50.0
2025-07-25 01:00:00+00:00,19.7,41.6,442.0,202.0,9.9,9.3,50.0
2025-07-25 02:00:00+00:00,21.4,50.1,443.0,274.0,11.2,11.1,51.0
2025-07-25 03:00:00+00:00,22.4,55.1,443.0,316.0,11.5,12.8,55.0
2025-07-25 04:00:00+00:00,23.2,61.2,443.0,299.0,9.8,14.2,65.0
2025-07-25 05:00:00+00:00,25.0,69.2,442.0,252.0,7.2,15.4,77.0
2025-07-25 06:00:00+00:00,26.1,74.5,441.0,217.0,5.2,16.0,86.0
2025-07-25 07:00:00+00:00,26.4,77.1,441.0,209.0,4.5,15.5,88.0
2025-07-25 08:00:00+00:00,26.3,78.7,441.0,212.0,4.4,14.4,85.0
2025-07-25 09:00:00+00:00,26.0,79.9,441.0,218.0,4.6,13.4,82.0
2025-07-25 10:00:00+00:00,26.5,82.7,441.0,228.0,5.1,12.8,78.0
2025-07-25 11:00:00+00:00,25.6,82.0,442.0,242.0,5.8,12.3,72.0
2025-07-25 12:00:00+00:00,29.5,98.0,442.0,250.0,6.3,13.1,71.0
2025-07-25 13:00:00+00:00,28.1,94.5,442.0,248.0,9.3,13.0,64.0
2025-07-25 14:00:00+00:00,27.1,90.3,442.0,239.0,13.3,12.8,55.0
2025-07-25 15:00:00+00:00,25.6,74.3,442.0,231.0,16.1,12.4,48.0
2025-07-25 16:00:00+00:00,25.2,67.3,442.0,226.0,16.6,11.8,47.0
2025-07-25 17:00:00+00:00,24.8,63.3,442.0,220.0,16.0,10.9,48.0
2025-07-25 18:00:00+00:00,23.7,57.3,442.0,210.0,14.8,10.1,50.0
2025-07-25 19:00:00+00:00,22.8,54.1,442.0,189.0,13.1,9.2,51.0
2025-07-25 20:00:00+00:00,23.6,58.3,442.0,164.0,11.0,8.3,53.0
2025-07-25 21:00:00+00:00,22.5,54.7,442.0,146.0,9.3,7.8,54.0
2025-07-25 22:00:00+00:00,21.7,51.9,442.0,136.0,8.2,7.7,54.0
2025-07-25 23:00:00+00:00,21.4,51.7,442.0,134.0,7.6,7.9,54.0
2025-07-26 00:00:00+00:00,20.9,50.6,442.0,149.0,7.5,8.3,56.0
2025-07-26 01:00:00+00:00,21.1,53.7,442.0,201.0,9.5,9.9,55.0
2025-07-26 02:00:00+00:00,22.9,61.7,443.0,271.0,12.2,12.1,55.0
2025-07-26 03:00:00+00:00,24.7,69.8,443.0,312.0,13.4,13.9,57.0
2025-07-26 04:00:00+00:00,26.4,79.6,443.0,297.0,11.9,14.9,64.0
2025-07-26 05:00:00+00:00,27.8,85.9,442.0,255.0,8.9,15.5,73.0
2025-07-26 06:00:00+00:00,28.8,89.4,442.0,221.0,6.4,15.5,81.0
2025-07-26 07:00:00+00:00,29.9,91.7,442.0,210.0,4.9,14.6,87.0
2025-07-26 08:00:00+00:00,29.2,87.1,441.0,208.0,3.9,13.2,91.0
2025-07-26 09:00:00+00:00,28.8,86.1,441.0,212.0,3.5,12.1,92.0
2025-07-26 10:00:00+00:00,27.6,81.7,441.0,224.0,3.9,11.5,87.0
2025-07-26 11:00:00+00:00,25.8,75.9,442.0,241.0,5.0,11.2,78.0
2025-07-26 12:00:00+00:00,30.9,92.0,442.0,253.0,6.1,11.3,72.0
2025-07-26 13:00:00+00:00,30.2,88.0,442.0,256.0,8.7,11.5,66.0
2025-07-26 14:00:00+00:00,29.7,83.6,442.0,254.0,12.2,11.7,57.0
2025-07-26 15:00:00+00:00,29.3,75.4,442.0,248.0,14.7,11.8,51.0
2025-07-26 16:00:00+00:00,29.0,71.7,442.0,237.0,15.5,11.6,49.0
2025-07-26 17:00:00+00:00,29.1,71.2,442.0,222.0,15.2,11.3,49.0
2025-07-26 18:00:00+00:00,29.3,71.9,442.0,205.0,14.5,10.9,50.0
2025-07-26 19:00:00+00:00,29.3,72.9,442.0,184.0,13.1,10.2,51.0
2025-07-26 20:00:00+00:00,36.7,98.0,442.0,160.0,11.3,9.4,52.0
2025-07-26 21:00:00+00:00,30.6,75.9,442.0,145.0,9.6,8.8,54.0
2025-07-26 22:00:00+00:00,29.4,72.6,442.0,139.0,8.2,8.3,55.0
2025-07-26 23:00:00+00:00,27.6,68.0,442.0,140.0,7.1,8.0,57.0
2025-07-27 00:00:00+00:00,21.0,49.2,442.0,155.0,5.0,7.2,62.0
2025-07-27 01:00:00+00:00,21.7,53.0,442.0,197.0,7.0,8.5,61.0
2025-07-27 02:00:00+00:00,23.4,62.2,443.0,252.0,9.7,10.3,59.0
2025-07-27 03:00:00+00:00,23.9,63.8,443.0,285.0,11.2,11.8,60.0
2025-07-27 04:00:00+00:00,24.3,67.3,443.0,274.0,10.2,12.9,65.0
2025-07-27 05:00:00+00:00,23.8,65.9,442.0,241.0,7.9,13.6,72.0
2025-07-27 06:00:00+00:00,24.2,68.2,442.0,214.0,6.0,13.9,78.0
2025-07-27 07:00:00+00:00,24.3,68.0,442.0,204.0,4.8,13.3,82.0
2025-07-27 08:00:00+00:00,24.6,68.0,441.0,201.0,3.8,12.1,85.0
2025-07-27 09:00:00+00:00,24.8,69.2,441.0,204.0,3.7,11.3,85.0
2025-07-27 10:00:00+00:00,24.3,66.6,441.0,217.0,4.8,11.3,80.0
2025-07-27 11:00:00+00:00,23.8,65.7,442.0,237.0,6.6,11.6,72.0
2025-07-27 12:00:00+00:00,26.5,69.6,442.0,252.0,7.1,12.9,72.0
2025-07-27 13:00:00+00:00,26.9,71.7,442.0,260.0,9.2,13.0,66.0
2025-07-27 14:00:00+00:00,29.3,78.0,442.0,264.0,12.2,13.1,58.0
2025-07-27 15:00:00+00:00,27.2,68.5,442.0,261.0,14.6,13.1,52.0
2025-07-27 16:00:00+00:00,26.8,63.6,442.0,247.0,16.1,12.9,48.0
2025-07-27 17:00:00+00:00,27.4,63.8,442.0,225.0,17.1,12.5,46.0
2025-07-27 18:00:00+00:00,26.1,61.0,442.0,202.0,16.8,11.9,46.0
2025-07-27 19:00:00+00:00,24.3,58.8,442.0,178.0,14.5,11.0,48.0
2025-07-27 20:00:00+00:00,22.8,56.6,442.0,154.0,11.1,9.9,52.0
2025-07-27 21:00:00+00:00,24.3,64.5,442.0,136.0,8.3,9.0,55.0
2025-07-27 22:00:00+00:00,21.5,58.1,442.0,123.0,6.6,8.4,57.0
2025-07-27 23:00:00+00:00,20.2,56.8,441.0,117.0,5.6,7.9,58.0
2025-07-28 00:00:00+00:00,18.6,52.5,441.0,129.0,5.6,7.7,58.0
2025-07-28 01:00:00+00:00,21.3,68.0,441.0,178.0,6.9,8.3,57.0
2025-07-28 02:00:00+00:00,19.8,70.8,442.0,244.0,8.7,9.2,57.0
2025-07-28 03:00:00+00:00,20.0,68.0,442.0,284.0,9.5,10.0,58.0
2025-07-28 04:00:00+00:00,20.4,70.5,442.0,269.0,8.3,10.6,63.0
2025-07-28 05:00:00+00:00,21.9,75.0,441.0,227.0,6.1,11.2,70.0
2025-07-28 06:00:00+00:00,22.4,75.9,441.0,195.0,4.4,11.4,76.0
2025-07-28 07:00:00+00:00,22.5,74.0,441.0,189.0,3.6,11.1,79.0
2025-07-28 08:00:00+00:00,22.9,73.1,441.0,193.0,3.3,10.5,80.0
2025-07-28 09:00:00+00:00,23.1,72.2,441.0,203.0,3.4,9.9,79.0
2025-07-28 10:00:00+00:00,23.0,72.6,441.0,220.0,4.0,9.6,75.0
2025-07-28 11:00:00+00:00,22.2,71.5,441.0,241.0,5.1,9.3,69.0
2025-07-28 12:00:00+00:00,24.3,79.4,441.0,256.0,6.3,10.1,64.0
2025-07-28 13:00:00+00:00,24.4,79.6,441.0,260.0,8.2,10.0,60.0
2025-07-28 14:00:00+00:00,23.8,75.7,442.0,256.0,10.9,9.9,53.0
2025-07-28 15:00:00+00:00,23.5,71.9,442.0,249.0,12.7,9.8,49.0
2025-07-28 16:00:00+00:00,23.7,69.2,442.0,238.0,13.2,9.8,48.0
2025-07-28 17:00:00+00:00,23.5,66.6,442.0,223.0,12.9,9.7,49.0
2025-07-28 18:00:00+00:00,23.0,63.8,442.0,204.0,12.0,9.5,50.0
2025-07-28 19:00:00+00:00,22.7,62.2,442.0,178.0,10.4,8.9,51.0
2025-07-28 20:00:00+00:00,21.1,57.6,441.0,149.0,8.2,8.0,53.0
2025-07-28 21:00:00+00:00,19.5,53.4,441.0,127.0,6.4,7.3,55.0
2025-07-28 22:00:00+00:00,18.0,49.7,441.0,114.0,5.3,6.8,56.0
2025-07-28 23:00:00+00:00,17.1,46.6,441.0,108.0,4.5,6.4,57.0
2025-07-29 00:00:00+00:00,17.0,47.0,441.0,117.0,4.7,6.5,57.0
2025-07-29 01:00:00+00:00,16.8,45.9,441.0,156.0,5.9,7.1,56.0
2025-07-29 02:00:00+00:00,17.9,49.1,441.0,211.0,7.5,7.8,55.0
2025-07-29 03:00:00+00:00,19.6,54.2,441.0,246.0,8.3,8.5,56.0
2025-07-29 04:00:00+00:00,21.0,60.1,441.0,241.0,7.4,9.0,60.0
2025-07-29 05:00:00+00:00,21.7,61.2,441.0,216.0,5.6,9.4,65.0
2025-07-29 06:00:00+00:00,21.7,59.8,441.0,197.0,4.2,9.5,69.0
2025-07-29 07:00:00+00:00,22.0,60.1,441.0,191.0,3.4,9.1,72.0
2025-07-29 08:00:00+00:00,21.4,58.2,441.0,191.0,2.9,8.5,74.0
2025-07-29 09:00:00+00:00,20.8,58.0,441.0,195.0,2.9,8.1,74.0
2025-07-29 10:00:00+00:00,20.7,58.6,441.0,205.0,3.3,8.2,72.0
2025-07-29 11:00:00+00:00,19.8,56.1,441.0,219.0,4.1,8.4,68.0
2025-07-29 12:00:00+00:00,21.8,61.0,441.0,230.0,5.4,9.1,65.0
2025-07-29 13:00:00+00:00,20.4,54.0,441.0,236.0,7.9,8.9,60.0
2025-07-29 14:00:00+00:00,20.2,49.9,442.0,239.0,11.3,8.7,54.0
2025-07-29 15:00:00+00:00,19.7,43.9,442.0,237.0,13.6,8.6,49.0
2025-07-29 16:00:00+00:00,20.9,46.0,442.0,229.0,13.9,8.9,48.0
2025-07-29 17:00:00+00:00,23.9,53.9,442.0,215.0,13.1,9.4,49.0
2025-07-29 18:00:00+00:00,22.4,48.8,442.0,198.0,12.0,9.6,50.0
2025-07-29 19:00:00+00:00,22.0,48.0,442.0,174.0,10.5,9.2,51.0
2025-07-29 20:00:00+00:00,21.4,47.8,441.0,146.0,8.7,8.6,53.0
2025-07-29 21:00:00+00:00,20.9,48.7,441.0,125.0,7.2,8.0,54.0
2025-07-29 22:00:00+00:00,20.7,50.4,441.0,113.0,6.1,7.4,55.0
2025-07-29 23:00:00+00:00,20.6,51.8,441.0,108.0,5.3,6.9,55.0
2025-07-30 00:00:00+00:00,20.7,53.2,441.0,119.0,5.2,6.7,55.0
2025-07-30 01:00:00+00:00,20.9,53.4,441.0,159.0,6.4,6.9,54.0
2025-07-30 02:00:00+00:00,22.6,60.3,441.0,215.0,8.3,7.4,53.0
2025-07-30 03:00:00+00:00,23.1,60.8,441.0,250.0,9.2,8.1,53.0
2025-07-30 04:00:00+00:00,24.1,65.7,441.0,244.0,8.3,9.0,57.0
2025-07-30 05:00:00+00:00,24.1,66.6,441.0,217.0,6.4,10.0,63.0
2025-07-30 06:00:00+00:00,24.7,68.9,441.0,197.0,4.9,10.8,68.0
2025-07-30 07:00:00+00:00,25.1,70.1,441.0,193.0,4.1,11.1,73.0
2025-07-30 08:00:00+00:00,25.7,71.5,440.0,195.0,3.7,11.1,78.0
2025-07-30 09:00:00+00:00,26.4,72.9,440.0,201.0,3.8,11.1,80.0
2025-07-30 10:00:00+00:00,26.3,73.6,440.0,212.0,4.1,11.3,79.0
2025-07-30 11:00:00+00:00,27.3,79.2,441.0,228.0,4.8,11.5,75.0
2025-07-30 12:00:00+00:00,27.4,83.6,441.0,242.0,7.6,11.9,65.0
2025-07-30 13:00:00+00:00,27.4,85.0,441.0,257.0,10.0,11.9,60.0
2025-07-30 14:00:00+00:00,27.5,80.6,442.0,271.0,13.3,11.8,53.0
2025-07-30 15:00:00+00:00,27.5,77.1,442.0,274.0,15.6,11.7,48.0
2025-07-30 16:00:00+00:00,27.4,71.9,442.0,260.0,16.4,11.5,46.0
2025-07-30 17:00:00+00:00,27.0,69.4,442.0,235.0,16.2,11.3,46.0
2025-07-30 18:00:00+00:00,26.9,68.5,442.0,210.0,15.3,10.9,46.0
2025-07-30 19:00:00+00:00,26.2,65.4,442.0,184.0,13.3,10.2,48.0
2025-07-30 20:00:00+00:00,25.3,65.2,441.0,157.0,10.7,9.4,50.0
2025-07-30 21:00:00+00:00,24.6,65.2,441.0,138.0,8.6,8.7,52.0
2025-07-30 22:00:00+00:00,23.9,64.3,441.0,128.0,7.6,8.2,52.0
2025-07-30 23:00:00+00:00,23.0,61.2,442.0,127.0,7.2,7.9,51.0
2025-07-31 00:00:00+00:00,25.4,72.4,442.0,139.0,9.4,9.6,50.0
2025-07-31 01:00:00+00:00,25.0,71.9,442.0,179.0,10.1,10.6,51.0
2025-07-31 02:00:00+00:00,26.5,82.2,441.0,233.0,11.1,12.1,52.0
2025-07-31 03:00:00+00:00,27.6,87.5,441.0,266.0,11.3,13.3,55.0
2025-07-31 04:00:00+00:00,29.1,93.8,441.0,255.0,10.0,14.3,61.0
2025-07-31 05:00:00+00:00,29.6,94.8,441.0,222.0,8.0,15.1,68.0
2025-07-31 06:00:00+00:00,30.5,95.5,441.0,198.0,6.3,15.3,74.0
2025-07-31 07:00:00+00:00,30.3,94.1,441.0,193.0,5.2,14.5,78.0
2025-07-31 08:00:00+00:00,30.0,92.0,441.0,196.0,4.3,13.2,81.0
2025-07-31 09:00:00+00:00,28.6,87.5,441.0,204.0,4.1,12.2,81.0
2025-07-31 10:00:00+00:00,27.0,81.3,441.0,216.0,4.6,11.9,77.0
2025-07-31 11:00:00+00:00,25.7,76.1,441.0,234.0,5.7,12.0,71.0
2025-07-31 12:00:00+00:00,27.6,78.2,441.0,253.0,7.5,12.4,63.0
2025-07-31 13:00:00+00:00,27.0,74.7,442.0,279.0,12.2,12.7,55.0
2025-07-31 14:00:00+00:00,31.1,83.6,442.0,308.0,18.7,13.2,43.0
2025-07-31 15:00:00+00:00,26.6,58.7,443.0,320.0,23.2,13.4,35.0
2025-07-31 16:00:00+00:00,25.7,52.0,443.0,305.0,24.0,13.4,33.0
2025-07-31 17:00:00+00:00,25.1,48.7,442.0,274.0,22.8,13.2,34.0
2025-07-31 18:00:00+00:00,24.7,47.8,442.0,241.0,21.0,12.7,35.0
2025-07-31 19:00:00+00:00,24.0,47.7,442.0,208.0,18.5,11.6,37.0
2025-07-31 20:00:00+00:00,23.2,48.5,441.0,174.0,15.4,10.2,39.0
2025-07-31 21:00:00+00:00,22.6,48.5,441.0,149.0,12.8,9.2,41.0
2025-07-31 22:00:00+00:00,21.8,47.4,441.0,135.0,11.2,8.7,42.0
2025-07-31 23:00:00+00:00,20.9,46.4,441.0,130.0,10.2,8.6,41.0
2025-08-01 00:00:00+00:00,19.7,45.8,441.0,140.0,8.4,8.7,45.0
2025-08-01 01:00:00+00:00,19.3,45.2,441.0,181.0,9.0,9.4,46.0
2025-08-01 02:00:00+00:00,20.3,51.0,442.0,238.0,9.8,10.4,48.0
2025-08-01 03:00:00+00:00,20.5,54.1,442.0,271.0,9.9,11.3,51.0
2025-08-01 04:00:00+00:00,21.8,64.7,442.0,257.0,8.6,12.0,58.0
2025-08-01 05:00:00+00:00,23.1,69.2,441.0,219.0,6.6,12.6,66.0
2025-08-01 06:00:00+00:00,23.1,67.5,441.0,190.0,5.0,12.9,73.0
2025-08-01 07:00:00+00:00,23.6,68.0,441.0,183.0,4.2,12.6,76.0
2025-08-01 08:00:00+00:00,23.1,64.0,441.0,186.0,3.9,11.8,78.0
2025-08-01 09:00:00+00:00,22.7,62.6,441.0,194.0,4.0,11.3,77.0
2025-08-01 10:00:00+00:00,21.9,58.6,441.0,208.0,4.4,11.1,74.0
2025-08-01 11:00:00+00:00,21.3,57.3,441.0,227.0,5.3,11.1,68.0
2025-08-01 12:00:00+00:00,25.5,72.6,441.0,244.0,7.0,11.7,63.0
2025-08-01 13:00:00+00:00,28.1,83.8,441.0,258.0,11.0,11.8,56.0
2025-08-01 14:00:00+00:00,25.8,69.6,442.0,270.0,16.6,12.0,45.0
2025-08-01 15:00:00+00:00,25.1,58.2,442.0,272.0,20.5,12.1,38.0
2025-08-01 16:00:00+00:00,25.4,58.4,442.0,261.0,21.5,12.1,36.0
2025-08-01 17:00:00+00:00,25.3,57.7,442.0,240.0,20.9,12.0,36.0
2025-08-01 18:00:00+00:00,29.0,73.6,442.0,216.0,19.6,11.7,37.0
2025-08-01 19:00:00+00:00,25.6,59.8,442.0,187.0,17.4,10.9,39.0
2025-08-01 20:00:00+00:00,24.4,58.2,441.0,155.0,14.5,9.9,42.0
2025-08-01 21:00:00+00:00,23.2,56.7,441.0,132.0,11.9,9.1,44.0
2025-08-01 22:00:00+00:00,22.2,56.8,441.0,118.0,9.8,8.5,46.0
2025-08-01 23:00:00+00:00,21.9,59.1,441.0,112.0,8.1,8.2,48.0
2025-08-02 00:00:00+00:00,20.8,56.9,441.0,124.0,6.8,7.9,51.0
2025-08-02 01:00:00+00:00,20.4,58.7,441.0,170.0,8.5,8.5,51.0
2025-08-02 02:00:00+00:00,21.1,64.0,442.0,234.0,10.8,9.3,50.0
2025-08-02 03:00:00+00:00,20.7,63.6,442.0,273.0,12.2,10.2,51.0
2025-08-02 04:00:00+00:00,20.5,68.0,442.0,261.0,11.8,11.2,53.0
2025-08-02 05:00:00+00:00,20.0,67.1,441.0,223.0,10.5,12.1,56.0
2025-08-02 06:00:00+00:00,19.3,61.9,441.0,194.0,9.2,12.7,59.0
2025-08-02 07:00:00+00:00,19.4,64.5,441.0,186.0,7.8,12.6,62.0
2025-08-02 08:00:00+00:00,19.3,65.4,441.0,187.0,6.5,12.0,65.0
2025-08-02 09:00:00+00:00,19.3,64.7,441.0,194.0,5.8,11.6,66.0
2025-08-02 10:00:00+00:00,19.2,62.6,441.0,212.0,6.1,11.5,65.0
2025-08-02 11:00:00+00:00,19.2,60.5,441.0,236.0,7.2,11.5,62.0
2025-08-02 12:00:00+00:00,23.6,78.0,441.0,254.0,9.1,11.9,57.0
2025-08-02 13:00:00+00:00,23.7,74.0,441.0,262.0,12.9,11.8,51.0
2025-08-02 14:00:00+00:00,23.6,65.9,442.0,265.0,18.1,11.6,43.0
2025-08-02 15:00:00+00:00,23.7,58.8,442.0,260.0,21.4,11.3,38.0
2025-08-02 16:00:00+00:00,23.2,55.1,442.0,247.0,21.2,11.0,37.0
2025-08-02 17:00:00+00:00,22.8,54.2,441.0,227.0,19.2,10.7,39.0
2025-08-02 18:00:00+00:00,22.4,53.6,441.0,205.0,16.9,10.2,41.0
2025-08-02 19:00:00+00:00,21.5,51.1,441.0,179.0,14.5,9.5,43.0
2025-08-02 20:00:00+00:00,20.2,49.0,441.0,150.0,11.9,8.7,45.0
2025-08-02 21:00:00+00:00,19.2,47.8,441.0,129.0,9.7,8.0,47.0
2025-08-02 22:00:00+00:00,18.5,47.4,441.0,115.0,8.1,7.5,48.0
2025-08-02 23:00:00+00:00,18.0,47.0,440.0,108.0,7.0,7.1,49.0
2025-08-03 00:00:00+00:00,18.1,48.2,440.0,120.0,6.6,7.3,51.0
2025-08-03 01:00:00+00:00,18.3,50.1,440.0,169.0,8.2,8.5,51.0
2025-08-03 02:00:00+00:00,19.9,56.0,441.0,236.0,10.3,10.2,51.0
2025-08-03 03:00:00+00:00,21.4,65.7,441.0,278.0,11.2,11.5,54.0
2025-08-03 04:00:00+00:00,22.2,72.4,441.0,268.0,9.7,12.3,62.0
2025-08-03 05:00:00+00:00,22.4,73.3,441.0,233.0,7.0,12.8,72.0
2025-08-03 06:00:00+00:00,23.3,77.5,441.0,204.0,4.9,12.9,79.0
2025-08-03 07:00:00+00:00,23.9,78.7,441.0,194.0,3.9,12.5,82.0
2025-08-03 08:00:00+00:00,22.7,71.9,440.0,190.0,3.5,11.8,82.0
2025-08-03 09:00:00+00:00,23.5,78.2,440.0,193.0,3.6,11.2,80.0
2025-08-03 10:00:00+00:00,22.6,73.8,440.0,204.0,4.1,11.0,76.0
2025-08-03 11:00:00+00:00,21.4,69.4,441.0,221.0,5.1,10.9,70.0
2025-08-03 12:00:00+00:00,23.5,78.7,441.0,239.0,7.0,11.4,65.0
2025-08-03 13:00:00+00:00,19.6,62.6,441.0,259.0,9.6,12.1,59.0
2025-08-03 14:00:00+00:00,19.3,59.1,442.0,279.0,13.2,13.1,51.0
2025-08-03 15:00:00+00:00,19.1,53.8,442.0,287.0,16.2,13.6,45.0
2025-08-03 16:00:00+00:00,19.5,49.4,442.0,277.0,18.2,13.5,41.0
2025-08-03 17:00:00+00:00,19.6,46.0,442.0,255.0,19.6,12.9,39.0
2025-08-03 18:00:00+00:00,18.6,43.3,442.0,228.0,19.7,12.1,38.0
2025-08-03 19:00:00+00:00,17.5,39.6,442.0,194.0,17.7,11.0,39.0
2025-08-03 20:00:00+00:00,16.5,38.1,441.0,157.0,14.5,9.6,42.0
2025-08-03 21:00:00+00:00,15.6,36.7,441.0,129.0,11.7,8.5,44.0
2025-08-03 22:00:00+00:00,15.0,36.6,441.0,114.0,9.9,7.9,45.0
2025-08-03 23:00:00+00:00,14.5,36.2,441.0,110.0,8.5,7.6,47.0
2025-08-04 00:00:00+00:00,14.3,36.6,441.0,124.0,7.8,7.7,48.0
2025-08-04 01:00:00+00:00,14.2,35.9,441.0,175.0,8.4,8.5,49.0
2025-08-04 02:00:00+00:00,15.5,42.7,442.0,244.0,9.8,9.8,49.0
2025-08-04 03:00:00+00:00,16.3,44.6,442.0,285.0,10.2,10.9,52.0
2025-08-04 04:00:00+00:00,17.3,50.5,442.0,271.0,8.7,11.7,60.0
2025-08-04 05:00:00+00:00,18.9,57.4,441.0,229.0,6.2,12.4,70.0
2025-08-04 06:00:00+00:00,19.8,61.9,441.0,197.0,4.3,12.7,78.0
2025-08-04 07:00:00+00:00,21.2,66.8,441.0,187.0,3.4,12.3,81.0
2025-08-04 08:00:00+00:00,21.1,65.9,440.0,186.0,3.1,11.5,82.0
2025-08-04 09:00:00+00:00,21.1,67.3,440.0,191.0,3.3,10.9,80.0
2025-08-04 10:00:00+00:00,20.3,63.8,440.0,203.0,3.8,10.7,76.0
2025-08-04 11:00:00+00:00,19.5,60.1,441.0,221.0,4.9,10.7,69.0
2025-08-04 12:00:00+00:00,20.2,63.8,441.0,234.0,7.0,10.7,61.0
2025-08-04 13:00:00+00:00,24.7,79.2,441.0,240.0,10.7,10.8,54.0
2025-08-04 14:00:00+00:00,18.8,50.6,441.0,242.0,15.8,10.9,45.0
2025-08-04 15:00:00+00:00,19.0,43.9,441.0,239.0,19.2,10.9,39.0
2025-08-04 16:00:00+00:00,18.0,39.0,441.0,232.0,19.4,10.7,38.0
2025-08-04 17:00:00+00:00,17.9,38.3,441.0,220.0,17.8,10.3,39.0
2025-08-04 18:00:00+00:00,17.7,38.9,441.0,204.0,15.8,9.7,41.0
2025-08-04 19:00:00+00:00,17.1,38.1,441.0,178.0,13.4,8.9,43.0
2025-08-04 20:00:00+00:00,16.5,37.7,440.0,147.0,10.5,7.9,46.0
2025-08-04 21:00:00+00:00,15.8,36.9,440.0,124.0,8.1,7.1,49.0
2025-08-04 22:00:00+00:00,15.3,35.7,440.0,112.0,6.6,6.6,51.0
2025-08-04 23:00:00+00:00,15.0,35.3,440.0,108.0,5.6,6.3,52.0
2025-08-05 00:00:00+00:00,14.8,34.3,440.0,121.0,6.0,6.3,51.0
2025-08-05 01:00:00+00:00,15.5,36.4,440.0,168.0,7.3,7.3,51.0
2025-08-05 02:00:00+00:00,17.1,41.2,441.0,231.0,9.1,8.7,50.0
2025-08-05 03:00:00+00:00,19.2,53.0,441.0,270.0,9.8,9.8,52.0
2025-08-05 04:00:00+00:00,19.9,56.5,441.0,258.0,8.6,10.6,57.0
2025-08-05 05:00:00+00:00,20.0,57.6,440.0,222.0,6.4,11.1,64.0
2025-08-05 06:00:00+00:00,20.2,58.2,440.0,195.0,4.7,11.3,69.0
2025-08-05 07:00:00+00:00,20.6,58.4,440.0,191.0,4.0,11.0,70.0
2025-08-05 08:00:00+00:00,21.1,59.1,440.0,196.0,3.9,10.3,69.0
2025-08-05 09:00:00+00:00,20.9,56.8,440.0,205.0,4.3,9.8,67.0
2025-08-05 10:00:00+00:00,20.5,54.4,440.0,216.0,5.2,9.7,64.0
2025-08-05 11:00:00+00:00,20.2,51.9,440.0,230.0,6.6,9.8,60.0
2025-08-05 12:00:00+00:00,21.6,57.5,440.0,245.0,8.3,9.8,56.0
2025-08-05 13:00:00+00:00,21.5,51.8,440.0,264.0,12.3,10.0,50.0
2025-08-05 14:00:00+00:00,21.2,47.5,441.0,283.0,17.6,10.2,43.0
2025-08-05 15:00:00+00:00,22.9,46.2,441.0,289.0,20.9,10.2,38.0
2025-08-05 16:00:00+00:00,22.2,44.5,441.0,272.0,20.4,10.0,38.0
2025-08-05 17:00:00+00:00,21.5,43.5,441.0,242.0,17.8,9.7,40.0
2025-08-05 18:00:00+00:00,20.9,41.9,441.0,212.0,15.0,9.2,43.0
2025-08-05 19:00:00+00:00,20.1,40.4,441.0,183.0,12.3,8.4,45.0
2025-08-05 20:00:00+00:00,19.0,39.1,440.0,155.0,9.5,7.4,47.0
2025-08-05 21:00:00+00:00,18.1,38.0,440.0,135.0,7.3,6.7,49.0
2025-08-05 22:00:00+00:00,17.5,37.7,440.0,126.0,6.1,6.3,49.0
2025-08-05 23:00:00+00:00,17.2,37.0,440.0,127.0,5.5,6.3,49.0
2025-08-06 00:00:00+00:00,17.1,37.5,440.0,141.0,5.7,6.6,50.0
2025-08-06 01:00:00+00:00,17.5,39.9,440.0,183.0,7.5,7.8,49.0
2025-08-06 02:00:00+00:00,19.4,44.2,441.0,239.0,9.9,9.5,47.0
2025-08-06 03:00:00+00:00,20.8,52.5,441.0,273.0,11.0,10.8,48.0
2025-08-06 04:00:00+00:00,24.4,69.8,441.0,264.0,9.5,11.4,55.0
2025-08-06 05:00:00+00:00,21.0,58.8,440.0,233.0,6.6,11.7,64.0
2025-08-06 06:00:00+00:00,21.4,59.8,440.0,210.0,4.4,11.7,71.0
2025-08-06 07:00:00+00:00,20.5,55.5,440.0,206.0,3.7,11.5,73.0
2025-08-06 08:00:00+00:00,21.0,56.1,440.0,210.0,3.6,11.0,74.0
2025-08-06 09:00:00+00:00,20.8,53.8,440.0,218.0,4.0,10.7,72.0
2025-08-06 10:00:00+00:00,20.8,52.4,440.0,231.0,4.4,10.6,69.0
2025-08-06 11:00:00+00:00,20.7,51.0,440.0,248.0,5.3,10.6,64.0
2025-08-06 12:00:00+00:00,21.9,54.6,440.0,265.0,7.6,10.9,59.0
2025-08-06 13:00:00+00:00,24.3,62.4,441.0,283.0,10.6,11.1,53.0
2025-08-06 14:00:00+00:00,22.2,52.7,441.0,301.0,14.7,11.5,46.0
2025-08-06 15:00:00+00:00,22.4,47.6,442.0,306.0,17.9,11.7,40.0
2025-08-06 16:00:00+00:00,24.1,52.4,442.0,290.0,19.4,11.8,37.0
2025-08-06 17:00:00+00:00,25.7,56.5,441.0,262.0,19.8,11.8,37.0
2025-08-06 18:00:00+00:00,24.6,51.8,441.0,233.0,19.3,11.5,37.0
2025-08-06 19:00:00+00:00,23.7,50.2,441.0,206.0,17.3,10.7,38.0
2025-08-06 20:00:00+00:00,22.6,48.7,441.0,179.0,14.3,9.7,41.0
2025-08-06 21:00:00+00:00,21.5,46.8,441.0,160.0,11.8,8.9,43.0
2025-08-06 22:00:00+00:00,20.5,44.9,441.0,148.0,10.0,8.4,44.0
2025-08-06 23:00:00+00:00,19.4,42.6,441.0,145.0,8.7,8.0,44.0
2025-08-07 00:00:00+00:00,18.3,38.9,441.0,158.0,8.1,8.2,45.0
2025-08-07 01:00:00+00:00,17.8,36.4,441.0,206.0,9.1,9.3,45.0
2025-08-07 02:00:00+00:00,19.2,37.6,441.0,270.0,10.9,10.9,45.0
2025-08-07 03:00:00+00:00,18.7,42.6,441.0,308.0,11.6,12.2,48.0
2025-08-07 04:00:00+00:00,18.9,45.4,441.0,292.0,9.9,12.8,55.0
2025-08-07 05:00:00+00:00,19.4,48.7,440.0,249.0,7.0,13.0,65.0
2025-08-07 06:00:00+00:00,20.8,53.8,440.0,217.0,4.8,13.0,73.0
2025-08-07 07:00:00+00:00,21.0,54.5,440.0,210.0,3.9,12.6,77.0
2025-08-07 08:00:00+00:00,22.5,59.6,440.0,215.0,3.6,11.9,78.0
2025-08-07 09:00:00+00:00,22.9,61.0,440.0,223.0,3.8,11.4,77.0
2025-08-07 10:00:00+00:00,25.0,69.6,440.0,236.0,4.2,11.5,74.0
2025-08-07 11:00:00+00:00,24.0,65.2,441.0,253.0,5.1,11.8,69.0
2025-08-07 12:00:00+00:00,23.0,61.9,441.0,267.0,6.7,12.1,64.0
2025-08-07 13:00:00+00:00,23.3,62.4,441.0,277.0,10.9,12.0,56.0
2025-08-07 14:00:00+00:00,23.2,58.3,441.0,284.0,16.6,12.0,44.0
2025-08-07 15:00:00+00:00,23.2,49.6,441.0,283.0,20.6,11.8,36.0
2025-08-07 16:00:00+00:00,23.2,48.0,441.0,269.0,21.5,11.6,34.0
2025-08-07 17:00:00+00:00,22.9,45.6,441.0,248.0,20.6,11.4,34.0
2025-08-07 18:00:00+00:00,22.6,44.1,441.0,224.0,18.8,10.8,36.0
2025-08-07 19:00:00+00:00,21.5,42.0,441.0,197.0,15.9,9.7,39.0
2025-08-07 20:00:00+00:00,19.7,38.3,441.0,169.0,12.2,8.2,43.0
2025-08-07 21:00:00+00:00,18.0,35.5,441.0,149.0,9.2,7.2,46.0
2025-08-07 22:00:00+00:00,17.1,33.9,441.0,137.0,7.6,6.8,47.0
2025-08-07 23:00:00+00:00,16.6,33.5,441.0,134.0,6.8,6.7,48.0
2025-08-08 00:00:00+00:00,16.6,34.8,441.0,148.0,6.2,6.8,49.0
2025-08-08 01:00:00+00:00,16.9,35.7,441.0,198.0,7.5,7.9,49.0
2025-08-08 02:00:00+00:00,18.3,38.5,442.0,265.0,9.2,9.4,49.0
2025-08-08 03:00:00+00:00,19.0,43.8,442.0,304.0,9.9,10.7,51.0
2025-08-08 04:00:00+00:00,19.5,46.1,441.0,286.0,8.7,11.5,57.0
2025-08-08 05:00:00+00:00,19.6,47.3,441.0,239.0,6.5,11.9,64.0
2025-08-08 06:00:00+00:00,19.9,47.8,440.0,204.0,4.7,12.1,70.0
2025-08-08 07:00:00+00:00,20.5,50.6,440.0,196.0,3.8,11.8,74.0
2025-08-08 08:00:00+00:00,19.7,49.4,440.0,199.0,3.3,11.1,76.0
2025-08-08 09:00:00+00:00,19.7,50.4,440.0,208.0,3.3,10.6,75.0
2025-08-08 10:00:00+00:00,19.0,48.4,440.0,226.0,3.8,10.4,71.0
2025-08-08 11:00:00+00:00,18.2,46.6,441.0,251.0,4.8,10.3,64.0
2025-08-08 12:00:00+00:00,20.7,56.5,441.0,265.0,6.0,10.1,59.0
2025-08-08 13:00:00+00:00,19.8,51.5,441.0,261.0,8.9,10.3,53.0
2025-08-08 14:00:00+00:00,18.3,44.9,441.0,248.0,12.9,10.5,45.0
2025-08-08 15:00:00+00:00,18.5,40.3,441.0,234.0,15.5,10.5,39.0
2025-08-08 16:00:00+00:00,17.5,37.7,441.0,224.0,15.6,10.3,38.0
2025-08-08 17:00:00+00:00,16.8,35.6,441.0,213.0,14.2,9.9,40.0
2025-08-08 18:00:00+00:00,16.2,33.1,441.0,198.0,12.6,9.4,42.0
2025-08-08 19:00:00+00:00,15.3,30.6,441.0,173.0,10.7,8.6,44.0
2025-08-08 20:00:00+00:00,14.6,29.6,440.0,145.0,8.5,7.7,46.0
2025-08-08 21:00:00+00:00,14.2,29.5,440.0,124.0,6.8,7.1,47.0
2025-08-08 22:00:00+00:00,14.1,29.9,440.0,113.0,5.9,6.8,48.0
2025-08-08 23:00:00+00:00,14.1,29.9,441.0,111.0,5.6,6.7,48.0
2025-08-09 00:00:00+00:00,13.6,27.9,441.0,123.0,5.5,6.8,49.0
2025-08-09 01:00:00+00:00,14.3,29.9,441.0,165.0,7.1,8.0,48.0
2025-08-09 02:00:00+00:00,16.2,34.8,441.0,221.0,9.3,9.7,47.0
2025-08-09 03:00:00+00:00,17.2,39.2,441.0,256.0,10.4,11.0,48.0
2025-08-09 04:00:00+00:00,18.7,45.1,441.0,246.0,9.4,11.7,51.0
2025-08-09 05:00:00+00:00,18.5,45.3,440.0,214.0,7.2,12.1,56.0
2025-08-09 06:00:00+00:00,18.3,46.2,440.0,190.0,5.4,12.1,61.0
2025-08-09 07:00:00+00:00,19.2,49.2,440.0,184.0,4.2,11.6,66.0
2025-08-09 08:00:00+00:00,19.0,47.7,440.0,185.0,3.4,10.9,70.0
2025-08-09 09:00:00+00:00,18.3,45.9,440.0,192.0,3.2,10.3,71.0
2025-08-09 10:00:00+00:00,19.3,50.4,440.0,207.0,4.0,10.1,67.0
2025-08-09 11:00:00+00:00,17.5,44.4,440.0,229.0,5.4,10.2,60.0
2025-08-09 12:00:00+00:00,19.7,48.8,440.0,246.0,8.6,11.0,49.0
2025-08-09 13:00:00+00:00,20.3,49.8,440.0,257.0,10.9,11.5,45.0
2025-08-09 14:00:00+00:00,19.7,44.2,441.0,264.0,14.1,12.2,41.0
2025-08-09 15:00:00+00:00,19.1,40.3,441.0,264.0,16.4,12.5,37.0
2025-08-09 16:00:00+00:00,18.4,36.0,441.0,254.0,17.1,12.1,36.0
2025-08-09 17:00:00+00:00,18.0,34.7,441.0,236.0,16.8,11.2,35.0
2025-08-09 18:00:00+00:00,17.4,33.3,441.0,214.0,15.8,10.3,36.0
2025-08-09 19:00:00+00:00,16.8,32.6,441.0,184.0,13.8,9.4,38.0
2025-08-09 20:00:00+00:00,16.2,31.7,440.0,150.0,11.1,8.5,40.0
2025-08-09 21:00:00+00:00,15.5,30.9,440.0,125.0,8.9,7.8,42.0
2025-08-09 22:00:00+00:00,15.0,30.2,440.0,112.0,7.5,7.3,43.0
2025-08-09 23:00:00+00:00,14.7,29.7,441.0,108.0,6.7,7.0,44.0
2025-08-10 00:00:00+00:00,15.2,33.3,441.0,122.0,6.6,7.4,44.0
2025-08-10 01:00:00+00:00,15.7,32.6,441.0,171.0,8.1,8.5,43.0
2025-08-10 02:00:00+00:00,17.4,36.2,441.0,237.0,10.2,9.9,42.0
2025-08-10 03:00:00+00:00,18.8,41.2,441.0,277.0,10.9,11.1,44.0
2025-08-10 04:00:00+00:00,19.4,44.8,441.0,264.0,9.1,11.8,52.0
2025-08-10 05:00:00+00:00,20.5,48.5,440.0,226.0,6.1,12.2,62.0
2025-08-10 06:00:00+00:00,22.1,53.4,440.0,197.0,3.8,12.3,70.0
2025-08-10 07:00:00+00:00,22.5,53.8,440.0,192.0,3.0,12.0,73.0
2025-08-10 08:00:00+00:00,22.6,54.0,440.0,196.0,3.0,11.5,74.0
2025-08-10 09:00:00+00:00,22.6,53.8,440.0,205.0,3.4,11.0,72.0
2025-08-10 10:00:00+00:00,21.8,51.5,440.0,218.0,4.0,10.8,68.0
2025-08-10 11:00:00+00:00,21.3,51.3,440.0,236.0,5.0,10.7,61.0
2025-08-10 12:00:00+00:00,21.0,51.8,440.0,248.0,7.2,11.5,54.0
2025-08-10 13:00:00+00:00,20.6,48.2,440.0,252.0,9.6,11.7,49.0
2025-08-10 14:00:00+00:00,21.0,48.2,441.0,251.0,12.9,12.0,43.0
2025-08-10 15:00:00+00:00,21.8,48.3,441.0,245.0,15.3,12.0,38.0
2025-08-10 16:00:00+00:00,21.3,45.2,441.0,234.0,16.1,11.5,36.0
2025-08-10 17:00:00+00:00,21.3,45.1,441.0,218.0,15.9,10.6,36.0
2025-08-10 18:00:00+00:00,20.8,43.2,441.0,199.0,14.9,9.7,37.0
2025-08-10 19:00:00+00:00,20.0,42.4,441.0,174.0,12.7,8.7,39.0
2025-08-10 20:00:00+00:00,18.6,39.5,440.0,145.0,9.7,7.7,42.0
2025-08-10 21:00:00+00:00,17.2,37.4,440.0,125.0,7.3,6.9,44.0
2025-08-10 22:00:00+00:00,16.2,35.9,440.0,113.0,6.1,6.4,45.0
2025-08-10 23:00:00+00:00,15.6,35.2,441.0,110.0,5.6,6.1,44.0
2025-08-11 00:00:00+00:00,15.6,36.2,441.0,124.0,5.3,6.4,45.0
2025-08-11 01:00:00+00:00,16.1,38.0,441.0,175.0,7.0,7.4,44.0
2025-08-11 02:00:00+00:00,17.8,43.2,441.0,243.0,9.3,8.8,42.0
2025-08-11 03:00:00+00:00,19.0,48.4,441.0,284.0,10.4,9.9,42.0
2025-08-11 04:00:00+00:00,19.5,52.9,441.0,269.0,9.1,10.6,47.0
2025-08-11 05:00:00+00:00,19.7,54.1,440.0,226.0,6.7,11.0,53.0
2025-08-11 06:00:00+00:00,20.0,54.8,440.0,195.0,4.8,11.1,58.0
2025-08-11 07:00:00+00:00,20.3,55.6,440.0,190.0,4.1,10.8,59.0
2025-08-11 08:00:00+00:00,20.3,54.4,440.0,197.0,4.0,10.2,59.0
2025-08-11 09:00:00+00:00,20.0,52.6,440.0,207.0,4.3,9.8,57.0
2025-08-11 10:00:00+00:00,20.3,52.2,440.0,220.0,4.9,9.7,55.0
2025-08-11 11:00:00+00:00,19.6,49.6,441.0,236.0,6.0,9.9,51.0
2025-08-11 12:00:00+00:00,22.6,59.6,441.0,247.0,7.5,10.6,49.0
2025-08-11 13:00:00+00:00,22.6,56.7,441.0,251.0,10.9,10.6,44.0
2025-08-11 14:00:00+00:00,22.5,54.2,441.0,251.0,15.5,10.6,37.0
2025-08-11 15:00:00+00:00,21.7,46.1,441.0,245.0,18.2,10.4,33.0
2025-08-11 16:00:00+00:00,20.7,43.1,441.0,234.0,17.5,10.0,33.0
2025-08-11 17:00:00+00:00,20.0,41.9,441.0,217.0,14.8,9.4,36.0
2025-08-11 18:00:00+00:00,19.4,40.2,441.0,198.0,12.2,8.7,39.0
2025-08-11 19:00:00+00:00,18.6,37.8,441.0,174.0,9.9,7.9,41.0
2025-08-11 20:00:00+00:00,18.1,37.5,440.0,146.0,7.5,7.0,43.0
2025-08-11 21:00:00+00:00,17.3,35.9,440.0,127.0,5.8,6.3,44.0
2025-08-11 22:00:00+00:00,16.4,34.6,440.0,117.0,4.9,6.0,44.0
2025-08-11 23:00:00+00:00,18.7,41.8,440.0,114.0,4.6,5.9,44.0
2025-08-12 00:00:00+00:00,15.7,34.6,440.0,126.0,5.0,6.1,44.0
2025-08-12 01:00:00+00:00,15.1,33.5,440.0,166.0,6.4,6.9,43.0
2025-08-12 02:00:00+00:00,15.8,35.2,441.0,220.0,8.2,8.0,42.0
2025-08-12 03:00:00+00:00,16.1,36.4,441.0,253.0,9.1,9.0,43.0
2025-08-12 04:00:00+00:00,16.4,38.3,441.0,244.0,8.0,9.6,47.0
2025-08-12 05:00:00+00:00,17.3,40.9,440.0,214.0,6.0,10.1,52.0
2025-08-12 06:00:00+00:00,17.5,41.1,440.0,192.0,4.4,10.3,56.0
2025-08-12 07:00:00+00:00,17.1,38.8,440.0,188.0,3.7,10.2,59.0
2025-08-12 08:00:00+00:00,16.9,37.3,440.0,191.0,3.4,9.8,61.0
2025-08-12 09:00:00+00:00,16.9,36.6,440.0,199.0,3.6,9.6,61.0
2025-08-12 10:00:00+00:00,17.2,36.2,440.0,213.0,4.4,9.6,59.0
2025-08-12 11:00:00+00:00,16.9,35.3,440.0,233.0,5.6,9.6,55.0
2025-08-12 12:00:00+00:00,19.7,41.9,440.0,249.0,7.2,10.0,52.0
2025-08-12 13:00:00+00:00,21.0,43.5,440.0,262.0,10.7,10.2,47.0
2025-08-12 14:00:00+00:00,21.7,44.7,441.0,272.0,15.4,10.5,39.0
2025-08-12 15:00:00+00:00,23.3,44.1,441.0,274.0,18.5,10.7,34.0
2025-08-12 16:00:00+00:00,24.0,45.1,441.0,264.0,18.8,10.7,33.0
2025-08-12 17:00:00+00:00,25.4,48.5,441.0,246.0,17.5,10.5,34.0
2025-08-12 18:00:00+00:00,26.7,51.3,441.0,223.0,15.7,10.1,36.0
2025-08-12 19:00:00+00:00,25.9,49.8,441.0,192.0,13.2,9.2,38.0
2025-08-12 20:00:00+00:00,25.7,49.2,440.0,156.0,10.2,8.1,41.0
2025-08-12 21:00:00+00:00,22.4,42.4,440.0,131.0,7.9,7.3,43.0
2025-08-12 22:00:00+00:00,18.1,33.3,440.0,119.0,6.6,6.9,44.0
2025-08-12 23:00:00+00:00,16.8,31.7,441.0,118.0,6.1,6.8,43.0
2025-08-13 00:00:00+00:00,15.9,27.6,441.0,136.0,6.5,7.4,44.0
2025-08-13 01:00:00+00:00,16.5,30.6,441.0,193.0,8.4,8.9,43.0
2025-08-13 02:00:00+00:00,18.9,37.3,442.0,269.0,11.0,10.9,43.0
2025-08-13 03:00:00+00:00,20.5,42.7,442.0,313.0,12.3,12.6,44.0
2025-08-13 04:00:00+00:00,24.9,55.4,442.0,295.0,11.0,13.5,49.0
2025-08-13 05:00:00+00:00,23.1,51.8,441.0,246.0,8.4,14.0,57.0
2025-08-13 06:00:00+00:00,22.8,52.3,441.0,208.0,6.3,14.1,63.0
2025-08-13 07:00:00+00:00,23.3,54.5,441.0,198.0,5.3,13.7,66.0
2025-08-13 08:00:00+00:00,23.1,54.6,440.0,199.0,4.9,12.9,68.0
2025-08-13 09:00:00+00:00,22.4,53.3,440.0,205.0,5.0,12.4,68.0
2025-08-13 10:00:00+00:00,21.5,51.6,440.0,211.0,5.7,12.4,66.0
2025-08-13 11:00:00+00:00,21.9,53.7,441.0,222.0,6.9,12.7,62.0
2025-08-13 12:00:00+00:00,22.2,52.4,441.0,243.0,9.9,14.4,55.0
2025-08-13 13:00:00+00:00,21.1,50.6,442.0,287.0,13.4,14.5,49.0
2025-08-13 14:00:00+00:00,20.7,50.4,443.0,341.0,18.3,14.6,40.0
2025-08-13 15:00:00+00:00,21.5,48.9,443.0,369.0,21.9,14.6,33.0
2025-08-13 16:00:00+00:00,22.1,49.7,443.0,348.0,23.1,14.3,30.0
2025-08-13 17:00:00+00:00,21.8,48.3,442.0,301.0,23.1,13.9,29.0
2025-08-13 18:00:00+00:00,21.3,46.0,442.0,257.0,22.6,13.3,29.0
2025-08-13 19:00:00+00:00,20.9,43.9,442.0,226.0,21.4,12.4,29.0
2025-08-13 20:00:00+00:00,20.2,41.6,443.0,199.0,19.6,11.3,29.0
2025-08-13 21:00:00+00:00,19.7,39.7,443.0,178.0,18.5,10.9,29.0
2025-08-13 22:00:00+00:00,19.9,39.8,443.0,157.0,18.9,11.4,27.0
2025-08-13 23:00:00+00:00,21.1,45.4,442.0,141.0,20.1,12.4,24.0
2025-08-14 00:00:00+00:00,25.3,53.4,442.0,153.0,23.4,17.8,26.0
2025-08-14 01:00:00+00:00,23.9,44.1,443.0,222.0,23.0,19.5,27.0
2025-08-14 02:00:00+00:00,24.6,47.4,444.0,318.0,22.2,21.8,28.0
2025-08-14 03:00:00+00:00,23.2,48.5,444.0,374.0,20.3,23.0,32.0
2025-08-14 04:00:00+00:00,21.1,52.3,443.0,348.0,16.3,22.3,42.0
2025-08-14 05:00:00+00:00,21.7,57.0,442.0,281.0,11.1,20.6,55.0
2025-08-14 06:00:00+00:00,22.0,59.3,441.0,230.0,7.2,19.0,65.0
2025-08-14 07:00:00+00:00,21.9,59.5,441.0,216.0,5.5,17.8,71.0
2025-08-14 08:00:00+00:00,21.6,56.8,441.0,219.0,5.0,16.6,75.0
2025-08-14 09:00:00+00:00,21.4,56.5,441.0,228.0,5.2,15.8,75.0
2025-08-14 10:00:00+00:00,20.8,56.3,441.0,246.0,5.9,15.6,71.0
2025-08-14 11:00:00+00:00,20.0,55.4,441.0,272.0,7.3,15.6,63.0
2025-08-14 12:00:00+00:00,22.9,61.2,441.0,290.0,13.7,16.5,54.0
2025-08-14 13:00:00+00:00,21.7,58.7,441.0,296.0,18.4,16.4,45.0
2025-08-14 14:00:00+00:00,21.3,53.3,442.0,296.0,24.8,16.2,33.0
2025-08-14 15:00:00+00:00,21.3,47.8,442.0,289.0,29.6,15.9,24.0
2025-08-14 16:00:00+00:00,22.1,46.3,442.0,273.0,31.4,15.5,21.0
2025-08-14 17:00:00+00:00,22.3,47.5,442.0,251.0,31.5,14.9,21.0
2025-08-14 18:00:00+00:00,21.9,48.4,442.0,231.0,30.7,14.2,22.0
2025-08-14 19:00:00+00:00,21.5,49.6,443.0,214.0,28.7,13.0,23.0
2025-08-14 20:00:00+00:00,21.6,50.4,444.0,198.0,25.6,11.6,26.0
2025-08-14 21:00:00+00:00,21.7,50.8,445.0,188.0,23.0,11.3,28.0
2025-08-14 22:00:00+00:00,22.1,52.0,446.0,155.0,20.8,12.8,31.0
2025-08-14 23:00:00+00:00,23.5,69.4,448.0,127.0,19.0,15.4,33.0
2025-08-15 00:00:00+00:00,26.8,69.4,450.0,193.0,28.9,19.0,24.0
2025-08-15 01:00:00+00:00,27.4,61.5,453.0,455.0,29.0,23.4,25.0
2025-08-15 02:00:00+00:00,29.2,70.8,457.0,812.0,29.1,29.4,28.0
2025-08-15 03:00:00+00:00,31.7,85.2,459.0,1041.0,27.6,33.3,34.0
2025-08-15 04:00:00+00:00,34.0,97.8,458.0,1032.0,23.5,33.4,47.0
2025-08-15 05:00:00+00:00,33.9,93.6,455.0,896.0,18.0,31.5,64.0
2025-08-15 06:00:00+00:00,30.9,83.4,452.0,748.0,13.2,29.3,80.0
2025-08-15 07:00:00+00:00,29.7,78.2,450.0,607.0,9.7,27.0,94.0
2025-08-15 08:00:00+00:00,30.4,76.8,448.0,453.0,6.9,24.5,107.0
2025-08-15 09:00:00+00:00,30.9,76.1,446.0,342.0,5.5,22.6,114.0
2025-08-15 10:00:00+00:00,31.4,77.8,444.0,301.0,5.7,22.1,113.0
2025-08-15 11:00:00+00:00,31.7,79.9,443.0,303.0,7.2,22.2,107.0
2025-08-15 12:00:00+00:00,25.7,63.1,442.0,323.0,9.3,20.5,93.0
2025-08-15 13:00:00+00:00,25.5,64.0,443.0,370.0,14.6,19.1,75.0
2025-08-15 14:00:00+00:00,24.9,62.4,444.0,436.0,22.1,17.2,51.0
2025-08-15 15:00:00+00:00,25.1,61.9,445.0,472.0,28.5,15.8,31.0
2025-08-15 16:00:00+00:00,25.3,62.4,445.0,453.0,32.9,15.5,21.0
2025-08-15 17:00:00+00:00,25.7,62.6,445.0,404.0,36.2,15.8,16.0
2025-08-15 18:00:00+00:00,27.1,61.0,445.0,351.0,37.9,15.9,13.0
2025-08-15 19:00:00+00:00,27.7,61.7,444.0,293.0,37.4,15.5,13.0
2025-08-15 20:00:00+00:00,27.2,61.0,443.0,231.0,35.3,14.9,14.0
2025-08-15 21:00:00+00:00,26.0,59.6,443.0,188.0,33.1,14.6,16.0
2025-08-15 22:00:00+00:00,25.0,56.9,444.0,167.0,31.6,14.3,16.0
2025-08-15 23:00:00+00:00,24.3,55.8,445.0,166.0,30.0,14.2,15.0
2025-08-16 00:00:00+00:00,24.6,55.1,446.0,200.0,29.0,16.9,16.0
2025-08-16 01:00:00+00:00,25.4,61.5,448.0,298.0,27.0,19.9,19.0
2025-08-16 02:00:00+00:00,26.8,70.3,450.0,431.0,24.1,24.3,25.0
2025-08-16 03:00:00+00:00,28.4,86.8,451.0,530.0,20.9,28.2,36.0
2025-08-16 04:00:00+00:00,29.6,89.4,451.0,572.0,17.2,31.8,58.0
2025-08-16 05:00:00+00:00,30.5,83.1,450.0,579.0,13.0,35.1,85.0
2025-08-16 06:00:00+00:00,32.7,80.6,449.0,552.0,9.6,36.3,109.0
2025-08-16 07:00:00+00:00,33.1,76.4,447.0,464.0,6.9,33.9,127.0
2025-08-16 08:00:00+00:00,31.4,69.4,444.0,341.0,4.8,29.3,141.0
2025-08-16 09:00:00+00:00,30.4,65.2,442.0,261.0,4.2,25.4,146.0
2025-08-16 10:00:00+00:00,30.0,63.6,442.0,267.0,5.4,23.2,136.0
2025-08-16 11:00:00+00:00,28.8,61.9,442.0,317.0,8.0,21.7,117.0
2025-08-16 12:00:00+00:00,34.1,66.6,443.0,358.0,10.1,25.0,127.0
2025-08-16 13:00:00+00:00,30.0,60.3,443.0,374.0,15.0,22.2,100.0
2025-08-16 14:00:00+00:00,26.2,52.2,444.0,381.0,21.9,18.3,64.0
2025-08-16 15:00:00+00:00,24.2,49.9,444.0,379.0,27.5,15.3,35.0
2025-08-16 16:00:00+00:00,23.7,50.9,444.0,365.0,30.9,14.3,23.0
2025-08-16 17:00:00+00:00,24.1,52.7,444.0,342.0,32.9,14.2,19.0
2025-08-16 18:00:00+00:00,24.9,51.3,444.0,313.0,33.2,14.2,18.0
2025-08-16 19:00:00+00:00,24.4,50.6,444.0,275.0,30.8,13.8,19.0
2025-08-16 20:00:00+00:00,23.0,48.8,445.0,231.0,26.6,13.4,22.0
2025-08-16 21:00:00+00:00,21.5,46.9,445.0,200.0,22.8,13.1,25.0
2025-08-16 22:00:00+00:00,20.4,45.2,445.0,179.0,20.1,12.9,26.0
2025-08-16 23:00:00+00:00,19.5,43.4,445.0,170.0,17.9,13.0,27.0
2025-08-17 00:00:00+00:00,18.5,39.1,445.0,199.0,18.1,13.5,25.0
2025-08-17 01:00:00+00:00,18.2,40.9,446.0,305.0,17.5,15.1,27.0
2025-08-17 02:00:00+00:00,19.4,47.5,447.0,449.0,16.5,17.5,31.0
2025-08-17 03:00:00+00:00,20.7,51.9,448.0,536.0,15.1,19.7,40.0
2025-08-17 04:00:00+00:00,21.8,51.6,447.0,510.0,12.8,21.8,60.0
2025-08-17 05:00:00+00:00,23.5,51.6,445.0,426.0,9.9,23.8,86.0
2025-08-17 06:00:00+00:00,25.8,54.4,443.0,356.0,7.6,25.0,108.0
2025-08-17 07:00:00+00:00,28.0,56.5,443.0,322.0,6.0,25.2,127.0
2025-08-17 08:00:00+00:00,28.5,55.4,443.0,302.0,4.9,24.6,142.0
2025-08-17 09:00:00+00:00,28.8,54.7,443.0,305.0,4.8,23.6,147.0
2025-08-17 10:00:00+00:00,28.2,53.1,443.0,341.0,5.9,22.0,136.0
2025-08-17 11:00:00+00:00,26.1,48.9,443.0,399.0,8.1,20.1,114.0
2025-08-17 12:00:00+00:00,26.5,45.5,444.0,455.0,12.0,21.8,111.0
2025-08-17 13:00:00+00:00,23.2,41.0,445.0,509.0,16.9,20.2,87.0
2025-08-17 14:00:00+00:00,21.5,38.8,447.0,562.0,23.7,18.0,53.0
2025-08-17 15:00:00+00:00,21.1,39.2,448.0,588.0,29.0,16.4,28.0
2025-08-17 16:00:00+00:00,21.2,39.8,449.0,572.0,31.2,16.1,19.0
2025-08-17 17:00:00+00:00,21.4,40.4,450.0,529.0,31.8,16.4,17.0
2025-08-17 18:00:00+00:00,21.8,40.4,451.0,482.0,32.2,16.6,17.0
2025-08-17 19:00:00+00:00,22.1,40.4,452.0,435.0,33.2,16.3,15.0
2025-08-17 20:00:00+00:00,23.2,38.5,452.0,385.0,34.0,15.8,13.0
2025-08-17 21:00:00+00:00,22.6,38.0,452.0,337.0,33.5,15.4,13.0
2025-08-17 22:00:00+00:00,21.3,37.4,451.0,270.0,30.6,15.0,15.0
2025-08-17 23:00:00+00:00,20.3,36.9,450.0,207.0,26.5,14.7,18.0
2025-08-18 00:00:00+00:00,18.8,36.0,450.0,221.0,21.5,13.1,25.0
2025-08-18 01:00:00+00:00,21.1,39.3,452.0,380.0,22.9,15.0,23.0
2025-08-18 02:00:00+00:00,23.7,43.4,454.0,617.0,24.6,17.8,21.0
2025-08-18 03:00:00+00:00,25.0,47.0,456.0,808.0,24.5,20.9,31.0
2025-08-18 04:00:00+00:00,27.2,49.8,457.0,915.0,21.0,25.2,65.0
2025-08-18 05:00:00+00:00,27.1,45.4,458.0,975.0,15.6,29.9,110.0
2025-08-18 06:00:00+00:00,27.8,39.5,457.0,975.0,11.1,31.8,146.0
2025-08-18 07:00:00+00:00,29.6,38.9,454.0,881.0,8.0,28.4,164.0
2025-08-18 08:00:00+00:00,28.9,36.2,450.0,726.0,5.7,22.2,173.0
2025-08-18 09:00:00+00:00,27.6,33.4,447.0,602.0,5.0,17.7,172.0
2025-08-18 10:00:00+00:00,28.3,34.3,445.0,509.0,6.3,16.9,160.0
2025-08-18 11:00:00+00:00,28.5,37.4,445.0,445.0,9.2,17.7,139.0
2025-08-18 12:00:00+00:00,28.2,38.0,446.0,500.0,13.0,16.7,109.0
2025-08-18 13:00:00+00:00,27.9,40.7,451.0,801.0,18.9,18.2,91.0
2025-08-18 14:00:00+00:00,28.6,43.8,458.0,1219.0,27.1,20.3,67.0
2025-08-18 15:00:00+00:00,28.0,44.4,463.0,1462.0,32.6,21.4,48.0
2025-08-18 16:00:00+00:00,27.1,43.9,463.0,1369.0,33.4,20.9,39.0
2025-08-18 17:00:00+00:00,25.0,41.6,461.0,1100.0,31.6,19.6,36.0
2025-08-18 18:00:00+00:00,24.2,39.8,459.0,840.0,29.1,18.0,35.0
2025-08-18 19:00:00+00:00,22.9,37.4,456.0,637.0,26.2,16.1,35.0
2025-08-18 20:00:00+00:00,21.6,34.6,453.0,442.0,22.6,14.0,37.0
2025-08-18 21:00:00+00:00,20.8,32.9,450.0,293.0,19.6,12.4,39.0
2025-08-18 22:00:00+00:00,20.0,31.3,447.0,188.0,17.2,11.5,40.0
2025-08-18 23:00:00+00:00,19.0,29.3,444.0,128.0,15.3,11.1,42.0
2025-08-19 00:00:00+00:00,19.7,25.4,443.0,156.0,11.3,11.2,58.0
2025-08-19 01:00:00+00:00,21.2,27.6,446.0,351.0,15.9,12.7,53.0
2025-08-19 02:00:00+00:00,24.6,31.2,450.0,634.0,22.1,15.0,47.0
2025-08-19 03:00:00+00:00,26.0,35.2,453.0,806.0,25.2,17.6,51.0
2025-08-19 04:00:00+00:00,26.9,43.2,452.0,748.0,22.0,21.0,77.0
2025-08-19 05:00:00+00:00,29.6,60.3,450.0,580.0,15.6,24.8,114.0
2025-08-19 06:00:00+00:00,30.5,63.6,449.0,461.0,11.2,27.0,139.0
2025-08-19 07:00:00+00:00,32.2,66.1,450.0,450.0,10.4,26.6,143.0
2025-08-19 08:00:00+00:00,35.9,73.3,451.0,488.0,11.4,24.7,136.0
2025-08-19 09:00:00+00:00,31.1,55.8,453.0,559.0,14.1,22.7,123.0
2025-08-19 10:00:00+00:00,27.3,47.5,455.0,689.0,18.9,21.1,102.0
2025-08-19 11:00:00+00:00,26.1,41.3,456.0,851.0,25.5,19.4,76.0
2025-08-19 12:00:00+00:00,36.8,58.8,457.0,950.0,45.0,19.7,48.0
2025-08-19 13:00:00+00:00,37.6,59.4,456.0,937.0,48.9,19.9,41.0
2025-08-19 14:00:00+00:00,37.4,56.9,454.0,861.0,53.9,20.1,32.0
2025-08-19 15:00:00+00:00,35.5,53.1,453.0,775.0,55.9,19.9,26.0
2025-08-19 16:00:00+00:00,32.0,46.6,453.0,689.0,52.0,18.8,26.0
2025-08-19 17:00:00+00:00,29.2,42.3,453.0,593.0,44.9,17.3,28.0
2025-08-19 18:00:00+00:00,28.3,40.5,453.0,507.0,38.7,15.9,30.0
2025-08-19 19:00:00+00:00,27.6,40.0,453.0,436.0,35.1,14.9,29.0
2025-08-19 20:00:00+00:00,27.5,40.4,452.0,375.0,32.4,14.1,28.0
2025-08-19 21:00:00+00:00,27.0,39.1,452.0,327.0,29.4,13.4,30.0
2025-08-19 22:00:00+00:00,26.0,37.1,451.0,270.0,25.0,12.9,38.0
2025-08-19 23:00:00+00:00,24.6,32.2,450.0,226.0,20.3,12.6,49.0
2025-08-20 00:00:00+00:00,21.5,29.5,450.0,262.0,18.8,10.9,36.0
2025-08-20 01:00:00+00:00,22.8,29.6,452.0,444.0,19.1,12.0,47.0
2025-08-20 02:00:00+00:00,26.3,30.7,454.0,707.0,19.3,13.6,64.0
2025-08-20 03:00:00+00:00,25.3,28.9,457.0,913.0,18.3,14.7,84.0
2025-08-20 04:00:00+00:00,24.0,28.5,460.0,1019.0,14.8,15.3,110.0
2025-08-20 05:00:00+00:00,26.7,33.6,462.0,1069.0,10.1,15.5,139.0
2025-08-20 06:00:00+00:00,30.4,39.3,463.0,1064.0,6.4,14.9,159.0
2025-08-20 07:00:00+00:00,31.1,40.2,461.0,957.0,4.6,12.9,162.0
2025-08-20 08:00:00+00:00,28.3,36.2,456.0,793.0,3.8,10.1,155.0
2025-08-20 09:00:00+00:00,25.6,31.8,454.0,712.0,4.1,8.5,147.0
2025-08-20 10:00:00+00:00,25.0,30.0,454.0,759.0,3.7,9.0,144.0
2025-08-20 11:00:00+00:00,25.0,29.2,456.0,888.0,4.3,10.7,141.0
2025-08-20 12:00:00+00:00,25.2,30.2,460.0,1097.0,9.6,10.8,122.0
2025-08-20 13:00:00+00:00,33.3,36.7,466.0,1443.0,21.3,12.1,105.0
2025-08-20 14:00:00+00:00,36.8,39.9,474.0,1869.0,37.4,13.9,82.0
2025-08-20 15:00:00+00:00,37.3,40.7,481.0,2206.0,49.9,15.8,63.0
2025-08-20 16:00:00+00:00,38.4,42.6,490.0,2448.0,55.5,17.9,54.0
2025-08-20 17:00:00+00:00,40.7,44.7,498.0,2602.0,57.4,20.1,50.0
2025-08-20 18:00:00+00:00,42.3,46.3,501.0,2518.0,57.4,21.8,48.0
2025-08-20 19:00:00+00:00,42.6,47.3,492.0,2011.0,56.0,23.0,46.0
2025-08-20 20:00:00+00:00,42.1,47.1,477.0,1266.0,52.6,23.7,46.0
2025-08-20 21:00:00+00:00,40.7,45.8,466.0,696.0,46.9,23.2,49.0
2025-08-20 22:00:00+00:00,37.0,42.5,462.0,453.0,35.7,20.2,60.0
2025-08-20 23:00:00+00:00,31.5,43.5,462.0,384.0,22.3,16.0,75.0
2025-08-21 00:00:00+00:00,18.3,22.6,463.0,444.0,18.1,16.3,59.0
2025-08-21 01:00:00+00:00,19.3,22.8,466.0,713.0,21.8,17.7,55.0
2025-08-21 02:00:00+00:00,23.2,26.3,470.0,1111.0,26.6,19.6,51.0
2025-08-21 03:00:00+00:00,27.8,33.1,472.0,1355.0,28.3,20.3,52.0
2025-08-21 04:00:00+00:00,28.3,45.3,470.0,1297.0,23.7,18.7,66.0
2025-08-21 05:00:00+00:00,25.6,54.5,465.0,1084.0,15.9,15.8,86.0
2025-08-21 06:00:00+00:00,20.9,43.7,460.0,880.0,10.0,13.5,99.0
2025-08-21 07:00:00+00:00,16.0,25.8,455.0,694.0,7.6,12.1,100.0
2025-08-21 08:00:00+00:00,11.1,13.5,450.0,516.0,7.1,11.2,94.0
2025-08-21 09:00:00+00:00,8.6,9.0,448.0,476.0,8.9,11.3,86.0
2025-08-21 10:00:00+00:00,7.9,8.1,451.0,648.0,14.2,13.1,76.0
2025-08-21 11:00:00+00:00,9.1,9.4,456.0,959.0,21.9,15.8,65.0
2025-08-21 12:00:00+00:00,18.7,19.3,462.0,1319.0,37.5,17.0,44.0
2025-08-21 13:00:00+00:00,25.3,25.8,470.0,1831.0,44.0,19.3,34.0
2025-08-21 14:00:00+00:00,27.2,27.6,478.0,2392.0,52.9,22.5,20.0
2025-08-21 15:00:00+00:00,29.7,30.0,481.0,2599.0,59.6,25.0,10.0
2025-08-21 16:00:00+00:00,32.5,33.1,475.0,2147.0,61.6,26.4,7.0
2025-08-21 17:00:00+00:00,37.0,38.2,463.0,1342.0,61.4,27.1,9.0
2025-08-21 18:00:00+00:00,37.7,39.2,454.0,695.0,61.5,27.2,10.0
2025-08-21 19:00:00+00:00,39.6,41.7,449.0,415.0,63.8,26.3,9.0
2025-08-21 20:00:00+00:00,35.9,38.4,447.0,294.0,66.4,24.8,8.0
2025-08-21 21:00:00+00:00,30.7,33.3,445.0,220.0,65.8,23.2,10.0
2025-08-21 22:00:00+00:00,27.5,30.0,445.0,161.0,59.3,21.5,17.0
2025-08-21 23:00:00+00:00,25.2,27.9,445.0,150.0,49.6,19.9,26.0
2025-08-22 00:00:00+00:00,32.4,37.3,446.0,175.0,42.1,23.5,46.0
2025-08-22 01:00:00+00:00,33.3,39.8,447.0,262.0,38.5,23.5,55.0
2025-08-22 02:00:00+00:00,34.8,42.7,448.0,385.0,33.2,23.4,69.0
2025-08-22 03:00:00+00:00,32.0,41.7,449.0,460.0,27.3,23.0,83.0
2025-08-22 04:00:00+00:00,26.8,35.9,448.0,438.0,20.3,22.2,98.0
2025-08-22 05:00:00+00:00,24.2,33.4,447.0,367.0,12.6,21.0,113.0
2025-08-22 06:00:00+00:00,24.0,33.6,446.0,309.0,6.9,19.6,123.0
2025-08-22 07:00:00+00:00,23.3,32.7,445.0,285.0,4.5,17.7,126.0
2025-08-22 08:00:00+00:00,22.1,31.8,445.0,273.0,4.0,15.6,124.0
2025-08-22 09:00:00+00:00,20.5,30.2,444.0,269.0,4.4,13.9,118.0
2025-08-22 10:00:00+00:00,20.0,29.3,444.0,273.0,5.4,13.0,108.0
2025-08-22 11:00:00+00:00,18.1,26.5,443.0,284.0,7.3,12.5,94.0
2025-08-22 12:00:00+00:00,16.8,26.3,443.0,298.0,8.5,12.4,81.0
2025-08-22 13:00:00+00:00,16.2,25.0,443.0,320.0,12.7,12.2,70.0
2025-08-22 14:00:00+00:00,16.1,23.7,444.0,344.0,18.4,11.9,55.0
2025-08-22 15:00:00+00:00,17.5,25.1,444.0,350.0,22.0,11.4,45.0
2025-08-22 16:00:00+00:00,18.0,26.5,444.0,325.0,21.5,10.8,44.0
2025-08-22 17:00:00+00:00,18.9,28.6,444.0,282.0,18.9,10.1,47.0
2025-08-22 18:00:00+00:00,20.5,32.5,444.0,241.0,16.0,9.3,50.0
2025-08-22 19:00:00+00:00,21.7,35.7,443.0,208.0,13.1,8.2,52.0
2025-08-22 20:00:00+00:00,22.2,38.2,442.0,178.0,9.8,7.1,55.0
2025-08-22 21:00:00+00:00,22.2,40.4,442.0,156.0,7.4,6.3,57.0
2025-08-22 22:00:00+00:00,22.4,42.5,442.0,142.0,6.1,6.1,57.0
2025-08-22 23:00:00+00:00,22.9,45.3,443.0,136.0,5.5,6.3,57.0
2025-08-23 00:00:00+00:00,23.8,48.0,444.0,150.0,5.3,6.7,58.0
2025-08-23 01:00:00+00:00,24.0,46.3,444.0,204.0,7.7,7.6,56.0
2025-08-23 02:00:00+00:00,25.6,47.6,444.0,278.0,11.0,8.9,54.0
2025-08-23 03:00:00+00:00,27.2,52.3,444.0,323.0,12.6,10.0,55.0
2025-08-23 04:00:00+00:00,27.6,53.7,444.0,310.0,11.0,10.9,62.0
2025-08-23 05:00:00+00:00,28.1,55.3,443.0,268.0,7.8,11.7,72.0
2025-08-23 06:00:00+00:00,29.3,58.3,443.0,235.0,5.3,12.1,79.0
2025-08-23 07:00:00+00:00,29.5,59.5,443.0,224.0,4.3,11.7,81.0
2025-08-23 08:00:00+00:00,28.5,57.7,442.0,223.0,4.0,10.9,80.0
2025-08-23 09:00:00+00:00,26.6,53.7,442.0,225.0,4.3,10.2,77.0
2025-08-23 10:00:00+00:00,24.2,48.5,442.0,230.0,4.9,10.0,72.0
2025-08-23 11:00:00+00:00,23.5,48.3,442.0,240.0,6.1,10.0,65.0
2025-08-23 12:00:00+00:00,28.6,59.8,442.0,253.0,8.0,11.2,63.0
2025-08-23 13:00:00+00:00,23.7,50.2,442.0,275.0,13.2,11.3,54.0
2025-08-23 14:00:00+00:00,24.6,52.0,443.0,301.0,20.3,11.5,41.0
2025-08-23 15:00:00+00:00,26.9,59.6,443.0,309.0,24.5,11.3,33.0
2025-08-23 16:00:00+00:00,27.0,61.5,443.0,287.0,23.2,10.5,33.0
2025-08-23 17:00:00+00:00,24.6,55.8,442.0,248.0,19.1,9.4,37.0
2025-08-23 18:00:00+00:00,21.6,48.2,442.0,211.0,15.1,8.4,41.0
2025-08-23 19:00:00+00:00,19.4,42.7,442.0,182.0,12.0,7.5,43.0
2025-08-23 20:00:00+00:00,18.0,39.5,441.0,156.0,9.1,6.7,46.0
2025-08-23 21:00:00+00:00,17.5,39.3,441.0,138.0,7.0,6.1,47.0
2025-08-23 22:00:00+00:00,17.4,40.4,441.0,127.0,5.9,5.8,48.0
2025-08-23 23:00:00+00:00,17.5,41.4,442.0,125.0,5.6,5.8,47.0
2025-08-24 00:00:00+00:00,18.1,41.4,442.0,139.0,6.5,6.5,47.0
2025-08-24 01:00:00+00:00,18.9,43.9,442.0,187.0,9.1,7.6,45.0
2025-08-24 02:00:00+00:00,20.9,46.6,442.0,252.0,12.5,9.1,44.0
2025-08-24 03:00:00+00:00,23.1,55.6,442.0,291.0,14.1,10.5,45.0
2025-08-24 04:00:00+00:00,24.4,61.0,442.0,277.0,12.2,11.7,53.0
2025-08-24 05:00:00+00:00,26.6,67.3,441.0,237.0,8.4,12.8,64.0
2025-08-24 06:00:00+00:00,25.9,68.2,441.0,205.0,5.5,13.4,73.0
2025-08-24 07:00:00+00:00,26.0,69.4,441.0,194.0,4.4,13.1,77.0
2025-08-24 08:00:00+00:00,25.6,70.8,441.0,191.0,4.1,12.2,79.0
2025-08-24 09:00:00+00:00,24.0,68.7,441.0,196.0,4.4,11.4,78.0
2025-08-24 10:00:00+00:00,22.8,68.5,441.0,210.0,4.9,10.9,74.0
2025-08-24 11:00:00+00:00,22.9,71.2,441.0,231.0,5.9,10.6,67.0
2025-08-24 12:00:00+00:00,30.3,97.1,441.0,251.0,8.8,10.2,57.0
2025-08-24 13:00:00+00:00,25.2,73.3,441.0,273.0,13.8,10.4,49.0
2025-08-24 14:00:00+00:00,24.0,58.4,442.0,294.0,20.6,10.8,38.0
2025-08-24 15:00:00+00:00,23.1,48.4,442.0,301.0,24.7,10.8,31.0
2025-08-24 16:00:00+00:00,21.5,43.2,442.0,285.0,23.7,10.4,31.0
2025-08-24 17:00:00+00:00,19.9,40.4,441.0,254.0,20.1,9.7,35.0
2025-08-24 18:00:00+00:00,18.2,39.2,441.0,224.0,16.5,9.0,39.0
2025-08-24 19:00:00+00:00,16.9,38.5,441.0,196.0,13.6,8.1,41.0
2025-08-24 20:00:00+00:00,16.1,38.8,441.0,167.0,10.8,7.1,43.0
2025-08-24 21:00:00+00:00,15.8,40.2,441.0,149.0,8.8,6.5,44.0
2025-08-24 22:00:00+00:00,15.8,42.3,442.0,142.0,7.8,6.4,44.0
2025-08-24 23:00:00+00:00,15.8,44.1,442.0,145.0,7.6,6.7,43.0
2025-08-25 00:00:00+00:00,16.4,47.4,443.0,162.0,8.5,7.3,43.0
2025-08-25 01:00:00+00:00,17.5,52.3,443.0,207.0,11.3,8.8,41.0
2025-08-25 02:00:00+00:00,20.4,58.8,442.0,267.0,15.0,10.9,40.0
2025-08-25 03:00:00+00:00,23.1,76.8,442.0,302.0,16.9,13.0,41.0
2025-08-25 04:00:00+00:00,25.7,94.1,442.0,288.0,15.2,15.1,49.0
2025-08-25 05:00:00+00:00,28.0,98.5,441.0,250.0,11.6,17.2,60.0
2025-08-25 06:00:00+00:00,29.0,98.0,441.0,220.0,8.7,18.5,68.0
2025-08-25 07:00:00+00:00,28.1,90.6,441.0,209.0,7.3,18.5,72.0
2025-08-25 08:00:00+00:00,27.9,85.7,441.0,206.0,6.6,17.6,74.0
2025-08-25 09:00:00+00:00,26.4,77.5,441.0,212.0,6.6,16.8,73.0
2025-08-25 10:00:00+00:00,25.4,72.4,441.0,227.0,6.9,16.2,69.0
2025-08-25 11:00:00+00:00,24.4,70.1,441.0,251.0,7.8,15.6,61.0
2025-08-25 12:00:00+00:00,24.0,69.2,441.0,283.0,9.0,15.1,61.0
2025-08-25 13:00:00+00:00,22.7,66.1,442.0,334.0,14.8,14.9,50.0
2025-08-25 14:00:00+00:00,22.2,62.2,444.0,393.0,22.9,14.7,36.0
2025-08-25 15:00:00+00:00,23.5,60.1,445.0,425.0,28.7,14.3,25.0
2025-08-25 16:00:00+00:00,23.9,58.9,445.0,413.0,30.5,13.9,22.0
2025-08-25 17:00:00+00:00,24.0,59.3,445.0,373.0,30.0,13.3,22.0
2025-08-25 18:00:00+00:00,23.9,59.4,444.0,325.0,28.7,12.6,23.0
2025-08-25 19:00:00+00:00,24.0,61.5,443.0,265.0,26.7,11.6,24.0
2025-08-25 20:00:00+00:00,23.4,59.5,442.0,196.0,23.7,10.4,26.0
2025-08-25 21:00:00+00:00,22.4,57.3,442.0,146.0,20.8,9.5,28.0
2025-08-25 22:00:00+00:00,21.3,57.0,442.0,122.0,17.6,8.7,30.0
2025-08-25 23:00:00+00:00,20.5,58.3,443.0,118.0,14.3,8.1,33.0
2025-08-26 00:00:00+00:00,19.5,57.0,444.0,141.0,12.4,8.5,36.0
2025-08-26 01:00:00+00:00,19.7,62.4,444.0,217.0,13.6,10.2,36.0
2025-08-26 02:00:00+00:00,21.4,69.2,444.0,320.0,15.0,12.7,36.0
2025-08-26 03:00:00+00:00,23.1,78.0,444.0,378.0,15.3,15.0,39.0
2025-08-26 04:00:00+00:00,25.1,90.6,443.0,347.0,13.2,17.2,49.0
2025-08-26 05:00:00+00:00,32.5,121.1,442.0,271.0,10.0,19.3,63.0
2025-08-26 06:00:00+00:00,29.2,105.0,441.0,212.0,7.3,20.2,74.0
2025-08-26 07:00:00+00:00,30.2,107.6,441.0,194.0,5.9,19.1,79.0
2025-08-26 08:00:00+00:00,30.0,106.9,441.0,193.0,5.0,16.8,80.0
2025-08-26 09:00:00+00:00,28.0,100.4,441.0,203.0,4.9,14.9,78.0
2025-08-26 10:00:00+00:00,27.6,101.0,441.0,215.0,5.1,14.2,73.0
2025-08-26 11:00:00+00:00,26.3,96.6,441.0,238.0,5.9,13.9,66.0
2025-08-26 12:00:00+00:00,30.4,109.0,442.0,286.0,8.3,14.8,63.0
2025-08-26 13:00:00+00:00,28.5,103.6,444.0,397.0,14.3,14.5,51.0
2025-08-26 14:00:00+00:00,28.1,90.1,447.0,534.0,22.7,14.0,35.0
2025-08-26 15:00:00+00:00,29.9,89.6,448.0,602.0,29.1,13.7,23.0
2025-08-26 16:00:00+00:00,31.5,91.3,447.0,538.0,32.3,13.8,18.0
2025-08-26 17:00:00+00:00,32.9,90.8,445.0,405.0,33.5,14.0,18.0
2025-08-26 18:00:00+00:00,32.9,88.2,444.0,292.0,32.5,13.7,19.0
2025-08-26 19:00:00+00:00,31.2,83.4,444.0,230.0,28.0,12.5,23.0
2025-08-26 20:00:00+00:00,28.8,76.4,444.0,187.0,21.3,10.8,30.0
2025-08-26 21:00:00+00:00,26.7,69.8,444.0,159.0,15.8,9.4,35.0
2025-08-26 22:00:00+00:00,24.7,63.6,444.0,138.0,12.7,8.5,37.0
2025-08-26 23:00:00+00:00,23.1,58.2,445.0,132.0,10.8,7.9,38.0
2025-08-27 00:00:00+00:00,23.0,57.3,445.0,157.0,10.0,7.9,39.0
2025-08-27 01:00:00+00:00,22.5,54.6,445.0,245.0,11.7,9.2,38.0
2025-08-27 02:00:00+00:00,24.2,63.3,445.0,364.0,13.8,11.1,38.0
2025-08-27 03:00:00+00:00,25.7,72.6,445.0,431.0,14.5,12.9,41.0
2025-08-27 04:00:00+00:00,26.3,79.9,444.0,395.0,12.3,14.7,51.0
2025-08-27 05:00:00+00:00,27.6,84.1,443.0,308.0,8.7,16.5,65.0
2025-08-27 06:00:00+00:00,29.5,88.5,442.0,240.0,5.8,17.5,77.0
2025-08-27 07:00:00+00:00,30.6,89.6,441.0,220.0,4.4,16.9,84.0
2025-08-27 08:00:00+00:00,31.1,91.7,441.0,219.0,3.8,15.5,89.0
2025-08-27 09:00:00+00:00,30.6,90.6,441.0,227.0,3.9,14.5,90.0
2025-08-27 10:00:00+00:00,29.7,87.1,441.0,239.0,4.2,14.6,86.0
2025-08-27 11:00:00+00:00,29.0,85.2,441.0,260.0,5.3,15.2,77.0
2025-08-27 12:00:00+00:00,28.5,80.8,442.0,293.0,8.9,15.6,68.0
2025-08-27 13:00:00+00:00,27.8,77.1,443.0,356.0,16.8,15.9,54.0
2025-08-27 14:00:00+00:00,27.6,67.8,445.0,430.0,27.6,16.4,34.0
2025-08-27 15:00:00+00:00,29.3,63.3,446.0,465.0,34.9,16.3,20.0
2025-08-27 16:00:00+00:00,29.5,61.5,446.0,426.0,36.0,15.5,17.0
2025-08-27 17:00:00+00:00,28.9,60.1,445.0,348.0,33.8,14.2,19.0
2025-08-27 18:00:00+00:00,27.7,59.4,444.0,277.0,30.1,12.8,23.0
2025-08-27 19:00:00+00:00,26.1,57.4,444.0,229.0,24.8,11.0,28.0
2025-08-27 20:00:00+00:00,23.8,53.8,444.0,189.0,18.1,9.0,34.0
2025-08-27 21:00:00+00:00,21.8,49.8,444.0,163.0,13.0,7.6,39.0
2025-08-27 22:00:00+00:00,20.7,47.5,445.0,147.0,10.7,7.1,40.0
2025-08-27 23:00:00+00:00,20.3,47.3,445.0,144.0,10.1,7.1,39.0
2025-08-28 00:00:00+00:00,20.3,46.8,446.0,169.0,8.6,7.8,41.0
2025-08-28 01:00:00+00:00,21.2,50.3,446.0,251.0,10.2,9.6,41.0
2025-08-28 02:00:00+00:00,24.0,61.5,446.0,361.0,12.3,12.1,40.0
2025-08-28 03:00:00+00:00,26.4,72.9,446.0,425.0,13.1,14.2,44.0
2025-08-28 04:00:00+00:00,28.2,81.3,445.0,399.0,11.2,15.7,54.0
2025-08-28 05:00:00+00:00,30.7,88.2,444.0,328.0,7.9,16.8,68.0
2025-08-28 06:00:00+00:00,33.6,95.5,443.0,270.0,5.4,17.6,81.0
2025-08-28 07:00:00+00:00,35.6,98.3,442.0,246.0,4.4,18.0,93.0
2025-08-28 08:00:00+00:00,36.4,96.4,442.0,236.0,4.0,18.1,103.0
2025-08-28 09:00:00+00:00,36.1,93.6,442.0,236.0,4.4,17.9,106.0
2025-08-28 10:00:00+00:00,34.6,89.6,442.0,247.0,5.0,17.2,98.0
2025-08-28 11:00:00+00:00,32.2,83.6,442.0,268.0,6.2,16.1,84.0
2025-08-28 12:00:00+00:00,34.0,88.9,442.0,289.0,9.4,16.7,71.0
2025-08-28 13:00:00+00:00,32.5,82.2,443.0,312.0,15.9,16.1,56.0
2025-08-28 14:00:00+00:00,31.8,73.8,443.0,336.0,24.8,15.2,36.0
2025-08-28 15:00:00+00:00,33.2,72.9,444.0,345.0,30.6,14.2,22.0
2025-08-28 16:00:00+00:00,33.4,75.9,444.0,332.0,30.6,13.2,21.0
2025-08-28 17:00:00+00:00,33.2,77.1,444.0,305.0,27.4,12.2,26.0
2025-08-28 18:00:00+00:00,32.5,77.3,444.0,275.0,23.7,11.2,31.0
2025-08-28 19:00:00+00:00,31.1,75.0,444.0,239.0,19.8,10.2,36.0
2025-08-28 20:00:00+00:00,29.1,70.8,443.0,199.0,15.3,9.2,40.0
2025-08-28 21:00:00+00:00,27.8,69.2,443.0,172.0,11.9,8.5,44.0
2025-08-28 22:00:00+00:00,27.1,68.5,444.0,162.0,10.2,8.2,45.0
2025-08-28 23:00:00+00:00,26.7,67.8,445.0,164.0,9.7,8.2,44.0
2025-08-29 00:00:00+00:00,25.1,68.5,445.0,182.0,8.1,8.6,47.0
2025-08-29 01:00:00+00:00,25.1,66.4,444.0,233.0,10.0,10.0,46.0
2025-08-29 02:00:00+00:00,27.1,70.5,443.0,300.0,12.6,11.9,45.0
2025-08-29 03:00:00+00:00,28.8,82.9,442.0,337.0,13.6,13.8,48.0
2025-08-29 04:00:00+00:00,31.0,95.5,442.0,314.0,11.6,15.5,59.0
2025-08-29 05:00:00+00:00,33.3,101.7,441.0,261.0,8.0,17.0,74.0
2025-08-29 06:00:00+00:00,35.6,105.2,441.0,222.0,5.3,18.0,87.0
2025-08-29 07:00:00+00:00,37.0,105.7,441.0,212.0,4.2,18.0,96.0
2025-08-29 08:00:00+00:00,37.1,103.8,440.0,216.0,3.8,17.5,102.0
2025-08-29 09:00:00+00:00,36.1,101.0,440.0,228.0,4.2,16.9,103.0
2025-08-29 10:00:00+00:00,34.7,97.8,440.0,247.0,4.8,16.4,95.0
2025-08-29 11:00:00+00:00,34.0,96.6,440.0,274.0,6.0,16.0,82.0
2025-08-29 12:00:00+00:00,39.8,121.5,441.0,309.0,9.0,16.9,72.0
2025-08-29 13:00:00+00:00,38.6,116.4,442.0,360.0,16.4,16.7,57.0
2025-08-29 14:00:00+00:00,38.2,106.4,443.0,419.0,26.7,16.5,37.0
2025-08-29 15:00:00+00:00,39.2,96.9,444.0,455.0,34.4,16.0,22.0
2025-08-29 16:00:00+00:00,39.3,93.6,445.0,456.0,37.6,15.2,17.0
2025-08-29 17:00:00+00:00,40.0,92.7,445.0,435.0,38.3,14.2,17.0
2025-08-29 18:00:00+00:00,39.9,91.5,445.0,399.0,37.0,13.2,19.0
2025-08-29 19:00:00+00:00,38.3,88.0,445.0,339.0,32.5,12.0,23.0
2025-08-29 20:00:00+00:00,36.0,84.5,444.0,265.0,26.0,10.8,30.0
2025-08-29 21:00:00+00:00,34.2,80.1,444.0,210.0,21.3,10.2,34.0
2025-08-29 22:00:00+00:00,33.3,76.6,445.0,186.0,20.4,10.2,33.0
2025-08-29 23:00:00+00:00,33.8,77.3,446.0,180.0,21.3,10.7,29.0
2025-08-30 00:00:00+00:00,31.5,69.8,446.0,196.0,14.1,10.6,37.0
2025-08-30 01:00:00+00:00,32.8,74.7,445.0,251.0,15.0,12.8,39.0
2025-08-30 02:00:00+00:00,35.6,91.0,444.0,327.0,16.2,15.9,42.0
2025-08-30 03:00:00+00:00,36.7,100.6,443.0,367.0,16.1,18.5,48.0
2025-08-30 04:00:00+00:00,41.0,126.7,442.0,337.0,13.6,20.4,59.0
2025-08-30 05:00:00+00:00,41.4,125.7,442.0,271.0,9.9,21.9,73.0
2025-08-30 06:00:00+00:00,46.1,141.1,441.0,220.0,6.9,22.6,86.0
2025-08-30 07:00:00+00:00,48.8,145.8,441.0,202.0,5.3,21.9,97.0
2025-08-30 08:00:00+00:00,49.9,146.2,440.0,200.0,4.5,20.4,107.0
2025-08-30 09:00:00+00:00,48.8,137.8,440.0,207.0,4.5,19.0,110.0
2025-08-30 10:00:00+00:00,46.0,125.7,440.0,227.0,5.1,18.1,103.0
2025-08-30 11:00:00+00:00,42.8,115.7,441.0,257.0,6.5,17.3,89.0
2025-08-30 12:00:00+00:00,41.9,109.4,441.0,284.0,10.2,16.9,77.0
2025-08-30 13:00:00+00:00,38.6,96.9,441.0,307.0,17.9,16.6,61.0
2025-08-30 14:00:00+00:00,36.6,86.8,442.0,328.0,28.5,16.1,40.0
2025-08-30 15:00:00+00:00,38.1,81.3,442.0,338.0,36.0,15.7,24.0
2025-08-30 16:00:00+00:00,38.8,81.7,442.0,334.0,37.6,15.5,20.0
2025-08-30 17:00:00+00:00,38.0,79.9,442.0,320.0,36.1,15.4,21.0
2025-08-30 18:00:00+00:00,36.1,76.6,442.0,299.0,33.4,14.9,24.0
2025-08-30 19:00:00+00:00,34.0,72.9,442.0,269.0,29.7,13.5,27.0
2025-08-30 20:00:00+00:00,31.7,69.4,443.0,232.0,24.8,11.7,31.0
2025-08-30 21:00:00+00:00,29.8,67.3,443.0,202.0,20.6,10.4,35.0
2025-08-30 22:00:00+00:00,28.5,66.8,443.0,180.0,17.7,9.9,37.0
2025-08-30 23:00:00+00:00,27.5,66.8,444.0,165.0,15.4,9.9,38.0
2025-08-31 00:00:00+00:00,26.7,66.4,444.0,171.0,15.8,11.3,36.0
2025-08-31 01:00:00+00:00,26.1,69.6,444.0,218.0,15.4,12.5,38.0
2025-08-31 02:00:00+00:00,27.7,78.7,443.0,285.0,14.7,14.1,42.0
2025-08-31 03:00:00+00:00,28.0,86.1,442.0,321.0,13.4,15.5,48.0
2025-08-31 04:00:00+00:00,30.2,96.9,442.0,295.0,10.9,16.4,58.0
2025-08-31 05:00:00+00:00,32.7,102.0,441.0,238.0,7.8,17.0,70.0
2025-08-31 06:00:00+00:00,34.7,105.5,441.0,196.0,5.4,17.1,80.0
2025-08-31 07:00:00+00:00,35.6,106.6,441.0,186.0,4.2,16.4,86.0
2025-08-31 08:00:00+00:00,35.3,104.5,441.0,191.0,3.7,15.2,90.0
2025-08-31 09:00:00+00:00,34.3,102.2,441.0,201.0,3.8,14.2,90.0
2025-08-31 10:00:00+00:00,32.2,95.9,441.0,219.0,4.4,13.7,84.0
2025-08-31 11:00:00+00:00,29.8,89.2,441.0,242.0,5.7,13.3,74.0
2025-08-31 12:00:00+00:00,29.5,91.3,441.0,256.0,8.1,13.8,65.0
2025-08-31 13:00:00+00:00,26.4,79.6,441.0,253.0,12.4,13.3,56.0
2025-08-31 14:00:00+00:00,24.2,65.7,442.0,242.0,18.3,12.6,44.0
2025-08-31 15:00:00+00:00,23.3,58.1,442.0,231.0,22.1,11.8,36.0
2025-08-31 16:00:00+00:00,21.8,53.2,442.0,227.0,22.1,10.9,34.0
2025-08-31 17:00:00+00:00,20.8,50.8,442.0,223.0,20.1,10.0,36.0
2025-08-31 18:00:00+00:00,20.4,48.9,442.0,212.0,17.6,9.1,38.0
2025-08-31 19:00:00+00:00,19.9,48.1,441.0,185.0,14.9,8.2,40.0
2025-08-31 20:00:00+00:00,19.4,47.7,440.0,150.0,11.7,7.3,43.0
2025-08-31 21:00:00+00:00,19.0,47.4,440.0,125.0,9.1,6.6,45.0
2025-08-31 22:00:00+00:00,18.7,46.8,440.0,114.0,7.4,6.2,46.0
2025-08-31 23:00:00+00:00,18.5,46.1,441.0,114.0,6.4,6.0,48.0
2025-09-01 00:00:00+00:00,18.6,48.4,442.0,128.0,6.2,6.2,48.0
2025-09-01 01:00:00+00:00,19.4,49.4,442.0,172.0,8.2,7.1,47.0
2025-09-01 02:00:00+00:00,21.1,51.7,441.0,231.0,10.8,8.4,45.0
2025-09-01 03:00:00+00:00,22.6,58.4,441.0,267.0,12.0,9.6,47.0
2025-09-01 04:00:00+00:00,23.3,64.5,441.0,255.0,10.3,10.5,54.0
2025-09-01 05:00:00+00:00,24.3,67.5,440.0,221.0,7.1,11.3,65.0
2025-09-01 06:00:00+00:00,24.9,66.8,440.0,195.0,4.6,11.8,73.0
2025-09-01 07:00:00+00:00,25.1,65.0,440.0,192.0,3.6,11.9,78.0
2025-09-01 08:00:00+00:00,25.7,65.0,440.0,198.0,3.4,11.8,82.0
2025-09-01 09:00:00+00:00,24.9,61.0,440.0,208.0,3.7,11.7,82.0
2025-09-01 10:00:00+00:00,24.4,58.9,440.0,223.0,4.4,11.8,78.0
2025-09-01 11:00:00+00:00,23.9,56.7,441.0,241.0,5.7,12.0,72.0
2025-09-01 12:00:00+00:00,25.8,62.6,441.0,253.0,7.8,12.8,66.0
2025-09-01 13:00:00+00:00,24.5,56.8,441.0,252.0,12.6,12.6,57.0
2025-09-01 14:00:00+00:00,24.3,49.2,441.0,244.0,19.2,12.2,45.0
2025-09-01 15:00:00+00:00,25.0,49.2,441.0,236.0,23.6,11.7,37.0
2025-09-01 16:00:00+00:00,25.2,49.6,441.0,231.0,23.8,11.0,36.0
2025-09-01 17:00:00+00:00,25.3,49.2,441.0,226.0,21.8,10.2,38.0
2025-09-01 18:00:00+00:00,25.0,48.5,441.0,214.0,19.2,9.4,41.0
2025-09-01 19:00:00+00:00,24.4,47.8,441.0,189.0,16.2,8.5,44.0
2025-09-01 20:00:00+00:00,23.3,46.1,440.0,157.0,12.7,7.5,47.0
2025-09-01 21:00:00+00:00,22.7,45.4,440.0,135.0,9.9,6.9,49.0
2025-09-01 22:00:00+00:00,22.1,44.6,441.0,124.0,8.3,6.7,50.0
2025-09-01 23:00:00+00:00,22.1,45.1,441.0,121.0,7.5,6.9,50.0
2025-09-02 00:00:00+00:00,21.3,42.8,442.0,137.0,6.5,7.0,53.0
2025-09-02 01:00:00+00:00,21.0,42.1,442.0,189.0,8.7,8.3,51.0
2025-09-02 02:00:00+00:00,22.6,44.0,442.0,260.0,11.6,10.2,49.0
2025-09-02 03:00:00+00:00,24.0,51.0,442.0,302.0,12.9,11.9,51.0
2025-09-02 04:00:00+00:00,24.3,55.1,441.0,287.0,11.0,13.3,60.0
2025-09-02 05:00:00+00:00,25.3,59.3,441.0,245.0,7.5,14.5,72.0
2025-09-02 06:00:00+00:00,26.5,61.9,440.0,213.0,4.9,15.3,81.0
2025-09-02 07:00:00+00:00,27.0,61.0,440.0,208.0,4.0,15.4,86.0
2025-09-02 08:00:00+00:00,26.3,59.6,440.0,214.0,4.0,15.0,87.0
2025-09-02 09:00:00+00:00,25.4,56.9,440.0,223.0,4.5,14.6,86.0
2025-09-02 10:00:00+00:00,24.7,55.1,440.0,233.0,4.9,14.4,81.0
2025-09-02 11:00:00+00:00,24.0,53.7,440.0,245.0,5.9,14.2,72.0
2025-09-02 12:00:00+00:00,28.7,67.1,440.0,257.0,8.1,13.1,61.0
2025-09-02 13:00:00+00:00,28.6,65.0,441.0,268.0,13.4,12.9,52.0
2025-09-02 14:00:00+00:00,29.7,60.8,441.0,278.0,20.6,12.7,39.0
2025-09-02 15:00:00+00:00,30.7,60.8,442.0,288.0,26.3,12.4,29.0
2025-09-02 16:00:00+00:00,31.5,61.5,442.0,304.0,28.9,12.2,25.0
2025-09-02 17:00:00+00:00,32.7,62.9,443.0,320.0,29.8,12.0,24.0
2025-09-02 18:00:00+00:00,33.6,64.5,443.0,316.0,29.8,11.6,23.0
2025-09-02 19:00:00+00:00,33.5,65.0,443.0,273.0,29.0,10.9,22.0
2025-09-02 20:00:00+00:00,33.5,64.5,442.0,210.0,27.2,10.0,23.0
2025-09-02 21:00:00+00:00,32.9,62.2,442.0,166.0,24.9,9.4,24.0
2025-09-02 22:00:00+00:00,32.0,61.0,443.0,154.0,21.7,9.1,27.0
2025-09-02 23:00:00+00:00,30.3,58.7,445.0,162.0,18.0,9.1,31.0
2025-09-03 00:00:00+00:00,25.1,48.0,446.0,185.0,12.0,8.9,39.0
2025-09-03 01:00:00+00:00,24.0,46.0,446.0,239.0,12.8,9.7,39.0
2025-09-03 02:00:00+00:00,25.3,48.4,444.0,309.0,13.8,11.0,40.0
2025-09-03 03:00:00+00:00,26.7,56.6,443.0,348.0,13.7,12.4,45.0
2025-09-03 04:00:00+00:00,27.8,63.3,442.0,325.0,11.4,14.3,56.0
2025-09-03 05:00:00+00:00,29.7,70.5,441.0,271.0,8.0,16.3,71.0
2025-09-03 06:00:00+00:00,32.7,77.8,440.0,228.0,5.4,17.9,84.0
2025-09-03 07:00:00+00:00,34.8,81.0,440.0,213.0,4.3,18.7,96.0
2025-09-03 08:00:00+00:00,34.9,78.7,440.0,209.0,3.9,18.9,107.0
2025-09-03 09:00:00+00:00,33.5,73.3,440.0,214.0,4.2,18.8,110.0
2025-09-03 10:00:00+00:00,31.0,67.1,440.0,229.0,4.6,18.1,102.0
2025-09-03 11:00:00+00:00,27.9,60.3,440.0,253.0,5.6,16.9,86.0
2025-09-03 12:00:00+00:00,36.0,80.1,440.0,280.0,8.8,16.6,72.0
2025-09-03 13:00:00+00:00,34.2,76.4,441.0,319.0,16.1,16.5,57.0
2025-09-03 14:00:00+00:00,33.1,67.8,442.0,363.0,26.2,16.3,36.0
2025-09-03 15:00:00+00:00,34.3,66.8,443.0,380.0,33.5,15.9,21.0
2025-09-03 16:00:00+00:00,34.2,66.4,443.0,351.0,35.7,15.4,16.0
2025-09-03 17:00:00+00:00,33.9,65.7,442.0,297.0,35.1,14.8,17.0
2025-09-03 18:00:00+00:00,33.1,64.3,442.0,249.0,33.0,13.9,20.0
2025-09-03 19:00:00+00:00,31.2,61.7,442.0,218.0,28.9,12.5,24.0
2025-09-03 20:00:00+00:00,28.6,58.0,442.0,193.0,23.3,11.0,30.0
2025-09-03 21:00:00+00:00,26.1,54.6,443.0,178.0,18.6,9.8,34.0
2025-09-03 22:00:00+00:00,24.0,51.8,445.0,168.0,15.8,9.3,35.0
2025-09-03 23:00:00+00:00,22.4,49.4,447.0,168.0,14.0,9.2,35.0
2025-09-04 00:00:00+00:00,23.7,55.9,448.0,192.0,14.4,10.2,36.0
2025-09-04 01:00:00+00:00,23.6,54.0,448.0,268.0,14.5,11.7,37.0
2025-09-04 02:00:00+00:00,25.3,57.2,447.0,369.0,14.5,13.8,39.0
2025-09-04 03:00:00+00:00,25.1,66.6,446.0,426.0,13.8,15.7,45.0
2025-09-04 04:00:00+00:00,26.0,72.2,445.0,399.0,11.5,17.0,57.0
2025-09-04 05:00:00+00:00,27.5,75.2,443.0,330.0,8.5,18.1,72.0
2025-09-04 06:00:00+00:00,29.7,78.7,442.0,273.0,6.1,18.8,86.0
2025-09-04 07:00:00+00:00,31.9,81.3,441.0,249.0,4.9,19.3,98.0
2025-09-04 08:00:00+00:00,32.2,80.8,441.0,238.0,4.4,19.5,108.0
2025-09-04 09:00:00+00:00,31.2,79.2,441.0,238.0,4.6,19.2,111.0
2025-09-04 10:00:00+00:00,29.7,75.7,441.0,255.0,5.4,18.3,102.0
2025-09-04 11:00:00+00:00,27.5,71.0,442.0,283.0,6.9,16.9,85.0
2025-09-04 12:00:00+00:00,28.6,73.3,442.0,304.0,11.4,17.6,75.0
2025-09-04 13:00:00+00:00,26.5,67.1,442.0,310.0,16.9,16.6,60.0
2025-09-04 14:00:00+00:00,25.9,61.0,443.0,308.0,24.3,15.2,39.0
2025-09-04 15:00:00+00:00,26.0,55.1,443.0,301.0,28.9,13.9,25.0
2025-09-04 16:00:00+00:00,25.3,54.4,443.0,288.0,28.1,12.7,23.0
2025-09-04 17:00:00+00:00,24.4,51.9,444.0,270.0,24.5,11.6,27.0
2025-09-04 18:00:00+00:00,23.3,49.2,444.0,251.0,20.5,10.5,32.0
2025-09-04 19:00:00+00:00,22.3,47.0,444.0,229.0,16.7,9.3,36.0
2025-09-04 20:00:00+00:00,20.8,43.9,445.0,206.0,12.6,8.1,40.0
2025-09-04 21:00:00+00:00,19.4,40.9,445.0,189.0,9.5,7.3,43.0
2025-09-04 22:00:00+00:00,18.7,40.2,445.0,171.0,7.8,7.1,44.0
2025-09-04 23:00:00+00:00,18.5,40.0,445.0,159.0,7.2,7.3,44.0
2025-09-05 00:00:00+00:00,18.5,40.3,445.0,180.0,7.6,7.9,44.0
2025-09-05 01:00:00+00:00,19.2,41.1,445.0,272.0,9.4,8.8,42.0
2025-09-05 02:00:00+00:00,21.6,45.4,446.0,397.0,11.9,10.2,40.0
2025-09-05 03:00:00+00:00,23.6,52.5,446.0,470.0,13.3,12.1,43.0
2025-09-05 04:00:00+00:00,25.5,57.4,445.0,441.0,12.7,15.1,56.0
2025-09-05 05:00:00+00:00,28.0,63.6,444.0,361.0,11.0,18.6,74.0
2025-09-05 06:00:00+00:00,31.0,68.7,443.0,296.0,9.4,21.1,92.0
2025-09-05 07:00:00+00:00,33.4,71.9,442.0,269.0,7.9,21.8,110.0
2025-09-05 08:00:00+00:00,33.4,69.4,442.0,258.0,6.4,21.4,127.0
2025-09-05 09:00:00+00:00,32.0,65.7,442.0,258.0,5.9,20.4,132.0
2025-09-05 10:00:00+00:00,30.0,61.5,442.0,276.0,6.9,18.5,117.0
2025-09-05 11:00:00+00:00,27.6,58.4,443.0,305.0,9.0,16.1,90.0
2025-09-05 12:00:00+00:00,29.7,63.8,443.0,324.0,12.5,14.7,72.0
2025-09-05 13:00:00+00:00,28.9,61.0,443.0,322.0,16.9,13.8,59.0
2025-09-05 14:00:00+00:00,28.5,56.6,443.0,308.0,22.8,12.5,40.0
2025-09-05 15:00:00+00:00,28.5,54.4,443.0,292.0,26.3,11.4,28.0
2025-09-05 16:00:00+00:00,28.8,54.7,443.0,274.0,25.2,10.8,27.0
2025-09-05 17:00:00+00:00,28.3,54.5,443.0,254.0,21.7,10.5,32.0
2025-09-05 18:00:00+00:00,27.5,51.8,443.0,231.0,18.0,10.0,37.0
2025-09-05 19:00:00+00:00,26.4,49.7,443.0,203.0,14.7,9.2,40.0
2025-09-05 20:00:00+00:00,25.3,48.8,443.0,173.0,11.4,8.3,44.0
2025-09-05 21:00:00+00:00,24.2,48.2,443.0,152.0,8.8,7.6,46.0
2025-09-05 22:00:00+00:00,23.3,47.3,443.0,138.0,7.3,7.3,47.0
2025-09-05 23:00:00+00:00,22.6,45.8,444.0,132.0,6.6,7.4,48.0
2025-09-06 00:00:00+00:00,21.8,44.1,444.0,149.0,6.6,6.9,48.0
2025-09-06 01:00:00+00:00,22.0,43.4,444.0,210.0,8.8,7.9,46.0
2025-09-06 02:00:00+00:00,23.9,46.6,444.0,294.0,11.8,9.3,43.0
2025-09-06 03:00:00+00:00,25.9,53.0,444.0,347.0,13.4,11.0,46.0
2025-09-06 04:00:00+00:00,28.1,59.3,444.0,340.0,12.3,13.2,58.0
2025-09-06 05:00:00+00:00,29.6,63.3,443.0,302.0,9.9,15.6,75.0
2025-09-06 06:00:00+00:00,31.1,67.8,443.0,271.0,7.7,17.2,89.0
2025-09-06 07:00:00+00:00,32.0,71.2,443.0,258.0,6.2,17.3,97.0
2025-09-06 08:00:00+00:00,32.1,72.6,443.0,253.0,5.0,16.5,102.0
2025-09-06 09:00:00+00:00,32.0,73.1,443.0,256.0,4.8,15.6,101.0
2025-09-06 10:00:00+00:00,31.5,71.9,443.0,275.0,5.8,14.9,92.0
2025-09-06 11:00:00+00:00,30.6,69.2,443.0,303.0,7.7,14.2,76.0
2025-09-06 12:00:00+00:00,29.0,64.3,443.0,324.0,11.1,13.3,63.0
2025-09-06 13:00:00+00:00,27.3,56.0,443.0,334.0,16.3,12.8,52.0
2025-09-06 14:00:00+00:00,26.1,46.1,444.0,336.0,23.3,12.0,37.0
2025-09-06 15:00:00+00:00,26.2,44.8,444.0,329.0,28.3,11.6,26.0
2025-09-06 16:00:00+00:00,25.9,43.8,444.0,307.0,29.8,12.0,23.0
2025-09-06 17:00:00+00:00,26.4,44.0,443.0,274.0,29.2,12.6,25.0
2025-09-06 18:00:00+00:00,26.4,43.9,443.0,243.0,26.8,12.7,28.0
2025-09-06 19:00:00+00:00,24.8,41.7,443.0,214.0,21.7,11.6,34.0
2025-09-06 20:00:00+00:00,22.1,38.0,443.0,185.0,14.8,9.9,42.0
2025-09-06 21:00:00+00:00,19.2,33.8,443.0,165.0,9.5,8.6,48.0
2025-09-06 22:00:00+00:00,17.5,31.8,443.0,151.0,6.9,7.9,51.0
2025-09-06 23:00:00+00:00,17.1,31.8,444.0,146.0,5.9,7.4,52.0
2025-09-07 00:00:00+00:00,16.6,31.7,444.0,161.0,6.2,7.6,52.0
2025-09-07 01:00:00+00:00,17.1,32.1,444.0,219.0,8.6,8.3,50.0
2025-09-07 02:00:00+00:00,18.9,35.2,444.0,298.0,11.8,9.4,47.0
2025-09-07 03:00:00+00:00,20.9,42.3,444.0,345.0,13.4,10.7,48.0
2025-09-07 04:00:00+00:00,22.2,46.9,443.0,329.0,11.7,12.4,58.0
2025-09-07 05:00:00+00:00,23.6,50.9,443.0,282.0,8.4,14.3,72.0
2025-09-07 06:00:00+00:00,25.0,52.9,442.0,243.0,5.7,15.4,83.0
2025-09-07 07:00:00+00:00,25.3,52.0,441.0,225.0,4.3,15.0,88.0
2025-09-07 08:00:00+00:00,24.9,51.9,441.0,215.0,3.7,13.8,90.0
2025-09-07 09:00:00+00:00,24.0,49.1,441.0,219.0,3.9,12.9,88.0
2025-09-07 10:00:00+00:00,22.9,46.2,441.0,243.0,5.2,12.8,80.0
2025-09-07 11:00:00+00:00,23.5,48.3,442.0,281.0,7.4,13.0,68.0
2025-09-07 12:00:00+00:00,23.4,46.6,443.0,314.0,10.5,11.1,58.0
2025-09-07 13:00:00+00:00,25.3,48.7,443.0,337.0,15.1,11.6,50.0
2025-09-07 14:00:00+00:00,26.8,49.7,444.0,356.0,21.4,12.4,39.0
2025-09-07 15:00:00+00:00,28.3,49.9,444.0,366.0,25.5,12.8,31.0
2025-09-07 16:00:00+00:00,28.8,50.9,445.0,371.0,25.6,12.8,30.0
2025-09-07 17:00:00+00:00,28.9,51.2,446.0,368.0,23.5,12.4,32.0
2025-09-07 18:00:00+00:00,28.9,51.1,446.0,347.0,20.8,11.9,35.0
2025-09-07 19:00:00+00:00,28.2,50.5,445.0,290.0,17.5,11.0,38.0
2025-09-07 20:00:00+00:00,26.8,48.8,444.0,214.0,13.6,10.0,41.0
2025-09-07 21:00:00+00:00,25.1,47.1,443.0,162.0,10.6,9.2,43.0
2025-09-07 22:00:00+00:00,24.1,46.3,444.0,140.0,8.7,8.7,44.0
2025-09-07 23:00:00+00:00,23.3,45.5,446.0,143.0,7.7,8.5,45.0
2025-09-08 00:00:00+00:00,20.8,41.2,447.0,194.0,6.7,7.7,47.0
2025-09-08 01:00:00+00:00,21.1,42.6,448.0,349.0,10.0,8.7,44.0
2025-09-08 02:00:00+00:00,22.2,43.8,448.0,553.0,14.6,10.2,39.0
2025-09-08 03:00:00+00:00,24.3,47.7,448.0,663.0,17.4,11.9,39.0
2025-09-08 04:00:00+00:00,26.0,51.8,446.0,582.0,17.0,14.3,46.0
2025-09-08 05:00:00+00:00,26.8,55.2,444.0,408.0,14.9,16.9,57.0
2025-09-08 06:00:00+00:00,26.7,56.8,442.0,291.0,12.9,18.6,66.0
2025-09-08 07:00:00+00:00,26.6,56.9,442.0,308.0,11.3,18.7,74.0
2025-09-08 08:00:00+00:00,26.2,55.8,443.0,381.0,9.9,17.9,80.0
2025-09-08 09:00:00+00:00,27.8,58.1,444.0,432.0,9.9,17.0,81.0
2025-09-08 10:00:00+00:00,27.4,56.6,444.0,414.0,11.8,16.1,73.0
2025-09-08 11:00:00+00:00,23.7,50.5,443.0,373.0,15.1,15.0,59.0
2025-09-08 12:00:00+00:00,24.9,48.7,443.0,368.0,19.4,12.4,49.0
2025-09-08 13:00:00+00:00,25.3,45.3,445.0,447.0,24.6,12.6,41.0
2025-09-08 14:00:00+00:00,26.4,48.3,447.0,562.0,31.8,13.0,31.0
2025-09-08 15:00:00+00:00,27.9,50.4,449.0,632.0,37.2,13.4,23.0
2025-09-08 16:00:00+00:00,27.6,48.8,450.0,621.0,39.3,14.1,19.0
2025-09-08 17:00:00+00:00,29.2,51.5,450.0,565.0,39.6,14.9,18.0
2025-09-08 18:00:00+00:00,30.3,53.3,450.0,491.0,38.6,15.3,18.0
2025-09-08 19:00:00+00:00,31.5,55.6,449.0,390.0,36.3,15.2,18.0
2025-09-08 20:00:00+00:00,30.9,55.8,447.0,270.0,32.7,14.7,20.0
2025-09-08 21:00:00+00:00,30.0,54.9,445.0,182.0,28.8,14.1,22.0
2025-09-08 22:00:00+00:00,28.5,52.9,444.0,132.0,23.7,13.3,27.0
2025-09-08 23:00:00+00:00,26.0,50.6,443.0,114.0,18.2,12.5,33.0
2025-09-09 00:00:00+00:00,21.9,43.4,443.0,154.0,12.7,9.8,42.0
2025-09-09 01:00:00+00:00,21.8,43.8,445.0,310.0,15.5,10.5,41.0
2025-09-09 02:00:00+00:00,22.7,44.1,447.0,525.0,19.3,11.5,40.0
2025-09-09 03:00:00+00:00,24.4,48.0,449.0,656.0,21.6,12.5,41.0
2025-09-09 04:00:00+00:00,23.1,43.8,449.0,621.0,20.9,13.7,46.0
2025-09-09 05:00:00+00:00,21.7,38.9,448.0,502.0,18.6,14.9,52.0
2025-09-09 06:00:00+00:00,18.7,31.8,447.0,409.0,17.1,15.5,56.0
2025-09-09 07:00:00+00:00,18.0,30.9,446.0,380.0,16.8,15.0,56.0
2025-09-09 08:00:00+00:00,17.8,29.9,445.0,375.0,17.1,13.9,54.0
2025-09-09 09:00:00+00:00,18.4,30.3,445.0,391.0,18.9,13.0,51.0
2025-09-09 10:00:00+00:00,17.6,27.2,446.0,446.0,23.4,12.7,46.0
2025-09-09 11:00:00+00:00,18.7,27.8,447.0,521.0,29.4,12.5,39.0
2025-09-09 12:00:00+00:00,18.4,25.5,447.0,549.0,31.8,12.0,40.0
2025-09-09 13:00:00+00:00,18.5,23.7,446.0,488.0,33.0,12.1,38.0
2025-09-09 14:00:00+00:00,17.9,22.0,444.0,382.0,34.7,12.2,35.0
2025-09-09 15:00:00+00:00,16.9,20.7,443.0,292.0,35.8,12.4,33.0
2025-09-09 16:00:00+00:00,15.2,17.6,442.0,242.0,35.7,12.5,32.0
2025-09-09 17:00:00+00:00,14.6,16.2,442.0,209.0,35.1,12.7,31.0
2025-09-09 18:00:00+00:00,15.8,16.9,442.0,186.0,34.5,12.9,30.0
2025-09-09 19:00:00+00:00,18.9,19.7,442.0,173.0,34.9,13.5,29.0
2025-09-09 20:00:00+00:00,19.3,20.1,443.0,171.0,35.4,14.3,27.0
2025-09-09 21:00:00+00:00,15.0,15.7,443.0,166.0,33.8,14.2,28.0
2025-09-09 22:00:00+00:00,12.3,13.3,442.0,147.0,28.0,12.6,33.0
2025-09-09 23:00:00+00:00,10.6,13.6,441.0,127.0,20.1,10.2,39.0
2025-09-10 00:00:00+00:00,8.6,16.6,441.0,132.0,6.7,5.2,46.0
2025-09-10 01:00:00+00:00,9.7,19.4,442.0,193.0,9.4,5.7,41.0
2025-09-10 02:00:00+00:00,11.6,22.4,442.0,279.0,13.1,6.4,34.0
2025-09-10 03:00:00+00:00,14.4,27.4,443.0,327.0,15.1,7.3,31.0
2025-09-10 04:00:00+00:00,18.3,41.9,443.0,296.0,14.0,8.4,33.0
2025-09-10 05:00:00+00:00,16.8,40.3,442.0,227.0,11.2,9.7,39.0
2025-09-10 06:00:00+00:00,16.2,39.9,441.0,176.0,9.0,10.7,44.0
2025-09-10 07:00:00+00:00,15.1,38.4,441.0,167.0,8.0,11.1,47.0
2025-09-10 08:00:00+00:00,14.9,38.2,441.0,176.0,7.6,11.2,49.0
2025-09-10 09:00:00+00:00,15.4,36.4,441.0,190.0,7.9,11.5,51.0
2025-09-10 10:00:00+00:00,16.3,38.3,441.0,208.0,8.0,12.1,53.0
2025-09-10 11:00:00+00:00,16.5,40.2,441.0,232.0,8.7,12.8,55.0
2025-09-10 12:00:00+00:00,20.4,53.0,441.0,253.0,9.6,12.6,60.0
2025-09-10 13:00:00+00:00,21.9,54.4,442.0,272.0,20.4,13.7,45.0
2025-09-10 14:00:00+00:00,26.5,52.0,442.0,290.0,35.2,15.1,25.0
2025-09-10 15:00:00+00:00,29.0,52.4,443.0,298.0,45.7,16.2,10.0
2025-09-10 16:00:00+00:00,29.6,51.9,443.0,295.0,47.9,16.8,5.0
2025-09-10 17:00:00+00:00,30.7,52.2,443.0,284.0,45.8,16.9,6.0
2025-09-10 18:00:00+00:00,31.7,51.3,443.0,262.0,43.0,16.4,7.0
2025-09-10 19:00:00+00:00,29.5,47.8,443.0,222.0,40.5,14.5,8.0
2025-09-10 20:00:00+00:00,25.7,42.8,442.0,171.0,37.3,12.0,10.0
2025-09-10 21:00:00+00:00,22.4,38.4,442.0,134.0,33.6,10.0,13.0
2025-09-10 22:00:00+00:00,19.8,35.2,442.0,103.0,28.6,9.1,17.0
2025-09-10 23:00:00+00:00,18.2,33.3,442.0,86.0,23.1,8.9,21.0
2025-09-11 00:00:00+00:00,18.6,34.1,443.0,128.0,24.2,9.6,20.0
2025-09-11 01:00:00+00:00,17.2,32.6,445.0,299.0,22.3,11.9,24.0
2025-09-11 02:00:00+00:00,18.2,36.0,448.0,531.0,19.5,15.0,29.0
2025-09-11 03:00:00+00:00,17.8,38.3,449.0,660.0,16.4,17.1,36.0
2025-09-11 04:00:00+00:00,17.1,39.0,448.0,587.0,12.8,17.2,45.0
2025-09-11 05:00:00+00:00,17.5,41.1,445.0,412.0,9.0,16.2,55.0
2025-09-11 06:00:00+00:00,18.1,43.1,443.0,276.0,6.1,15.1,63.0
2025-09-11 07:00:00+00:00,15.2,35.9,442.0,235.0,4.9,14.1,67.0
2025-09-11 08:00:00+00:00,13.4,30.6,442.0,232.0,4.6,12.9,68.0
2025-09-11 09:00:00+00:00,13.4,28.6,442.0,238.0,4.9,12.3,67.0
2025-09-11 10:00:00+00:00,13.7,28.3,442.0,244.0,4.8,12.6,65.0
2025-09-11 11:00:00+00:00,13.9,29.7,442.0,258.0,5.3,13.4,61.0
2025-09-11 12:00:00+00:00,11.2,21.3,442.0,279.0,8.7,13.8,55.0
2025-09-11 13:00:00+00:00,11.5,21.5,443.0,316.0,15.3,13.9,44.0
2025-09-11 14:00:00+00:00,13.6,22.6,444.0,360.0,24.4,14.0,28.0
2025-09-11 15:00:00+00:00,15.8,25.4,445.0,380.0,30.9,13.9,17.0
2025-09-11 16:00:00+00:00,16.7,27.3,445.0,359.0,32.6,13.4,13.0
2025-09-11 17:00:00+00:00,17.2,28.8,444.0,315.0,31.6,12.6,13.0
2025-09-11 18:00:00+00:00,17.2,29.6,444.0,269.0,29.5,11.6,15.0
2025-09-11 19:00:00+00:00,16.4,29.2,444.0,222.0,26.0,10.4,18.0
2025-09-11 20:00:00+00:00,15.1,27.8,443.0,173.0,21.2,9.0,22.0
2025-09-11 21:00:00+00:00,13.8,26.2,443.0,138.0,17.2,8.0,25.0
2025-09-11 22:00:00+00:00,12.7,25.3,444.0,121.0,14.5,7.6,27.0
2025-09-11 23:00:00+00:00,11.9,23.1,445.0,118.0,12.5,7.5,29.0
2025-09-12 00:00:00+00:00,11.5,22.4,445.0,140.0,11.8,8.1,30.0
2025-09-12 01:00:00+00:00,11.6,22.2,445.0,213.0,12.7,9.5,30.0
2025-09-12 02:00:00+00:00,13.6,24.6,444.0,311.0,13.9,11.4,31.0
2025-09-12 03:00:00+00:00,13.7,27.4,443.0,366.0,13.9,13.0,34.0
2025-09-12 04:00:00+00:00,13.5,28.2,442.0,334.0,11.6,14.1,42.0
2025-09-12 05:00:00+00:00,13.2,27.9,442.0,260.0,8.1,15.0,53.0
2025-09-12 06:00:00+00:00,13.2,27.4,441.0,204.0,5.4,15.3,62.0
2025-09-12 07:00:00+00:00,13.2,27.0,441.0,191.0,4.2,14.6,66.0
2025-09-12 08:00:00+00:00,13.0,26.4,441.0,196.0,3.8,13.3,68.0
2025-09-12 09:00:00+00:00,12.9,26.4,441.0,211.0,4.0,12.5,67.0
2025-09-12 10:00:00+00:00,12.9,26.8,441.0,233.0,4.0,12.7,64.0
2025-09-12 11:00:00+00:00,13.1,27.3,441.0,264.0,4.7,13.3,59.0
2025-09-12 12:00:00+00:00,12.5,25.0,442.0,307.0,8.0,13.7,52.0
2025-09-12 13:00:00+00:00,13.4,25.5,443.0,381.0,16.7,14.2,39.0
2025-09-12 14:00:00+00:00,17.0,26.5,445.0,467.0,28.7,14.9,22.0
2025-09-12 15:00:00+00:00,19.0,27.8,446.0,507.0,37.2,15.2,9.0
2025-09-12 16:00:00+00:00,19.5,28.1,445.0,462.0,39.5,14.7,5.0
2025-09-12 17:00:00+00:00,19.4,27.9,444.0,370.0,38.5,13.8,6.0
2025-09-12 18:00:00+00:00,18.8,27.5,443.0,289.0,35.8,12.7,8.0
2025-09-12 19:00:00+00:00,17.5,26.5,443.0,238.0,31.3,11.2,12.0
2025-09-12 20:00:00+00:00,15.9,25.1,443.0,197.0,25.2,9.4,18.0
2025-09-12 21:00:00+00:00,14.5,23.8,443.0,168.0,20.1,8.1,22.0
2025-09-12 22:00:00+00:00,13.4,22.7,444.0,143.0,17.1,7.4,24.0
2025-09-12 23:00:00+00:00,12.7,21.7,445.0,129.0,15.1,7.1,25.0
2025-09-13 00:00:00+00:00,11.9,20.1,446.0,152.0,13.5,7.7,27.0
2025-09-13 01:00:00+00:00,11.9,20.1,446.0,252.0,14.0,9.6,28.0
2025-09-13 02:00:00+00:00,14.4,22.6,446.0,387.0,14.5,12.3,29.0
2025-09-13 03:00:00+00:00,13.4,24.3,446.0,461.0,14.1,14.5,33.0
2025-09-13 04:00:00+00:00,12.5,23.4,445.0,410.0,11.7,15.7,42.0
2025-09-13 05:00:00+00:00,13.2,25.8,442.0,297.0,8.4,16.3,53.0
2025-09-13 06:00:00+00:00,13.2,25.8,441.0,212.0,5.8,16.5,62.0
2025-09-13 07:00:00+00:00,13.4,26.5,441.0,193.0,4.6,15.9,68.0
2025-09-13 08:00:00+00:00,13.1,25.4,441.0,203.0,4.1,14.8,72.0
2025-09-13 09:00:00+00:00,13.2,26.0,441.0,220.0,4.2,14.0,73.0
2025-09-13 10:00:00+00:00,13.1,26.7,441.0,240.0,4.4,14.1,69.0
2025-09-13 11:00:00+00:00,11.9,23.2,441.0,267.0,5.2,14.5,62.0
2025-09-13 12:00:00+00:00,12.7,24.6,442.0,298.0,8.5,15.8,55.0
2025-09-13 13:00:00+00:00,12.3,22.1,443.0,341.0,16.5,15.7,43.0
2025-09-13 14:00:00+00:00,15.0,22.0,444.0,388.0,27.5,15.5,26.0
2025-09-13 15:00:00+00:00,15.7,22.1,445.0,405.0,34.6,15.0,14.0
2025-09-13 16:00:00+00:00,15.3,21.5,445.0,370.0,34.5,13.9,13.0
2025-09-13 17:00:00+00:00,14.8,21.0,444.0,306.0,30.6,12.4,16.0
2025-09-13 18:00:00+00:00,13.9,20.3,443.0,248.0,26.1,11.0,21.0
2025-09-13 19:00:00+00:00,12.8,19.3,442.0,207.0,21.4,9.5,25.0
2025-09-13 20:00:00+00:00,11.6,18.3,442.0,173.0,16.2,8.1,30.0
2025-09-13 21:00:00+00:00,10.8,17.8,442.0,150.0,12.0,7.1,34.0
2025-09-13 22:00:00+00:00,10.4,17.8,443.0,135.0,9.5,6.8,36.0
2025-09-13 23:00:00+00:00,10.4,18.3,446.0,131.0,8.1,6.9,37.0
2025-09-14 00:00:00+00:00,10.4,18.1,447.0,156.0,7.9,7.5,38.0
2025-09-14 01:00:00+00:00,10.9,19.2,447.0,240.0,9.7,8.7,37.0
2025-09-14 02:00:00+00:00,13.0,21.4,446.0,352.0,12.1,10.5,35.0
2025-09-14 03:00:00+00:00,14.0,24.5,445.0,414.0,13.1,12.0,36.0
2025-09-14 04:00:00+00:00,14.0,26.3,444.0,375.0,11.3,13.2,43.0
2025-09-14 05:00:00+00:00,13.7,26.6,442.0,285.0,8.1,14.1,52.0
2025-09-14 06:00:00+00:00,13.7,26.8,441.0,217.0,5.6,14.6,60.0
2025-09-14 07:00:00+00:00,13.5,26.1,441.0,198.0,4.5,14.3,65.0
2025-09-14 08:00:00+00:00,12.8,24.3,441.0,200.0,4.1,13.6,67.0
2025-09-14 09:00:00+00:00,12.7,23.5,441.0,213.0,4.3,12.9,67.0
2025-09-14 10:00:00+00:00,12.5,23.2,441.0,238.0,5.1,12.5,63.0
2025-09-14 11:00:00+00:00,11.9,21.4,442.0,274.0,6.6,12.2,56.0
2025-09-14 12:00:00+00:00,10.6,19.0,442.0,301.0,8.9,12.7,50.0
2025-09-14 13:00:00+00:00,11.8,20.5,442.0,315.0,14.0,12.4,42.0
2025-09-14 14:00:00+00:00,12.9,18.9,443.0,321.0,21.0,12.1,30.0
2025-09-14 15:00:00+00:00,13.5,19.6,443.0,315.0,25.2,11.5,23.0
2025-09-14 16:00:00+00:00,13.9,20.9,443.0,291.0,24.2,10.7,23.0
2025-09-14 17:00:00+00:00,14.2,22.2,442.0,255.0,20.5,9.7,26.0
2025-09-14 18:00:00+00:00,14.1,22.9,442.0,220.0,16.6,8.8,30.0
2025-09-14 19:00:00+00:00,13.4,22.6,442.0,186.0,13.1,7.9,33.0
2025-09-14 20:00:00+00:00,12.3,21.5,441.0,152.0,9.6,7.1,37.0
2025-09-14 21:00:00+00:00,12.3,22.7,441.0,128.0,6.9,6.5,39.0
2025-09-14 22:00:00+00:00,11.4,21.0,442.0,115.0,5.6,6.2,40.0
2025-09-14 23:00:00+00:00,10.7,19.5,442.0,113.0,5.1,6.1,39.0
2025-09-15 00:00:00+00:00,10.2,18.5,443.0,131.0,5.5,6.7,39.0
2025-09-15 01:00:00+00:00,10.6,19.6,443.0,191.0,7.2,7.6,38.0
2025-09-15 02:00:00+00:00,12.1,21.5,442.0,271.0,9.5,8.7,37.0
2025-09-15 03:00:00+00:00,14.2,27.6,442.0,318.0,10.6,9.7,38.0
2025-09-15 04:00:00+00:00,12.8,25.8,442.0,300.0,9.3,10.2,43.0
2025-09-15 05:00:00+00:00,13.0,27.0,441.0,250.0,6.7,10.5,50.0
2025-09-15 06:00:00+00:00,13.0,27.6,441.0,211.0,4.8,10.7,55.0
2025-09-15 07:00:00+00:00,13.5,29.0,441.0,200.0,4.1,10.7,58.0
2025-09-15 08:00:00+00:00,13.6,27.6,441.0,201.0,4.0,10.5,60.0
2025-09-15 09:00:00+00:00,13.6,28.2,441.0,209.0,4.4,10.3,59.0
2025-09-15 10:00:00+00:00,13.9,28.9,441.0,226.0,5.3,10.2,55.0
2025-09-15 11:00:00+00:00,13.2,26.4,441.0,251.0,6.7,10.1,50.0
2025-09-15 12:00:00+00:00,16.4,34.0,441.0,268.0,8.8,10.4,45.0
2025-09-15 13:00:00+00:00,16.2,28.5,441.0,274.0,13.2,10.3,38.0
2025-09-15 14:00:00+00:00,17.8,29.3,442.0,272.0,19.1,10.1,30.0
2025-09-15 15:00:00+00:00,17.2,26.8,442.0,264.0,22.5,9.8,24.0
2025-09-15 16:00:00+00:00,16.1,24.6,442.0,247.0,21.2,9.3,25.0
2025-09-15 17:00:00+00:00,15.0,23.3,442.0,222.0,17.5,8.7,28.0
2025-09-15 18:00:00+00:00,14.1,22.3,442.0,196.0,13.9,8.0,32.0
2025-09-15 19:00:00+00:00,13.0,21.4,442.0,167.0,11.0,7.2,35.0
2025-09-15 20:00:00+00:00,12.1,21.1,441.0,137.0,8.3,6.4,37.0
2025-09-15 21:00:00+00:00,11.5,20.7,441.0,116.0,6.3,5.9,39.0
2025-09-15 22:00:00+00:00,11.1,20.2,442.0,104.0,5.3,5.7,40.0
2025-09-15 23:00:00+00:00,11.1,20.3,442.0,103.0,5.0,5.8,40.0
2025-09-16 00:00:00+00:00,11.5,22.7,443.0,124.0,5.6,6.2,41.0
2025-09-16 01:00:00+00:00,12.0,22.8,443.0,195.0,8.2,7.0,39.0
2025-09-16 02:00:00+00:00,14.0,25.8,443.0,288.0,11.7,8.1,36.0
2025-09-16 03:00:00+00:00,16.1,33.9,443.0,342.0,13.5,9.2,35.0
2025-09-16 04:00:00+00:00,18.0,46.2,442.0,315.0,12.1,10.4,39.0
2025-09-16 05:00:00+00:00,18.0,46.9,442.0,249.0,9.1,11.5,46.0
2025-09-16 06:00:00+00:00,17.2,43.3,441.0,198.0,6.7,12.2,52.0
2025-09-16 07:00:00+00:00,17.5,46.2,441.0,184.0,5.7,12.1,55.0
2025-09-16 08:00:00+00:00,17.5,48.1,441.0,186.0,5.3,11.5,56.0
2025-09-16 09:00:00+00:00,18.7,56.3,441.0,198.0,5.6,11.1,56.0
2025-09-16 10:00:00+00:00,19.9,59.5,441.0,221.0,6.3,11.0,54.0
2025-09-16 11:00:00+00:00,18.6,51.3,442.0,252.0,7.6,11.1,50.0
2025-09-16 12:00:00+00:00,20.2,51.1,442.0,283.0,9.4,11.7,47.0
2025-09-16 13:00:00+00:00,20.1,43.3,443.0,314.0,15.3,11.7,39.0
2025-09-16 14:00:00+00:00,21.9,39.1,444.0,343.0,23.4,11.6,28.0
2025-09-16 15:00:00+00:00,22.3,37.4,444.0,355.0,28.7,11.5,20.0
2025-09-16 16:00:00+00:00,21.8,35.7,444.0,339.0,28.7,11.4,19.0
2025-09-16 17:00:00+00:00,21.4,35.0,443.0,306.0,25.9,11.2,22.0
2025-09-16 18:00:00+00:00,20.9,34.5,443.0,269.0,22.8,10.8,25.0
2025-09-16 19:00:00+00:00,20.4,34.5,443.0,228.0,20.0,10.1,27.0
2025-09-16 20:00:00+00:00,19.6,34.5,443.0,183.0,16.9,9.2,30.0
2025-09-16 21:00:00+00:00,18.7,34.7,443.0,150.0,14.3,8.6,32.0
2025-09-16 22:00:00+00:00,17.9,35.6,444.0,130.0,12.4,8.2,33.0
2025-09-16 23:00:00+00:00,17.3,37.4,445.0,123.0,11.0,8.0,34.0
2025-09-17 00:00:00+00:00,16.8,36.1,446.0,143.0,10.7,8.4,34.0
2025-09-17 01:00:00+00:00,17.1,38.0,446.0,220.0,12.2,9.9,34.0
2025-09-17 02:00:00+00:00,19.4,43.5,445.0,324.0,14.2,12.1,34.0
2025-09-17 03:00:00+00:00,19.7,50.2,444.0,383.0,14.9,14.1,37.0
2025-09-17 04:00:00+00:00,20.6,61.9,443.0,350.0,13.0,15.8,45.0
2025-09-17 05:00:00+00:00,22.5,80.1,442.0,271.0,9.9,17.4,55.0
2025-09-17 06:00:00+00:00,23.7,84.1,441.0,212.0,7.5,18.3,63.0
2025-09-17 07:00:00+00:00,25.4,89.6,441.0,199.0,6.6,18.2,67.0
2025-09-17 08:00:00+00:00,25.1,86.4,441.0,206.0,6.4,17.4,69.0
2025-09-17 09:00:00+00:00,25.5,83.8,441.0,221.0,6.7,16.8,69.0
2025-09-17 10:00:00+00:00,26.5,87.3,441.0,238.0,6.6,16.8,68.0
2025-09-17 11:00:00+00:00,26.2,85.7,441.0,262.0,7.0,17.0,66.0
2025-09-17 12:00:00+00:00,29.2,92.9,442.0,297.0,10.6,19.0,63.0
2025-09-17 13:00:00+00:00,25.7,75.4,443.0,358.0,17.9,17.6,49.0
2025-09-17 14:00:00+00:00,25.1,58.3,445.0,430.0,28.1,15.6,31.0
2025-09-17 15:00:00+00:00,25.0,53.9,446.0,472.0,36.0,14.2,16.0
2025-09-17 16:00:00+00:00,25.6,52.5,446.0,462.0,40.1,14.1,9.0
2025-09-17 17:00:00+00:00,27.3,52.0,446.0,422.0,41.9,14.5,7.0
2025-09-17 18:00:00+00:00,28.8,52.3,446.0,377.0,41.6,14.5,7.0
2025-09-17 19:00:00+00:00,27.9,51.2,446.0,330.0,38.3,13.5,10.0
2025-09-17 20:00:00+00:00,26.0,49.2,447.0,278.0,32.8,12.1,16.0
2025-09-17 21:00:00+00:00,23.7,48.8,448.0,235.0,27.3,10.8,22.0
2025-09-17 22:00:00+00:00,21.9,48.0,449.0,199.0,22.0,9.7,26.0
2025-09-17 23:00:00+00:00,20.7,46.3,451.0,173.0,16.7,8.7,30.0
2025-09-18 00:00:00+00:00,18.5,44.0,451.0,180.0,12.3,9.5,34.0
2025-09-18 01:00:00+00:00,18.2,42.5,450.0,256.0,14.0,10.7,33.0
2025-09-18 02:00:00+00:00,21.0,45.2,448.0,365.0,16.3,12.3,32.0
2025-09-18 03:00:00+00:00,21.8,58.7,446.0,424.0,16.8,14.0,36.0
2025-09-18 04:00:00+00:00,22.9,77.8,444.0,380.0,14.0,15.8,48.0
2025-09-18 05:00:00+00:00,25.4,88.2,443.0,285.0,9.6,17.5,65.0
2025-09-18 06:00:00+00:00,26.7,91.3,442.0,215.0,6.1,18.4,79.0
2025-09-18 07:00:00+00:00,28.5,95.7,442.0,199.0,4.5,17.7,87.0
2025-09-18 08:00:00+00:00,29.0,98.5,442.0,207.0,3.8,16.2,92.0
2025-09-18 09:00:00+00:00,29.2,102.2,442.0,225.0,4.0,15.2,92.0
2025-09-18 10:00:00+00:00,28.8,102.9,442.0,246.0,4.5,15.4,87.0
2025-09-18 11:00:00+00:00,28.3,103.6,442.0,278.0,5.8,16.0,77.0
2025-09-18 12:00:00+00:00,32.7,121.5,443.0,327.0,9.1,17.3,71.0
2025-09-18 13:00:00+00:00,31.8,115.3,445.0,419.0,18.2,17.1,55.0
2025-09-18 14:00:00+00:00,32.8,95.0,447.0,528.0,30.6,16.8,32.0
2025-09-18 15:00:00+00:00,33.4,89.2,448.0,587.0,39.8,16.3,15.0
2025-09-18 16:00:00+00:00,33.4,85.4,448.0,555.0,43.0,15.6,9.0
2025-09-18 17:00:00+00:00,33.3,82.7,448.0,471.0,43.0,14.8,8.0
2025-09-18 18:00:00+00:00,32.7,79.2,447.0,389.0,40.9,13.9,10.0
2025-09-18 19:00:00+00:00,31.2,77.5,447.0,319.0,36.1,12.7,14.0
2025-09-18 20:00:00+00:00,29.0,77.1,446.0,250.0,29.2,11.5,21.0
2025-09-18 21:00:00+00:00,27.1,73.3,446.0,199.0,23.4,10.5,26.0
2025-09-18 22:00:00+00:00,25.9,72.4,447.0,172.0,19.7,9.8,29.0
2025-09-18 23:00:00+00:00,24.9,70.5,449.0,163.0,17.0,9.4,31.0
2025-09-19 00:00:00+00:00,22.8,61.7,449.0,170.0,11.7,9.2,35.0
2025-09-19 01:00:00+00:00,23.4,65.0,448.0,207.0,13.7,10.3,34.0
2025-09-19 02:00:00+00:00,25.6,70.5,445.0,260.0,16.4,11.9,34.0
2025-09-19 03:00:00+00:00,26.1,79.4,443.0,290.0,17.1,13.3,37.0
2025-09-19 04:00:00+00:00,29.6,115.7,442.0,272.0,14.0,14.3,48.0
2025-09-19 05:00:00+00:00,28.3,115.3,441.0,230.0,9.1,15.0,63.0
2025-09-19 06:00:00+00:00,29.5,121.5,441.0,200.0,5.3,15.3,74.0
2025-09-19 07:00:00+00:00,30.0,123.4,441.0,194.0,3.9,14.8,78.0
2025-09-19 08:00:00+00:00,29.6,120.6,441.0,199.0,3.8,14.0,78.0
2025-09-19 09:00:00+00:00,29.5,117.3,441.0,210.0,4.3,13.4,76.0
2025-09-19 10:00:00+00:00,27.7,106.6,441.0,219.0,4.7,13.6,72.0
2025-09-19 11:00:00+00:00,27.0,103.6,441.0,234.0,5.9,14.0,65.0
2025-09-19 12:00:00+00:00,30.6,122.0,442.0,274.0,9.5,16.6,61.0
2025-09-19 13:00:00+00:00,30.0,112.7,444.0,366.0,18.6,16.7,47.0
2025-09-19 14:00:00+00:00,30.2,85.2,446.0,483.0,31.1,16.9,27.0
2025-09-19 15:00:00+00:00,30.3,77.1,448.0,557.0,40.4,17.0,12.0
2025-09-19 16:00:00+00:00,30.7,73.3,449.0,558.0,43.7,17.1,6.0
2025-09-19 17:00:00+00:00,31.8,71.7,449.0,516.0,43.9,17.0,5.0
2025-09-19 18:00:00+00:00,32.6,70.5,449.0,455.0,42.9,16.5,5.0
2025-09-19 19:00:00+00:00,31.5,68.9,448.0,368.0,41.2,15.1,6.0
2025-09-19 20:00:00+00:00,29.7,67.3,446.0,261.0,38.3,13.2,9.0
2025-09-19 21:00:00+00:00,27.6,66.1,445.0,181.0,34.3,11.6,13.0
2025-09-19 22:00:00+00:00,25.3,68.7,445.0,141.0,28.1,10.5,19.0
2025-09-19 23:00:00+00:00,24.0,69.2,445.0,126.0,20.8,9.7,26.0
2025-09-20 00:00:00+00:00,21.6,61.9,445.0,142.0,12.8,8.4,33.0
2025-09-20 01:00:00+00:00,21.0,59.6,445.0,213.0,13.8,9.4,33.0
2025-09-20 02:00:00+00:00,23.1,67.1,445.0,315.0,14.9,10.9,33.0
2025-09-20 03:00:00+00:00,24.0,72.9,444.0,371.0,14.9,12.3,36.0
2025-09-20 04:00:00+00:00,24.3,81.3,443.0,335.0,12.5,13.6,44.0
2025-09-20 05:00:00+00:00,24.5,85.4,442.0,255.0,8.8,14.8,55.0
2025-09-20 06:00:00+00:00,26.1,90.8,441.0,196.0,6.0,15.4,63.0
2025-09-20 07:00:00+00:00,25.7,88.2,441.0,185.0,4.7,15.1,68.0
2025-09-20 08:00:00+00:00,27.1,92.2,441.0,195.0,4.3,14.2,70.0
2025-09-20 09:00:00+00:00,33.3,117.6,441.0,215.0,4.5,13.5,70.0
2025-09-20 10:00:00+00:00,26.2,88.2,441.0,244.0,4.9,13.3,67.0
2025-09-20 11:00:00+00:00,25.8,88.2,441.0,282.0,5.9,13.3,61.0
2025-09-20 12:00:00+00:00,25.7,88.7,442.0,320.0,9.3,14.8,54.0
2025-09-20 13:00:00+00:00,25.7,85.9,443.0,363.0,17.2,14.9,43.0
2025-09-20 14:00:00+00:00,27.0,72.6,444.0,406.0,28.1,15.1,27.0
2025-09-20 15:00:00+00:00,28.5,71.5,445.0,424.0,36.3,15.0,15.0
2025-09-20 16:00:00+00:00,29.1,71.2,445.0,400.0,39.6,14.6,10.0
2025-09-20 17:00:00+00:00,29.5,70.8,444.0,351.0,40.1,14.1,10.0
2025-09-20 18:00:00+00:00,29.8,70.3,444.0,299.0,38.7,13.3,11.0
2025-09-20 19:00:00+00:00,29.2,69.6,444.0,245.0,34.8,12.1,15.0
2025-09-20 20:00:00+00:00,27.4,68.0,443.0,189.0,29.0,10.8,20.0
2025-09-20 21:00:00+00:00,25.6,67.1,443.0,149.0,23.7,9.7,25.0
2025-09-20 22:00:00+00:00,24.1,65.2,443.0,126.0,19.4,9.1,29.0
2025-09-20 23:00:00+00:00,22.9,64.5,444.0,120.0,15.7,8.8,32.0
2025-09-21 00:00:00+00:00,19.8,52.2,444.0,145.0,10.2,7.9,36.0
2025-09-21 01:00:00+00:00,20.3,54.9,445.0,236.0,12.1,9.2,35.0
2025-09-21 02:00:00+00:00,22.4,61.2,445.0,358.0,14.5,11.1,34.0
2025-09-21 03:00:00+00:00,23.5,69.8,445.0,424.0,15.4,12.8,36.0
2025-09-21 04:00:00+00:00,24.9,87.1,444.0,377.0,13.1,14.4,44.0
2025-09-21 05:00:00+00:00,25.7,90.1,442.0,273.0,9.3,15.8,56.0
2025-09-21 06:00:00+00:00,26.5,91.7,441.0,195.0,6.4,16.5,64.0
2025-09-21 07:00:00+00:00,26.2,89.6,441.0,176.0,5.4,16.0,66.0
2025-09-21 08:00:00+00:00,26.3,88.7,441.0,182.0,5.4,14.7,65.0
2025-09-21 09:00:00+00:00,24.6,81.3,441.0,196.0,5.7,13.7,63.0
2025-09-21 10:00:00+00:00,23.5,78.0,441.0,213.0,5.7,13.2,61.0
2025-09-21 11:00:00+00:00,23.5,78.2,441.0,237.0,6.1,12.8,59.0
2025-09-21 12:00:00+00:00,21.8,73.6,442.0,265.0,8.5,13.3,56.0
2025-09-21 13:00:00+00:00,21.4,68.7,443.0,303.0,15.6,13.6,46.0
2025-09-21 14:00:00+00:00,23.1,58.9,444.0,346.0,25.3,13.9,32.0
2025-09-21 15:00:00+00:00,24.5,57.7,445.0,368.0,32.2,13.9,22.0
2025-09-21 16:00:00+00:00,24.8,56.8,445.0,359.0,34.1,13.5,19.0
2025-09-21 17:00:00+00:00,24.9,55.8,445.0,330.0,33.1,12.8,20.0
2025-09-21 18:00:00+00:00,24.5,54.2,445.0,294.0,30.6,11.9,23.0
2025-09-21 19:00:00+00:00,23.2,52.2,445.0,246.0,26.0,10.7,27.0
2025-09-21 20:00:00+00:00,21.2,49.0,444.0,191.0,19.8,9.2,33.0
2025-09-21 21:00:00+00:00,19.6,46.4,444.0,151.0,14.8,8.2,38.0
2025-09-21 22:00:00+00:00,18.6,44.5,444.0,130.0,11.8,7.7,40.0
2025-09-21 23:00:00+00:00,17.9,43.0,445.0,125.0,10.0,7.7,42.0
2025-09-22 00:00:00+00:00,17.6,43.5,445.0,143.0,7.8,7.8,44.0
2025-09-22 01:00:00+00:00,18.0,45.2,445.0,209.0,10.1,8.8,42.0
2025-09-22 02:00:00+00:00,19.6,47.5,444.0,299.0,13.1,10.1,40.0
2025-09-22 03:00:00+00:00,20.5,49.2,444.0,350.0,14.4,11.4,41.0
2025-09-22 04:00:00+00:00,21.0,57.4,443.0,321.0,12.5,12.5,48.0
2025-09-22 05:00:00+00:00,22.1,62.6,443.0,253.0,8.9,13.6,57.0
2025-09-22 06:00:00+00:00,23.1,65.4,442.0,201.0,6.0,14.2,65.0
2025-09-22 07:00:00+00:00,23.2,65.0,442.0,186.0,4.7,14.1,69.0
2025-09-22 08:00:00+00:00,23.3,64.5,441.0,186.0,4.2,13.6,72.0
2025-09-22 09:00:00+00:00,23.0,62.4,441.0,194.0,4.4,13.2,72.0
2025-09-22 10:00:00+00:00,22.8,61.0,441.0,211.0,5.0,13.1,69.0
2025-09-22 11:00:00+00:00,21.9,57.5,442.0,235.0,6.2,13.0,63.0
2025-09-22 12:00:00+00:00,19.6,52.2,442.0,257.0,8.4,13.1,58.0
2025-09-22 13:00:00+00:00,18.0,43.7,442.0,274.0,13.0,12.8,50.0
2025-09-22 14:00:00+00:00,17.6,35.0,443.0,288.0,19.2,12.4,39.0
2025-09-22 15:00:00+00:00,17.8,33.4,443.0,292.0,23.3,11.9,32.0
2025-09-22 16:00:00+00:00,17.6,32.5,443.0,284.0,23.5,11.1,31.0
2025-09-22 17:00:00+00:00,17.1,31.4,444.0,266.0,21.5,10.2,33.0
2025-09-22 18:00:00+00:00,16.4,30.6,444.0,243.0,19.0,9.4,35.0
2025-09-22 19:00:00+00:00,15.4,29.3,444.0,209.0,16.0,8.6,38.0
2025-09-22 20:00:00+00:00,14.3,28.0,443.0,169.0,12.4,7.9,41.0
2025-09-22 21:00:00+00:00,13.5,26.7,443.0,140.0,9.6,7.4,43.0
2025-09-22 22:00:00+00:00,12.9,25.6,443.0,124.0,7.9,7.1,44.0
2025-09-22 23:00:00+00:00,12.4,24.7,444.0,118.0,7.0,6.9,45.0
2025-09-23 00:00:00+00:00,12.6,25.3,444.0,134.0,7.2,7.2,43.0
2025-09-23 01:00:00+00:00,13.1,25.8,444.0,192.0,9.1,8.4,42.0
2025-09-23 02:00:00+00:00,15.3,28.3,443.0,271.0,11.5,10.0,42.0
2025-09-23 03:00:00+00:00,16.7,35.5,443.0,316.0,12.6,11.5,44.0
2025-09-23 04:00:00+00:00,17.8,43.3,443.0,291.0,10.8,12.6,51.0
2025-09-23 05:00:00+00:00,19.5,49.5,442.0,232.0,7.6,13.5,62.0
2025-09-23 06:00:00+00:00,20.8,52.2,442.0,187.0,5.2,13.9,69.0
2025-09-23 07:00:00+00:00,20.5,51.3,442.0,176.0,4.3,13.6,71.0
2025-09-23 08:00:00+00:00,20.7,51.7,441.0,181.0,4.1,12.8,71.0
2025-09-23 09:00:00+00:00,20.4,49.5,441.0,192.0,4.5,12.2,69.0
2025-09-23 10:00:00+00:00,19.5,46.8,441.0,211.0,4.8,11.9,66.0
2025-09-23 11:00:00+00:00,18.6,43.8,442.0,238.0,5.7,11.8,61.0
2025-09-23 12:00:00+00:00,21.1,48.0,442.0,260.0,8.2,12.7,56.0
2025-09-23 13:00:00+00:00,20.5,44.1,442.0,276.0,14.8,12.8,46.0
2025-09-23 14:00:00+00:00,21.8,39.5,443.0,289.0,23.8,12.9,33.0
2025-09-23 15:00:00+00:00,22.8,39.6,443.0,291.0,29.6,12.7,24.0
2025-09-23 16:00:00+00:00,22.7,39.0,443.0,280.0,29.4,11.9,23.0
2025-09-23 17:00:00+00:00,22.4,39.1,443.0,260.0,25.9,10.7,27.0
2025-09-23 18:00:00+00:00,21.5,38.3,443.0,234.0,21.9,9.6,31.0
2025-09-23 19:00:00+00:00,20.4,37.4,443.0,199.0,17.7,8.6,35.0
2025-09-23 20:00:00+00:00,19.3,36.4,442.0,158.0,12.9,7.6,40.0
2025-09-23 21:00:00+00:00,18.3,36.0,442.0,129.0,9.3,7.0,44.0
2025-09-23 22:00:00+00:00,17.7,36.1,442.0,115.0,7.3,6.7,46.0
2025-09-23 23:00:00+00:00,17.9,37.8,443.0,112.0,6.5,6.8,46.0
2025-09-24 00:00:00+00:00,19.0,43.2,443.0,130.0,6.9,7.5,46.0
2025-09-24 01:00:00+00:00,19.2,43.3,443.0,189.0,11.1,8.6,42.0
2025-09-24 02:00:00+00:00,21.1,45.8,443.0,268.0,16.8,10.1,36.0
2025-09-24 03:00:00+00:00,22.2,43.5,443.0,314.0,19.7,11.6,35.0
2025-09-24 04:00:00+00:00,21.9,54.5,443.0,294.0,17.2,13.0,41.0
2025-09-24 05:00:00+00:00,22.1,58.6,442.0,242.0,11.9,14.3,51.0
2025-09-24 06:00:00+00:00,22.9,60.8,442.0,203.0,7.8,15.1,59.0
2025-09-24 07:00:00+00:00,25.0,68.7,442.0,196.0,6.6,14.9,61.0
2025-09-24 08:00:00+00:00,28.9,82.2,442.0,202.0,6.5,14.0,61.0
2025-09-24 09:00:00+00:00,20.8,53.3,442.0,213.0,6.9,13.3,60.0
2025-09-24 10:00:00+00:00,20.2,53.4,442.0,230.0,6.8,13.0,58.0
2025-09-24 11:00:00+00:00,20.8,56.3,442.0,252.0,7.1,12.7,55.0
2025-09-24 12:00:00+00:00,23.7,67.5,442.0,272.0,9.0,13.9,53.0
2025-09-24 13:00:00+00:00,23.1,61.2,442.0,290.0,15.4,13.5,43.0
2025-09-24 14:00:00+00:00,23.9,51.2,443.0,306.0,24.1,13.0,30.0
2025-09-24 15:00:00+00:00,24.6,49.6,443.0,315.0,30.3,12.4,21.0
2025-09-24 16:00:00+00:00,24.7,48.9,443.0,316.0,31.7,11.8,18.0
2025-09-24 17:00:00+00:00,24.6,48.2,444.0,309.0,30.6,11.2,20.0
2025-09-24 18:00:00+00:00,24.2,48.1,444.0,290.0,28.2,10.6,22.0
2025-09-24 19:00:00+00:00,23.2,47.3,444.0,250.0,24.3,9.9,26.0
2025-09-24 20:00:00+00:00,22.2,46.8,444.0,197.0,19.3,9.1,31.0
2025-09-24 21:00:00+00:00,21.5,46.3,444.0,161.0,15.3,8.6,35.0
2025-09-24 22:00:00+00:00,21.1,46.2,445.0,142.0,13.3,8.4,36.0
2025-09-24 23:00:00+00:00,20.8,46.0,447.0,139.0,12.5,8.4,35.0
2025-09-25 00:00:00+00:00,19.8,42.1,448.0,172.0,11.3,8.6,37.0
2025-09-25 01:00:00+00:00,20.2,42.1,449.0,282.0,12.9,9.7,37.0
2025-09-25 02:00:00+00:00,23.0,46.4,450.0,428.0,14.9,11.4,37.0
2025-09-25 03:00:00+00:00,24.8,56.9,450.0,507.0,15.7,13.2,40.0
2025-09-25 04:00:00+00:00,24.4,60.5,448.0,452.0,13.9,15.5,47.0
2025-09-25 05:00:00+00:00,24.3,63.6,445.0,329.0,10.9,18.1,58.0
2025-09-25 06:00:00+00:00,25.2,64.0,443.0,237.0,8.4,19.7,66.0
2025-09-25 07:00:00+00:00,25.9,66.1,442.0,216.0,7.0,19.6,72.0
2025-09-25 08:00:00+00:00,25.6,64.7,443.0,225.0,6.2,18.5,77.0
2025-09-25 09:00:00+00:00,25.9,65.2,443.0,241.0,6.1,17.5,78.0
2025-09-25 10:00:00+00:00,24.6,62.6,443.0,256.0,6.4,17.0,74.0
2025-09-25 11:00:00+00:00,23.3,59.3,443.0,278.0,7.4,16.7,66.0
2025-09-25 12:00:00+00:00,28.6,73.3,443.0,312.0,10.9,17.7,59.0
2025-09-25 13:00:00+00:00,28.1,69.2,444.0,371.0,19.3,17.1,46.0
2025-09-25 14:00:00+00:00,29.2,60.3,446.0,442.0,31.0,16.4,29.0
2025-09-25 15:00:00+00:00,30.4,59.1,447.0,489.0,39.8,15.7,15.0
2025-09-25 16:00:00+00:00,31.3,58.3,447.0,493.0,43.3,15.4,9.0
2025-09-25 17:00:00+00:00,32.0,58.3,447.0,473.0,44.0,15.2,7.0
2025-09-25 18:00:00+00:00,33.1,59.0,448.0,456.0,43.6,14.8,7.0
2025-09-25 19:00:00+00:00,33.2,58.0,450.0,456.0,42.5,13.9,7.0
2025-09-25 20:00:00+00:00,31.7,56.2,453.0,458.0,40.4,12.7,9.0
2025-09-25 21:00:00+00:00,30.2,54.6,456.0,444.0,37.4,11.8,11.0
2025-09-25 22:00:00+00:00,29.0,53.6,458.0,381.0,33.0,11.1,14.0
2025-09-25 23:00:00+00:00,28.4,53.0,460.0,302.0,27.8,10.6,17.0
2025-09-26 00:00:00+00:00,27.6,52.9,460.0,285.0,22.1,9.8,20.0
2025-09-26 01:00:00+00:00,28.6,57.7,459.0,409.0,21.8,10.7,21.0
2025-09-26 02:00:00+00:00,31.0,60.5,457.0,595.0,21.1,12.2,24.0
2025-09-26 03:00:00+00:00,31.0,65.7,454.0,690.0,19.5,14.2,31.0
2025-09-26 04:00:00+00:00,32.2,79.6,451.0,599.0,15.9,17.4,45.0
2025-09-26 05:00:00+00:00,30.3,73.1,447.0,417.0,11.4,21.2,63.0
2025-09-26 06:00:00+00:00,30.4,71.0,444.0,276.0,7.8,23.9,81.0
2025-09-26 07:00:00+00:00,31.1,69.8,443.0,230.0,5.9,24.6,100.0
2025-09-26 08:00:00+00:00,32.2,69.4,443.0,225.0,5.0,24.2,118.0
2025-09-26 09:00:00+00:00,33.1,68.9,443.0,237.0,5.2,23.6,127.0
2025-09-26 10:00:00+00:00,33.6,69.4,443.0,264.0,6.2,23.4,122.0
2025-09-26 11:00:00+00:00,32.2,66.1,443.0,307.0,8.2,23.0,108.0
2025-09-26 12:00:00+00:00,27.4,53.7,444.0,350.0,11.4,23.1,93.0
2025-09-26 13:00:00+00:00,25.8,50.1,445.0,391.0,20.1,21.5,71.0
2025-09-26 14:00:00+00:00,27.0,45.8,446.0,431.0,32.2,19.2,40.0
2025-09-26 15:00:00+00:00,26.8,44.6,447.0,459.0,41.3,17.5,16.0
2025-09-26 16:00:00+00:00,27.0,43.4,448.0,477.0,45.2,17.1,7.0
2025-09-26 17:00:00+00:00,27.8,43.2,449.0,483.0,46.3,17.2,5.0
2025-09-26 18:00:00+00:00,28.9,43.4,449.0,463.0,45.1,16.9,6.0
2025-09-26 19:00:00+00:00,28.4,42.0,449.0,396.0,41.2,15.4,9.0
2025-09-26 20:00:00+00:00,25.1,38.5,449.0,303.0,35.2,13.5,14.0
2025-09-26 21:00:00+00:00,21.6,34.9,449.0,236.0,29.1,11.8,19.0
2025-09-26 22:00:00+00:00,19.2,32.8,450.0,204.0,22.7,10.5,24.0
2025-09-26 23:00:00+00:00,17.9,32.0,453.0,197.0,16.3,9.5,30.0
2025-09-27 00:00:00+00:00,17.8,33.1,454.0,240.0,12.7,9.1,32.0
2025-09-27 01:00:00+00:00,18.3,33.9,455.0,383.0,16.1,10.2,29.0
2025-09-27 02:00:00+00:00,22.6,38.1,455.0,574.0,20.5,11.8,26.0
2025-09-27 03:00:00+00:00,24.9,44.4,454.0,687.0,22.4,14.0,31.0
2025-09-27 04:00:00+00:00,24.7,46.8,452.0,645.0,19.3,17.5,50.0
2025-09-27 05:00:00+00:00,22.9,42.6,450.0,525.0,13.7,21.6,76.0
2025-09-27 06:00:00+00:00,21.4,37.8,448.0,421.0,9.2,24.6,98.0
2025-09-27 07:00:00+00:00,19.8,32.6,446.0,363.0,6.8,25.8,115.0
2025-09-27 08:00:00+00:00,21.4,33.3,445.0,323.0,5.4,25.9,127.0
2025-09-27 09:00:00+00:00,22.2,33.6,444.0,310.0,5.5,25.4,131.0
2025-09-27 10:00:00+00:00,22.5,34.0,444.0,342.0,6.9,24.2,122.0
2025-09-27 11:00:00+00:00,21.7,33.1,444.0,402.0,9.8,22.4,103.0
2025-09-27 12:00:00+00:00,21.4,31.8,445.0,449.0,14.4,23.3,97.0
2025-09-27 13:00:00+00:00,21.8,32.4,446.0,469.0,22.4,21.1,73.0
2025-09-27 14:00:00+00:00,23.9,33.4,447.0,476.0,33.5,17.9,41.0
2025-09-27 15:00:00+00:00,23.7,33.5,448.0,472.0,41.4,15.5,17.0
2025-09-27 16:00:00+00:00,23.6,33.5,449.0,457.0,44.0,14.6,9.0
2025-09-27 17:00:00+00:00,24.1,33.6,449.0,432.0,43.4,14.4,9.0
2025-09-27 18:00:00+00:00,24.0,33.3,449.0,393.0,40.1,13.7,12.0
2025-09-27 19:00:00+00:00,21.9,31.1,448.0,330.0,32.5,11.9,19.0
2025-09-27 20:00:00+00:00,19.2,28.3,447.0,255.0,22.1,9.6,28.0
2025-09-27 21:00:00+00:00,17.3,26.7,447.0,199.0,14.1,7.9,36.0
2025-09-27 22:00:00+00:00,16.3,25.4,448.0,171.0,10.5,7.3,39.0
2025-09-27 23:00:00+00:00,15.8,24.9,448.0,162.0,9.2,7.4,39.0
2025-09-28 00:00:00+00:00,16.3,25.1,449.0,181.0,10.6,8.1,36.0
2025-09-28 01:00:00+00:00,17.1,26.0,449.0,249.0,13.7,8.8,33.0
2025-09-28 02:00:00+00:00,20.5,29.6,448.0,345.0,17.9,10.0,31.0
2025-09-28 03:00:00+00:00,21.8,32.6,447.0,410.0,20.1,12.1,35.0
2025-09-28 04:00:00+00:00,22.4,34.5,447.0,414.0,18.5,16.2,51.0
2025-09-28 05:00:00+00:00,22.6,35.3,447.0,387.0,14.9,21.3,74.0
2025-09-28 06:00:00+00:00,23.1,36.1,447.0,359.0,11.7,24.7,95.0
2025-09-28 07:00:00+00:00,25.0,37.8,446.0,334.0,9.2,25.2,114.0
2025-09-28 08:00:00+00:00,26.5,39.8,446.0,309.0,7.0,24.1,131.0
2025-09-28 09:00:00+00:00,26.8,40.6,445.0,305.0,6.5,22.6,137.0
2025-09-28 10:00:00+00:00,26.9,41.8,445.0,335.0,8.3,21.0,126.0
2025-09-28 11:00:00+00:00,26.3,44.1,445.0,386.0,11.9,19.1,105.0
2025-09-28 12:00:00+00:00,29.9,54.1,446.0,445.0,17.4,18.6,92.0
2025-09-28 13:00:00+00:00,31.9,59.1,448.0,533.0,22.2,16.9,72.0
2025-09-28 14:00:00+00:00,33.2,66.6,451.0,630.0,28.8,14.4,44.0
2025-09-28 15:00:00+00:00,33.9,75.9,452.0,659.0,32.7,12.4,25.0
2025-09-28 16:00:00+00:00,34.6,76.4,451.0,563.0,32.0,11.3,21.0
2025-09-28 17:00:00+00:00,34.5,72.4,449.0,400.0,28.6,10.7,25.0
2025-09-28 18:00:00+00:00,32.7,68.0,447.0,269.0,24.2,9.8,31.0
2025-09-28 19:00:00+00:00,29.6,62.4,446.0,210.0,18.4,8.2,37.0
2025-09-28 20:00:00+00:00,27.2,60.1,447.0,185.0,11.7,6.5,44.0
2025-09-28 21:00:00+00:00,26.7,61.0,447.0,174.0,6.9,5.3,49.0
2025-09-28 22:00:00+00:00,26.8,62.2,448.0,152.0,5.1,4.9,49.0
2025-09-28 23:00:00+00:00,26.8,61.5,449.0,145.0,5.4,5.2,46.0
2025-09-29 00:00:00+00:00,25.7,58.3,451.0,214.0,8.5,6.9,41.0
2025-09-29 01:00:00+00:00,25.8,55.1,455.0,431.0,14.7,8.4,35.0
2025-09-29 02:00:00+00:00,28.2,52.7,461.0,724.0,23.2,10.5,28.0
2025-09-29 03:00:00+00:00,31.7,49.8,466.0,939.0,27.9,12.9,35.0
2025-09-29 04:00:00+00:00,30.7,44.4,473.0,1020.0,25.7,15.9,70.0
2025-09-29 05:00:00+00:00,29.4,37.8,480.0,1024.0,19.8,19.2,119.0
2025-09-29 06:00:00+00:00,27.5,34.0,482.0,964.0,14.4,20.7,156.0
2025-09-29 07:00:00+00:00,24.8,32.2,475.0,773.0,9.7,18.9,169.0
2025-09-29 08:00:00+00:00,22.1,28.8,462.0,517.0,5.5,15.5,170.0
2025-09-29 09:00:00+00:00,20.4,25.8,454.0,415.0,4.6,13.3,165.0
2025-09-29 10:00:00+00:00,20.1,24.4,453.0,579.0,8.3,13.7,155.0
2025-09-29 11:00:00+00:00,23.2,28.8,456.0,896.0,15.4,15.3,138.0
2025-09-29 12:00:00+00:00,25.3,29.6,461.0,1243.0,17.2,10.8,127.0
2025-09-29 13:00:00+00:00,36.8,39.7,471.0,1701.0,35.3,14.2,97.0
2025-09-29 14:00:00+00:00,47.3,51.6,484.0,2189.0,60.0,19.0,56.0
2025-09-29 15:00:00+00:00,52.0,56.5,491.0,2344.0,76.4,22.8,25.0
2025-09-29 16:00:00+00:00,52.2,56.6,486.0,1858.0,76.3,25.0,16.0
2025-09-29 17:00:00+00:00,53.3,58.8,474.0,1038.0,68.0,26.1,18.0
2025-09-29 18:00:00+00:00,51.5,56.5,466.0,441.0,61.2,26.0,20.0
2025-09-29 19:00:00+00:00,39.2,44.4,464.0,335.0,59.8,23.6,18.0
2025-09-29 20:00:00+00:00,36.9,43.0,466.0,452.0,60.0,19.9,15.0
2025-09-29 21:00:00+00:00,37.1,43.1,468.0,548.0,60.2,17.3,13.0
2025-09-29 22:00:00+00:00,36.0,40.9,470.0,495.0,60.3,16.8,10.0
2025-09-29 23:00:00+00:00,34.9,38.9,472.0,419.0,60.5,17.3,7.0
2025-09-30 00:00:00+00:00,42.3,47.6,475.0,458.0,54.1,16.4,11.0
2025-09-30 01:00:00+00:00,38.0,43.2,481.0,766.0,54.1,18.1,12.0
2025-09-30 02:00:00+00:00,36.3,43.2,488.0,1187.0,53.5,20.5,16.0
2025-09-30 03:00:00+00:00,36.3,47.6,490.0,1393.0,48.7,21.4,30.0
2025-09-30 04:00:00+00:00,30.5,67.1,481.0,1164.0,35.5,19.9,66.0
2025-09-30 05:00:00+00:00,31.8,96.2,467.0,719.0,18.0,17.0,114.0
2025-09-30 06:00:00+00:00,29.2,87.8,456.0,383.0,5.4,14.2,146.0
2025-09-30 07:00:00+00:00,22.7,59.8,452.0,292.0,1.7,11.5,150.0
2025-09-30 08:00:00+00:00,18.9,40.5,451.0,311.0,2.9,9.0,139.0
2025-09-30 09:00:00+00:00,16.4,28.1,451.0,357.0,5.2,7.7,128.0
2025-09-30 10:00:00+00:00,15.5,21.5,450.0,399.0,6.3,8.4,124.0
2025-09-30 11:00:00+00:00,16.1,17.6,450.0,469.0,8.5,10.5,119.0
2025-09-30 12:00:00+00:00,25.9,26.3,451.0,574.0,11.8,9.1,108.0
2025-09-30 13:00:00+00:00,25.9,26.1,455.0,774.0,20.9,10.5,91.0
2025-09-30 14:00:00+00:00,30.4,30.5,460.0,1010.0,33.2,12.4,67.0
2025-09-30 15:00:00+00:00,32.4,32.5,463.0,1114.0,40.8,13.5,50.0
2025-09-30 16:00:00+00:00,32.0,32.1,462.0,968.0,39.4,13.0,47.0
2025-09-30 17:00:00+00:00,30.5,30.6,459.0,690.0,33.2,11.8,50.0
2025-09-30 18:00:00+00:00,28.7,28.8,457.0,467.0,27.3,10.5,53.0
2025-09-30 19:00:00+00:00,26.9,27.0,457.0,374.0,23.0,9.4,53.0
2025-09-30 20:00:00+00:00,24.8,24.9,457.0,335.0,18.9,8.3,53.0
2025-09-30 21:00:00+00:00,23.1,23.2,458.0,318.0,16.2,7.7,51.0
2025-09-30 22:00:00+00:00,22.1,22.2,460.0,305.0,15.2,8.0,47.0
2025-09-30 23:00:00+00:00,21.7,21.7,462.0,313.0,15.6,8.8,42.0
2025-10-01 00:00:00+00:00,18.8,18.9,464.0,356.0,14.0,9.1,44.0
2025-10-01 01:00:00+00:00,19.3,19.4,466.0,479.0,18.1,10.0,41.0
2025-10-01 02:00:00+00:00,22.2,22.4,468.0,638.0,23.5,11.3,37.0
2025-10-01 03:00:00+00:00,22.2,22.3,468.0,711.0,25.4,12.3,43.0
2025-10-01 04:00:00+00:00,14.8,15.0,464.0,616.0,20.3,12.7,68.0
2025-10-01 05:00:00+00:00,11.7,12.5,457.0,435.0,11.7,12.8,102.0
2025-10-01 06:00:00+00:00,11.0,12.9,452.0,297.0,5.2,12.4,127.0
2025-10-01 07:00:00+00:00,10.4,12.5,450.0,250.0,3.1,11.1,135.0
2025-10-01 08:00:00+00:00,9.7,11.5,448.0,246.0,3.1,9.2,134.0
2025-10-01 09:00:00+00:00,9.2,10.6,448.0,269.0,3.7,7.8,131.0
2025-10-01 10:00:00+00:00,8.7,9.9,448.0,323.0,4.2,7.2,128.0
2025-10-01 11:00:00+00:00,8.2,9.2,449.0,405.0,5.3,7.0,122.0
2025-10-01 12:00:00+00:00,14.5,17.3,450.0,489.0,7.8,6.5,106.0
2025-10-01 13:00:00+00:00,17.0,19.0,453.0,583.0,10.6,6.9,95.0
2025-10-01 14:00:00+00:00,17.6,19.4,457.0,678.0,14.5,7.5,80.0
2025-10-01 15:00:00+00:00,17.1,18.7,460.0,727.0,17.2,7.9,67.0
2025-10-01 16:00:00+00:00,16.2,17.8,462.0,688.0,17.9,8.2,59.0
2025-10-01 17:00:00+00:00,15.4,16.7,464.0,602.0,17.6,8.3,54.0
2025-10-01 18:00:00+00:00,14.2,15.4,465.0,542.0,16.5,8.2,51.0
2025-10-01 19:00:00+00:00,12.6,13.9,467.0,555.0,14.3,7.5,51.0
2025-10-01 20:00:00+00:00,11.3,12.9,468.0,594.0,11.3,6.6,52.0
2025-10-01 21:00:00+00:00,11.0,13.0,469.0,594.0,9.5,6.2,52.0
2025-10-01 22:00:00+00:00,11.4,13.4,468.0,482.0,9.5,6.6,48.0
2025-10-01 23:00:00+00:00,11.5,13.4,467.0,330.0,10.6,7.6,43.0
2025-10-02 00:00:00+00:00,12.6,14.3,466.0,291.0,13.6,8.3,36.0
2025-10-02 01:00:00+00:00,13.3,15.2,469.0,506.0,17.5,9.5,35.0
2025-10-02 02:00:00+00:00,16.4,18.5,473.0,834.0,22.7,11.1,34.0
2025-10-02 03:00:00+00:00,18.4,21.5,473.0,1001.0,24.4,12.0,40.0
2025-10-02 04:00:00+00:00,15.1,21.7,466.0,836.0,19.4,11.6,60.0
2025-10-02 05:00:00+00:00,13.1,19.3,456.0,511.0,10.9,10.5,86.0
2025-10-02 06:00:00+00:00,12.1,17.4,448.0,267.0,4.6,9.4,105.0
2025-10-02 07:00:00+00:00,11.2,15.9,446.0,211.0,2.7,8.3,111.0
2025-10-02 08:00:00+00:00,10.3,14.8,446.0,236.0,2.9,7.2,110.0
2025-10-02 09:00:00+00:00,9.5,14.1,447.0,266.0,3.6,6.4,106.0
2025-10-02 10:00:00+00:00,8.7,13.2,447.0,276.0,4.3,6.1,101.0
2025-10-02 11:00:00+00:00,8.4,12.6,447.0,290.0,5.5,6.2,95.0
2025-10-02 12:00:00+00:00,10.6,15.9,448.0,309.0,7.6,6.6,86.0
2025-10-02 13:00:00+00:00,11.5,15.5,450.0,340.0,10.8,7.1,77.0
2025-10-02 14:00:00+00:00,13.4,16.1,452.0,375.0,15.0,7.9,65.0
2025-10-02 15:00:00+00:00,12.7,14.8,453.0,392.0,17.5,8.4,57.0
2025-10-02 16:00:00+00:00,11.6,13.3,453.0,378.0,16.6,8.5,56.0
2025-10-02 17:00:00+00:00,10.7,12.1,453.0,347.0,14.0,8.3,58.0
2025-10-02 18:00:00+00:00,9.8,10.9,453.0,313.0,11.4,8.0,61.0
2025-10-02 19:00:00+00:00,8.6,9.4,453.0,279.0,9.3,7.4,63.0
2025-10-02 20:00:00+00:00,7.5,8.1,454.0,243.0,7.3,6.6,65.0
2025-10-02 21:00:00+00:00,7.1,7.8,454.0,218.0,6.0,6.1,65.0
2025-10-02 22:00:00+00:00,7.0,7.6,455.0,200.0,5.7,6.0,63.0
2025-10-02 23:00:00+00:00,7.1,7.8,455.0,193.0,6.0,6.3,60.0
2025-10-03 00:00:00+00:00,7.0,8.0,456.0,221.0,7.2,6.6,58.0
2025-10-03 01:00:00+00:00,7.1,8.2,457.0,325.0,10.4,7.2,53.0
2025-10-03 02:00:00+00:00,8.3,9.8,457.0,464.0,14.6,7.9,47.0
2025-10-03 03:00:00+00:00,9.1,12.5,457.0,534.0,16.5,8.6,45.0
2025-10-03 04:00:00+00:00,9.7,14.0,454.0,463.0,13.9,9.0,53.0
2025-10-03 05:00:00+00:00,9.3,14.8,451.0,324.0,9.0,9.4,65.0
2025-10-03 06:00:00+00:00,9.0,14.5,448.0,224.0,5.4,9.5,75.0
2025-10-03 07:00:00+00:00,8.7,13.9,447.0,209.0,4.4,9.4,79.0
2025-10-03 08:00:00+00:00,8.0,12.7,447.0,233.0,4.7,9.1,80.0
2025-10-03 09:00:00+00:00,7.5,11.6,447.0,274.0,5.7,8.9,79.0
2025-10-03 10:00:00+00:00,7.7,11.1,447.0,338.0,7.4,9.1,77.0
2025-10-03 11:00:00+00:00,8.1,11.2,448.0,418.0,9.8,9.5,74.0
2025-10-03 12:00:00+00:00,11.2,17.4,449.0,468.0,15.0,9.0,57.0
2025-10-03 13:00:00+00:00,12.5,17.7,450.0,465.0,16.5,8.5,52.0
2025-10-03 14:00:00+00:00,12.7,17.8,451.0,432.0,18.4,7.8,46.0
2025-10-03 15:00:00+00:00,12.5,17.6,452.0,397.0,19.3,7.2,41.0
2025-10-03 16:00:00+00:00,12.4,17.4,453.0,369.0,18.4,6.9,39.0
2025-10-03 17:00:00+00:00,12.4,17.3,453.0,340.0,16.5,6.8,39.0
2025-10-03 18:00:00+00:00,12.7,17.5,454.0,308.0,14.5,6.6,40.0
2025-10-03 19:00:00+00:00,12.3,16.9,454.0,271.0,12.3,6.2,41.0
2025-10-03 20:00:00+00:00,11.7,16.2,455.0,231.0,9.9,5.9,44.0
2025-10-03 21:00:00+00:00,11.3,15.7,455.0,203.0,8.2,5.7,45.0
2025-10-03 22:00:00+00:00,11.1,15.4,455.0,173.0,7.2,5.8,45.0
2025-10-03 23:00:00+00:00,10.9,15.4,455.0,153.0,6.9,6.2,45.0
2025-10-04 00:00:00+00:00,9.3,12.0,456.0,196.0,7.9,6.6,47.0
2025-10-04 01:00:00+00:00,9.9,12.5,458.0,379.0,12.5,7.7,42.0
2025-10-04 02:00:00+00:00,12.4,15.3,461.0,624.0,18.6,9.3,36.0
2025-10-04 03:00:00+00:00,13.6,19.1,462.0,749.0,21.9,11.0,34.0
2025-10-04 04:00:00+00:00,14.6,23.2,459.0,635.0,19.7,12.9,40.0
2025-10-04 05:00:00+00:00,14.6,25.6,453.0,401.0,14.7,14.9,50.0
2025-10-04 06:00:00+00:00,14.9,26.6,449.0,226.0,10.6,16.0,59.0
2025-10-04 07:00:00+00:00,15.0,26.8,448.0,184.0,8.5,15.3,65.0
2025-10-04 08:00:00+00:00,13.9,24.6,448.0,200.0,7.3,13.6,69.0
2025-10-04 09:00:00+00:00,13.0,22.4,448.0,226.0,7.1,12.5,70.0
2025-10-04 10:00:00+00:00,12.0,20.1,447.0,252.0,7.6,12.7,68.0
2025-10-04 11:00:00+00:00,11.8,18.9,446.0,289.0,9.2,13.5,63.0
2025-10-04 12:00:00+00:00,12.1,18.7,446.0,320.0,10.2,12.5,66.0
2025-10-04 13:00:00+00:00,14.6,19.6,446.0,345.0,19.1,12.7,51.0
2025-10-04 14:00:00+00:00,17.7,22.1,446.0,365.0,31.2,13.0,31.0
2025-10-04 15:00:00+00:00,18.1,22.5,447.0,366.0,38.9,12.9,17.0
2025-10-04 16:00:00+00:00,17.8,22.4,448.0,337.0,38.4,12.3,15.0
2025-10-04 17:00:00+00:00,17.1,21.8,450.0,289.0,33.4,11.4,19.0
2025-10-04 18:00:00+00:00,16.3,21.1,450.0,244.0,27.9,10.4,24.0
2025-10-04 19:00:00+00:00,14.9,19.5,449.0,205.0,22.3,9.1,30.0
2025-10-04 20:00:00+00:00,13.0,17.3,446.0,169.0,16.1,7.7,38.0
2025-10-04 21:00:00+00:00,11.6,15.8,445.0,147.0,11.8,6.8,43.0
2025-10-04 22:00:00+00:00,11.2,15.4,446.0,144.0,10.4,6.5,43.0
2025-10-04 23:00:00+00:00,11.5,15.5,449.0,156.0,10.8,6.6,42.0
2025-10-05 00:00:00+00:00,12.4,16.5,450.0,183.0,11.2,7.3,44.0
2025-10-05 01:00:00+00:00,13.8,18.3,450.0,242.0,13.6,9.5,46.0
2025-10-05 02:00:00+00:00,18.3,23.5,448.0,316.0,16.7,12.4,48.0
2025-10-05 03:00:00+00:00,18.2,25.0,447.0,358.0,17.7,14.7,54.0
2025-10-05 04:00:00+00:00,17.1,24.6,447.0,340.0,14.5,15.7,65.0
2025-10-05 05:00:00+00:00,16.6,24.1,446.0,290.0,9.2,16.0,79.0
2025-10-05 06:00:00+00:00,16.9,24.4,446.0,249.0,5.2,15.7,89.0
2025-10-05 07:00:00+00:00,15.5,22.5,446.0,228.0,3.7,14.6,92.0
2025-10-05 08:00:00+00:00,14.6,21.5,445.0,216.0,3.5,13.0,91.0
2025-10-05 09:00:00+00:00,14.0,21.1,445.0,214.0,3.9,11.8,88.0
2025-10-05 10:00:00+00:00,14.0,21.8,445.0,230.0,4.7,11.5,82.0
2025-10-05 11:00:00+00:00,13.4,21.4,446.0,258.0,6.3,11.6,74.0
2025-10-05 12:00:00+00:00,11.5,18.2,446.0,277.0,8.7,12.4,67.0
2025-10-05 13:00:00+00:00,12.3,19.6,446.0,281.0,13.7,12.0,58.0
2025-10-05 14:00:00+00:00,15.1,22.0,446.0,278.0,20.4,11.5,47.0
2025-10-05 15:00:00+00:00,15.8,23.5,446.0,269.0,24.5,10.8,39.0
2025-10-05 16:00:00+00:00,15.7,23.9,446.0,254.0,23.6,9.9,39.0
2025-10-05 17:00:00+00:00,15.4,24.6,445.0,233.0,20.1,8.9,43.0
2025-10-05 18:00:00+00:00,15.5,25.7,445.0,210.0,16.5,8.0,47.0
2025-10-05 19:00:00+00:00,15.7,27.0,445.0,184.0,13.2,7.3,51.0
2025-10-05 20:00:00+00:00,15.5,27.5,444.0,157.0,9.8,6.7,56.0
2025-10-05 21:00:00+00:00,15.6,28.0,444.0,138.0,7.2,6.2,59.0
2025-10-05 22:00:00+00:00,15.7,28.0,444.0,130.0,5.5,5.8,61.0
2025-10-05 23:00:00+00:00,15.7,27.8,444.0,131.0,4.7,5.6,62.0
2025-10-06 00:00:00+00:00,16.1,27.0,444.0,144.0,4.6,5.9,64.0
2025-10-06 01:00:00+00:00,16.3,28.2,444.0,179.0,7.2,6.8,62.0
2025-10-06 02:00:00+00:00,18.6,37.6,443.0,225.0,10.6,8.0,60.0
2025-10-06 03:00:00+00:00,23.2,64.5,443.0,254.0,12.3,9.1,63.0
2025-10-06 04:00:00+00:00,30.5,125.3,443.0,248.0,10.4,10.0,75.0
2025-10-06 05:00:00+00:00,39.0,184.9,442.0,224.0,6.7,10.8,91.0
2025-10-06 06:00:00+00:00,45.4,223.1,442.0,209.0,3.9,11.4,105.0
2025-10-06 07:00:00+00:00,49.9,243.1,441.0,211.0,3.1,11.6,113.0
2025-10-06 08:00:00+00:00,51.6,244.0,440.0,221.0,3.3,11.5,118.0
2025-10-06 09:00:00+00:00,51.5,231.0,439.0,238.0,4.2,11.4,119.0
2025-10-06 10:00:00+00:00,49.9,209.5,439.0,267.0,6.1,11.4,115.0
2025-10-06 11:00:00+00:00,49.5,193.7,439.0,304.0,8.9,11.3,106.0
2025-10-06 12:00:00+00:00,56.6,209.1,439.0,332.0,12.7,12.2,97.0
2025-10-06 13:00:00+00:00,56.5,185.8,440.0,350.0,14.7,11.0,89.0
2025-10-06 14:00:00+00:00,51.3,164.4,441.0,360.0,17.2,9.4,78.0
2025-10-06 15:00:00+00:00,42.1,132.7,441.0,354.0,18.3,8.1,68.0
2025-10-06 16:00:00+00:00,32.8,98.5,440.0,321.0,16.5,7.4,62.0
2025-10-06 17:00:00+00:00,25.7,70.8,440.0,272.0,13.1,7.0,58.0
2025-10-06 18:00:00+00:00,21.2,52.9,439.0,227.0,10.1,6.6,55.0
2025-10-06 19:00:00+00:00,18.5,42.7,439.0,192.0,7.9,6.1,53.0
2025-10-06 20:00:00+00:00,16.9,39.2,440.0,161.0,6.1,5.6,53.0
2025-10-06 21:00:00+00:00,16.5,40.7,441.0,142.0,4.9,5.4,53.0
2025-10-06 22:00:00+00:00,16.8,45.1,441.0,116.0,4.1,5.3,54.0
2025-10-06 23:00:00+00:00,18.0,52.4,442.0,101.0,3.9,5.4,55.0
2025-10-07 00:00:00+00:00,18.9,61.5,443.0,160.0,4.8,6.0,54.0
2025-10-07 01:00:00+00:00,20.5,64.0,446.0,381.0,10.9,7.3,49.0
2025-10-07 02:00:00+00:00,25.5,76.8,449.0,676.0,19.1,9.3,42.0
2025-10-07 03:00:00+00:00,31.5,104.5,451.0,843.0,23.4,11.7,44.0
2025-10-07 04:00:00+00:00,36.4,166.7,449.0,758.0,20.0,14.9,61.0
2025-10-07 05:00:00+00:00,43.8,225.4,445.0,544.0,12.6,18.5,87.0
2025-10-07 06:00:00+00:00,49.0,253.3,442.0,370.0,6.9,21.0,109.0
2025-10-07 07:00:00+00:00,52.2,261.7,440.0,297.0,4.8,21.5,124.0
2025-10-07 08:00:00+00:00,53.3,262.6,439.0,263.0,4.4,20.9,134.0
2025-10-07 09:00:00+00:00,53.4,260.8,439.0,253.0,4.8,20.2,137.0
2025-10-07 10:00:00+00:00,52.7,258.9,439.0,263.0,5.3,19.9,128.0
2025-10-07 11:00:00+00:00,51.3,254.3,439.0,297.0,6.7,19.5,111.0
2025-10-07 12:00:00+00:00,51.3,245.9,440.0,348.0,10.8,21.0,97.0
2025-10-07 13:00:00+00:00,46.2,188.6,441.0,428.0,20.7,19.3,75.0
2025-10-07 14:00:00+00:00,44.1,161.1,443.0,525.0,34.3,17.0,44.0
2025-10-07 15:00:00+00:00,42.3,142.5,445.0,599.0,45.0,15.3,21.0
2025-10-07 16:00:00+00:00,41.0,129.5,447.0,644.0,49.7,14.9,12.0
2025-10-07 17:00:00+00:00,40.5,121.1,448.0,664.0,51.5,15.0,11.0
2025-10-07 18:00:00+00:00,41.0,114.8,449.0,635.0,52.2,15.1,10.0
2025-10-07 19:00:00+00:00,42.1,115.9,448.0,508.0,52.5,14.7,9.0
2025-10-07 20:00:00+00:00,42.5,118.0,446.0,330.0,51.7,14.3,9.0
2025-10-07 21:00:00+00:00,41.6,116.9,446.0,219.0,50.4,14.0,9.0
2025-10-07 22:00:00+00:00,40.7,114.8,450.0,194.0,48.0,13.8,10.0
2025-10-07 23:00:00+00:00,39.8,111.1,455.0,236.0,45.1,13.9,11.0
2025-10-08 00:00:00+00:00,37.0,109.0,461.0,400.0,37.5,13.5,16.0
2025-10-08 01:00:00+00:00,39.7,109.9,468.0,832.0,39.9,16.0,14.0
2025-10-08 02:00:00+00:00,50.4,119.2,475.0,1387.0,42.9,19.7,12.0
2025-10-08 03:00:00+00:00,46.9,104.8,477.0,1685.0,41.8,23.4,18.0
2025-10-08 04:00:00+00:00,32.6,109.4,471.0,1489.0,33.0,27.6,39.0
2025-10-08 05:00:00+00:00,33.2,126.7,460.0,1036.0,20.1,31.9,69.0
2025-10-08 06:00:00+00:00,36.2,142.5,451.0,656.0,10.3,34.1,96.0
2025-10-08 07:00:00+00:00,39.9,149.9,447.0,466.0,6.3,32.5,119.0
2025-10-08 08:00:00+00:00,41.9,150.4,445.0,349.0,5.2,28.8,138.0
2025-10-08 09:00:00+00:00,43.5,146.2,444.0,282.0,5.5,25.9,149.0
2025-10-08 10:00:00+00:00,44.0,141.1,443.0,270.0,6.3,25.5,147.0
2025-10-08 11:00:00+00:00,43.2,133.2,442.0,309.0,8.5,25.9,136.0
2025-10-08 12:00:00+00:00,47.6,145.3,442.0,363.0,12.4,28.6,139.0
2025-10-08 13:00:00+00:00,45.5,118.0,443.0,425.0,23.5,26.1,106.0
2025-10-08 14:00:00+00:00,42.7,101.7,445.0,503.0,38.9,22.7,61.0
2025-10-08 15:00:00+00:00,39.6,93.4,447.0,585.0,50.6,20.3,26.0
2025-10-08 16:00:00+00:00,39.2,90.8,450.0,671.0,55.0,20.1,12.0
2025-10-08 17:00:00+00:00,41.9,93.4,453.0,761.0,55.7,20.9,8.0
2025-10-08 18:00:00+00:00,46.7,103.1,456.0,840.0,55.5,21.5,6.0
2025-10-08 19:00:00+00:00,49.7,109.7,460.0,929.0,55.6,21.6,3.0
2025-10-08 20:00:00+00:00,49.6,112.5,465.0,1006.0,54.9,21.6,2.0
2025-10-08 21:00:00+00:00,49.0,114.1,468.0,999.0,52.8,21.0,3.0
2025-10-08 22:00:00+00:00,45.2,102.9,467.0,794.0,48.4,19.2,6.0
2025-10-08 23:00:00+00:00,38.9,92.4,463.0,503.0,42.7,16.9,10.0
2025-10-09 00:00:00+00:00,31.1,78.9,461.0,391.0,30.7,12.6,20.0
2025-10-09 01:00:00+00:00,30.9,79.4,463.0,673.0,31.6,13.1,17.0
2025-10-09 02:00:00+00:00,35.3,87.3,467.0,1134.0,32.5,13.9,15.0
2025-10-09 03:00:00+00:00,38.5,88.2,468.0,1390.0,30.9,15.9,23.0
2025-10-09 04:00:00+00:00,34.6,105.2,463.0,1225.0,24.2,20.5,50.0
2025-10-09 05:00:00+00:00,36.7,124.3,456.0,856.0,14.9,26.3,87.0
2025-10-09 06:00:00+00:00,41.7,130.4,450.0,550.0,7.9,30.0,117.0
2025-10-09 07:00:00+00:00,44.8,127.6,447.0,400.0,5.1,29.4,135.0
2025-10-09 08:00:00+00:00,44.9,122.0,444.0,314.0,4.5,26.7,147.0
2025-10-09 09:00:00+00:00,43.0,115.3,443.0,278.0,5.2,24.6,151.0
2025-10-09 10:00:00+00:00,41.9,111.5,443.0,299.0,6.3,24.5,147.0
2025-10-09 11:00:00+00:00,41.8,110.1,444.0,370.0,8.6,24.9,136.0
2025-10-09 12:00:00+00:00,41.4,106.6,445.0,459.0,12.0,27.2,139.0
2025-10-09 13:00:00+00:00,41.0,92.9,447.0,578.0,21.0,24.7,109.0
2025-10-09 14:00:00+00:00,39.6,85.0,451.0,715.0,33.5,21.3,68.0
2025-10-09 15:00:00+00:00,37.7,82.0,453.0,799.0,43.5,18.6,36.0
2025-10-09 16:00:00+00:00,37.5,79.6,454.0,785.0,48.9,17.6,22.0
2025-10-09 17:00:00+00:00,38.5,78.2,454.0,717.0,51.8,17.3,17.0
2025-10-09 18:00:00+00:00,39.5,78.2,455.0,661.0,52.8,16.9,15.0
2025-10-09 19:00:00+00:00,39.6,79.6,457.0,651.0,51.7,16.1,15.0
2025-10-09 20:00:00+00:00,40.3,84.5,460.0,652.0,48.8,15.2,17.0
2025-10-09 21:00:00+00:00,41.4,91.3,461.0,626.0,44.8,14.4,20.0
2025-10-09 22:00:00+00:00,40.5,90.1,460.0,506.0,38.9,13.6,24.0
2025-10-09 23:00:00+00:00,36.6,77.3,458.0,358.0,32.0,12.9,28.0
2025-10-10 00:00:00+00:00,32.5,70.3,458.0,344.0,24.7,12.0,32.0
2025-10-10 01:00:00+00:00,32.0,69.2,461.0,624.0,28.3,12.6,28.0
2025-10-10 02:00:00+00:00,36.2,73.3,465.0,1037.0,32.9,13.6,23.0
2025-10-10 03:00:00+00:00,38.6,76.1,467.0,1264.0,33.6,15.8,29.0
2025-10-10 04:00:00+00:00,35.3,89.2,463.0,1115.0,26.7,20.8,56.0
2025-10-10 05:00:00+00:00,37.5,93.4,456.0,778.0,15.8,26.9,95.0
2025-10-10 06:00:00+00:00,39.3,95.5,450.0,501.0,7.6,30.5,125.0
2025-10-10 07:00:00+00:00,38.4,91.0,447.0,371.0,4.5,29.0,139.0
2025-10-10 08:00:00+00:00,37.5,86.8,445.0,301.0,4.0,25.0,145.0
2025-10-10 09:00:00+00:00,37.0,84.3,444.0,272.0,4.7,21.8,145.0
2025-10-10 10:00:00+00:00,36.6,82.7,444.0,290.0,5.7,21.0,138.0
2025-10-10 11:00:00+00:00,35.7,80.1,445.0,348.0,7.9,21.1,126.0
2025-10-10 12:00:00+00:00,43.2,93.8,446.0,414.0,10.9,26.0,139.0
2025-10-10 13:00:00+00:00,43.3,81.3,447.0,480.0,18.9,23.7,112.0
2025-10-10 14:00:00+00:00,42.5,76.4,449.0,553.0,30.0,20.6,75.0
2025-10-10 15:00:00+00:00,41.3,74.7,451.0,617.0,39.3,18.1,46.0
2025-10-10 16:00:00+00:00,41.2,73.1,453.0,672.0,45.2,17.2,33.0
2025-10-10 17:00:00+00:00,42.1,72.4,455.0,718.0,49.3,17.0,27.0
2025-10-10 18:00:00+00:00,44.0,74.5,457.0,741.0,51.0,16.5,24.0
2025-10-10 19:00:00+00:00,45.2,76.4,459.0,732.0,49.6,15.3,23.0
2025-10-10 20:00:00+00:00,45.1,77.1,461.0,701.0,45.8,13.8,24.0
2025-10-10 21:00:00+00:00,42.4,71.0,462.0,659.0,41.1,12.7,26.0
2025-10-10 22:00:00+00:00,38.6,65.9,462.0,566.0,34.3,12.0,30.0
2025-10-10 23:00:00+00:00,35.7,63.1,462.0,462.0,26.6,11.6,35.0
2025-10-11 00:00:00+00:00,35.0,63.1,463.0,485.0,25.1,12.3,34.0
2025-10-11 01:00:00+00:00,35.6,62.9,466.0,792.0,31.6,14.2,27.0
2025-10-11 02:00:00+00:00,43.8,72.2,470.0,1226.0,40.1,17.0,18.0
2025-10-11 03:00:00+00:00,46.6,74.5,471.0,1450.0,42.7,20.1,23.0
2025-10-11 04:00:00+00:00,38.8,83.4,465.0,1257.0,33.8,23.9,52.0
2025-10-11 05:00:00+00:00,39.9,88.0,456.0,855.0,19.1,28.0,95.0
2025-10-11 06:00:00+00:00,42.3,88.2,449.0,532.0,7.9,30.2,129.0
2025-10-11 07:00:00+00:00,42.7,85.9,446.0,396.0,4.2,29.0,147.0
2025-10-11 08:00:00+00:00,41.9,83.6,445.0,338.0,4.1,26.0,156.0
2025-10-11 09:00:00+00:00,42.1,83.4,444.0,320.0,5.0,23.7,160.0
2025-10-11 10:00:00+00:00,42.4,83.1,444.0,334.0,5.9,23.6,159.0
2025-10-11 11:00:00+00:00,42.6,82.7,444.0,386.0,8.0,24.4,153.0
2025-10-11 12:00:00+00:00,41.1,77.8,445.0,461.0,10.4,24.2,143.0
2025-10-11 13:00:00+00:00,41.6,72.6,448.0,571.0,17.1,22.2,118.0
2025-10-11 14:00:00+00:00,42.0,66.8,451.0,703.0,26.7,19.6,83.0
2025-10-11 15:00:00+00:00,40.9,64.7,454.0,799.0,35.3,17.6,54.0
2025-10-11 16:00:00+00:00,41.1,64.0,457.0,838.0,42.8,17.2,38.0
2025-10-11 17:00:00+00:00,42.7,64.3,459.0,842.0,49.4,17.5,29.0
2025-10-11 18:00:00+00:00,44.8,65.0,460.0,812.0,52.4,17.5,24.0
2025-10-11 19:00:00+00:00,44.5,64.0,460.0,735.0,49.9,16.6,23.0
2025-10-11 20:00:00+00:00,42.4,61.2,459.0,626.0,43.8,15.4,25.0
2025-10-11 21:00:00+00:00,39.7,58.2,458.0,527.0,37.1,14.3,29.0
2025-10-11 22:00:00+00:00,36.8,55.5,458.0,408.0,29.2,13.3,36.0
2025-10-11 23:00:00+00:00,33.6,52.7,458.0,300.0,20.8,12.3,44.0
2025-10-12 00:00:00+00:00,33.2,52.2,459.0,339.0,20.0,13.2,43.0
2025-10-12 01:00:00+00:00,32.0,51.2,462.0,690.0,25.4,13.6,38.0
2025-10-12 02:00:00+00:00,35.0,53.9,466.0,1188.0,32.5,14.4,32.0
2025-10-12 03:00:00+00:00,39.3,57.2,468.0,1475.0,34.9,16.3,39.0
2025-10-12 04:00:00+00:00,38.8,63.8,464.0,1346.0,27.9,20.8,69.0
2025-10-12 05:00:00+00:00,39.6,68.7,458.0,1006.0,16.2,26.5,111.0
2025-10-12 06:00:00+00:00,34.6,60.5,453.0,706.0,7.3,29.8,144.0
2025-10-12 07:00:00+00:00,32.8,61.2,450.0,520.0,4.3,28.7,160.0
2025-10-12 08:00:00+00:00,32.9,63.6,447.0,375.0,4.1,25.2,168.0
2025-10-12 09:00:00+00:00,33.4,63.8,446.0,301.0,4.7,22.5,171.0
2025-10-12 10:00:00+00:00,34.0,62.9,445.0,315.0,4.9,22.0,171.0
2025-10-12 11:00:00+00:00,34.5,61.7,446.0,400.0,6.0,22.2,166.0
2025-10-12 12:00:00+00:00,38.5,66.8,448.0,544.0,9.5,22.6,155.0
2025-10-12 13:00:00+00:00,41.2,62.4,453.0,804.0,17.3,20.9,128.0
2025-10-12 14:00:00+00:00,43.3,59.8,459.0,1122.0,28.2,18.5,91.0
2025-10-12 15:00:00+00:00,43.8,60.1,464.0,1307.0,36.5,16.7,63.0
2025-10-12 16:00:00+00:00,44.7,60.8,465.0,1249.0,40.3,16.0,53.0
2025-10-12 17:00:00+00:00,45.8,61.5,464.0,1059.0,41.5,15.9,52.0
2025-10-12 18:00:00+00:00,46.8,62.9,463.0,875.0,40.9,15.5,53.0
2025-10-12 19:00:00+00:00,47.6,63.6,462.0,741.0,38.2,14.5,52.0
2025-10-12 20:00:00+00:00,46.9,61.0,460.0,613.0,33.6,13.3,53.0
2025-10-12 21:00:00+00:00,44.0,56.9,459.0,505.0,28.6,12.2,55.0
2025-10-12 22:00:00+00:00,41.2,54.0,458.0,377.0,22.2,11.2,61.0
2025-10-12 23:00:00+00:00,38.8,52.0,457.0,268.0,15.3,10.3,68.0
2025-10-13 00:00:00+00:00,36.9,50.8,457.0,310.0,13.0,9.9,70.0
2025-10-13 01:00:00+00:00,36.0,50.1,460.0,677.0,20.1,10.8,62.0
2025-10-13 02:00:00+00:00,38.2,52.4,464.0,1195.0,29.4,12.2,52.0
2025-10-13 03:00:00+00:00,41.3,54.2,465.0,1468.0,33.4,13.8,53.0
2025-10-13 04:00:00+00:00,36.8,55.1,461.0,1248.0,26.8,15.9,76.0
2025-10-13 05:00:00+00:00,33.3,49.5,454.0,782.0,14.9,18.3,110.0
2025-10-13 06:00:00+00:00,31.3,47.0,449.0,420.0,5.9,19.8,137.0
2025-10-13 07:00:00+00:00,28.9,43.9,447.0,300.0,3.2,19.8,150.0
2025-10-13 08:00:00+00:00,28.0,42.1,446.0,283.0,3.4,18.9,156.0
2025-10-13 09:00:00+00:00,28.5,42.3,446.0,300.0,4.4,18.4,158.0
2025-10-13 10:00:00+00:00,29.2,42.6,446.0,330.0,5.3,18.9,157.0
2025-10-13 11:00:00+00:00,29.7,42.7,447.0,395.0,6.9,19.8,151.0
2025-10-13 12:00:00+00:00,38.0,54.5,448.0,490.0,10.3,21.6,138.0
2025-10-13 13:00:00+00:00,40.0,54.0,451.0,640.0,16.6,20.3,116.0
2025-10-13 14:00:00+00:00,42.0,53.8,454.0,821.0,25.6,18.6,85.0
2025-10-13 15:00:00+00:00,42.5,54.0,457.0,954.0,34.0,17.4,60.0
2025-10-13 16:00:00+00:00,44.1,54.9,460.0,1016.0,41.8,17.5,46.0
2025-10-13 17:00:00+00:00,46.6,57.0,462.0,1029.0,49.0,18.2,37.0
2025-10-13 18:00:00+00:00,49.0,59.6,464.0,983.0,52.2,18.4,32.0
2025-10-13 19:00:00+00:00,49.9,60.1,464.0,842.0,49.2,17.5,32.0
2025-10-13 20:00:00+00:00,47.5,56.8,463.0,641.0,42.3,16.0,36.0
2025-10-13 21:00:00+00:00,44.0,53.3,462.0,478.0,34.8,14.5,42.0
2025-10-13 22:00:00+00:00,40.5,50.2,461.0,354.0,26.2,12.9,51.0
2025-10-13 23:00:00+00:00,37.8,47.4,459.0,268.0,17.0,11.3,62.0
2025-10-14 00:00:00+00:00,37.6,47.1,459.0,310.0,15.6,11.7,60.0
2025-10-14 01:00:00+00:00,37.1,46.9,461.0,619.0,22.8,12.4,53.0
2025-10-14 02:00:00+00:00,40.3,50.4,463.0,1056.0,32.3,13.5,45.0
2025-10-14 03:00:00+00:00,44.6,54.0,464.0,1293.0,36.1,14.8,49.0
2025-10-14 04:00:00+00:00,41.6,55.6,461.0,1127.0,28.7,16.5,75.0
2025-10-14 05:00:00+00:00,35.0,49.1,455.0,761.0,15.6,18.4,112.0
2025-10-14 06:00:00+00:00,27.8,38.3,451.0,472.0,5.8,19.7,142.0
2025-10-14 07:00:00+00:00,25.0,34.0,449.0,368.0,2.9,19.7,156.0
2025-10-14 08:00:00+00:00,25.0,33.2,448.0,342.0,3.3,19.0,163.0
2025-10-14 09:00:00+00:00,25.8,33.6,448.0,346.0,4.4,18.6,165.0
2025-10-14 10:00:00+00:00,26.5,34.3,448.0,371.0,5.1,19.0,164.0
2025-10-14 11:00:00+00:00,26.8,34.6,448.0,426.0,6.5,19.6,158.0
2025-10-14 12:00:00+00:00,26.9,34.1,449.0,496.0,8.8,19.7,148.0
2025-10-14 13:00:00+00:00,31.2,38.3,450.0,595.0,16.3,18.6,124.0
2025-10-14 14:00:00+00:00,34.6,41.1,452.0,708.0,26.6,17.0,91.0
2025-10-14 15:00:00+00:00,34.7,41.0,454.0,782.0,34.2,15.7,66.0
2025-10-14 16:00:00+00:00,34.5,40.5,456.0,793.0,36.6,15.1,59.0
2025-10-14 17:00:00+00:00,34.5,40.4,457.0,764.0,36.2,14.8,60.0
2025-10-14 18:00:00+00:00,34.7,40.7,458.0,707.0,34.6,14.3,62.0
2025-10-14 19:00:00+00:00,34.3,40.4,457.0,610.0,32.2,13.3,61.0
2025-10-14 20:00:00+00:00,33.9,39.5,455.0,485.0,28.5,12.2,61.0
2025-10-14 21:00:00+00:00,32.6,37.5,454.0,387.0,24.6,11.2,62.0
2025-10-14 22:00:00+00:00,30.6,35.6,453.0,298.0,19.3,10.4,66.0
2025-10-14 23:00:00+00:00,29.1,34.3,452.0,234.0,13.6,9.8,71.0
2025-10-15 00:00:00+00:00,28.1,33.9,453.0,301.0,10.7,9.3,75.0
2025-10-15 01:00:00+00:00,28.2,34.2,456.0,647.0,17.4,9.9,66.0
2025-10-15 02:00:00+00:00,30.7,36.9,460.0,1123.0,26.2,10.7,56.0
2025-10-15 03:00:00+00:00,34.2,39.3,462.0,1385.0,30.2,12.2,57.0
2025-10-15 04:00:00+00:00,31.0,37.8,460.0,1221.0,24.5,15.0,80.0
2025-10-15 05:00:00+00:00,26.1,32.0,456.0,843.0,14.0,18.3,116.0
2025-10-15 06:00:00+00:00,21.7,26.1,452.0,542.0,6.0,20.5,144.0
2025-10-15 07:00:00+00:00,17.7,21.0,450.0,427.0,3.6,20.2,158.0
2025-10-15 08:00:00+00:00,17.5,20.3,449.0,389.0,3.7,18.7,166.0
2025-10-15 09:00:00+00:00,18.4,21.1,449.0,395.0,4.6,17.9,170.0
2025-10-15 10:00:00+00:00,19.6,22.3,450.0,454.0,5.0,18.8,174.0
2025-10-15 11:00:00+00:00,20.5,23.3,451.0,556.0,6.2,20.3,173.0
2025-10-15 12:00:00+00:00,25.4,28.6,452.0,639.0,10.1,21.5,166.0
2025-10-15 13:00:00+00:00,34.3,37.0,453.0,670.0,20.6,20.8,137.0
2025-10-15 14:00:00+00:00,38.6,41.6,454.0,681.0,35.1,19.8,96.0
2025-10-15 15:00:00+00:00,37.8,41.0,456.0,705.0,45.3,18.9,66.0
2025-10-15 16:00:00+00:00,37.8,41.0,458.0,778.0,47.9,18.5,55.0
2025-10-15 17:00:00+00:00,38.2,41.1,461.0,865.0,46.3,18.4,53.0
2025-10-15 18:00:00+00:00,38.2,41.0,463.0,888.0,42.6,17.8,55.0
2025-10-15 19:00:00+00:00,37.0,39.6,463.0,794.0,36.5,16.5,58.0
2025-10-15 20:00:00+00:00,34.0,36.3,462.0,636.0,28.4,14.8,65.0
2025-10-15 21:00:00+00:00,30.6,32.8,461.0,505.0,21.4,13.3,71.0
2025-10-15 22:00:00+00:00,27.6,29.9,461.0,381.0,15.5,12.0,77.0
2025-10-15 23:00:00+00:00,25.4,27.6,461.0,283.0,10.7,10.9,82.0
2025-10-16 00:00:00+00:00,26.7,28.8,463.0,354.0,14.0,11.9,74.0
2025-10-16 01:00:00+00:00,25.8,27.9,469.0,767.0,24.1,12.9,64.0
2025-10-16 02:00:00+00:00,28.5,30.6,476.0,1351.0,37.4,14.4,51.0
2025-10-16 03:00:00+00:00,34.3,36.1,481.0,1731.0,43.4,16.6,52.0
2025-10-16 04:00:00+00:00,31.0,33.6,482.0,1722.0,34.8,20.3,79.0
2025-10-16 05:00:00+00:00,25.8,29.7,479.0,1511.0,18.9,24.6,120.0
2025-10-16 06:00:00+00:00,19.2,23.1,476.0,1281.0,6.9,26.9,152.0
2025-10-16 07:00:00+00:00,18.4,22.6,470.0,1056.0,3.4,25.5,168.0
2025-10-16 08:00:00+00:00,19.2,23.7,463.0,813.0,3.8,22.1,176.0
2025-10-16 09:00:00+00:00,19.7,24.5,458.0,667.0,5.0,19.7,179.0
2025-10-16 10:00:00+00:00,20.1,25.0,457.0,688.0,5.0,19.5,180.0
2025-10-16 11:00:00+00:00,20.6,25.4,458.0,807.0,5.9,20.2,177.0
2025-10-16 12:00:00+00:00,21.7,25.7,459.0,931.0,10.6,22.1,167.0
2025-10-16 13:00:00+00:00,32.6,36.0,461.0,1042.0,22.3,21.2,137.0
2025-10-16 14:00:00+00:00,38.0,40.9,463.0,1157.0,38.6,20.0,96.0
2025-10-16 15:00:00+00:00,38.6,41.8,465.0,1239.0,50.8,19.3,64.0
2025-10-16 16:00:00+00:00,39.9,43.7,468.0,1273.0,55.4,19.5,52.0
2025-10-16 17:00:00+00:00,41.9,45.9,471.0,1273.0,56.0,20.2,50.0
2025-10-16 18:00:00+00:00,44.2,48.5,473.0,1242.0,55.3,20.5,48.0
2025-10-16 19:00:00+00:00,47.1,51.8,475.0,1176.0,54.7,20.1,43.0
2025-10-16 20:00:00+00:00,47.8,52.6,476.0,1077.0,52.9,19.3,39.0
2025-10-16 21:00:00+00:00,45.9,50.5,477.0,959.0,48.4,18.3,40.0
2025-10-16 22:00:00+00:00,41.7,46.2,477.0,756.0,37.8,16.8,51.0
2025-10-16 23:00:00+00:00,36.8,41.2,477.0,533.0,24.4,15.1,67.0
2025-10-17 00:00:00+00:00,33.5,38.0,478.0,494.0,19.2,14.7,74.0
2025-10-17 01:00:00+00:00,31.7,36.0,481.0,841.0,27.6,15.2,66.0
2025-10-17 02:00:00+00:00,34.1,38.3,485.0,1372.0,38.6,16.1,58.0
2025-10-17 03:00:00+00:00,38.8,42.3,486.0,1681.0,43.1,17.7,61.0
2025-10-17 04:00:00+00:00,36.0,40.6,481.0,1538.0,34.6,21.0,89.0
2025-10-17 05:00:00+00:00,30.5,36.3,473.0,1173.0,19.6,24.9,129.0
2025-10-17 06:00:00+00:00,24.8,31.2,466.0,875.0,8.1,27.0,160.0
2025-10-17 07:00:00+00:00,19.7,31.1,463.0,752.0,4.4,25.3,173.0
2025-10-17 08:00:00+00:00,19.3,32.0,461.0,695.0,4.2,21.8,178.0
2025-10-17 09:00:00+00:00,19.4,32.7,459.0,666.0,5.2,19.4,179.0
2025-10-17 10:00:00+00:00,19.7,33.4,457.0,641.0,5.7,19.8,180.0
2025-10-17 11:00:00+00:00,20.3,33.8,456.0,644.0,7.3,21.4,177.0
2025-10-17 12:00:00+00:00,17.7,28.2,456.0,708.0,13.2,22.2,166.0
2025-10-17 13:00:00+00:00,28.1,34.5,460.0,892.0,24.2,21.1,137.0
2025-10-17 14:00:00+00:00,32.8,36.9,466.0,1137.0,39.5,19.6,98.0
2025-10-17 15:00:00+00:00,34.5,37.8,471.0,1297.0,51.6,18.9,67.0
2025-10-17 16:00:00+00:00,36.6,39.8,474.0,1316.0,57.9,19.9,54.0
2025-10-17 17:00:00+00:00,39.5,43.0,476.0,1252.0,61.0,21.7,51.0
2025-10-17 18:00:00+00:00,43.2,47.3,476.0,1128.0,60.7,22.6,50.0
2025-10-17 19:00:00+00:00,45.4,49.8,473.0,911.0,56.0,21.9,50.0
2025-10-17 20:00:00+00:00,43.8,48.1,469.0,635.0,47.9,20.4,53.0
2025-10-17 21:00:00+00:00,38.3,42.0,465.0,428.0,39.1,18.5,58.0
2025-10-17 22:00:00+00:00,32.9,36.8,462.0,299.0,28.2,16.0,69.0
2025-10-17 23:00:00+00:00,29.0,33.2,461.0,238.0,16.7,13.2,83.0
2025-10-18 00:00:00+00:00,29.8,34.0,462.0,353.0,15.5,14.3,83.0
2025-10-18 01:00:00+00:00,29.5,34.0,469.0,800.0,25.1,14.9,72.0
2025-10-18 02:00:00+00:00,33.8,38.3,478.0,1421.0,37.9,16.0,58.0
2025-10-18 03:00:00+00:00,39.0,43.3,485.0,1849.0,43.9,17.9,58.0
2025-10-18 04:00:00+00:00,39.2,44.2,487.0,1920.0,36.4,21.7,84.0
2025-10-18 05:00:00+00:00,34.6,41.2,485.0,1798.0,22.0,26.3,124.0
2025-10-18 06:00:00+00:00,27.3,35.7,482.0,1600.0,10.8,29.3,157.0
2025-10-18 07:00:00+00:00,22.8,34.5,476.0,1302.0,6.5,29.1,174.0
2025-10-18 08:00:00+00:00,23.4,35.2,467.0,928.0,5.4,27.2,185.0
2025-10-18 09:00:00+00:00,24.7,35.7,461.0,672.0,5.8,25.7,189.0
2025-10-18 10:00:00+00:00,25.7,36.2,458.0,618.0,6.8,25.8,190.0
2025-10-18 11:00:00+00:00,26.3,36.4,457.0,682.0,9.4,26.4,186.0
2025-10-18 12:00:00+00:00,24.2,30.4,458.0,803.0,17.7,26.4,169.0
2025-10-18 13:00:00+00:00,31.1,35.6,463.0,1016.0,28.4,24.1,137.0
2025-10-18 14:00:00+00:00,34.0,38.2,470.0,1287.0,43.3,21.0,91.0
2025-10-18 15:00:00+00:00,34.5,38.8,475.0,1454.0,55.1,18.8,56.0
2025-10-18 16:00:00+00:00,34.9,39.5,478.0,1444.0,61.8,18.6,39.0
2025-10-18 17:00:00+00:00,36.1,40.9,479.0,1330.0,65.3,19.3,31.0
2025-10-18 18:00:00+00:00,37.6,42.3,478.0,1175.0,64.2,19.3,29.0
2025-10-18 19:00:00+00:00,36.1,40.7,475.0,966.0,55.8,17.7,33.0
2025-10-18 20:00:00+00:00,32.6,37.6,471.0,716.0,42.8,15.5,43.0
2025-10-18 21:00:00+00:00,29.0,34.8,467.0,518.0,31.2,13.4,52.0
2025-10-18 22:00:00+00:00,26.1,33.2,462.0,358.0,21.6,11.5,61.0
2025-10-18 23:00:00+00:00,24.7,33.1,458.0,250.0,13.5,9.9,69.0
2025-10-19 00:00:00+00:00,24.8,33.1,457.0,334.0,12.9,9.7,68.0
2025-10-19 01:00:00+00:00,25.6,34.1,463.0,804.0,23.6,11.2,57.0
2025-10-19 02:00:00+00:00,31.0,39.5,472.0,1466.0,38.0,13.5,43.0
2025-10-19 03:00:00+00:00,36.9,44.8,477.0,1875.0,45.0,16.4,44.0
2025-10-19 04:00:00+00:00,35.0,45.5,475.0,1797.0,37.7,20.7,73.0
2025-10-19 05:00:00+00:00,29.8,42.5,470.0,1465.0,23.2,25.7,116.0
2025-10-19 06:00:00+00:00,25.3,36.2,465.0,1136.0,11.7,28.8,151.0
2025-10-19 07:00:00+00:00,22.5,32.4,460.0,861.0,7.0,28.5,168.0
2025-10-19 08:00:00+00:00,21.3,31.5,455.0,588.0,5.3,26.3,176.0
2025-10-19 09:00:00+00:00,21.9,32.1,452.0,423.0,5.4,24.4,177.0
2025-10-19 10:00:00+00:00,22.5,32.5,452.0,430.0,6.9,23.7,172.0
2025-10-19 11:00:00+00:00,22.9,32.5,453.0,545.0,10.3,23.3,160.0
2025-10-19 12:00:00+00:00,22.3,30.0,455.0,679.0,14.6,24.3,150.0
2025-10-19 13:00:00+00:00,26.8,31.9,458.0,833.0,22.3,22.4,125.0
2025-10-19 14:00:00+00:00,28.0,32.2,463.0,1006.0,32.8,19.8,90.0
2025-10-19 15:00:00+00:00,27.5,31.7,466.0,1104.0,41.1,17.8,63.0
2025-10-19 16:00:00+00:00,28.2,32.4,468.0,1074.0,45.4,17.2,50.0
2025-10-19 17:00:00+00:00,29.3,33.4,469.0,969.0,47.4,17.3,45.0
2025-10-19 18:00:00+00:00,29.5,33.6,469.0,858.0,46.5,17.0,43.0
2025-10-19 19:00:00+00:00,28.2,32.6,468.0,758.0,41.4,15.8,45.0
2025-10-19 20:00:00+00:00,26.3,30.7,466.0,651.0,33.4,14.3,51.0
2025-10-19 21:00:00+00:00,24.0,28.6,464.0,552.0,26.0,13.0,57.0
2025-10-19 22:00:00+00:00,21.2,26.0,462.0,413.0,19.0,12.0,65.0
2025-10-19 23:00:00+00:00,19.0,23.9,459.0,282.0,12.6,11.3,73.0
2025-10-20 00:00:00+00:00,18.4,23.3,460.0,321.0,12.8,11.5,72.0
2025-10-20 01:00:00+00:00,18.6,23.8,467.0,715.0,23.9,13.1,61.0
2025-10-20 02:00:00+00:00,23.5,28.9,477.0,1279.0,38.7,15.4,47.0
2025-10-20 03:00:00+00:00,30.0,35.2,482.0,1621.0,46.1,17.9,47.0
2025-10-20 04:00:00+00:00,31.2,37.4,479.0,1522.0,38.8,21.1,72.0
2025-10-20 05:00:00+00:00,24.2,35.3,472.0,1202.0,24.0,24.5,111.0
2025-10-20 06:00:00+00:00,21.4,34.0,465.0,923.0,12.2,26.3,143.0
2025-10-20 07:00:00+00:00,20.8,31.5,461.0,770.0,7.1,25.3,161.0
2025-10-20 08:00:00+00:00,20.0,28.8,457.0,658.0,5.1,22.7,171.0
2025-10-20 09:00:00+00:00,20.0,27.9,455.0,604.0,5.1,20.5,174.0
2025-10-20 10:00:00+00:00,20.0,27.6,455.0,623.0,7.3,19.7,168.0
2025-10-20 11:00:00+00:00,19.9,27.2,456.0,698.0,11.6,19.3,156.0
2025-10-20 12:00:00+00:00,18.8,23.6,458.0,796.0,17.0,20.3,141.0
2025-10-20 13:00:00+00:00,25.6,29.6,460.0,931.0,25.8,18.9,116.0
2025-10-20 14:00:00+00:00,26.9,31.4,463.0,1088.0,38.2,17.1,82.0
2025-10-20 15:00:00+00:00,27.1,32.2,466.0,1190.0,49.1,16.1,54.0
2025-10-20 16:00:00+00:00,27.9,33.6,468.0,1206.0,57.9,17.1,37.0
2025-10-20 17:00:00+00:00,30.6,36.6,471.0,1167.0,65.3,19.0,27.0
2025-10-20 18:00:00+00:00,35.0,40.7,472.0,1088.0,68.1,20.0,21.0
2025-10-20 19:00:00+00:00,36.9,42.5,472.0,953.0,64.2,19.2,21.0
2025-10-20 20:00:00+00:00,34.5,40.4,471.0,778.0,55.7,17.5,26.0
2025-10-20 21:00:00+00:00,29.6,35.6,471.0,625.0,46.2,15.8,33.0
2025-10-20 22:00:00+00:00,24.3,30.5,473.0,458.0,34.6,13.9,42.0
2025-10-20 23:00:00+00:00,20.9,27.1,477.0,313.0,22.1,12.0,51.0
2025-10-21 00:00:00+00:00,18.9,24.6,481.0,359.0,14.0,10.5,59.0
2025-10-21 01:00:00+00:00,19.2,24.3,488.0,793.0,23.4,12.2,50.0
2025-10-21 02:00:00+00:00,23.4,27.5,496.0,1418.0,35.9,14.6,38.0
2025-10-21 03:00:00+00:00,28.5,31.2,499.0,1807.0,41.9,16.9,41.0
2025-10-21 04:00:00+00:00,29.9,32.4,494.0,1725.0,35.3,19.3,72.0
2025-10-21 05:00:00+00:00,27.1,32.9,484.0,1408.0,22.3,21.6,117.0
2025-10-21 06:00:00+00:00,26.8,35.3,476.0,1135.0,11.8,22.4,151.0
2025-10-21 07:00:00+00:00,24.4,31.7,473.0,1003.0,7.2,20.5,164.0
2025-10-21 08:00:00+00:00,23.9,31.2,471.0,916.0,5.1,17.2,166.0
2025-10-21 09:00:00+00:00,23.6,31.8,470.0,865.0,4.8,14.8,163.0
2025-10-21 10:00:00+00:00,23.1,32.1,468.0,812.0,4.5,13.9,159.0
2025-10-21 11:00:00+00:00,22.4,32.0,466.0,796.0,6.0,14.0,149.0
2025-10-21 12:00:00+00:00,21.2,30.3,467.0,924.0,12.9,14.6,132.0
2025-10-21 13:00:00+00:00,37.7,45.1,474.0,1381.0,35.7,18.1,101.0
2025-10-21 14:00:00+00:00,49.9,56.5,484.0,1982.0,67.0,23.1,58.0
2025-10-21 15:00:00+00:00,56.9,63.8,489.0,2275.0,88.7,28.2,26.0
2025-10-21 16:00:00+00:00,67.3,74.7,485.0,1967.0,92.0,34.4,16.0
2025-10-21 17:00:00+00:00,71.7,79.2,477.0,1351.0,85.7,40.8,17.0
2025-10-21 18:00:00+00:00,68.7,75.7,470.0,851.0,79.0,42.9,19.0
2025-10-21 19:00:00+00:00,60.5,65.9,468.0,636.0,76.1,37.0,18.0
2025-10-21 20:00:00+00:00,49.2,54.0,467.0,536.0,72.7,26.9,18.0
2025-10-21 21:00:00+00:00,39.5,45.5,466.0,468.0,65.2,19.0,25.0
2025-10-21 22:00:00+00:00,34.9,42.8,464.0,378.0,48.1,16.0,46.0
2025-10-21 23:00:00+00:00,33.6,43.2,462.0,320.0,26.8,15.3,73.0
2025-10-22 00:00:00+00:00,34.7,44.1,461.0,370.0,13.9,15.5,88.0
2025-10-22 01:00:00+00:00,35.0,43.9,463.0,649.0,21.3,16.7,81.0
2025-10-22 02:00:00+00:00,37.1,45.6,467.0,1036.0,31.0,18.3,73.0
2025-10-22 03:00:00+00:00,41.3,48.4,468.0,1242.0,35.4,19.2,75.0
2025-10-22 04:00:00+00:00,39.8,48.8,464.0,1085.0,29.1,19.0,98.0
2025-10-22 05:00:00+00:00,36.6,47.1,458.0,747.0,17.4,18.1,131.0
2025-10-22 06:00:00+00:00,30.7,41.4,453.0,482.0,8.2,16.8,155.0
2025-10-22 07:00:00+00:00,24.6,34.1,451.0,392.0,4.7,14.7,162.0
2025-10-22 08:00:00+00:00,23.0,31.1,450.0,374.0,3.8,12.1,160.0
2025-10-22 09:00:00+00:00,22.2,29.5,449.0,378.0,4.2,10.3,156.0
2025-10-22 10:00:00+00:00,21.9,29.0,448.0,375.0,4.6,9.7,154.0
2025-10-22 11:00:00+00:00,22.1,29.1,448.0,393.0,6.2,9.8,151.0
2025-10-22 12:00:00+00:00,27.2,34.5,449.0,467.0,11.5,10.4,142.0
2025-10-22 13:00:00+00:00,35.3,40.6,453.0,657.0,23.5,11.2,120.0
2025-10-22 14:00:00+00:00,40.4,44.9,459.0,903.0,40.1,12.4,88.0
2025-10-22 15:00:00+00:00,41.6,46.4,463.0,1053.0,52.9,13.4,63.0
2025-10-22 16:00:00+00:00,42.5,48.1,464.0,1023.0,58.3,14.4,50.0
2025-10-22 17:00:00+00:00,44.9,51.6,464.0,896.0,60.1,15.2,42.0
2025-10-22 18:00:00+00:00,49.5,57.0,464.0,778.0,60.7,15.5,35.0
2025-10-22 19:00:00+00:00,52.9,60.8,465.0,700.0,62.1,14.8,25.0
2025-10-22 20:00:00+00:00,52.4,59.4,466.0,630.0,62.4,13.5,17.0
2025-10-22 21:00:00+00:00,48.3,53.7,468.0,573.0,58.8,12.5,16.0
2025-10-22 22:00:00+00:00,41.1,46.3,470.0,487.0,47.0,12.1,30.0
2025-10-22 23:00:00+00:00,35.4,40.6,473.0,414.0,31.3,12.1,51.0
2025-10-23 00:00:00+00:00,34.1,39.7,476.0,491.0,25.0,12.6,59.0
2025-10-23 01:00:00+00:00,31.9,37.5,482.0,893.0,31.0,13.9,57.0
2025-10-23 02:00:00+00:00,34.0,39.7,488.0,1445.0,38.9,15.7,56.0
2025-10-23 03:00:00+00:00,38.0,43.5,490.0,1758.0,41.5,17.4,65.0
2025-10-23 04:00:00+00:00,41.1,46.7,483.0,1606.0,33.8,19.3,93.0
2025-10-23 05:00:00+00:00,38.6,49.2,472.0,1214.0,20.9,21.1,130.0
2025-10-23 06:00:00+00:00,35.5,56.7,462.0,874.0,10.7,21.6,158.0
2025-10-23 07:00:00+00:00,30.4,59.3,456.0,658.0,6.2,19.6,168.0
2025-10-23 08:00:00+00:00,26.9,53.8,452.0,492.0,4.6,16.2,168.0
2025-10-23 09:00:00+00:00,24.2,47.8,450.0,449.0,4.9,13.8,165.0
2025-10-23 10:00:00+00:00,22.3,43.2,452.0,598.0,4.6,12.8,163.0
2025-10-23 11:00:00+00:00,21.2,39.2,457.0,869.0,6.4,12.7,159.0
2025-10-23 12:00:00+00:00,15.7,27.6,462.0,1122.0,12.2,13.4,142.0
2025-10-23 13:00:00+00:00,32.1,41.0,465.0,1290.0,42.6,17.2,108.0
2025-10-23 14:00:00+00:00,45.5,54.0,467.0,1440.0,84.1,22.4,61.0
2025-10-23 15:00:00+00:00,54.0,62.4,472.0,1633.0,112.4,26.8,26.0
2025-10-23 16:00:00+00:00,59.1,66.8,482.0,1983.0,114.9,30.0,16.0
2025-10-23 17:00:00+00:00,58.8,65.7,494.0,2376.0,104.2,32.4,19.0
2025-10-23 18:00:00+00:00,57.0,63.1,502.0,2525.0,93.0,32.7,22.0
2025-10-23 19:00:00+00:00,54.9,60.5,504.0,2231.0,85.1,29.6,20.0
2025-10-23 20:00:00+00:00,52.3,57.3,501.0,1694.0,76.7,24.5,19.0
2025-10-23 21:00:00+00:00,49.4,53.7,498.0,1224.0,69.8,20.3,18.0
2025-10-23 22:00:00+00:00,45.8,49.1,493.0,873.0,65.3,17.8,17.0
2025-10-23 23:00:00+00:00,38.9,41.7,487.0,590.0,62.1,16.1,17.0
2025-10-24 00:00:00+00:00,34.2,36.9,484.0,531.0,57.1,14.3,15.0
2025-10-24 01:00:00+00:00,29.2,32.0,486.0,898.0,57.9,16.2,16.0
2025-10-24 02:00:00+00:00,31.8,34.5,490.0,1489.0,58.3,18.8,20.0
2025-10-24 03:00:00+00:00,36.6,38.9,491.0,1853.0,54.3,21.4,35.0
2025-10-24 04:00:00+00:00,36.6,39.1,486.0,1762.0,41.4,24.2,74.0
2025-10-24 05:00:00+00:00,28.5,32.4,477.0,1444.0,24.1,26.9,125.0
2025-10-24 06:00:00+00:00,22.5,28.5,469.0,1139.0,10.9,27.6,164.0
2025-10-24 07:00:00+00:00,22.2,30.2,462.0,875.0,5.7,24.5,179.0
2025-10-24 08:00:00+00:00,22.2,31.7,456.0,624.0,4.8,19.4,181.0
2025-10-24 09:00:00+00:00,21.6,31.2,453.0,537.0,5.3,15.4,178.0
2025-10-24 10:00:00+00:00,20.6,29.7,454.0,662.0,3.2,13.4,175.0
2025-10-24 11:00:00+00:00,19.8,28.4,458.0,951.0,2.6,12.4,167.0
2025-10-24 12:00:00+00:00,18.2,25.1,467.0,1417.0,12.7,12.3,144.0
2025-10-24 13:00:00+00:00,32.0,37.6,484.0,2261.0,43.4,16.1,109.0
2025-10-24 14:00:00+00:00,44.1,49.2,506.0,3282.0,85.3,21.5,60.0
2025-10-24 15:00:00+00:00,50.9,55.6,521.0,3885.0,114.5,26.2,25.0
2025-10-24 16:00:00+00:00,55.4,59.8,524.0,3758.0,118.9,30.1,16.0
2025-10-24 17:00:00+00:00,56.9,61.0,520.0,3214.0,110.6,33.4,19.0
2025-10-24 18:00:00+00:00,56.3,60.3,514.0,2596.0,101.1,34.1,23.0
2025-10-24 19:00:00+00:00,54.2,58.0,505.0,1929.0,94.5,30.2,22.0
2025-10-24 20:00:00+00:00,49.6,53.0,494.0,1189.0,86.9,23.7,20.0
2025-10-24 21:00:00+00:00,43.8,46.7,486.0,647.0,77.8,18.5,22.0
2025-10-24 22:00:00+00:00,36.4,39.1,483.0,405.0,65.3,16.2,29.0
2025-10-24 23:00:00+00:00,30.3,32.8,482.0,361.0,51.3,15.2,39.0
2025-10-25 00:00:00+00:00,25.3,28.0,483.0,487.0,36.7,12.5,50.0
2025-10-25 01:00:00+00:00,23.9,26.5,486.0,911.0,41.1,13.7,45.0
2025-10-25 02:00:00+00:00,27.0,29.6,489.0,1505.0,46.7,15.4,39.0
2025-10-25 03:00:00+00:00,31.3,33.9,489.0,1847.0,47.0,16.8,46.0
2025-10-25 04:00:00+00:00,35.2,37.5,482.0,1698.0,36.8,17.9,77.0
2025-10-25 05:00:00+00:00,26.0,31.0,471.0,1298.0,21.4,18.6,121.0
2025-10-25 06:00:00+00:00,17.8,21.4,462.0,947.0,9.5,18.4,154.0
2025-10-25 07:00:00+00:00,14.7,18.1,456.0,718.0,5.0,16.5,165.0
2025-10-25 08:00:00+00:00,15.0,19.3,452.0,538.0,4.2,13.6,165.0
2025-10-25 09:00:00+00:00,15.0,20.1,450.0,485.0,4.5,11.3,162.0
2025-10-25 10:00:00+00:00,14.7,20.3,452.0,588.0,4.0,10.0,159.0
2025-10-25 11:00:00+00:00,14.9,20.6,457.0,817.0,4.7,9.4,154.0
2025-10-25 12:00:00+00:00,18.0,24.6,464.0,1168.0,9.6,8.7,138.0
2025-10-25 13:00:00+00:00,22.4,26.9,474.0,1829.0,19.7,9.3,115.0
2025-10-25 14:00:00+00:00,25.2,28.9,486.0,2611.0,33.4,10.2,84.0
2025-10-25 15:00:00+00:00,26.4,29.9,492.0,2938.0,43.2,10.9,61.0
2025-10-25 16:00:00+00:00,27.6,31.2,486.0,2391.0,45.7,11.5,53.0
2025-10-25 17:00:00+00:00,29.0,32.8,475.0,1390.0,44.1,12.0,53.0
2025-10-25 18:00:00+00:00,29.7,33.8,465.0,615.0,40.5,12.0,56.0
2025-10-25 19:00:00+00:00,28.9,32.9,461.0,358.0,34.4,11.2,60.0
2025-10-25 20:00:00+00:00,26.9,30.9,459.0,328.0,26.3,9.8,67.0
2025-10-25 21:00:00+00:00,24.8,28.6,458.0,331.0,19.6,8.8,73.0
2025-10-25 22:00:00+00:00,23.0,26.6,458.0,291.0,14.6,8.2,76.0
2025-10-25 23:00:00+00:00,21.5,24.8,459.0,284.0,11.0,7.9,79.0
2025-10-26 00:00:00+00:00,21.0,24.0,461.0,351.0,11.7,8.3,74.0
2025-10-26 01:00:00+00:00,21.2,24.2,464.0,577.0,19.5,9.6,69.0
2025-10-26 02:00:00+00:00,24.4,27.0,467.0,877.0,30.0,11.4,62.0
2025-10-26 03:00:00+00:00,29.6,31.4,468.0,1035.0,34.8,13.0,66.0
2025-10-26 04:00:00+00:00,29.3,31.7,465.0,915.0,28.6,14.5,90.0
2025-10-26 05:00:00+00:00,25.8,29.2,460.0,653.0,16.9,15.9,124.0
2025-10-26 06:00:00+00:00,16.0,18.2,456.0,445.0,7.7,16.2,149.0
2025-10-26 07:00:00+00:00,11.2,13.4,453.0,366.0,4.4,14.5,157.0
2025-10-26 08:00:00+00:00,10.5,12.9,450.0,341.0,3.7,11.7,157.0
2025-10-26 09:00:00+00:00,10.9,13.2,449.0,344.0,3.9,9.6,154.0
2025-10-26 10:00:00+00:00,11.6,14.1,449.0,376.0,4.1,8.8,152.0
2025-10-26 11:00:00+00:00,12.4,15.1,450.0,436.0,5.2,8.6,148.0
2025-10-26 12:00:00+00:00,23.4,28.0,452.0,494.0,8.6,8.8,136.0
2025-10-26 13:00:00+00:00,26.5,29.6,455.0,548.0,16.3,10.1,121.0
2025-10-26 14:00:00+00:00,29.2,31.9,459.0,600.0,26.7,11.8,99.0
2025-10-26 15:00:00+00:00,30.9,33.4,461.0,626.0,33.8,13.1,83.0
2025-10-26 16:00:00+00:00,30.7,33.2,462.0,613.0,34.9,13.6,76.0
2025-10-26 17:00:00+00:00,29.7,31.9,461.0,574.0,32.5,13.6,73.0
2025-10-26 18:00:00+00:00,28.1,30.0,460.0,523.0,28.6,13.3,74.0
2025-10-26 19:00:00+00:00,25.8,27.5,459.0,452.0,22.5,12.7,81.0
2025-10-26 20:00:00+00:00,24.2,25.8,457.0,368.0,14.8,11.7,91.0
2025-10-26 21:00:00+00:00,24.2,25.6,456.0,307.0,9.0,11.0,98.0
2025-10-26 22:00:00+00:00,24.8,26.7,455.0,272.0,6.1,10.5,98.0
2025-10-26 23:00:00+00:00,24.9,27.8,454.0,261.0,5.1,10.2,94.0
2025-10-27 00:00:00+00:00,24.9,29.1,454.0,301.0,6.7,10.5,89.0
2025-10-27 01:00:00+00:00,24.4,29.3,455.0,447.0,12.9,11.2,79.0
2025-10-27 02:00:00+00:00,25.7,31.0,457.0,644.0,21.1,12.2,66.0
2025-10-27 03:00:00+00:00,28.1,32.5,458.0,754.0,25.2,13.0,65.0
2025-10-27 04:00:00+00:00,26.7,32.6,458.0,695.0,21.1,13.6,87.0
2025-10-27 05:00:00+00:00,21.0,27.3,456.0,550.0,12.9,13.9,120.0
2025-10-27 06:00:00+00:00,19.0,24.0,455.0,430.0,6.4,13.5,145.0
2025-10-27 07:00:00+00:00,17.6,22.1,453.0,372.0,4.1,11.6,151.0
2025-10-27 08:00:00+00:00,16.8,21.6,451.0,339.0,3.5,8.9,149.0
2025-10-27 09:00:00+00:00,16.8,21.8,449.0,330.0,3.7,6.9,145.0
2025-10-27 10:00:00+00:00,17.0,21.9,449.0,350.0,3.9,6.2,143.0
2025-10-27 11:00:00+00:00,17.3,22.1,449.0,393.0,4.8,6.1,139.0
2025-10-27 12:00:00+00:00,28.9,35.2,450.0,441.0,8.4,6.8,131.0
2025-10-27 13:00:00+00:00,31.3,36.1,452.0,500.0,15.8,8.0,114.0
2025-10-27 14:00:00+00:00,32.7,36.8,454.0,564.0,25.7,9.6,91.0
2025-10-27 15:00:00+00:00,34.0,37.4,455.0,592.0,31.3,11.1,77.0
2025-10-27 16:00:00+00:00,32.6,35.4,455.0,558.0,28.5,12.3,80.0
2025-10-27 17:00:00+00:00,30.5,33.1,455.0,488.0,21.4,13.4,91.0
2025-10-27 18:00:00+00:00,29.8,32.2,455.0,423.0,15.1,13.9,100.0
2025-10-27 19:00:00+00:00,29.2,31.8,454.0,370.0,11.4,13.5,103.0
2025-10-27 20:00:00+00:00,28.5,31.1,453.0,321.0,8.5,12.6,104.0
2025-10-27 21:00:00+00:00,28.2,31.1,453.0,291.0,6.6,11.8,102.0
2025-10-27 22:00:00+00:00,28.9,32.2,454.0,277.0,5.5,11.2,97.0
2025-10-27 23:00:00+00:00,30.0,33.8,456.0,281.0,5.4,10.6,90.0
2025-10-28 00:00:00+00:00,30.6,34.2,457.0,326.0,7.2,11.0,85.0
2025-10-28 01:00:00+00:00,31.8,35.7,458.0,460.0,12.6,12.1,78.0
2025-10-28 02:00:00+00:00,34.2,38.6,459.0,634.0,19.9,13.5,71.0
2025-10-28 03:00:00+00:00,37.1,41.3,459.0,728.0,23.4,14.7,72.0
2025-10-28 04:00:00+00:00,38.1,44.9,457.0,665.0,19.5,15.5,92.0
2025-10-28 05:00:00+00:00,39.8,48.0,454.0,522.0,11.9,15.9,121.0
2025-10-28 06:00:00+00:00,39.6,47.0,451.0,407.0,6.0,15.8,144.0
2025-10-28 07:00:00+00:00,37.0,44.1,450.0,361.0,3.9,14.6,156.0
2025-10-28 08:00:00+00:00,31.9,39.7,449.0,343.0,3.5,12.8,162.0
2025-10-28 09:00:00+00:00,30.3,40.5,448.0,342.0,3.8,11.4,164.0
2025-10-28 10:00:00+00:00,31.0,43.2,448.0,360.0,4.4,10.9,161.0
2025-10-28 11:00:00+00:00,31.7,44.2,447.0,395.0,5.8,10.8,154.0
2025-10-28 12:00:00+00:00,32.5,44.1,448.0,431.0,8.0,11.5,146.0
2025-10-28 13:00:00+00:00,34.7,44.5,450.0,472.0,12.2,12.2,133.0
2025-10-28 14:00:00+00:00,36.2,45.8,452.0,514.0,17.9,13.2,116.0
2025-10-28 15:00:00+00:00,38.1,46.7,454.0,535.0,21.4,14.0,103.0
2025-10-28 16:00:00+00:00,40.7,47.7,455.0,522.0,20.9,14.4,100.0
2025-10-28 17:00:00+00:00,43.9,49.5,455.0,488.0,18.3,14.6,102.0
2025-10-28 18:00:00+00:00,47.6,52.2,455.0,450.0,15.3,14.8,105.0
2025-10-28 19:00:00+00:00,49.7,53.9,454.0,406.0,12.2,14.9,108.0
2025-10-28 20:00:00+00:00,49.7,54.0,453.0,358.0,8.8,14.9,112.0
2025-10-28 21:00:00+00:00,48.8,53.4,452.0,325.0,6.3,14.9,113.0
2025-10-28 22:00:00+00:00,47.4,52.5,453.0,305.0,5.0,14.8,110.0
2025-10-28 23:00:00+00:00,45.6,51.3,454.0,300.0,4.8,14.7,105.0
2025-10-29 00:00:00+00:00,47.3,53.1,455.0,340.0,6.2,15.6,101.0
2025-10-29 01:00:00+00:00,45.9,52.2,457.0,480.0,11.2,16.4,92.0
2025-10-29 02:00:00+00:00,46.7,53.3,459.0,664.0,17.8,17.4,81.0
2025-10-29 03:00:00+00:00,48.3,54.6,459.0,757.0,21.0,17.5,78.0
2025-10-29 04:00:00+00:00,47.0,55.8,456.0,668.0,17.5,16.2,92.0
2025-10-29 05:00:00+00:00,41.7,49.2,452.0,488.0,10.5,14.1,115.0
2025-10-29 06:00:00+00:00,36.1,41.6,449.0,346.0,5.2,11.9,132.0
2025-10-29 07:00:00+00:00,30.5,35.0,447.0,294.0,3.4,9.7,136.0
2025-10-29 08:00:00+00:00,25.7,28.9,447.0,282.0,3.2,7.4,133.0
2025-10-29 09:00:00+00:00,22.1,24.4,446.0,286.0,3.6,5.8,129.0
2025-10-29 10:00:00+00:00,19.2,21.0,446.0,305.0,4.1,5.2,125.0
2025-10-29 11:00:00+00:00,17.4,18.8,446.0,340.0,5.2,5.3,119.0
2025-10-29 12:00:00+00:00,21.1,22.9,446.0,375.0,7.9,5.9,110.0
2025-10-29 13:00:00+00:00,22.8,24.2,447.0,411.0,12.9,6.8,98.0
2025-10-29 14:00:00+00:00,23.1,24.4,449.0,447.0,19.7,8.0,81.0
2025-10-29 15:00:00+00:00,23.7,25.4,450.0,467.0,24.7,9.0,67.0
2025-10-29 16:00:00+00:00,25.2,27.2,451.0,463.0,26.6,9.5,59.0
2025-10-29 17:00:00+00:00,26.7,29.2,452.0,442.0,26.7,9.7,55.0
2025-10-29 18:00:00+00:00,28.9,32.0,452.0,410.0,25.0,9.7,54.0
2025-10-29 19:00:00+00:00,31.2,35.0,451.0,357.0,20.3,9.3,59.0
2025-10-29 20:00:00+00:00,32.6,36.8,450.0,293.0,13.7,8.6,69.0
2025-10-29 21:00:00+00:00,32.2,36.4,449.0,249.0,8.8,8.1,75.0
2025-10-29 22:00:00+00:00,31.1,35.4,449.0,225.0,6.6,7.8,76.0
2025-10-29 23:00:00+00:00,29.5,34.0,451.0,221.0,6.1,7.8,73.0
2025-10-30 00:00:00+00:00,35.3,40.2,452.0,274.0,7.4,9.6,75.0
2025-10-30 01:00:00+00:00,34.5,39.5,454.0,448.0,12.6,10.6,68.0
2025-10-30 02:00:00+00:00,35.2,40.3,456.0,679.0,19.4,12.0,58.0
2025-10-30 03:00:00+00:00,37.0,41.9,457.0,803.0,22.6,12.9,59.0
2025-10-30 04:00:00+00:00,34.9,42.3,455.0,716.0,18.5,13.0,79.0
2025-10-30 05:00:00+00:00,31.8,39.9,452.0,523.0,10.8,12.7,108.0
2025-10-30 06:00:00+00:00,27.4,31.8,450.0,374.0,4.9,12.1,131.0
2025-10-30 07:00:00+00:00,25.0,28.2,449.0,331.0,3.1,11.3,140.0
2025-10-30 08:00:00+00:00,24.2,27.3,448.0,333.0,3.1,10.2,143.0
2025-10-30 09:00:00+00:00,23.9,27.1,448.0,348.0,3.7,9.5,143.0
2025-10-30 10:00:00+00:00,24.3,27.8,448.0,372.0,4.0,9.2,142.0
2025-10-30 11:00:00+00:00,24.6,28.3,448.0,410.0,5.0,9.3,138.0
2025-10-30 12:00:00+00:00,28.4,32.1,449.0,442.0,8.3,9.8,128.0
2025-10-30 13:00:00+00:00,32.1,35.2,450.0,463.0,16.2,11.0,111.0
2025-10-30 14:00:00+00:00,34.9,38.2,450.0,479.0,26.9,12.8,88.0
2025-10-30 15:00:00+00:00,38.0,41.4,451.0,483.0,34.7,14.1,70.0
2025-10-30 16:00:00+00:00,40.6,44.1,451.0,473.0,37.4,14.7,60.0
2025-10-30 17:00:00+00:00,40.0,43.7,452.0,451.0,37.0,14.9,56.0
2025-10-30 18:00:00+00:00,37.4,41.1,452.0,421.0,33.9,14.9,57.0
2025-10-30 19:00:00+00:00,34.9,38.6,452.0,375.0,26.5,14.7,67.0
2025-10-30 20:00:00+00:00,34.0,38.1,451.0,321.0,16.3,14.3,83.0
2025-10-30 21:00:00+00:00,34.9,39.1,451.0,286.0,8.7,14.1,95.0
2025-10-30 22:00:00+00:00,36.3,40.7,451.0,254.0,5.3,14.1,99.0
2025-10-30 23:00:00+00:00,37.7,42.5,451.0,242.0,4.5,14.3,99.0
2025-10-31 00:00:00+00:00,39.0,44.5,452.0,329.0,8.6,14.4,83.0
2025-10-31 01:00:00+00:00,40.7,46.6,456.0,634.0,16.7,15.5,73.0
2025-10-31 02:00:00+00:00,44.5,50.8,462.0,1037.0,27.5,17.1,62.0
2025-10-31 03:00:00+00:00,48.9,54.8,465.0,1260.0,33.0,18.5,61.0
2025-10-31 04:00:00+00:00,49.7,58.4,463.0,1129.0,27.9,20.0,83.0
2025-10-31 05:00:00+00:00,50.3,65.7,458.0,818.0,17.5,21.5,117.0
2025-10-31 06:00:00+00:00,50.5,79.4,454.0,571.0,9.3,21.6,142.0
2025-10-31 07:00:00+00:00,48.7,83.6,451.0,454.0,5.9,19.3,150.0
2025-10-31 08:00:00+00:00,47.4,76.6,448.0,402.0,4.7,15.6,150.0
2025-10-31 09:00:00+00:00,45.9,69.4,448.0,461.0,5.0,12.9,147.0
2025-10-31 10:00:00+00:00,44.0,63.3,452.0,727.0,4.4,11.6,145.0
2025-10-31 11:00:00+00:00,43.1,59.1,458.0,1104.0,5.3,11.3,139.0
2025-10-31 12:00:00+00:00,53.9,73.6,463.0,1356.0,15.3,15.3,126.0
2025-10-31 13:00:00+00:00,80.1,95.2,464.0,1346.0,38.3,20.6,95.0
2025-10-31 14:00:00+00:00,93.1,107.1,463.0,1211.0,69.8,28.0,53.0
2025-10-31 15:00:00+00:00,93.6,106.9,464.0,1127.0,91.0,33.1,22.0
2025-10-31 16:00:00+00:00,95.7,107.8,468.0,1202.0,92.4,34.4,13.0
2025-10-31 17:00:00+00:00,95.0,105.2,472.0,1328.0,83.5,33.5,15.0
2025-10-31 18:00:00+00:00,95.5,105.0,476.0,1362.0,74.6,31.4,17.0
2025-10-31 19:00:00+00:00,96.4,106.4,477.0,1212.0,68.5,27.9,15.0
2025-10-31 20:00:00+00:00,95.7,105.2,477.0,968.0,62.5,23.2,13.0
2025-10-31 21:00:00+00:00,91.3,98.3,477.0,761.0,58.2,19.4,12.0
2025-10-31 22:00:00+00:00,82.0,88.5,477.0,583.0,56.9,17.2,13.0
2025-10-31 23:00:00+00:00,74.5,81.3,477.0,442.0,57.4,15.8,16.0
2025-11-01 00:00:00+00:00,70.1,77.1,478.0,484.0,56.3,15.4,18.0
2025-11-01 01:00:00+00:00,68.9,75.7,481.0,903.0,57.7,16.4,13.0
2025-11-01 02:00:00+00:00,73.8,80.3,485.0,1506.0,59.1,17.9,9.0
2025-11-01 03:00:00+00:00,81.5,86.8,485.0,1861.0,55.9,20.8,17.0
2025-11-01 04:00:00+00:00,82.0,88.2,479.0,1718.0,44.0,26.9,50.0
2025-11-01 05:00:00+00:00,69.8,81.5,471.0,1326.0,27.5,34.3,97.0
2025-11-01 06:00:00+00:00,62.6,80.8,464.0,1004.0,14.8,38.1,135.0
2025-11-01 07:00:00+00:00,59.4,78.5,461.0,856.0,8.9,35.1,156.0
2025-11-01 08:00:00+00:00,55.8,72.6,459.0,778.0,6.7,28.5,169.0
2025-11-01 09:00:00+00:00,52.0,66.6,459.0,767.0,7.2,23.5,175.0
2025-11-01 10:00:00+00:00,49.5,62.6,459.0,833.0,8.4,22.1,176.0
2025-11-01 11:00:00+00:00,47.7,59.8,459.0,966.0,12.3,22.1,169.0
2025-11-01 12:00:00+00:00,53.4,65.0,462.0,1142.0,20.3,23.9,153.0
2025-11-01 13:00:00+00:00,71.5,79.2,468.0,1400.0,43.2,23.7,116.0
2025-11-01 14:00:00+00:00,73.3,80.3,476.0,1699.0,74.6,23.6,66.0
2025-11-01 15:00:00+00:00,73.1,80.1,482.0,1893.0,97.4,24.6,27.0
2025-11-01 16:00:00+00:00,77.8,85.4,484.0,1915.0,103.9,28.2,13.0
2025-11-01 17:00:00+00:00,86.1,94.3,485.0,1831.0,101.9,32.8,10.0
2025-11-01 18:00:00+00:00,89.9,97.8,485.0,1689.0,97.2,34.8,10.0
2025-11-01 19:00:00+00:00,88.0,95.0,486.0,1476.0,90.6,31.5,9.0
2025-11-01 20:00:00+00:00,84.5,91.0,486.0,1205.0,81.4,25.6,10.0
2025-11-01 21:00:00+00:00,81.0,87.1,484.0,960.0,73.3,21.0,11.0
2025-11-01 22:00:00+00:00,75.0,80.3,478.0,701.0,67.5,19.1,12.0
2025-11-01 23:00:00+00:00,65.2,70.5,471.0,467.0,62.9,18.5,14.0
2025-11-02 00:00:00+00:00,61.7,66.8,468.0,462.0,59.7,17.7,12.0
2025-11-02 01:00:00+00:00,58.2,63.1,474.0,886.0,61.0,19.1,10.0
2025-11-02 02:00:00+00:00,62.4,67.1,485.0,1538.0,62.1,21.3,9.0
2025-11-02 03:00:00+00:00,67.8,72.2,492.0,2017.0,58.4,25.6,20.0
2025-11-02 04:00:00+00:00,66.8,71.7,492.0,2179.0,45.4,34.7,54.0
2025-11-02 05:00:00+00:00,53.9,62.2,488.0,2168.0,27.6,45.8,101.0
2025-11-02 06:00:00+00:00,39.1,46.4,482.0,2016.0,14.0,51.9,139.0
2025-11-02 07:00:00+00:00,34.1,40.0,474.0,1630.0,8.0,48.4,161.0
2025-11-02 08:00:00+00:00,34.8,40.5,465.0,1103.0,6.1,39.8,174.0
2025-11-02 09:00:00+00:00,36.6,42.4,458.0,739.0,7.0,32.6,178.0
2025-11-02 10:00:00+00:00,38.1,44.0,456.0,681.0,10.9,29.5,171.0
2025-11-02 11:00:00+00:00,39.2,45.3,456.0,787.0,17.6,27.8,156.0
2025-11-02 12:00:00+00:00,43.3,49.4,458.0,938.0,24.4,27.0,133.0
2025-11-02 13:00:00+00:00,49.2,55.1,462.0,1144.0,31.5,24.4,107.0
2025-11-02 14:00:00+00:00,49.7,56.7,468.0,1396.0,41.3,20.8,70.0
2025-11-02 15:00:00+00:00,48.2,56.5,472.0,1546.0,47.9,17.9,43.0
2025-11-02 16:00:00+00:00,47.3,56.3,474.0,1525.0,48.9,16.4,33.0
2025-11-02 17:00:00+00:00,46.9,56.7,475.0,1402.0,46.7,15.6,32.0
2025-11-02 18:00:00+00:00,46.6,56.8,475.0,1240.0,43.0,14.7,34.0
2025-11-02 19:00:00+00:00,45.1,55.3,472.0,1025.0,37.8,13.3,37.0
2025-11-02 20:00:00+00:00,41.9,52.4,468.0,771.0,31.1,11.7,42.0
2025-11-02 21:00:00+00:00,38.3,48.9,464.0,575.0,25.0,10.5,46.0
2025-11-02 22:00:00+00:00,34.3,45.9,461.0,432.0,19.2,9.6,50.0
2025-11-02 23:00:00+00:00,31.4,44.4,460.0,349.0,14.0,9.1,53.0
2025-11-03 00:00:00+00:00,28.8,42.0,460.0,437.0,11.9,8.5,53.0
2025-11-03 01:00:00+00:00,29.2,44.6,465.0,894.0,20.9,10.2,43.0
2025-11-03 02:00:00+00:00,34.6,51.3,472.0,1524.0,33.0,12.5,29.0
2025-11-03 03:00:00+00:00,40.0,56.5,475.0,1851.0,39.2,14.9,26.0
2025-11-03 04:00:00+00:00,36.0,63.3,470.0,1575.0,34.0,17.5,43.0
2025-11-03 05:00:00+00:00,34.5,67.1,460.0,997.0,22.9,20.2,71.0
2025-11-03 06:00:00+00:00,33.1,68.2,452.0,541.0,13.8,21.5,93.0
2025-11-03 07:00:00+00:00,31.3,67.8,448.0,379.0,9.4,20.6,104.0
2025-11-03 08:00:00+00:00,30.5,67.3,446.0,339.0,7.0,18.3,110.0
2025-11-03 09:00:00+00:00,30.6,68.0,445.0,332.0,6.2,16.5,110.0
2025-11-03 10:00:00+00:00,30.6,68.2,445.0,338.0,6.9,15.8,104.0
2025-11-03 11:00:00+00:00,30.4,66.6,445.0,376.0,9.2,15.6,93.0
2025-11-03 12:00:00+00:00,28.1,58.8,446.0,412.0,13.5,15.3,77.0
2025-11-03 13:00:00+00:00,29.6,54.0,446.0,435.0,21.5,14.7,65.0
2025-11-03 14:00:00+00:00,31.7,54.6,447.0,455.0,32.4,13.9,48.0
2025-11-03 15:00:00+00:00,32.1,54.1,447.0,472.0,39.8,13.1,37.0
2025-11-03 16:00:00+00:00,31.7,52.9,448.0,493.0,40.9,12.5,35.0
2025-11-03 17:00:00+00:00,31.1,51.9,449.0,511.0,38.4,11.9,38.0
2025-11-03 18:00:00+00:00,31.2,51.7,449.0,499.0,34.5,11.1,42.0
2025-11-03 19:00:00+00:00,30.6,52.2,448.0,423.0,28.6,9.8,48.0
2025-11-03 20:00:00+00:00,28.2,49.1,446.0,317.0,21.3,8.3,56.0
2025-11-03 21:00:00+00:00,26.7,46.2,447.0,262.0,16.0,7.3,60.0
2025-11-03 22:00:00+00:00,26.8,45.9,452.0,283.0,14.0,7.1,57.0
2025-11-03 23:00:00+00:00,28.6,46.9,458.0,353.0,13.9,7.5,49.0
2025-11-04 00:00:00+00:00,25.3,39.7,463.0,476.0,13.5,8.2,46.0
2025-11-04 01:00:00+00:00,26.4,41.1,465.0,716.0,19.9,9.7,37.0
2025-11-04 02:00:00+00:00,30.6,44.4,464.0,1008.0,28.6,11.9,26.0
2025-11-04 03:00:00+00:00,34.8,46.6,463.0,1157.0,33.3,13.8,25.0
2025-11-04 04:00:00+00:00,33.1,46.9,460.0,1033.0,30.7,15.3,45.0
2025-11-04 05:00:00+00:00,29.6,49.4,456.0,766.0,24.1,16.6,75.0
2025-11-04 06:00:00+00:00,25.3,49.4,453.0,546.0,17.8,17.0,100.0
2025-11-04 07:00:00+00:00,23.3,50.8,451.0,436.0,12.4,16.0,114.0
2025-11-04 08:00:00+00:00,23.9,48.3,450.0,373.0,7.2,14.3,123.0
2025-11-04 09:00:00+00:00,23.7,45.1,449.0,356.0,4.9,13.0,126.0
2025-11-04 10:00:00+00:00,23.2,42.7,449.0,388.0,7.0,12.9,123.0
2025-11-04 11:00:00+00:00,22.9,41.4,449.0,466.0,12.0,13.3,114.0
2025-11-04 12:00:00+00:00,21.0,29.6,450.0,580.0,19.9,13.5,99.0
2025-11-04 13:00:00+00:00,29.5,38.2,454.0,780.0,27.3,13.7,83.0
2025-11-04 14:00:00+00:00,32.7,43.2,458.0,1016.0,37.2,14.0,62.0
2025-11-04 15:00:00+00:00,33.6,47.1,461.0,1126.0,42.9,14.3,47.0
2025-11-04 16:00:00+00:00,33.2,48.2,460.0,1002.0,40.2,14.8,46.0
2025-11-04 17:00:00+00:00,30.9,44.0,456.0,752.0,33.2,15.3,51.0
2025-11-04 18:00:00+00:00,29.0,44.6,454.0,543.0,27.3,15.3,54.0
2025-11-04 19:00:00+00:00,29.9,50.3,454.0,438.0,24.6,14.3,51.0
2025-11-04 20:00:00+00:00,30.2,49.2,456.0,374.0,23.1,12.8,46.0
2025-11-04 21:00:00+00:00,28.3,41.2,457.0,326.0,21.8,11.5,42.0
2025-11-04 22:00:00+00:00,25.2,31.4,458.0,252.0,19.9,10.6,41.0
2025-11-04 23:00:00+00:00,21.9,24.6,460.0,195.0,18.3,9.9,42.0
2025-11-05 00:00:00+00:00,21.1,28.0,461.0,250.0,18.5,9.9,39.0
2025-11-05 01:00:00+00:00,19.6,24.0,463.0,547.0,25.1,11.0,37.0
2025-11-05 02:00:00+00:00,22.7,26.2,466.0,958.0,33.7,12.4,36.0
2025-11-05 03:00:00+00:00,26.9,30.0,466.0,1193.0,37.5,13.4,43.0
2025-11-05 04:00:00+00:00,28.6,32.2,462.0,1084.0,31.8,13.6,66.0
2025-11-05 05:00:00+00:00,26.0,33.9,457.0,799.0,21.1,13.2,97.0
2025-11-05 06:00:00+00:00,19.7,34.9,452.0,560.0,12.4,12.6,121.0
2025-11-05 07:00:00+00:00,20.8,43.0,449.0,423.0,7.9,11.2,130.0
2025-11-05 08:00:00+00:00,20.5,42.6,446.0,332.0,5.2,9.6,131.0
2025-11-05 09:00:00+00:00,20.4,42.1,445.0,334.0,4.8,8.9,130.0
2025-11-05 10:00:00+00:00,20.6,42.3,447.0,461.0,5.6,10.1,129.0
2025-11-05 11:00:00+00:00,21.0,42.0,450.0,682.0,8.5,12.2,124.0
2025-11-05 12:00:00+00:00,22.3,41.2,455.0,950.0,13.6,11.1,109.0
2025-11-05 13:00:00+00:00,44.2,57.5,461.0,1294.0,38.8,13.0,81.0
2025-11-05 14:00:00+00:00,54.2,64.3,467.0,1686.0,73.5,15.7,43.0
2025-11-05 15:00:00+00:00,54.4,65.2,474.0,1989.0,99.1,18.4,15.0
2025-11-05 16:00:00+00:00,56.3,68.7,481.0,2195.0,107.2,21.4,6.0
2025-11-05 17:00:00+00:00,61.9,76.6,489.0,2313.0,106.2,24.3,6.0
2025-11-05 18:00:00+00:00,67.3,83.4,492.0,2238.0,102.4,25.7,7.0
2025-11-05 19:00:00+00:00,69.2,84.3,487.0,1822.0,97.3,24.5,6.0
2025-11-05 20:00:00+00:00,65.7,78.2,478.0,1213.0,89.6,21.7,5.0
2025-11-05 21:00:00+00:00,60.1,69.8,473.0,743.0,81.1,18.8,5.0
2025-11-05 22:00:00+00:00,55.3,63.1,475.0,474.0,71.8,15.7,4.0
2025-11-05 23:00:00+00:00,50.8,57.3,480.0,344.0,61.9,12.6,4.0
2025-11-06 00:00:00+00:00,53.7,63.6,486.0,504.0,68.3,17.0,5.0
2025-11-06 01:00:00+00:00,49.9,57.7,494.0,1237.0,64.7,17.6,2.0
2025-11-06 02:00:00+00:00,56.5,63.8,502.0,2260.0,59.5,18.8,0.0
2025-11-06 03:00:00+00:00,69.2,74.5,505.0,2870.0,53.6,22.6,10.0
2025-11-06 04:00:00+00:00,62.2,72.2,497.0,2667.0,47.1,32.1,48.0
2025-11-06 05:00:00+00:00,50.6,71.0,482.0,2051.0,39.9,44.1,100.0
2025-11-06 06:00:00+00:00,46.4,70.1,470.0,1517.0,32.4,50.9,141.0
2025-11-06 07:00:00+00:00,40.7,65.0,464.0,1245.0,23.4,47.6,163.0
2025-11-06 08:00:00+00:00,36.3,57.5,460.0,1056.0,14.2,39.1,174.0
2025-11-06 09:00:00+00:00,35.9,55.1,457.0,909.0,8.9,32.0,178.0
2025-11-06 10:00:00+00:00,36.1,54.5,454.0,778.0,9.5,29.0,176.0
2025-11-06 11:00:00+00:00,36.1,54.1,452.0,690.0,13.9,27.3,166.0
2025-11-06 12:00:00+00:00,44.6,61.5,452.0,685.0,20.0,32.4,167.0
2025-11-06 13:00:00+00:00,52.4,67.3,455.0,818.0,28.4,28.8,139.0
2025-11-06 14:00:00+00:00,54.0,70.1,460.0,1033.0,40.1,24.0,99.0
2025-11-06 15:00:00+00:00,53.9,72.4,465.0,1204.0,50.7,20.6,66.0
2025-11-06 16:00:00+00:00,53.9,74.3,468.0,1292.0,59.2,20.5,45.0
2025-11-06 17:00:00+00:00,56.6,78.5,470.0,1336.0,66.5,21.8,31.0
2025-11-06 18:00:00+00:00,61.5,85.7,472.0,1329.0,70.4,22.5,21.0
2025-11-06 19:00:00+00:00,63.3,86.6,474.0,1256.0,69.7,21.4,16.0
2025-11-06 20:00:00+00:00,60.5,81.7,476.0,1132.0,65.6,19.6,15.0
2025-11-06 21:00:00+00:00,55.3,77.1,477.0,988.0,59.3,17.9,17.0
2025-11-06 22:00:00+00:00,50.5,73.3,477.0,754.0,48.6,16.2,23.0
2025-11-06 23:00:00+00:00,46.3,70.3,477.0,501.0,35.7,14.6,32.0
2025-11-07 00:00:00+00:00,41.2,63.8,478.0,475.0,23.1,12.2,45.0
2025-11-07 01:00:00+00:00,40.5,62.4,481.0,909.0,31.9,13.3,35.0
2025-11-07 02:00:00+00:00,45.2,65.9,485.0,1569.0,43.5,14.9,22.0
2025-11-07 03:00:00+00:00,51.8,70.5,486.0,2000.0,48.8,17.4,23.0
2025-11-07 04:00:00+00:00,51.5,75.2,483.0,1994.0,41.9,21.8,52.0
2025-11-07 05:00:00+00:00,49.2,81.0,477.0,1759.0,28.7,27.0,95.0
2025-11-07 06:00:00+00:00,41.1,65.2,470.0,1468.0,17.6,30.1,130.0
2025-11-07 07:00:00+00:00,31.2,46.1,463.0,1113.0,11.4,29.0,148.0
2025-11-07 08:00:00+00:00,31.2,45.3,455.0,701.0,7.3,25.7,158.0
2025-11-07 09:00:00+00:00,32.7,46.9,449.0,428.0,6.0,23.1,161.0
2025-11-07 10:00:00+00:00,34.0,48.1,447.0,376.0,7.9,22.5,156.0
2025-11-07 11:00:00+00:00,34.8,48.7,448.0,462.0,12.6,22.5,145.0
2025-11-07 12:00:00+00:00,34.2,45.1,450.0,631.0,18.8,22.5,127.0
2025-11-07 13:00:00+00:00,40.5,51.5,455.0,939.0,27.6,20.6,104.0
2025-11-07 14:00:00+00:00,41.9,53.8,462.0,1329.0,39.6,18.0,72.0
2025-11-07 15:00:00+00:00,42.3,54.1,467.0,1574.0,47.2,15.9,49.0
2025-11-07 16:00:00+00:00,42.5,54.1,470.0,1559.0,46.7,14.8,45.0
2025-11-07 17:00:00+00:00,42.8,54.4,471.0,1398.0,41.8,14.3,51.0
2025-11-07 18:00:00+00:00,43.5,55.1,471.0,1205.0,36.4,13.6,57.0
2025-11-07 19:00:00+00:00,43.5,55.1,470.0,988.0,31.4,12.5,60.0
2025-11-07 20:00:00+00:00,42.4,54.1,468.0,739.0,25.8,11.3,63.0
2025-11-07 21:00:00+00:00,41.0,52.6,465.0,542.0,21.1,10.4,66.0
2025-11-07 22:00:00+00:00,39.2,49.8,462.0,377.0,16.1,9.7,69.0
2025-11-07 23:00:00+00:00,37.7,47.7,458.0,264.0,11.9,9.3,71.0
2025-11-08 00:00:00+00:00,39.0,49.8,457.0,348.0,16.3,10.4,61.0
2025-11-08 01:00:00+00:00,41.0,52.5,463.0,860.0,29.1,13.0,48.0
2025-11-08 02:00:00+00:00,50.4,63.1,472.0,1569.0,46.1,16.8,32.0
2025-11-08 03:00:00+00:00,56.3,67.3,475.0,1933.0,54.4,20.1,30.0
2025-11-08 04:00:00+00:00,51.9,62.9,468.0,1604.0,45.5,22.9,55.0
2025-11-08 05:00:00+00:00,44.8,58.6,455.0,930.0,27.9,25.4,93.0
2025-11-08 06:00:00+00:00,39.2,51.7,446.0,410.0,13.9,26.5,123.0
2025-11-08 07:00:00+00:00,35.0,46.4,443.0,252.0,8.1,25.5,137.0
2025-11-08 08:00:00+00:00,34.1,45.4,443.0,248.0,5.9,23.2,143.0
2025-11-08 09:00:00+00:00,33.6,45.3,443.0,273.0,5.5,21.2,143.0
2025-11-08 10:00:00+00:00,32.7,45.5,443.0,289.0,5.6,20.2,135.0
2025-11-08 11:00:00+00:00,31.9,46.7,443.0,335.0,7.5,19.6,121.0
2025-11-08 12:00:00+00:00,36.6,52.3,444.0,401.0,13.0,20.6,109.0
2025-11-08 13:00:00+00:00,41.6,54.7,446.0,490.0,26.8,19.6,85.0
2025-11-08 14:00:00+00:00,45.5,59.5,448.0,598.0,46.0,18.2,52.0
2025-11-08 15:00:00+00:00,47.5,63.1,451.0,709.0,61.0,17.5,26.0
2025-11-08 16:00:00+00:00,48.4,65.4,454.0,806.0,68.2,18.1,15.0
2025-11-08 17:00:00+00:00,50.8,70.3,456.0,905.0,71.4,19.3,11.0
2025-11-08 18:00:00+00:00,54.6,78.2,460.0,1037.0,71.7,19.8,10.0
2025-11-08 19:00:00+00:00,56.0,83.8,466.0,1276.0,69.2,18.9,10.0
2025-11-08 20:00:00+00:00,53.8,83.8,474.0,1548.0,64.0,17.3,13.0
2025-11-08 21:00:00+00:00,49.1,78.2,478.0,1665.0,57.6,15.9,17.0
2025-11-08 22:00:00+00:00,44.6,72.6,477.0,1444.0,48.6,14.7,22.0
2025-11-08 23:00:00+00:00,42.3,71.9,473.0,1068.0,38.4,13.7,27.0
2025-11-09 00:00:00+00:00,48.5,84.1,471.0,890.0,37.7,14.7,24.0
2025-11-09 01:00:00+00:00,53.4,89.6,476.0,1181.0,41.6,16.8,16.0
2025-11-09 02:00:00+00:00,66.4,103.1,484.0,1670.0,46.4,19.8,7.0
2025-11-09 03:00:00+00:00,82.9,112.9,486.0,1903.0,46.9,23.3,9.0
2025-11-09 04:00:00+00:00,55.3,91.5,477.0,1606.0,38.9,27.9,34.0
2025-11-09 05:00:00+00:00,41.6,82.2,463.0,1052.0,26.6,32.9,70.0
2025-11-09 06:00:00+00:00,37.7,75.0,452.0,604.0,16.5,35.7,100.0
2025-11-09 07:00:00+00:00,35.6,68.5,447.0,400.0,11.1,34.6,118.0
2025-11-09 08:00:00+00:00,33.4,62.2,444.0,302.0,8.1,31.4,129.0
2025-11-09 09:00:00+00:00,31.8,58.4,443.0,256.0,6.8,28.4,133.0
2025-11-09 10:00:00+00:00,30.3,55.5,442.0,249.0,6.3,26.5,127.0
2025-11-09 11:00:00+00:00,28.4,52.5,443.0,293.0,7.6,24.9,114.0
2025-11-09 12:00:00+00:00,28.2,50.4,444.0,375.0,13.1,25.7,107.0
2025-11-09 13:00:00+00:00,30.9,48.9,446.0,512.0,27.5,23.8,80.0
2025-11-09 14:00:00+00:00,34.3,49.8,449.0,685.0,47.4,21.1,43.0
2025-11-09 15:00:00+00:00,35.7,50.4,452.0,828.0,62.5,19.5,15.0
2025-11-09 16:00:00+00:00,37.4,51.6,453.0,880.0,68.1,20.0,6.0
2025-11-09 17:00:00+00:00,41.2,57.0,454.0,902.0,68.8,21.5,5.0
2025-11-09 18:00:00+00:00,46.2,64.0,457.0,1004.0,68.8,22.5,6.0
2025-11-09 19:00:00+00:00,48.7,67.8,466.0,1308.0,69.8,22.3,5.0
2025-11-09 20:00:00+00:00,48.1,68.2,478.0,1692.0,70.0,21.7,4.0
2025-11-09 21:00:00+00:00,44.6,64.3,486.0,1909.0,67.7,20.6,5.0
2025-11-09 22:00:00+00:00,38.9,56.2,487.0,1733.0,60.3,18.7,9.0
2025-11-09 23:00:00+00:00,32.8,47.3,484.0,1389.0,50.4,16.4,15.0
2025-11-10 00:00:00+00:00,30.4,46.3,483.0,1305.0,37.6,13.8,26.0
2025-11-10 01:00:00+00:00,33.9,51.1,489.0,1869.0,41.7,15.9,19.0
2025-11-10 02:00:00+00:00,44.7,62.4,497.0,2693.0,47.0,18.9,11.0
2025-11-10 03:00:00+00:00,57.3,70.8,498.0,3035.0,47.3,22.2,14.0
2025-11-10 04:00:00+00:00,37.0,51.5,484.0,2398.0,38.1,26.2,40.0
2025-11-10 05:00:00+00:00,27.1,43.9,463.0,1280.0,24.0,30.4,77.0
2025-11-10 06:00:00+00:00,26.4,41.9,447.0,430.0,12.9,32.8,108.0
2025-11-10 07:00:00+00:00,25.6,38.9,442.0,177.0,8.0,31.9,127.0
2025-11-10 08:00:00+00:00,24.9,36.4,442.0,192.0,6.2,29.2,140.0
2025-11-10 09:00:00+00:00,24.7,35.9,442.0,240.0,5.9,26.7,144.0
2025-11-10 10:00:00+00:00,23.8,34.5,442.0,240.0,5.5,25.1,139.0
2025-11-10 11:00:00+00:00,22.5,32.8,442.0,272.0,6.6,23.7,126.0
2025-11-10 12:00:00+00:00,21.9,30.9,443.0,345.0,12.5,23.0,108.0
2025-11-10 13:00:00+00:00,26.0,33.1,445.0,488.0,28.9,21.8,81.0
2025-11-10 14:00:00+00:00,31.0,37.3,448.0,671.0,51.6,20.2,45.0
2025-11-10 15:00:00+00:00,34.7,41.0,451.0,813.0,68.8,19.7,17.0
2025-11-10 16:00:00+00:00,39.6,46.7,452.0,834.0,75.1,21.5,7.0
2025-11-10 17:00:00+00:00,45.4,53.8,453.0,815.0,75.9,24.5,7.0
2025-11-10 18:00:00+00:00,50.3,59.6,456.0,915.0,75.9,26.7,7.0
2025-11-10 19:00:00+00:00,52.2,62.2,465.0,1306.0,76.8,27.3,6.0
2025-11-10 20:00:00+00:00,51.9,62.6,476.0,1816.0,76.9,27.1,6.0
2025-11-10 21:00:00+00:00,50.9,61.9,484.0,2087.0,75.8,26.5,6.0
2025-11-10 22:00:00+00:00,51.1,61.5,483.0,1833.0,73.1,25.3,6.0
2025-11-10 23:00:00+00:00,50.6,60.8,479.0,1339.0,69.1,23.8,5.0
2025-11-11 00:00:00+00:00,50.5,60.8,477.0,1104.0,65.6,22.7,5.0
2025-11-11 01:00:00+00:00,56.3,64.5,482.0,1500.0,62.2,21.5,2.0
2025-11-11 02:00:00+00:00,68.0,74.5,490.0,2153.0,57.0,20.3,0.0
2025-11-11 03:00:00+00:00,82.7,86.6,492.0,2447.0,49.9,22.7,7.0
2025-11-11 04:00:00+00:00,48.9,57.9,481.0,1991.0,39.5,32.9,37.0
2025-11-11 05:00:00+00:00,29.3,41.8,465.0,1175.0,27.1,46.8,78.0
2025-11-11 06:00:00+00:00,25.6,34.0,452.0,546.0,17.4,55.2,112.0
2025-11-11 07:00:00+00:00,26.4,33.4,447.0,336.0,12.0,53.1,134.0
2025-11-11 08:00:00+00:00,27.1,33.4,446.0,314.0,9.1,45.6,150.0
2025-11-11 09:00:00+00:00,27.5,33.4,446.0,325.0,8.0,38.9,157.0
2025-11-11 10:00:00+00:00,27.3,33.1,446.0,321.0,7.4,35.5,156.0
2025-11-11 11:00:00+00:00,26.5,32.0,446.0,352.0,8.6,33.0,146.0
2025-11-11 12:00:00+00:00,22.8,27.8,447.0,412.0,13.5,28.9,128.0
2025-11-11 13:00:00+00:00,26.8,31.0,448.0,502.0,30.6,26.5,97.0
2025-11-11 14:00:00+00:00,31.1,34.8,449.0,620.0,54.2,23.2,54.0
2025-11-11 15:00:00+00:00,32.8,36.6,451.0,761.0,72.0,21.3,21.0
2025-11-11 16:00:00+00:00,36.1,40.7,455.0,947.0,78.2,22.2,10.0
2025-11-11 17:00:00+00:00,40.9,46.4,461.0,1155.0,78.6,24.5,10.0
2025-11-11 18:00:00+00:00,46.1,52.3,466.0,1309.0,77.7,26.0,10.0
2025-11-11 19:00:00+00:00,48.7,55.4,470.0,1398.0,77.5,25.7,8.0
2025-11-11 20:00:00+00:00,46.6,53.6,473.0,1433.0,76.0,24.6,6.0
2025-11-11 21:00:00+00:00,42.0,48.8,475.0,1372.0,71.7,23.1,7.0
2025-11-11 22:00:00+00:00,35.4,41.1,474.0,1090.0,61.5,20.7,13.0
2025-11-11 23:00:00+00:00,29.6,35.0,472.0,711.0,48.5,17.8,21.0
2025-11-12 00:00:00+00:00,31.8,39.0,471.0,566.0,43.3,15.8,22.0
2025-11-12 01:00:00+00:00,33.5,39.8,475.0,924.0,46.4,16.6,16.0
2025-11-12 02:00:00+00:00,42.5,49.1,481.0,1517.0,50.3,17.8,10.0
2025-11-12 03:00:00+00:00,49.2,55.1,483.0,1863.0,49.5,20.4,16.0
2025-11-12 04:00:00+00:00,33.1,42.0,477.0,1706.0,39.7,25.8,45.0
2025-11-12 05:00:00+00:00,22.7,32.9,467.0,1302.0,25.4,32.4,87.0
2025-11-12 06:00:00+00:00,21.9,29.3,459.0,948.0,14.1,36.8,122.0
2025-11-12 07:00:00+00:00,23.3,29.5,455.0,740.0,9.0,36.9,143.0
2025-11-12 08:00:00+00:00,24.2,30.4,452.0,580.0,7.0,34.7,157.0
2025-11-12 09:00:00+00:00,25.1,31.9,450.0,473.0,6.7,32.6,163.0
2025-11-12 10:00:00+00:00,25.5,32.6,449.0,419.0,7.4,31.7,160.0
2025-11-12 11:00:00+00:00,25.0,32.2,449.0,418.0,9.9,30.8,148.0
2025-11-12 12:00:00+00:00,24.2,30.2,450.0,469.0,15.0,32.7,137.0
2025-11-12 13:00:00+00:00,26.7,32.1,453.0,604.0,25.2,29.1,109.0
2025-11-12 14:00:00+00:00,26.5,32.2,457.0,792.0,39.3,24.1,69.0
2025-11-12 15:00:00+00:00,26.3,32.1,460.0,932.0,50.4,20.3,39.0
2025-11-12 16:00:00+00:00,26.8,32.9,462.0,987.0,56.0,18.8,27.0
2025-11-12 17:00:00+00:00,28.0,34.5,463.0,995.0,58.5,18.5,23.0
2025-11-12 18:00:00+00:00,30.7,37.8,464.0,973.0,58.1,18.0,23.0
2025-11-12 19:00:00+00:00,33.2,41.3,465.0,922.0,54.1,16.7,24.0
2025-11-12 20:00:00+00:00,31.8,40.0,466.0,841.0,47.2,15.1,28.0
2025-11-12 21:00:00+00:00,27.6,36.0,467.0,750.0,40.0,14.0,33.0
2025-11-12 22:00:00+00:00,24.0,33.4,468.0,601.0,31.8,13.3,39.0
2025-11-12 23:00:00+00:00,21.7,32.2,469.0,442.0,23.3,13.1,45.0
2025-11-13 00:00:00+00:00,23.9,35.9,471.0,437.0,24.3,13.5,39.0
2025-11-13 01:00:00+00:00,26.1,39.1,475.0,752.0,31.9,14.7,30.0
2025-11-13 02:00:00+00:00,33.9,46.7,479.0,1222.0,41.9,16.6,18.0
2025-11-13 03:00:00+00:00,38.4,50.2,481.0,1515.0,46.1,20.5,21.0
2025-11-13 04:00:00+00:00,32.4,46.3,477.0,1459.0,38.8,28.5,49.0
2025-11-13 05:00:00+00:00,22.9,42.7,471.0,1226.0,25.6,38.4,92.0
2025-11-13 06:00:00+00:00,22.2,37.4,465.0,1008.0,15.0,44.7,127.0
2025-11-13 07:00:00+00:00,24.0,36.4,461.0,863.0,10.1,44.3,148.0
2025-11-13 08:00:00+00:00,24.3,37.1,458.0,733.0,7.7,40.3,163.0
2025-11-13 09:00:00+00:00,24.8,37.8,455.0,633.0,7.1,36.7,170.0
2025-11-13 10:00:00+00:00,25.1,38.1,452.0,560.0,7.8,35.3,170.0
2025-11-13 11:00:00+00:00,25.6,38.0,450.0,518.0,10.3,34.4,163.0
2025-11-13 12:00:00+00:00,24.2,32.6,449.0,536.0,14.8,35.0,152.0
2025-11-13 13:00:00+00:00,30.9,37.6,451.0,651.0,23.4,31.1,124.0
2025-11-13 14:00:00+00:00,30.3,37.0,455.0,827.0,35.2,25.6,85.0
2025-11-13 15:00:00+00:00,27.9,34.8,459.0,986.0,43.8,21.3,55.0
2025-11-13 16:00:00+00:00,26.7,33.8,463.0,1124.0,45.9,19.5,44.0
2025-11-13 17:00:00+00:00,27.6,34.8,468.0,1245.0,44.8,18.8,41.0
2025-11-13 18:00:00+00:00,29.8,37.0,471.0,1288.0,43.8,18.2,39.0
2025-11-13 19:00:00+00:00,31.7,38.4,472.0,1206.0,44.2,17.3,33.0
2025-11-13 20:00:00+00:00,32.1,38.5,473.0,1044.0,44.7,16.5,27.0
2025-11-13 21:00:00+00:00,31.8,38.1,473.0,881.0,44.3,15.8,23.0
2025-11-13 22:00:00+00:00,30.7,37.1,473.0,656.0,41.8,14.9,21.0
2025-11-13 23:00:00+00:00,29.3,35.6,474.0,428.0,38.3,14.0,20.0
2025-11-14 00:00:00+00:00,30.6,37.4,476.0,453.0,41.6,14.3,15.0
2025-11-14 01:00:00+00:00,31.4,37.4,483.0,1007.0,44.4,15.6,10.0
2025-11-14 02:00:00+00:00,39.2,44.7,492.0,1813.0,47.8,17.9,4.0
2025-11-14 03:00:00+00:00,50.5,55.3,496.0,2299.0,47.2,22.0,11.0
2025-11-14 04:00:00+00:00,39.2,47.0,490.0,2151.0,39.0,30.8,42.0
2025-11-14 05:00:00+00:00,25.3,37.4,480.0,1683.0,26.7,41.5,86.0
2025-11-14 06:00:00+00:00,20.8,31.9,470.0,1256.0,16.7,47.2,122.0
2025-11-14 07:00:00+00:00,18.3,27.5,464.0,985.0,11.1,43.3,141.0
2025-11-14 08:00:00+00:00,17.7,25.6,459.0,756.0,7.7,34.5,151.0
2025-11-14 09:00:00+00:00,18.1,25.6,455.0,593.0,6.5,27.6,156.0
2025-11-14 10:00:00+00:00,18.5,26.0,453.0,505.0,7.0,25.9,157.0
2025-11-14 11:00:00+00:00,18.7,26.4,452.0,483.0,9.6,26.3,151.0
2025-11-14 12:00:00+00:00,17.0,22.6,452.0,524.0,14.5,26.7,140.0
2025-11-14 13:00:00+00:00,27.0,31.9,454.0,644.0,24.6,24.6,114.0
2025-11-14 14:00:00+00:00,27.0,32.6,458.0,827.0,38.7,21.7,78.0
2025-11-14 15:00:00+00:00,25.1,31.7,462.0,1023.0,49.3,19.5,50.0
2025-11-14 16:00:00+00:00,25.0,32.2,468.0,1266.0,53.2,19.0,38.0
2025-11-14 17:00:00+00:00,27.1,34.6,474.0,1522.0,53.7,19.2,34.0
2025-11-14 18:00:00+00:00,31.4,38.8,478.0,1639.0,53.8,19.0,30.0
2025-11-14 19:00:00+00:00,34.9,40.7,478.0,1519.0,54.8,17.8,24.0
2025-11-14 20:00:00+00:00,34.1,38.6,477.0,1259.0,55.4,16.3,18.0
2025-11-14 21:00:00+00:00,31.5,35.4,475.0,1000.0,54.1,15.0,15.0
2025-11-14 22:00:00+00:00,28.9,32.2,473.0,714.0,48.9,14.0,16.0
2025-11-14 23:00:00+00:00,26.4,29.3,472.0,430.0,41.9,13.3,19.0
2025-11-15 00:00:00+00:00,29.7,34.0,472.0,371.0,48.7,13.2,9.0
2025-11-15 01:00:00+00:00,30.0,34.0,477.0,761.0,49.7,14.8,6.0
2025-11-15 02:00:00+00:00,38.3,42.3,484.0,1377.0,50.7,17.2,3.0
2025-11-15 03:00:00+00:00,51.1,54.5,487.0,1773.0,48.1,21.1,11.0
2025-11-15 04:00:00+00:00,42.0,48.1,483.0,1734.0,38.8,28.2,41.0
2025-11-15 05:00:00+00:00,25.0,37.5,476.0,1476.0,25.9,36.7,82.0
2025-11-15 06:00:00+00:00,19.4,29.3,469.0,1203.0,15.7,41.9,116.0
2025-11-15 07:00:00+00:00,18.1,25.3,463.0,941.0,10.3,41.1,137.0
2025-11-15 08:00:00+00:00,18.9,25.1,456.0,663.0,7.6,37.1,151.0
2025-11-15 09:00:00+00:00,20.4,26.4,452.0,492.0,6.8,33.5,158.0
2025-11-15 10:00:00+00:00,21.3,27.2,451.0,503.0,6.5,31.6,161.0
2025-11-15 11:00:00+00:00,21.4,27.2,452.0,621.0,8.2,30.1,157.0
2025-11-15 12:00:00+00:00,19.1,22.3,454.0,739.0,15.8,31.8,145.0
2025-11-15 13:00:00+00:00,31.1,33.3,455.0,818.0,30.3,29.2,115.0
2025-11-15 14:00:00+00:00,30.4,32.4,457.0,897.0,50.4,25.7,74.0
2025-11-15 15:00:00+00:00,29.9,31.8,459.0,992.0,66.0,23.3,41.0
2025-11-15 16:00:00+00:00,31.1,32.8,463.0,1155.0,73.6,23.4,25.0
2025-11-15 17:00:00+00:00,34.9,36.7,468.0,1334.0,76.7,24.5,18.0
2025-11-15 18:00:00+00:00,41.9,43.4,473.0,1385.0,76.4,24.6,14.0
2025-11-15 19:00:00+00:00,42.8,44.0,477.0,1197.0,72.0,22.3,13.0
2025-11-15 20:00:00+00:00,36.7,37.6,480.0,882.0,64.1,18.9,17.0
2025-11-15 21:00:00+00:00,31.5,32.4,481.0,627.0,55.6,16.1,21.0
2025-11-15 22:00:00+00:00,27.8,28.6,477.0,467.0,45.5,14.5,27.0
2025-11-15 23:00:00+00:00,24.7,25.5,471.0,368.0,34.9,13.5,35.0
2025-11-16 00:00:00+00:00,24.9,25.5,467.0,416.0,36.9,13.6,30.0
2025-11-16 01:00:00+00:00,23.9,24.4,469.0,752.0,42.1,14.6,25.0
2025-11-16 02:00:00+00:00,28.9,29.5,472.0,1236.0,48.7,16.2,19.0
2025-11-16 03:00:00+00:00,34.3,34.8,474.0,1531.0,50.0,19.1,26.0
2025-11-16 04:00:00+00:00,35.9,36.3,471.0,1463.0,40.8,24.9,58.0
2025-11-16 05:00:00+00:00,25.2,26.1,466.0,1207.0,26.2,31.8,102.0
2025-11-16 06:00:00+00:00,18.1,18.9,461.0,952.0,14.6,35.6,137.0
2025-11-16 07:00:00+00:00,15.8,16.5,457.0,729.0,9.3,33.2,154.0
2025-11-16 08:00:00+00:00,16.8,17.4,453.0,506.0,7.0,27.6,161.0
2025-11-16 09:00:00+00:00,17.7,18.3,451.0,382.0,6.7,23.3,164.0
2025-11-16 10:00:00+00:00,18.2,18.9,450.0,334.0,4.9,21.4,166.0
2025-11-16 11:00:00+00:00,18.4,19.0,450.0,384.0,5.1,20.8,164.0
2025-11-16 12:00:00+00:00,15.5,15.8,454.0,696.0,16.4,22.5,147.0
2025-11-16 13:00:00+00:00,32.9,33.2,466.0,1579.0,43.9,25.2,110.0
2025-11-16 14:00:00+00:00,44.4,44.6,482.0,2724.0,81.5,29.1,60.0
2025-11-16 15:00:00+00:00,48.3,48.4,493.0,3368.0,107.2,32.3,23.0
2025-11-16 16:00:00+00:00,51.6,51.7,493.0,3052.0,109.9,34.9,13.0
2025-11-16 17:00:00+00:00,53.9,54.1,487.0,2236.0,100.6,37.0,16.0
2025-11-16 18:00:00+00:00,54.1,54.4,481.0,1531.0,91.0,36.6,19.0
2025-11-16 19:00:00+00:00,50.8,51.1,477.0,1160.0,84.4,32.0,18.0
2025-11-16 20:00:00+00:00,45.2,45.4,474.0,901.0,77.4,25.1,18.0
2025-11-16 21:00:00+00:00,40.2,40.5,471.0,704.0,71.0,19.5,17.0
2025-11-16 22:00:00+00:00,35.5,35.9,469.0,493.0,65.3,16.4,16.0
2025-11-16 23:00:00+00:00,30.3,30.5,469.0,344.0,60.3,14.7,16.0
2025-11-17 00:00:00+00:00,29.7,30.0,471.0,435.0,58.6,14.1,12.0
2025-11-17 01:00:00+00:00,27.4,27.6,480.0,1020.0,59.7,15.6,9.0
2025-11-17 02:00:00+00:00,32.9,33.3,492.0,1845.0,60.7,18.0,7.0
2025-11-17 03:00:00+00:00,42.4,42.6,498.0,2332.0,57.4,22.7,17.0
2025-11-17 04:00:00+00:00,40.0,40.4,492.0,2152.0,46.0,32.1,52.0
2025-11-17 05:00:00+00:00,28.8,29.4,479.0,1633.0,30.3,43.7,99.0
2025-11-17 06:00:00+00:00,19.0,19.5,468.0,1185.0,18.2,51.5,138.0
2025-11-17 07:00:00+00:00,18.6,19.0,463.0,949.0,12.7,51.9,161.0
2025-11-17 08:00:00+00:00,20.5,20.8,459.0,782.0,10.7,48.5,175.0
2025-11-17 09:00:00+00:00,22.5,22.9,457.0,669.0,10.6,45.7,183.0
2025-11-17 10:00:00+00:00,24.6,25.1,455.0,590.0,11.0,45.9,189.0
2025-11-17 11:00:00+00:00,26.3,26.7,453.0,564.0,13.2,46.8,190.0
2025-11-17 12:00:00+00:00,27.0,27.4,454.0,632.0,19.1,49.2,185.0
2025-11-17 13:00:00+00:00,44.9,45.4,458.0,876.0,36.8,44.6,147.0
2025-11-17 14:00:00+00:00,44.9,45.5,465.0,1215.0,60.9,38.2,94.0
2025-11-17 15:00:00+00:00,42.6,43.4,470.0,1442.0,77.1,32.8,54.0
2025-11-17 16:00:00+00:00,41.1,42.3,473.0,1464.0,77.5,29.6,40.0
2025-11-17 17:00:00+00:00,41.3,42.7,475.0,1376.0,70.0,27.6,39.0
2025-11-17 18:00:00+00:00,43.5,45.3,475.0,1250.0,63.6,26.0,38.0
2025-11-17 19:00:00+00:00,45.5,47.6,473.0,1089.0,62.4,25.1,33.0
2025-11-17 20:00:00+00:00,46.3,48.7,470.0,890.0,62.4,24.7,28.0
2025-11-17 21:00:00+00:00,47.3,49.7,469.0,727.0,60.6,23.9,25.0
2025-11-17 22:00:00+00:00,47.5,49.7,470.0,563.0,54.3,21.8,24.0
2025-11-17 23:00:00+00:00,44.5,46.4,473.0,433.0,46.3,19.3,24.0
2025-11-18 00:00:00+00:00,48.1,50.3,477.0,518.0,47.3,21.3,22.0
2025-11-18 01:00:00+00:00,47.3,49.2,484.0,1062.0,50.6,21.3,15.0
2025-11-18 02:00:00+00:00,52.7,54.5,493.0,1821.0,54.6,21.5,7.0
2025-11-18 03:00:00+00:00,59.3,60.8,495.0,2241.0,53.5,24.1,13.0
2025-11-18 04:00:00+00:00,46.1,48.4,486.0,1988.0,42.5,31.4,47.0
2025-11-18 05:00:00+00:00,32.0,36.1,470.0,1396.0,26.5,41.1,95.0
2025-11-18 06:00:00+00:00,29.5,32.4,458.0,919.0,14.2,47.6,136.0
2025-11-18 07:00:00+00:00,28.9,31.0,454.0,738.0,9.1,48.1,161.0
2025-11-18 08:00:00+00:00,29.4,31.2,454.0,672.0,7.7,45.5,178.0
2025-11-18 09:00:00+00:00,30.4,32.2,454.0,633.0,8.0,43.2,188.0
2025-11-18 10:00:00+00:00,31.3,33.2,452.0,575.0,8.3,42.8,192.0
2025-11-18 11:00:00+00:00,31.9,33.9,449.0,544.0,10.2,42.7,187.0
2025-11-18 12:00:00+00:00,31.7,33.4,449.0,591.0,16.2,44.6,177.0
2025-11-18 13:00:00+00:00,45.5,47.3,452.0,783.0,32.8,40.4,139.0
2025-11-18 14:00:00+00:00,45.4,47.4,457.0,1054.0,55.6,34.6,85.0
2025-11-18 15:00:00+00:00,44.6,46.9,461.0,1250.0,72.3,30.0,44.0
2025-11-18 16:00:00+00:00,45.5,48.1,464.0,1302.0,77.3,28.0,27.0
2025-11-18 17:00:00+00:00,46.9,49.5,466.0,1280.0,76.3,27.2,21.0
2025-11-18 18:00:00+00:00,48.3,51.0,470.0,1245.0,73.5,26.1,18.0
2025-11-18 19:00:00+00:00,48.3,51.0,477.0,1230.0,70.3,24.0,15.0
2025-11-18 20:00:00+00:00,47.3,50.1,485.0,1201.0,65.4,21.5,15.0
2025-11-18 21:00:00+00:00,46.1,49.1,491.0,1116.0,59.4,19.4,16.0
2025-11-18 22:00:00+00:00,44.2,47.4,492.0,868.0,50.5,17.5,20.0
2025-11-18 23:00:00+00:00,41.4,44.7,491.0,563.0,40.4,16.0,26.0
2025-11-19 00:00:00+00:00,44.4,48.1,490.0,477.0,43.4,18.3,23.0
2025-11-19 01:00:00+00:00,44.1,47.7,493.0,846.0,48.2,19.5,16.0
2025-11-19 02:00:00+00:00,50.9,54.7,496.0,1433.0,54.4,21.3,9.0
2025-11-19 03:00:00+00:00,59.6,62.9,495.0,1803.0,54.8,24.1,14.0
2025-11-19 04:00:00+00:00,45.5,49.0,487.0,1741.0,44.2,28.6,44.0
2025-11-19 05:00:00+00:00,35.0,39.5,475.0,1462.0,27.8,34.0,87.0
2025-11-19 06:00:00+00:00,32.1,35.9,465.0,1175.0,15.1,38.8,124.0
2025-11-19 07:00:00+00:00,33.2,36.1,458.0,917.0,9.7,42.6,150.0
2025-11-19 08:00:00+00:00,35.0,37.6,453.0,650.0,7.9,45.7,171.0
2025-11-19 09:00:00+00:00,36.7,39.0,449.0,469.0,7.8,47.4,183.0
2025-11-19 10:00:00+00:00,37.6,39.9,447.0,409.0,8.4,47.3,184.0
2025-11-19 11:00:00+00:00,37.5,39.7,447.0,434.0,10.8,45.7,177.0
2025-11-19 12:00:00+00:00,34.1,35.9,449.0,537.0,14.8,43.0,158.0
2025-11-19 13:00:00+00:00,41.7,43.0,453.0,775.0,29.7,39.3,125.0
2025-11-19 14:00:00+00:00,42.8,44.1,458.0,1091.0,50.2,34.2,80.0
2025-11-19 15:00:00+00:00,41.2,42.5,462.0,1298.0,64.9,29.9,45.0
2025-11-19 16:00:00+00:00,39.7,41.0,463.0,1307.0,69.2,27.4,31.0
2025-11-19 17:00:00+00:00,38.8,40.0,463.0,1208.0,67.6,25.7,28.0
2025-11-19 18:00:00+00:00,38.1,39.2,463.0,1088.0,62.5,23.7,29.0
2025-11-19 19:00:00+00:00,35.6,36.8,463.0,963.0,52.6,20.9,36.0
2025-11-19 20:00:00+00:00,32.1,33.4,462.0,818.0,39.1,17.8,47.0
2025-11-19 21:00:00+00:00,29.5,30.9,463.0,687.0,28.3,15.5,55.0
2025-11-19 22:00:00+00:00,27.9,29.3,465.0,515.0,21.7,14.1,57.0
2025-11-19 23:00:00+00:00,27.2,28.6,467.0,359.0,17.8,13.5,55.0
2025-11-20 00:00:00+00:00,33.5,35.0,471.0,424.0,24.1,14.2,40.0
2025-11-20 01:00:00+00:00,38.8,40.0,478.0,954.0,31.9,15.3,27.0
2025-11-20 02:00:00+00:00,50.3,51.6,486.0,1705.0,42.1,17.2,11.0
2025-11-20 03:00:00+00:00,60.3,61.2,489.0,2150.0,46.8,20.5,11.0
2025-11-20 04:00:00+00:00,46.4,47.7,484.0,1986.0,40.6,26.5,39.0
2025-11-20 05:00:00+00:00,32.4,34.2,474.0,1517.0,28.8,34.0,83.0
2025-11-20 06:00:00+00:00,29.0,30.6,466.0,1119.0,19.0,40.3,122.0
2025-11-20 07:00:00+00:00,30.2,31.7,462.0,928.0,13.6,44.5,150.0
2025-11-20 08:00:00+00:00,33.1,34.6,460.0,809.0,10.1,47.4,173.0
2025-11-20 09:00:00+00:00,35.0,36.4,458.0,738.0,8.8,48.8,186.0
2025-11-20 10:00:00+00:00,36.3,37.7,456.0,713.0,9.2,48.5,189.0
2025-11-20 11:00:00+00:00,36.7,38.1,454.0,736.0,11.7,46.7,182.0
2025-11-20 12:00:00+00:00,31.7,32.2,454.0,788.0,16.4,48.8,173.0
2025-11-20 13:00:00+00:00,36.1,36.7,455.0,872.0,27.7,43.7,139.0
2025-11-20 14:00:00+00:00,36.8,37.5,458.0,984.0,43.3,36.6,92.0
2025-11-20 15:00:00+00:00,34.2,34.8,461.0,1094.0,54.8,30.8,55.0
2025-11-20 16:00:00+00:00,33.1,33.6,465.0,1230.0,58.7,27.7,38.0
2025-11-20 17:00:00+00:00,33.3,34.0,468.0,1363.0,58.6,25.8,32.0
2025-11-20 18:00:00+00:00,34.1,34.8,471.0,1375.0,56.6,24.0,28.0
2025-11-20 19:00:00+00:00,33.4,34.0,471.0,1162.0,52.6,21.8,26.0
2025-11-20 20:00:00+00:00,31.1,31.8,470.0,829.0,46.8,19.6,26.0
2025-11-20 21:00:00+00:00,29.7,30.5,470.0,568.0,42.1,17.8,25.0
2025-11-20 22:00:00+00:00,30.4,31.1,472.0,413.0,39.6,16.4,21.0
2025-11-20 23:00:00+00:00,33.1,33.6,475.0,331.0,38.2,15.3,17.0
2025-11-21 00:00:00+00:00,38.0,38.4,479.0,416.0,46.0,16.7,9.0
2025-11-21 01:00:00+00:00,38.5,38.9,486.0,838.0,46.1,17.5,5.0
2025-11-21 02:00:00+00:00,46.8,47.1,494.0,1428.0,46.0,18.9,2.0
2025-11-21 03:00:00+00:00,58.6,58.8,497.0,1770.0,44.1,22.8,10.0
2025-11-21 04:00:00+00:00,40.3,40.6,490.0,1625.0,39.4,31.5,38.0
2025-11-21 05:00:00+00:00,24.2,24.7,477.0,1232.0,33.0,42.6,77.0
2025-11-21 06:00:00+00:00,24.4,24.8,467.0,891.0,26.7,50.5,113.0
2025-11-21 07:00:00+00:00,26.1,26.7,462.0,683.0,20.4,52.4,144.0
2025-11-21 08:00:00+00:00,27.9,28.6,458.0,527.0,14.2,51.0,171.0
2025-11-21 09:00:00+00:00,29.5,30.5,457.0,478.0,10.9,49.3,188.0
2025-11-21 10:00:00+00:00,31.1,32.1,457.0,575.0,10.5,48.4,192.0
2025-11-21 11:00:00+00:00,32.1,33.2,460.0,779.0,12.9,47.1,186.0
2025-11-21 12:00:00+00:00,48.9,50.9,463.0,1025.0,19.5,49.9,174.0
2025-11-21 13:00:00+00:00,56.9,58.4,468.0,1341.0,36.2,45.2,135.0
2025-11-21 14:00:00+00:00,56.8,58.2,475.0,1701.0,59.1,38.6,82.0
2025-11-21 15:00:00+00:00,54.1,55.6,481.0,1958.0,76.1,33.5,40.0
2025-11-21 16:00:00+00:00,53.8,55.4,487.0,2084.0,81.7,31.6,22.0
2025-11-21 17:00:00+00:00,56.7,58.3,494.0,2107.0,81.3,31.1,15.0
2025-11-21 18:00:00+00:00,59.8,61.5,496.0,1973.0,79.0,30.0,12.0
2025-11-21 19:00:00+00:00,59.3,60.8,492.0,1562.0,76.2,27.4,9.0
2025-11-21 20:00:00+00:00,56.1,58.0,483.0,993.0,71.5,24.2,10.0
2025-11-21 21:00:00+00:00,50.9,52.7,477.0,569.0,64.9,21.4,13.0
2025-11-21 22:00:00+00:00,46.3,48.2,474.0,381.0,54.1,19.2,20.0
2025-11-21 23:00:00+00:00,42.6,44.6,472.0,337.0,41.4,17.5,29.0
2025-11-22 00:00:00+00:00,41.2,43.0,473.0,463.0,38.7,17.4,32.0
2025-11-22 01:00:00+00:00,40.5,42.1,479.0,910.0,44.1,17.9,26.0
2025-11-22 02:00:00+00:00,45.3,46.8,488.0,1526.0,51.1,18.8,20.0
2025-11-22 03:00:00+00:00,51.3,52.6,492.0,1884.0,52.9,20.5,27.0
2025-11-22 04:00:00+00:00,52.9,54.1,488.0,1735.0,44.7,23.7,59.0
2025-11-22 05:00:00+00:00,50.8,52.6,479.0,1329.0,31.3,27.8,103.0
2025-11-22 06:00:00+00:00,52.4,56.5,472.0,980.0,20.3,31.3,140.0
2025-11-22 07:00:00+00:00,49.2,54.2,467.0,792.0,14.2,33.4,160.0
2025-11-22 08:00:00+00:00,47.0,52.2,464.0,662.0,10.5,34.9,173.0
2025-11-22 09:00:00+00:00,47.3,52.5,462.0,600.0,9.4,36.5,180.0
2025-11-22 10:00:00+00:00,48.3,53.7,462.0,617.0,10.4,38.9,186.0
2025-11-22 11:00:00+00:00,49.4,54.5,463.0,702.0,14.1,41.4,187.0
2025-11-22 12:00:00+00:00,64.3,69.8,465.0,836.0,19.9,49.5,181.0
2025-11-22 13:00:00+00:00,73.1,78.0,468.0,1048.0,33.0,45.9,146.0
2025-11-22 14:00:00+00:00,72.4,77.5,471.0,1309.0,51.2,41.0,98.0
2025-11-22 15:00:00+00:00,69.6,75.7,474.0,1514.0,65.9,37.3,58.0
2025-11-22 16:00:00+00:00,68.0,75.0,476.0,1627.0,74.2,36.4,35.0
2025-11-22 17:00:00+00:00,69.8,78.0,477.0,1684.0,79.0,36.7,21.0
2025-11-22 18:00:00+00:00,78.2,86.8,480.0,1692.0,80.2,35.6,12.0
2025-11-22 19:00:00+00:00,81.5,87.5,486.0,1655.0,76.4,31.3,8.0
2025-11-22 20:00:00+00:00,75.2,79.6,494.0,1569.0,69.0,25.5,9.0
2025-11-22 21:00:00+00:00,70.3,73.6,499.0,1423.0,61.9,20.9,11.0
2025-11-22 22:00:00+00:00,66.1,69.4,498.0,1105.0,56.0,18.4,12.0
2025-11-22 23:00:00+00:00,62.6,65.9,493.0,728.0,50.4,17.2,14.0
2025-11-23 00:00:00+00:00,72.2,75.4,491.0,619.0,49.8,15.7,8.0
2025-11-23 01:00:00+00:00,68.2,72.4,496.0,1077.0,52.4,17.5,5.0
2025-11-23 02:00:00+00:00,72.4,76.6,503.0,1802.0,55.4,20.6,2.0
2025-11-23 03:00:00+00:00,79.4,83.4,505.0,2223.0,53.9,26.3,13.0
2025-11-23 04:00:00+00:00,70.8,76.4,498.0,2022.0,43.5,38.3,49.0
2025-11-23 05:00:00+00:00,56.5,68.2,485.0,1515.0,28.5,53.1,99.0
2025-11-23 06:00:00+00:00,51.0,65.0,475.0,1084.0,16.6,61.5,139.0
2025-11-23 07:00:00+00:00,50.2,62.4,469.0,852.0,10.7,57.9,161.0
2025-11-23 08:00:00+00:00,48.8,62.2,466.0,695.0,7.9,48.0,172.0
2025-11-23 09:00:00+00:00,47.3,63.1,463.0,617.0,7.1,39.8,177.0
2025-11-23 10:00:00+00:00,46.4,63.1,461.0,625.0,7.1,36.5,176.0
2025-11-23 11:00:00+00:00,46.7,61.7,461.0,713.0,9.1,34.9,167.0
2025-11-23 12:00:00+00:00,50.8,58.9,462.0,865.0,17.4,36.7,156.0
2025-11-23 13:00:00+00:00,68.9,74.5,466.0,1124.0,40.3,35.3,120.0
2025-11-23 14:00:00+00:00,74.0,78.5,471.0,1449.0,71.8,33.4,70.0
2025-11-23 15:00:00+00:00,76.4,80.3,477.0,1696.0,94.5,32.2,32.0
2025-11-23 16:00:00+00:00,79.9,83.8,483.0,1840.0,100.5,33.0,17.0
2025-11-23 17:00:00+00:00,84.3,88.0,488.0,1908.0,97.6,34.7,15.0
2025-11-23 18:00:00+00:00,78.9,81.5,491.0,1837.0,92.1,34.6,14.0
2025-11-23 19:00:00+00:00,69.6,71.9,489.0,1524.0,85.6,31.3,13.0
2025-11-23 20:00:00+00:00,61.0,63.3,485.0,1073.0,76.5,26.2,13.0
2025-11-23 21:00:00+00:00,54.4,56.6,481.0,733.0,66.4,22.0,16.0
2025-11-23 22:00:00+00:00,49.1,51.1,478.0,571.0,53.5,19.2,22.0
2025-11-23 23:00:00+00:00,44.7,46.7,476.0,518.0,39.6,17.1,29.0
2025-11-24 00:00:00+00:00,47.3,49.5,475.0,623.0,45.4,17.3,21.0
2025-11-24 01:00:00+00:00,45.2,47.1,478.0,1027.0,49.3,19.1,18.0
2025-11-24 02:00:00+00:00,49.5,51.5,484.0,1587.0,54.1,21.8,15.0
2025-11-24 03:00:00+00:00,56.0,58.0,486.0,1922.0,53.6,24.7,23.0
2025-11-24 04:00:00+00:00,55.5,57.6,482.0,1826.0,42.6,28.6,52.0
2025-11-24 05:00:00+00:00,49.8,53.3,476.0,1504.0,26.1,32.7,93.0
2025-11-24 06:00:00+00:00,37.7,42.7,469.0,1187.0,13.4,34.1,124.0
2025-11-24 07:00:00+00:00,31.3,36.8,463.0,908.0,7.6,30.4,138.0
2025-11-24 08:00:00+00:00,28.9,34.1,457.0,634.0,5.5,24.0,143.0
2025-11-24 09:00:00+00:00,27.1,31.7,453.0,499.0,6.3,19.1,142.0
2025-11-24 10:00:00+00:00,25.7,29.8,453.0,545.0,9.3,17.3,137.0
2025-11-24 11:00:00+00:00,25.0,28.6,455.0,730.0,15.2,17.1,127.0
2025-11-24 12:00:00+00:00,31.1,34.2,461.0,1061.0,21.3,20.7,122.0
2025-11-24 13:00:00+00:00,55.8,58.7,474.0,1742.0,46.3,27.1,91.0
2025-11-24 14:00:00+00:00,73.1,76.4,490.0,2569.0,80.3,35.7,49.0
2025-11-24 15:00:00+00:00,79.6,82.4,498.0,2942.0,102.3,40.2,19.0
2025-11-24 16:00:00+00:00,71.2,72.9,492.0,2431.0,101.9,36.7,11.0
2025-11-24 17:00:00+00:00,58.1,58.8,478.0,1465.0,89.4,29.2,15.0
2025-11-24 18:00:00+00:00,47.4,48.0,467.0,728.0,74.8,22.5,23.0
2025-11-24 19:00:00+00:00,41.8,42.6,464.0,521.0,59.6,18.4,33.0
2025-11-24 20:00:00+00:00,39.1,40.4,464.0,544.0,42.3,15.3,46.0
2025-11-24 21:00:00+00:00,38.2,39.8,465.0,578.0,28.0,13.1,58.0
2025-11-24 22:00:00+00:00,37.7,39.8,465.0,523.0,18.0,11.9,69.0
2025-11-24 23:00:00+00:00,37.3,39.6,465.0,480.0,11.1,11.7,80.0
2025-11-25 00:00:00+00:00,37.0,39.5,466.0,531.0,11.6,12.3,74.0
2025-11-25 01:00:00+00:00,36.9,39.2,469.0,787.0,19.3,13.0,68.0
2025-11-25 02:00:00+00:00,39.1,41.4,473.0,1136.0,29.5,14.2,62.0
2025-11-25 03:00:00+00:00,42.5,44.7,474.0,1328.0,34.7,16.2,64.0
2025-11-25 04:00:00+00:00,43.3,45.3,471.0,1216.0,30.2,20.2,83.0
2025-11-25 05:00:00+00:00,41.7,44.1,466.0,946.0,20.7,25.0,111.0
2025-11-25 06:00:00+00:00,42.8,45.3,461.0,711.0,12.8,27.8,133.0
2025-11-25 07:00:00+00:00,36.3,38.4,457.0,562.0,8.2,26.7,145.0
2025-11-25 08:00:00+00:00,32.8,34.7,454.0,448.0,5.1,23.5,152.0
2025-11-25 09:00:00+00:00,33.4,35.3,452.0,401.0,4.7,21.1,153.0
2025-11-25 10:00:00+00:00,33.8,35.6,452.0,457.0,7.9,20.6,149.0
2025-11-25 11:00:00+00:00,34.5,36.3,453.0,581.0,13.8,20.7,139.0
2025-11-25 12:00:00+00:00,29.5,30.2,455.0,700.0,19.4,21.3,126.0
2025-11-25 13:00:00+00:00,40.5,40.9,458.0,805.0,31.1,21.3,104.0
2025-11-25 14:00:00+00:00,43.4,43.8,461.0,906.0,46.7,21.3,75.0
2025-11-25 15:00:00+00:00,41.9,42.4,464.0,958.0,55.1,21.1,55.0
2025-11-25 16:00:00+00:00,41.4,42.0,465.0,934.0,49.7,20.7,55.0
2025-11-25 17:00:00+00:00,42.4,43.2,466.0,863.0,37.1,20.3,66.0
2025-11-25 18:00:00+00:00,43.7,44.6,466.0,784.0,26.1,19.8,75.0
2025-11-25 19:00:00+00:00,44.0,45.1,465.0,704.0,19.9,19.4,80.0
2025-11-25 20:00:00+00:00,43.9,45.1,463.0,617.0,15.3,19.1,83.0
2025-11-25 21:00:00+00:00,43.9,45.2,462.0,546.0,11.9,18.8,86.0
2025-11-25 22:00:00+00:00,44.1,45.4,461.0,465.0,8.7,18.5,89.0
2025-11-25 23:00:00+00:00,44.5,45.9,460.0,401.0,6.6,18.3,92.0
2025-11-26 00:00:00+00:00,44.9,46.2,461.0,452.0,7.9,18.5,91.0
2025-11-26 01:00:00+00:00,45.9,47.1,464.0,751.0,16.9,19.4,81.0
2025-11-26 02:00:00+00:00,49.4,50.6,468.0,1167.0,28.9,20.7,68.0
2025-11-26 03:00:00+00:00,53.6,54.7,470.0,1402.0,35.5,21.7,65.0
2025-11-26 04:00:00+00:00,54.2,55.4,468.0,1285.0,31.7,22.2,80.0
2025-11-26 05:00:00+00:00,49.6,50.9,463.0,987.0,22.4,22.4,104.0
2025-11-26 06:00:00+00:00,36.7,37.8,459.0,732.0,14.5,21.9,125.0
2025-11-26 07:00:00+00:00,25.1,26.1,455.0,575.0,9.5,19.9,138.0
2025-11-26 08:00:00+00:00,21.7,22.9,452.0,461.0,5.8,17.2,147.0
2025-11-26 09:00:00+00:00,21.1,22.4,451.0,444.0,5.1,15.4,150.0
2025-11-26 10:00:00+00:00,20.8,22.0,453.0,578.0,8.5,15.4,146.0
2025-11-26 11:00:00+00:00,20.7,21.9,456.0,809.0,14.9,16.3,135.0
2025-11-26 12:00:00+00:00,31.4,32.7,460.0,1030.0,26.1,18.7,120.0
2025-11-26 13:00:00+00:00,46.1,47.0,464.0,1251.0,44.3,19.1,93.0
2025-11-26 14:00:00+00:00,48.5,49.2,467.0,1462.0,68.7,19.6,55.0
2025-11-26 15:00:00+00:00,40.2,40.6,469.0,1532.0,81.4,19.3,32.0
2025-11-26 16:00:00+00:00,34.0,34.5,468.0,1352.0,71.7,17.5,35.0
2025-11-26 17:00:00+00:00,31.0,31.4,465.0,1030.0,50.4,14.9,52.0
2025-11-26 18:00:00+00:00,29.9,30.6,462.0,764.0,32.3,12.8,67.0
2025-11-26 19:00:00+00:00,30.4,31.2,460.0,630.0,22.7,11.7,75.0
2025-11-26 20:00:00+00:00,31.7,32.6,459.0,552.0,16.3,11.1,81.0
2025-11-26 21:00:00+00:00,33.3,34.3,458.0,497.0,11.6,10.9,87.0
2025-11-26 22:00:00+00:00,34.6,35.7,458.0,439.0,7.9,11.1,93.0
2025-11-26 23:00:00+00:00,35.5,36.7,459.0,405.0,5.8,11.7,98.0
2025-11-27 00:00:00+00:00,35.0,36.2,460.0,440.0,7.9,12.1,90.0
2025-11-27 01:00:00+00:00,36.0,37.1,462.0,620.0,14.2,13.4,86.0
2025-11-27 02:00:00+00:00,38.6,39.8,464.0,869.0,22.7,15.2,80.0
2025-11-27 03:00:00+00:00,41.1,42.3,465.0,1008.0,27.0,17.1,81.0
2025-11-27 04:00:00+00:00,41.7,42.6,463.0,931.0,23.3,19.2,93.0
2025-11-27 05:00:00+00:00,37.1,38.3,459.0,745.0,15.6,21.3,112.0
2025-11-27 06:00:00+00:00,29.0,29.9,456.0,586.0,9.2,22.1,127.0
2025-11-27 07:00:00+00:00,24.5,25.6,453.0,495.0,6.0,20.4,136.0
2025-11-27 08:00:00+00:00,25.1,26.4,451.0,433.0,4.2,17.4,141.0
2025-11-27 09:00:00+00:00,25.4,26.7,450.0,416.0,4.2,15.2,143.0
2025-11-27 10:00:00+00:00,25.8,27.2,450.0,466.0,6.4,14.7,141.0
2025-11-27 11:00:00+00:00,26.7,27.9,451.0,563.0,10.3,15.0,135.0
2025-11-27 12:00:00+00:00,31.2,32.0,453.0,661.0,15.4,16.1,126.0
2025-11-27 13:00:00+00:00,37.5,38.1,456.0,764.0,21.4,16.9,113.0
2025-11-27 14:00:00+00:00,39.9,40.5,459.0,869.0,29.4,18.0,95.0
2025-11-27 15:00:00+00:00,39.5,39.9,461.0,919.0,33.5,18.9,83.0
2025-11-27 16:00:00+00:00,37.8,38.4,461.0,877.0,30.4,19.4,83.0
2025-11-27 17:00:00+00:00,36.3,36.8,459.0,780.0,23.4,19.7,89.0
2025-11-27 18:00:00+00:00,34.5,35.0,458.0,680.0,17.0,19.8,96.0
2025-11-27 19:00:00+00:00,32.6,33.2,457.0,580.0,12.5,19.6,102.0
2025-11-27 20:00:00+00:00,31.3,31.9,456.0,476.0,8.7,19.1,107.0
2025-11-27 21:00:00+00:00,31.1,31.5,455.0,411.0,6.0,18.8,111.0
2025-11-27 22:00:00+00:00,31.4,31.9,455.0,389.0,4.3,18.7,112.0
2025-11-27 23:00:00+00:00,31.9,32.5,454.0,406.0,3.7,18.7,111.0
2025-11-28 00:00:00+00:00,31.5,32.2,455.0,487.0,5.8,19.0,104.0
2025-11-28 01:00:00+00:00,32.2,32.9,457.0,702.0,12.2,19.7,97.0
2025-11-28 02:00:00+00:00,34.6,35.4,460.0,982.0,20.7,20.6,88.0
2025-11-28 03:00:00+00:00,37.5,38.3,461.0,1147.0,25.4,21.6,86.0
2025-11-28 04:00:00+00:00,38.6,39.6,460.0,1099.0,22.7,22.9,99.0
2025-11-28 05:00:00+00:00,39.1,40.5,457.0,936.0,16.1,24.2,118.0
2025-11-28 06:00:00+00:00,41.2,43.0,455.0,777.0,10.6,24.5,135.0
2025-11-28 07:00:00+00:00,41.1,42.8,453.0,640.0,7.3,22.7,145.0
2025-11-28 08:00:00+00:00,39.0,40.7,450.0,508.0,4.9,19.9,151.0
2025-11-28 09:00:00+00:00,37.7,39.6,449.0,446.0,4.8,17.9,153.0
2025-11-28 10:00:00+00:00,37.4,39.2,449.0,501.0,7.9,17.8,149.0
2025-11-28 11:00:00+00:00,38.0,39.7,450.0,627.0,13.2,18.5,140.0
2025-11-28 12:00:00+00:00,34.0,34.9,452.0,750.0,19.0,19.8,128.0
2025-11-28 13:00:00+00:00,41.6,42.3,455.0,858.0,25.9,20.0,112.0
2025-11-28 14:00:00+00:00,43.8,44.4,458.0,964.0,35.2,20.2,91.0
2025-11-28 15:00:00+00:00,43.5,44.1,460.0,1025.0,40.1,20.6,77.0
2025-11-28 16:00:00+00:00,43.7,44.2,461.0,1022.0,36.7,21.2,77.0
2025-11-28 17:00:00+00:00,44.0,44.8,461.0,975.0,29.0,21.9,85.0
2025-11-28 18:00:00+00:00,44.2,45.1,460.0,905.0,21.9,22.2,93.0
2025-11-28 19:00:00+00:00,43.3,44.1,459.0,799.0,16.8,21.9,98.0
2025-11-28 20:00:00+00:00,41.9,42.7,458.0,669.0,12.3,21.2,103.0
2025-11-28 21:00:00+00:00,40.7,41.6,457.0,571.0,9.0,20.8,107.0
2025-11-28 22:00:00+00:00,39.7,40.5,457.0,507.0,6.4,20.7,109.0
2025-11-28 23:00:00+00:00,39.0,39.8,459.0,474.0,5.0,20.7,109.0
2025-11-29 00:00:00+00:00,39.2,40.0,460.0,524.0,6.8,20.9,104.0
2025-11-29 01:00:00+00:00,39.7,40.5,462.0,743.0,14.7,22.0,95.0
2025-11-29 02:00:00+00:00,42.5,43.4,465.0,1044.0,25.3,23.5,83.0
2025-11-29 03:00:00+00:00,46.3,47.1,466.0,1220.0,31.1,25.2,81.0
2025-11-29 04:00:00+00:00,47.3,48.1,463.0,1155.0,27.5,27.5,97.0
2025-11-29 05:00:00+00:00,45.8,46.9,459.0,966.0,19.2,30.0,122.0
2025-11-29 06:00:00+00:00,45.5,47.0,455.0,791.0,12.2,31.1,142.0
2025-11-29 07:00:00+00:00,44.6,46.4,452.0,660.0,8.3,29.4,154.0
2025-11-29 08:00:00+00:00,42.3,44.1,450.0,543.0,5.7,26.2,161.0
2025-11-29 09:00:00+00:00,40.9,42.7,449.0,498.0,5.7,23.9,163.0
2025-11-29 10:00:00+00:00,40.3,42.0,449.0,569.0,8.8,23.7,159.0
2025-11-29 11:00:00+00:00,40.7,42.4,451.0,712.0,14.4,24.4,150.0
2025-11-29 12:00:00+00:00,25.4,25.8,453.0,846.0,19.2,24.6,139.0
2025-11-29 13:00:00+00:00,37.8,38.2,455.0,962.0,29.3,23.9,118.0
2025-11-29 14:00:00+00:00,40.3,40.5,458.0,1070.0,42.9,22.9,90.0
2025-11-29 15:00:00+00:00,38.8,39.0,460.0,1123.0,49.9,22.0,72.0
2025-11-29 16:00:00+00:00,38.4,38.9,461.0,1089.0,44.3,21.4,73.0
2025-11-29 17:00:00+00:00,39.1,39.6,461.0,999.0,32.2,20.8,83.0
2025-11-29 18:00:00+00:00,39.2,39.8,461.0,909.0,22.0,20.4,91.0
2025-11-29 19:00:00+00:00,38.4,38.9,460.0,830.0,17.0,20.1,93.0
2025-11-29 20:00:00+00:00,36.8,37.4,459.0,749.0,14.1,19.8,93.0
2025-11-29 21:00:00+00:00,35.5,36.1,459.0,682.0,11.9,19.7,92.0
2025-11-29 22:00:00+00:00,34.6,35.2,459.0,602.0,9.4,19.5,92.0
2025-11-29 23:00:00+00:00,34.0,34.6,460.0,537.0,7.8,19.5,92.0
2025-11-30 00:00:00+00:00,34.1,34.7,461.0,581.0,10.0,19.3,86.0
2025-11-30 01:00:00+00:00,34.7,35.3,464.0,847.0,19.9,20.4,76.0
2025-11-30 02:00:00+00:00,38.4,39.0,469.0,1222.0,33.1,22.1,62.0
2025-11-30 03:00:00+00:00,43.9,44.5,471.0,1466.0,40.0,24.1,61.0
2025-11-30 04:00:00+00:00,49.1,49.6,469.0,1466.0,34.7,26.9,82.0
2025-11-30 05:00:00+00:00,46.3,47.1,465.0,1335.0,23.0,30.0,115.0
2025-11-30 06:00:00+00:00,36.9,38.1,461.0,1171.0,13.7,32.5,141.0
2025-11-30 07:00:00+00:00,30.7,31.7,457.0,938.0,9.3,33.7,153.0
2025-11-30 08:00:00+00:00,27.9,28.8,453.0,672.0,7.1,34.3,158.0
2025-11-30 09:00:00+00:00,26.6,27.5,451.0,582.0,7.7,34.8,157.0
2025-11-30 10:00:00+00:00,26.1,27.0,453.0,823.0,10.4,35.5,152.0
2025-11-30 11:00:00+00:00,25.7,26.5,458.0,1240.0,15.9,36.0,142.0
2025-11-30 12:00:00+00:00,22.4,22.4,463.0,1582.0,25.1,36.5,127.0
2025-11-30 13:00:00+00:00,38.0,38.1,467.0,1746.0,44.1,35.3,99.0
2025-11-30 14:00:00+00:00,39.5,39.6,471.0,1835.0,70.0,33.5,60.0
2025-11-30 15:00:00+00:00,38.1,38.1,475.0,1910.0,88.1,31.9,30.0
2025-11-30 16:00:00+00:00,38.3,38.4,480.0,2026.0,91.0,30.9,19.0
2025-11-30 17:00:00+00:00,39.9,40.2,485.0,2129.0,86.1,30.1,18.0
2025-11-30 18:00:00+00:00,41.6,41.8,489.0,2117.0,80.2,28.7,17.0
2025-11-30 19:00:00+00:00,42.6,42.7,490.0,1914.0,75.9,25.9,13.0
2025-11-30 20:00:00+00:00,42.3,42.5,490.0,1596.0,70.7,22.4,11.0
2025-11-30 21:00:00+00:00,41.6,41.8,489.0,1286.0,63.7,19.9,12.0
2025-11-30 22:00:00+00:00,38.9,39.2,485.0,949.0,51.8,19.0,21.0
2025-11-30 23:00:00+00:00,33.5,33.9,480.0,620.0,38.2,18.9,35.0
2025-12-01 00:00:00+00:00,28.6,29.3,478.0,528.0,30.9,19.3,44.0
2025-12-01 01:00:00+00:00,27.2,28.2,481.0,911.0,40.2,20.3,34.0
2025-12-01 02:00:00+00:00,32.8,34.0,487.0,1532.0,52.4,21.7,21.0
2025-12-01 03:00:00+00:00,44.4,45.5,489.0,1906.0,57.1,23.2,20.0
2025-12-01 04:00:00+00:00,37.6,39.5,482.0,1785.0,47.0,24.9,43.0
2025-12-01 05:00:00+00:00,28.3,33.1,471.0,1416.0,29.5,26.7,79.0
2025-12-01 06:00:00+00:00,22.5,31.1,462.0,1061.0,15.5,27.8,106.0
2025-12-01 07:00:00+00:00,20.0,29.6,456.0,768.0,9.4,27.7,118.0
2025-12-01 08:00:00+00:00,18.9,28.5,451.0,488.0,7.0,26.9,121.0
2025-12-01 09:00:00+00:00,18.0,27.8,448.0,337.0,6.6,26.2,121.0
2025-12-01 10:00:00+00:00,17.6,27.9,448.0,378.0,6.6,26.1,120.0
2025-12-01 11:00:00+00:00,17.4,27.9,449.0,548.0,8.7,26.1,114.0
2025-12-01 12:00:00+00:00,16.0,24.6,452.0,768.0,15.7,24.9,102.0
2025-12-01 13:00:00+00:00,25.8,32.1,457.0,1056.0,32.5,24.0,78.0
2025-12-01 14:00:00+00:00,30.3,36.1,463.0,1394.0,55.7,22.9,45.0
2025-12-01 15:00:00+00:00,31.7,37.4,469.0,1654.0,73.0,22.0,21.0
2025-12-01 16:00:00+00:00,32.9,38.9,473.0,1799.0,79.6,22.0,12.0
2025-12-01 17:00:00+00:00,35.0,41.9,476.0,1864.0,80.4,22.4,12.0
2025-12-01 18:00:00+00:00,37.5,45.9,478.0,1830.0,77.0,22.1,15.0
2025-12-01 19:00:00+00:00,35.4,44.5,477.0,1654.0,67.7,20.6,23.0
2025-12-01 20:00:00+00:00,32.7,41.6,475.0,1378.0,54.4,18.5,34.0
2025-12-01 21:00:00+00:00,31.9,41.1,473.0,1106.0,44.4,16.6,39.0
2025-12-01 22:00:00+00:00,32.4,41.2,470.0,802.0,41.0,14.7,33.0
2025-12-01 23:00:00+00:00,31.2,37.6,467.0,502.0,41.0,13.0,21.0
2025-12-02 00:00:00+00:00,33.4,39.2,467.0,415.0,45.6,15.5,13.0
2025-12-02 01:00:00+00:00,31.9,36.1,472.0,755.0,46.8,16.3,9.0
2025-12-02 02:00:00+00:00,36.7,40.5,480.0,1308.0,48.3,17.7,5.0
2025-12-02 03:00:00+00:00,44.9,47.6,483.0,1642.0,47.2,21.3,12.0
2025-12-02 04:00:00+00:00,40.6,43.9,478.0,1530.0,41.6,29.1,38.0
2025-12-02 05:00:00+00:00,33.9,40.0,470.0,1200.0,33.6,39.2,74.0
2025-12-02 06:00:00+00:00,30.9,42.7,462.0,902.0,26.3,46.9,105.0
2025-12-02 07:00:00+00:00,29.8,48.3,457.0,694.0,20.5,50.3,125.0
2025-12-02 08:00:00+00:00,30.3,51.2,453.0,518.0,15.6,51.4,139.0
2025-12-02 09:00:00+00:00,30.5,49.6,451.0,456.0,12.8,51.6,148.0
2025-12-02 10:00:00+00:00,31.0,48.1,451.0,544.0,10.3,51.1,156.0
2025-12-02 11:00:00+00:00,31.5,47.1,452.0,746.0,10.0,49.7,159.0
2025-12-02 12:00:00+00:00,29.5,44.1,456.0,1032.0,18.0,52.6,151.0
2025-12-02 13:00:00+00:00,49.2,61.7,466.0,1533.0,48.1,52.5,111.0
2025-12-02 14:00:00+00:00,60.5,70.8,478.0,2118.0,89.0,52.1,56.0
2025-12-02 15:00:00+00:00,64.5,72.6,484.0,2363.0,116.3,50.6,17.0
2025-12-02 16:00:00+00:00,68.0,74.7,479.0,1957.0,118.2,47.6,7.0
2025-12-02 17:00:00+00:00,65.7,70.5,469.0,1212.0,106.4,43.4,12.0
2025-12-02 18:00:00+00:00,54.4,56.9,461.0,637.0,91.3,38.2,20.0
2025-12-02 19:00:00+00:00,44.4,45.9,459.0,452.0,74.2,31.0,30.0
2025-12-02 20:00:00+00:00,37.0,38.1,460.0,437.0,53.8,22.7,43.0
2025-12-02 21:00:00+00:00,32.0,32.9,460.0,440.0,36.6,16.3,55.0
2025-12-02 22:00:00+00:00,27.9,29.0,459.0,380.0,24.0,13.2,64.0
2025-12-02 23:00:00+00:00,24.3,25.5,458.0,338.0,14.6,12.0,71.0
2025-12-03 00:00:00+00:00,23.6,24.7,458.0,404.0,12.8,11.8,64.0
2025-12-03 01:00:00+00:00,22.2,23.4,461.0,697.0,21.5,12.7,56.0
2025-12-03 02:00:00+00:00,24.3,25.6,466.0,1099.0,33.2,14.0,46.0
2025-12-03 03:00:00+00:00,28.3,29.5,468.0,1345.0,39.1,15.2,46.0
2025-12-03 04:00:00+00:00,31.2,32.0,467.0,1300.0,33.8,16.2,67.0
2025-12-03 05:00:00+00:00,26.1,27.6,464.0,1100.0,22.8,17.1,98.0
2025-12-03 06:00:00+00:00,21.8,24.0,460.0,887.0,13.7,17.5,123.0
2025-12-03 07:00:00+00:00,19.2,21.6,456.0,671.0,9.3,17.0,135.0
2025-12-03 08:00:00+00:00,18.0,20.4,451.0,442.0,6.8,16.0,140.0
2025-12-03 09:00:00+00:00,17.5,19.6,448.0,309.0,6.0,15.2,142.0
2025-12-03 10:00:00+00:00,17.0,19.0,448.0,345.0,6.9,14.8,140.0
2025-12-03 11:00:00+00:00,16.9,18.7,449.0,478.0,9.5,14.7,135.0
2025-12-03 12:00:00+00:00,18.6,20.2,451.0,597.0,12.9,14.7,124.0
2025-12-03 13:00:00+00:00,25.6,26.7,453.0,676.0,18.6,14.6,109.0
2025-12-03 14:00:00+00:00,27.6,28.6,456.0,742.0,26.2,14.5,89.0
2025-12-03 15:00:00+00:00,27.5,28.6,458.0,761.0,30.9,14.4,74.0
2025-12-03 16:00:00+00:00,28.3,29.6,458.0,703.0,30.0,14.4,68.0
2025-12-03 17:00:00+00:00,29.4,30.9,458.0,599.0,26.0,14.5,68.0
2025-12-03 18:00:00+00:00,29.8,31.3,457.0,506.0,21.7,14.4,69.0
2025-12-03 19:00:00+00:00,29.4,31.1,456.0,439.0,17.5,13.9,73.0
2025-12-03 20:00:00+00:00,28.8,30.5,455.0,383.0,13.0,13.3,78.0
2025-12-03 21:00:00+00:00,28.5,30.2,454.0,347.0,9.5,13.0,83.0
2025-12-03 22:00:00+00:00,28.2,29.9,454.0,318.0,7.0,13.3,86.0
2025-12-03 23:00:00+00:00,28.0,29.6,454.0,308.0,5.5,13.9,87.0
2025-12-04 00:00:00+00:00,28.1,29.6,455.0,365.0,6.9,14.5,84.0
2025-12-04 01:00:00+00:00,28.4,29.8,457.0,565.0,12.8,15.9,78.0
2025-12-04 02:00:00+00:00,30.4,31.5,460.0,831.0,20.8,17.8,70.0
2025-12-04 03:00:00+00:00,32.6,33.6,461.0,984.0,25.1,19.4,69.0
2025-12-04 04:00:00+00:00,33.1,33.9,460.0,919.0,22.2,20.6,80.0
2025-12-04 05:00:00+00:00,30.0,30.9,458.0,740.0,15.6,21.4,97.0
2025-12-04 06:00:00+00:00,24.8,25.4,456.0,583.0,10.2,21.7,113.0
2025-12-04 07:00:00+00:00,21.5,21.9,454.0,475.0,7.4,20.9,125.0
2025-12-04 08:00:00+00:00,20.4,20.8,452.0,390.0,5.7,19.4,135.0
2025-12-04 09:00:00+00:00,20.3,20.7,451.0,380.0,5.4,18.4,140.0
2025-12-04 10:00:00+00:00,20.4,20.8,452.0,487.0,5.9,18.4,140.0
2025-12-04 11:00:00+00:00,20.3,20.7,453.0,671.0,7.9,18.9,135.0
2025-12-04 12:00:00+00:00,15.6,15.7,456.0,863.0,13.8,21.4,124.0
2025-12-04 13:00:00+00:00,27.5,27.6,460.0,1086.0,29.0,20.7,99.0
2025-12-04 14:00:00+00:00,30.5,30.5,466.0,1317.0,49.4,19.6,64.0
2025-12-04 15:00:00+00:00,27.4,27.4,469.0,1420.0,61.1,18.3,41.0
2025-12-04 16:00:00+00:00,24.3,24.3,469.0,1296.0,55.6,16.6,42.0
2025-12-04 17:00:00+00:00,22.3,22.3,467.0,1044.0,41.3,14.8,54.0
2025-12-04 18:00:00+00:00,21.4,21.5,465.0,821.0,29.2,13.3,64.0
2025-12-04 19:00:00+00:00,20.9,21.0,463.0,678.0,23.2,12.5,66.0
2025-12-04 20:00:00+00:00,20.0,20.1,462.0,565.0,19.3,12.1,66.0
2025-12-04 21:00:00+00:00,19.0,19.2,461.0,486.0,16.5,11.9,65.0
2025-12-04 22:00:00+00:00,18.2,18.3,461.0,411.0,13.7,11.7,64.0
2025-12-04 23:00:00+00:00,17.4,17.6,461.0,370.0,12.0,11.7,61.0
2025-12-05 00:00:00+00:00,17.6,17.7,463.0,465.0,14.5,11.5,53.0
2025-12-05 01:00:00+00:00,18.4,18.5,468.0,829.0,24.6,12.8,40.0
2025-12-05 02:00:00+00:00,23.4,23.6,475.0,1327.0,38.1,14.7,24.0
2025-12-05 03:00:00+00:00,31.3,31.4,479.0,1658.0,45.2,17.4,21.0
2025-12-05 04:00:00+00:00,30.3,30.4,478.0,1684.0,39.9,21.6,45.0
2025-12-05 05:00:00+00:00,26.3,26.5,473.0,1542.0,28.2,26.5,82.0
2025-12-05 06:00:00+00:00,17.8,18.0,468.0,1338.0,18.3,29.7,113.0
2025-12-05 07:00:00+00:00,18.5,18.7,462.0,1032.0,12.9,29.9,131.0
2025-12-05 08:00:00+00:00,18.7,19.0,456.0,664.0,9.4,28.3,143.0
2025-12-05 09:00:00+00:00,18.0,18.4,452.0,458.0,7.9,26.4,149.0
2025-12-05 10:00:00+00:00,17.0,17.4,452.0,544.0,6.9,24.3,150.0
2025-12-05 11:00:00+00:00,16.0,16.4,455.0,793.0,7.9,21.9,144.0
2025-12-05 12:00:00+00:00,15.9,16.2,459.0,1039.0,15.8,21.1,126.0
2025-12-05 13:00:00+00:00,30.4,30.6,464.0,1282.0,33.9,19.9,98.0
2025-12-05 14:00:00+00:00,36.4,36.6,470.0,1524.0,58.3,18.3,59.0
2025-12-05 15:00:00+00:00,28.4,28.5,473.0,1599.0,71.9,16.6,34.0
2025-12-05 16:00:00+00:00,23.9,23.9,471.0,1372.0,64.6,14.9,35.0
2025-12-05 17:00:00+00:00,22.7,22.8,467.0,980.0,46.6,13.1,50.0
2025-12-05 18:00:00+00:00,22.6,22.7,463.0,668.0,31.2,11.8,62.0
2025-12-05 19:00:00+00:00,22.3,22.4,461.0,539.0,23.5,11.1,65.0
2025-12-05 20:00:00+00:00,21.1,21.2,461.0,490.0,18.4,10.8,66.0
2025-12-05 21:00:00+00:00,19.4,19.6,460.0,457.0,14.6,10.7,67.0
2025-12-05 22:00:00+00:00,17.6,17.8,460.0,396.0,11.0,10.5,69.0
2025-12-05 23:00:00+00:00,16.2,16.4,459.0,350.0,8.7,10.4,72.0
2025-12-06 00:00:00+00:00,16.4,16.5,460.0,387.0,10.2,10.6,68.0
2025-12-06 01:00:00+00:00,16.4,16.5,462.0,592.0,17.2,11.5,62.0
2025-12-06 02:00:00+00:00,19.0,19.2,465.0,880.0,26.7,12.9,54.0
2025-12-06 03:00:00+00:00,22.8,23.1,466.0,1062.0,32.3,14.0,52.0
2025-12-06 04:00:00+00:00,26.2,26.4,465.0,1043.0,30.5,14.7,60.0
2025-12-06 05:00:00+00:00,24.7,24.9,463.0,917.0,24.7,15.1,74.0
2025-12-06 06:00:00+00:00,21.4,21.7,460.0,780.0,19.1,15.8,89.0
2025-12-06 07:00:00+00:00,16.9,17.1,457.0,635.0,14.1,17.1,105.0
2025-12-06 08:00:00+00:00,17.4,17.5,454.0,480.0,9.2,18.5,120.0
2025-12-06 09:00:00+00:00,18.6,18.7,452.0,396.0,7.0,19.4,130.0
2025-12-06 10:00:00+00:00,19.2,19.4,452.0,439.0,9.4,19.2,129.0
2025-12-06 11:00:00+00:00,19.6,19.8,453.0,553.0,14.5,18.4,122.0
2025-12-06 12:00:00+00:00,30.5,30.7,455.0,663.0,22.3,19.9,109.0
2025-12-06 13:00:00+00:00,38.4,38.6,458.0,760.0,28.4,18.8,95.0
2025-12-06 14:00:00+00:00,39.8,40.0,462.0,852.0,36.5,17.4,76.0
2025-12-06 15:00:00+00:00,38.3,38.5,464.0,882.0,40.6,16.1,63.0
2025-12-06 16:00:00+00:00,37.7,38.0,464.0,804.0,37.0,15.4,61.0
2025-12-06 17:00:00+00:00,38.9,39.1,462.0,665.0,29.4,14.9,64.0
2025-12-06 18:00:00+00:00,41.2,41.6,460.0,548.0,22.8,14.4,66.0
2025-12-06 19:00:00+00:00,43.3,43.8,459.0,481.0,19.2,13.8,65.0
2025-12-06 20:00:00+00:00,45.1,45.4,458.0,437.0,16.7,13.1,64.0
2025-12-06 21:00:00+00:00,46.2,46.7,458.0,412.0,14.6,12.7,63.0
2025-12-06 22:00:00+00:00,46.9,47.5,459.0,375.0,12.0,12.5,63.0
2025-12-06 23:00:00+00:00,47.3,47.8,460.0,358.0,9.9,12.6,64.0
2025-12-07 00:00:00+00:00,47.3,47.8,462.0,452.0,11.6,12.9,59.0
2025-12-07 01:00:00+00:00,47.8,48.4,466.0,777.0,19.4,14.0,51.0
2025-12-07 02:00:00+00:00,51.0,51.6,470.0,1212.0,30.0,15.5,41.0
2025-12-07 03:00:00+00:00,56.0,56.6,472.0,1487.0,35.9,17.0,40.0
2025-12-07 04:00:00+00:00,59.4,59.8,471.0,1462.0,33.0,18.2,55.0
2025-12-07 05:00:00+00:00,57.4,58.0,468.0,1277.0,25.4,19.4,78.0
2025-12-07 06:00:00+00:00,52.6,53.2,465.0,1076.0,18.6,20.5,99.0
2025-12-07 07:00:00+00:00,39.5,39.8,461.0,832.0,13.4,21.5,114.0
2025-12-07 08:00:00+00:00,31.4,31.7,457.0,572.0,8.9,22.4,126.0
2025-12-07 09:00:00+00:00,28.6,28.9,455.0,521.0,7.6,23.5,133.0
2025-12-07 10:00:00+00:00,27.9,28.1,458.0,819.0,9.1,24.8,134.0
2025-12-07 11:00:00+00:00,28.1,28.2,464.0,1326.0,13.8,26.2,130.0
2025-12-07 12:00:00+00:00,20.7,20.7,471.0,1849.0,22.7,27.7,120.0
2025-12-07 13:00:00+00:00,44.1,44.1,482.0,2444.0,46.1,31.9,90.0
2025-12-07 14:00:00+00:00,57.9,58.0,494.0,3055.0,77.9,37.4,48.0
2025-12-07 15:00:00+00:00,64.3,64.3,502.0,3320.0,98.8,39.8,18.0
2025-12-07 16:00:00+00:00,59.5,59.5,502.0,2979.0,99.1,36.5,10.0
2025-12-07 17:00:00+00:00,49.9,49.9,497.0,2291.0,88.4,30.1,14.0
2025-12-07 18:00:00+00:00,42.4,42.4,491.0,1674.0,76.6,24.3,19.0
2025-12-07 19:00:00+00:00,39.2,39.2,485.0,1255.0,66.2,20.3,23.0
2025-12-07 20:00:00+00:00,38.1,38.1,478.0,906.0,54.6,16.9,29.0
2025-12-07 21:00:00+00:00,37.5,37.6,473.0,658.0,43.6,14.4,35.0
2025-12-07 22:00:00+00:00,36.6,36.7,472.0,511.0,32.2,13.1,42.0
2025-12-07 23:00:00+00:00,35.5,35.7,473.0,464.0,21.5,12.8,49.0
2025-12-08 00:00:00+00:00,34.2,34.3,475.0,551.0,14.6,12.6,53.0
2025-12-08 01:00:00+00:00,34.3,34.6,478.0,884.0,22.3,13.8,44.0
2025-12-08 02:00:00+00:00,37.7,38.1,481.0,1349.0,32.6,15.6,32.0
2025-12-08 03:00:00+00:00,43.4,43.7,482.0,1640.0,38.5,17.1,31.0
2025-12-08 04:00:00+00:00,43.9,44.4,479.0,1602.0,36.2,18.3,49.0
2025-12-08 05:00:00+00:00,43.3,43.9,473.0,1390.0,29.6,19.4,77.0
2025-12-08 06:00:00+00:00,33.6,34.6,467.0,1159.0,22.9,19.9,102.0
2025-12-08 07:00:00+00:00,21.7,22.3,461.0,917.0,16.5,19.6,120.0
2025-12-08 08:00:00+00:00,17.7,18.2,456.0,656.0,10.0,18.9,135.0
2025-12-08 09:00:00+00:00,16.3,16.8,452.0,510.0,6.8,18.1,142.0
2025-12-08 10:00:00+00:00,15.5,15.9,451.0,565.0,8.4,17.4,139.0
2025-12-08 11:00:00+00:00,15.5,16.0,453.0,734.0,13.4,16.7,127.0
2025-12-08 12:00:00+00:00,16.6,16.7,455.0,890.0,21.6,18.5,114.0
2025-12-08 13:00:00+00:00,26.8,26.9,459.0,1015.0,35.0,18.2,92.0
2025-12-08 14:00:00+00:00,29.5,29.5,464.0,1127.0,53.0,17.8,63.0
2025-12-08 15:00:00+00:00,25.4,25.5,467.0,1153.0,62.5,17.2,44.0
2025-12-08 16:00:00+00:00,24.4,24.6,467.0,1028.0,55.6,16.3,45.0
2025-12-08 17:00:00+00:00,25.1,25.4,464.0,817.0,40.3,15.2,57.0
2025-12-08 18:00:00+00:00,26.4,27.0,462.0,637.0,27.5,14.2,66.0
2025-12-08 19:00:00+00:00,27.3,28.1,461.0,528.0,21.5,13.1,67.0
2025-12-08 20:00:00+00:00,27.1,28.2,459.0,450.0,18.0,12.1,66.0
2025-12-08 21:00:00+00:00,26.3,27.6,459.0,400.0,15.4,11.4,65.0
2025-12-08 22:00:00+00:00,25.2,26.9,459.0,338.0,12.4,11.1,66.0
2025-12-08 23:00:00+00:00,24.2,26.1,460.0,304.0,10.3,11.1,67.0
2025-12-09 00:00:00+00:00,23.3,25.1,462.0,411.0,12.3,11.3,60.0
2025-12-09 01:00:00+00:00,23.3,25.3,467.0,790.0,20.1,12.6,50.0
2025-12-09 02:00:00+00:00,25.9,28.2,474.0,1309.0,30.8,14.4,37.0
2025-12-09 03:00:00+00:00,31.5,34.0,478.0,1690.0,37.7,16.5,35.0
2025-12-09 04:00:00+00:00,36.8,38.9,479.0,1824.0,37.9,18.5,51.0
2025-12-09 05:00:00+00:00,38.4,41.1,478.0,1820.0,34.3,20.8,78.0
2025-12-09 06:00:00+00:00,31.1,35.4,475.0,1720.0,29.4,23.4,102.0
2025-12-09 07:00:00+00:00,23.5,26.7,469.0,1430.0,22.2,27.0,122.0
2025-12-09 08:00:00+00:00,18.6,20.4,461.0,1045.0,13.6,31.0,140.0
2025-12-09 09:00:00+00:00,16.8,18.3,457.0,891.0,9.0,33.7,150.0
2025-12-09 10:00:00+00:00,16.2,17.6,460.0,1178.0,9.6,34.3,150.0
2025-12-09 11:00:00+00:00,16.5,17.8,467.0,1696.0,14.2,33.5,142.0
2025-12-09 12:00:00+00:00,12.8,12.8,474.0,2137.0,18.7,36.2,138.0
2025-12-09 13:00:00+00:00,27.5,27.5,479.0,2386.0,39.9,34.3,103.0
2025-12-09 14:00:00+00:00,32.0,32.0,483.0,2558.0,68.8,31.7,55.0
2025-12-09 15:00:00+00:00,34.0,34.1,489.0,2698.0,88.7,30.4,19.0
2025-12-09 16:00:00+00:00,37.8,38.0,498.0,2863.0,90.9,32.4,8.0
2025-12-09 17:00:00+00:00,43.3,43.5,509.0,2996.0,84.1,35.6,10.0
2025-12-09 18:00:00+00:00,47.6,47.8,515.0,2966.0,76.8,36.2,13.0
2025-12-09 19:00:00+00:00,46.4,46.7,513.0,2673.0,71.7,31.5,12.0
2025-12-09 20:00:00+00:00,44.7,45.2,506.0,2218.0,66.1,24.2,12.0
2025-12-09 21:00:00+00:00,40.4,40.9,500.0,1773.0,61.3,18.2,12.0
2025-12-09 22:00:00+00:00,35.3,35.5,494.0,1316.0,57.7,14.9,11.0
2025-12-09 23:00:00+00:00,30.6,30.7,489.0,871.0,54.9,13.0,11.0
2025-12-10 00:00:00+00:00,23.6,23.7,486.0,678.0,53.9,14.6,11.0
2025-12-10 01:00:00+00:00,23.3,23.4,490.0,944.0,51.4,14.5,6.0
2025-12-10 02:00:00+00:00,28.9,29.0,497.0,1463.0,47.9,14.8,2.0
2025-12-10 03:00:00+00:00,41.7,41.9,500.0,1859.0,44.5,18.7,8.0
2025-12-10 04:00:00+00:00,39.9,40.0,496.0,1999.0,42.3,29.5,35.0
2025-12-10 05:00:00+00:00,28.8,28.8,489.0,2016.0,40.1,43.9,74.0
2025-12-10 06:00:00+00:00,21.8,21.9,482.0,1932.0,36.1,54.5,107.0
2025-12-10 07:00:00+00:00,20.9,21.0,476.0,1689.0,27.4,58.2,131.0
2025-12-10 08:00:00+00:00,18.6,18.7,470.0,1345.0,16.9,58.2,150.0
2025-12-10 09:00:00+00:00,17.9,18.0,465.0,1098.0,10.5,56.2,160.0
2025-12-10 10:00:00+00:00,17.9,18.0,462.0,1026.0,10.0,52.1,158.0
2025-12-10 11:00:00+00:00,17.3,17.4,460.0,1051.0,13.8,46.0,147.0
2025-12-10 12:00:00+00:00,14.6,14.8,460.0,1142.0,19.4,34.5,128.0
2025-12-10 13:00:00+00:00,22.8,22.9,463.0,1332.0,38.4,32.5,95.0
2025-12-10 14:00:00+00:00,29.5,29.7,467.0,1587.0,64.6,29.7,50.0
2025-12-10 15:00:00+00:00,34.0,34.6,471.0,1772.0,83.9,27.8,16.0
2025-12-10 16:00:00+00:00,37.5,38.6,475.0,1846.0,90.6,28.0,4.0
2025-12-10 17:00:00+00:00,39.0,40.4,479.0,1849.0,90.5,29.1,4.0
2025-12-10 18:00:00+00:00,39.1,40.9,481.0,1766.0,86.4,28.9,8.0
2025-12-10 19:00:00+00:00,36.6,38.8,479.0,1547.0,77.9,26.2,14.0
2025-12-10 20:00:00+00:00,31.8,34.2,474.0,1242.0,65.5,22.2,24.0
2025-12-10 21:00:00+00:00,26.4,29.0,471.0,986.0,53.6,18.9,33.0
2025-12-10 22:00:00+00:00,21.9,24.7,469.0,751.0,41.6,16.6,41.0
2025-12-10 23:00:00+00:00,18.9,21.8,469.0,565.0,30.0,15.0,48.0
2025-12-11 00:00:00+00:00,22.4,25.9,472.0,650.0,31.8,17.4,44.0
2025-12-11 01:00:00+00:00,22.6,26.3,482.0,1311.0,40.5,19.7,32.0
2025-12-11 02:00:00+00:00,28.3,32.1,496.0,2243.0,51.9,23.0,18.0
2025-12-11 03:00:00+00:00,41.6,45.3,502.0,2756.0,56.7,26.2,17.0
2025-12-11 04:00:00+00:00,49.9,52.5,493.0,2434.0,48.8,29.0,43.0
2025-12-11 05:00:00+00:00,25.4,30.6,476.0,1692.0,34.2,31.7,83.0
2025-12-11 06:00:00+00:00,21.7,27.7,463.0,1084.0,22.0,33.8,116.0
2025-12-11 07:00:00+00:00,17.9,23.9,457.0,818.0,15.1,35.1,134.0
2025-12-11 08:00:00+00:00,16.5,22.3,455.0,685.0,10.6,35.7,145.0
2025-12-11 09:00:00+00:00,16.4,22.1,453.0,613.0,8.5,35.5,149.0
2025-12-11 10:00:00+00:00,15.5,20.8,450.0,568.0,7.9,34.2,144.0
2025-12-11 11:00:00+00:00,14.6,19.7,447.0,583.0,9.7,32.2,132.0
2025-12-11 12:00:00+00:00,10.9,12.1,447.0,685.0,15.4,28.8,111.0
2025-12-11 13:00:00+00:00,18.9,20.1,450.0,912.0,31.9,27.1,84.0
2025-12-11 14:00:00+00:00,24.4,26.0,456.0,1227.0,54.7,24.9,46.0
2025-12-11 15:00:00+00:00,26.7,28.3,462.0,1542.0,71.7,23.6,18.0
2025-12-11 16:00:00+00:00,29.9,31.8,470.0,1883.0,77.4,24.6,8.0
2025-12-11 17:00:00+00:00,35.0,37.3,480.0,2224.0,77.4,26.6,6.0
2025-12-11 18:00:00+00:00,39.7,42.3,486.0,2400.0,75.7,27.3,7.0
2025-12-11 19:00:00+00:00,40.9,43.9,487.0,2314.0,74.5,25.6,7.0
2025-12-11 20:00:00+00:00,37.8,41.0,484.0,2063.0,71.6,22.6,9.0
2025-12-11 21:00:00+00:00,32.2,35.7,481.0,1778.0,65.4,19.7,13.0
2025-12-11 22:00:00+00:00,28.5,32.6,477.0,1428.0,51.9,16.8,23.0
2025-12-11 23:00:00+00:00,27.1,32.2,472.0,1044.0,34.9,14.0,35.0
2025-12-12 00:00:00+00:00,34.1,36.9,469.0,847.0,32.5,13.4,33.0
2025-12-12 01:00:00+00:00,30.7,33.3,471.0,1007.0,35.3,13.7,28.0
2025-12-12 02:00:00+00:00,35.5,38.3,476.0,1354.0,39.0,14.2,23.0
2025-12-12 03:00:00+00:00,37.1,40.4,478.0,1599.0,39.8,15.7,26.0
2025-12-12 04:00:00+00:00,38.1,41.0,476.0,1640.0,35.4,19.1,45.0
2025-12-12 05:00:00+00:00,26.8,30.4,472.0,1579.0,28.1,23.5,72.0
2025-12-12 06:00:00+00:00,23.5,27.9,467.0,1428.0,21.4,26.9,96.0
2025-12-12 07:00:00+00:00,21.9,26.7,460.0,1121.0,16.0,28.7,114.0
2025-12-12 08:00:00+00:00,19.2,24.1,453.0,725.0,11.2,29.6,128.0
2025-12-12 09:00:00+00:00,16.9,21.1,447.0,451.0,8.5,29.6,134.0
2025-12-12 10:00:00+00:00,14.8,18.2,445.0,395.0,7.1,28.6,130.0
2025-12-12 11:00:00+00:00,12.6,15.5,445.0,461.0,7.8,26.8,119.0
2025-12-12 12:00:00+00:00,9.7,11.3,446.0,571.0,13.2,24.8,101.0
2025-12-12 13:00:00+00:00,15.4,16.8,449.0,736.0,28.9,23.5,77.0
2025-12-12 14:00:00+00:00,21.4,22.8,453.0,944.0,50.4,21.8,45.0
2025-12-12 15:00:00+00:00,24.7,26.4,456.0,1085.0,66.6,20.5,20.0
2025-12-12 16:00:00+00:00,27.4,29.2,458.0,1106.0,73.1,20.5,11.0
2025-12-12 17:00:00+00:00,29.9,32.1,459.0,1058.0,74.3,21.0,10.0
2025-12-12 18:00:00+00:00,30.9,33.4,460.0,989.0,71.1,20.6,13.0
2025-12-12 19:00:00+00:00,28.8,31.7,460.0,906.0,62.1,18.5,21.0
2025-12-12 20:00:00+00:00,25.6,28.7,459.0,800.0,48.7,15.7,33.0
2025-12-12 21:00:00+00:00,22.2,25.5,459.0,695.0,37.1,13.3,43.0
2025-12-12 22:00:00+00:00,19.5,23.0,458.0,502.0,28.0,11.8,50.0
2025-12-12 23:00:00+00:00,17.8,21.4,457.0,309.0,20.6,10.9,55.0
2025-12-13 00:00:00+00:00,23.6,28.6,460.0,400.0,21.9,11.1,48.0
2025-12-13 01:00:00+00:00,26.6,31.7,470.0,1111.0,29.6,13.0,36.0
2025-12-13 02:00:00+00:00,34.7,39.3,484.0,2105.0,39.7,15.7,20.0
2025-12-13 03:00:00+00:00,48.4,51.1,491.0,2658.0,44.3,18.4,17.0
2025-12-13 04:00:00+00:00,43.7,45.1,484.0,2338.0,38.2,20.9,39.0
2025-12-13 05:00:00+00:00,32.1,33.8,470.0,1577.0,26.5,23.4,73.0
2025-12-13 06:00:00+00:00,17.0,20.1,458.0,945.0,16.8,25.4,102.0
2025-12-13 07:00:00+00:00,13.6,15.6,452.0,654.0,11.7,26.8,118.0
2025-12-13 08:00:00+00:00,13.3,14.6,449.0,493.0,8.5,27.7,129.0
2025-12-13 09:00:00+00:00,13.4,14.5,447.0,397.0,7.2,28.4,133.0
2025-12-13 10:00:00+00:00,13.3,14.3,445.0,339.0,6.5,28.9,132.0
2025-12-13 11:00:00+00:00,13.0,14.0,444.0,346.0,7.6,29.2,125.0
2025-12-13 12:00:00+00:00,8.1,8.1,445.0,438.0,13.2,28.3,109.0
2025-12-13 13:00:00+00:00,14.6,14.7,449.0,663.0,28.8,26.7,83.0
2025-12-13 14:00:00+00:00,20.9,21.6,454.0,972.0,50.3,24.5,48.0
2025-12-13 15:00:00+00:00,23.2,24.0,460.0,1240.0,66.5,23.0,21.0
2025-12-13 16:00:00+00:00,25.1,26.0,465.0,1441.0,72.6,23.1,11.0
2025-12-13 17:00:00+00:00,28.1,29.2,470.0,1600.0,73.4,23.9,9.0
2025-12-13 18:00:00+00:00,31.0,32.4,474.0,1667.0,72.5,24.1,8.0
2025-12-13 19:00:00+00:00,32.9,34.3,476.0,1611.0,70.7,23.0,7.0
2025-12-13 20:00:00+00:00,32.5,34.0,478.0,1463.0,67.2,21.2,6.0
2025-12-13 21:00:00+00:00,30.0,31.7,477.0,1264.0,62.6,19.4,7.0
2025-12-13 22:00:00+00:00,28.2,29.9,474.0,946.0,56.0,17.3,9.0
2025-12-13 23:00:00+00:00,28.3,30.2,468.0,577.0,48.4,15.2,11.0
2025-12-14 00:00:00+00:00,32.2,33.6,465.0,406.0,47.4,16.2,6.0
2025-12-14 01:00:00+00:00,31.8,32.5,466.0,636.0,47.0,16.6,4.0
2025-12-14 02:00:00+00:00,36.3,37.1,468.0,1064.0,46.2,17.4,3.0
2025-12-14 03:00:00+00:00,45.2,45.9,469.0,1323.0,43.0,19.1,11.0
2025-12-14 04:00:00+00:00,34.1,34.9,467.0,1226.0,35.3,22.2,37.0
2025-12-14 05:00:00+00:00,20.4,22.5,463.0,961.0,25.3,26.3,72.0
2025-12-14 06:00:00+00:00,15.4,17.9,460.0,728.0,17.3,30.6,102.0
2025-12-14 07:00:00+00:00,14.6,16.9,457.0,568.0,12.8,35.2,121.0
2025-12-14 08:00:00+00:00,15.9,17.9,455.0,439.0,10.4,40.0,134.0
2025-12-14 09:00:00+00:00,17.5,19.4,454.0,420.0,9.6,43.9,143.0
2025-12-14 10:00:00+00:00,19.0,20.9,454.0,510.0,8.3,47.1,151.0
2025-12-14 11:00:00+00:00,20.4,22.2,457.0,709.0,8.8,49.4,155.0
2025-12-14 12:00:00+00:00,44.5,55.1,462.0,1092.0,18.5,51.7,144.0
2025-12-14 13:00:00+00:00,52.0,61.9,475.0,1936.0,43.3,49.7,108.0
2025-12-14 14:00:00+00:00,59.5,68.5,492.0,2964.0,77.0,46.9,58.0
2025-12-14 15:00:00+00:00,62.4,70.8,501.0,3427.0,99.8,43.7,22.0
2025-12-14 16:00:00+00:00,69.4,77.1,493.0,2788.0,102.6,40.5,10.0
2025-12-14 17:00:00+00:00,75.4,81.5,477.0,1583.0,94.4,37.0,12.0
2025-12-14 18:00:00+00:00,73.1,77.8,465.0,669.0,81.9,32.8,18.0
2025-12-14 19:00:00+00:00,73.3,78.0,461.0,420.0,64.5,26.8,29.0
2025-12-14 20:00:00+00:00,74.0,78.9,462.0,461.0,42.9,20.1,45.0
2025-12-14 21:00:00+00:00,73.6,78.7,462.0,526.0,25.7,15.1,58.0
2025-12-14 22:00:00+00:00,71.9,76.8,461.0,507.0,16.0,12.9,65.0
2025-12-14 23:00:00+00:00,68.9,73.6,461.0,512.0,10.6,12.4,70.0
2025-12-15 00:00:00+00:00,66.4,71.0,461.0,594.0,8.8,12.2,69.0
2025-12-15 01:00:00+00:00,64.0,68.7,463.0,834.0,15.1,13.2,63.0
2025-12-15 02:00:00+00:00,64.0,68.7,466.0,1151.0,23.6,14.6,55.0
2025-12-15 03:00:00+00:00,65.4,70.1,468.0,1358.0,28.7,16.2,55.0
2025-12-15 04:00:00+00:00,65.7,69.6,467.0,1367.0,27.3,17.8,69.0
2025-12-15 05:00:00+00:00,63.1,67.8,465.0,1265.0,22.4,19.5,91.0
2025-12-15 06:00:00+00:00,57.9,64.3,462.0,1128.0,17.6,21.2,112.0
2025-12-15 07:00:00+00:00,49.9,56.0,459.0,941.0,13.4,23.3,130.0
2025-12-15 08:00:00+00:00,42.3,46.9,455.0,718.0,9.2,25.4,147.0
2025-12-15 09:00:00+00:00,38.0,41.8,453.0,584.0,7.1,26.8,157.0
2025-12-15 10:00:00+00:00,35.6,39.1,453.0,607.0,6.6,26.9,161.0
2025-12-15 11:00:00+00:00,34.8,38.0,454.0,719.0,8.2,26.1,158.0
2025-12-15 12:00:00+00:00,33.3,35.2,455.0,833.0,15.0,27.8,144.0
2025-12-15 13:00:00+00:00,50.3,51.9,457.0,935.0,37.3,26.9,111.0
2025-12-15 14:00:00+00:00,61.5,63.1,460.0,1041.0,67.2,25.5,65.0
2025-12-15 15:00:00+00:00,56.3,57.5,462.0,1109.0,82.9,23.7,36.0
2025-12-15 16:00:00+00:00,54.6,56.0,462.0,1117.0,70.9,21.1,39.0
2025-12-15 17:00:00+00:00,56.1,58.1,461.0,1087.0,44.7,18.0,59.0
2025-12-15 18:00:00+00:00,57.5,60.1,460.0,1049.0,23.7,15.7,75.0
2025-12-15 19:00:00+00:00,57.6,60.5,458.0,1008.0,15.5,14.7,79.0
2025-12-15 20:00:00+00:00,56.6,59.6,456.0,957.0,12.5,14.5,80.0
2025-12-15 21:00:00+00:00,54.7,57.9,454.0,911.0,10.5,14.6,81.0
2025-12-15 22:00:00+00:00,52.7,55.9,453.0,857.0,7.9,14.7,84.0
2025-12-15 23:00:00+00:00,51.0,54.1,452.0,807.0,6.4,15.0,88.0
2025-12-16 00:00:00+00:00,50.1,53.2,452.0,806.0,7.1,15.1,87.0
2025-12-16 01:00:00+00:00,49.7,52.7,453.0,910.0,11.6,16.7,84.0
2025-12-16 02:00:00+00:00,51.7,54.5,455.0,1063.0,17.7,18.9,82.0
2025-12-16 03:00:00+00:00,54.8,57.6,456.0,1148.0,21.1,21.2,85.0
2025-12-16 04:00:00+00:00,57.5,59.8,456.0,1104.0,19.3,23.9,100.0
2025-12-16 05:00:00+00:00,58.3,61.2,455.0,991.0,14.9,26.6,121.0
2025-12-16 06:00:00+00:00,53.9,57.4,454.0,877.0,11.0,28.0,138.0
2025-12-16 07:00:00+00:00,44.0,47.0,453.0,764.0,8.4,26.8,148.0
2025-12-16 08:00:00+00:00,35.7,38.0,451.0,651.0,6.4,24.2,153.0
2025-12-16 09:00:00+00:00,31.5,33.3,450.0,594.0,5.6,22.1,155.0
2025-12-16 10:00:00+00:00,29.3,30.7,451.0,633.0,6.4,21.3,154.0
2025-12-16 11:00:00+00:00,28.2,29.5,452.0,730.0,8.5,21.0,148.0
2025-12-16 12:00:00+00:00,45.8,48.2,454.0,826.0,12.3,21.8,139.0
2025-12-16 13:00:00+00:00,52.7,54.5,455.0,915.0,17.0,20.9,125.0
2025-12-16 14:00:00+00:00,55.5,57.2,457.0,1003.0,23.4,19.7,105.0
2025-12-16 15:00:00+00:00,56.2,58.1,458.0,1051.0,27.0,19.0,90.0
2025-12-16 16:00:00+00:00,58.0,60.1,458.0,1037.0,25.4,19.3,84.0
2025-12-16 17:00:00+00:00,60.1,62.4,458.0,984.0,21.1,20.2,83.0
2025-12-16 18:00:00+00:00,61.7,64.3,458.0,921.0,17.0,21.1,84.0
2025-12-16 19:00:00+00:00,62.4,65.0,457.0,848.0,14.0,22.0,86.0
2025-12-16 20:00:00+00:00,62.2,64.7,456.0,765.0,11.2,22.9,90.0
2025-12-16 21:00:00+00:00,61.5,64.0,456.0,699.0,9.1,23.9,93.0
2025-12-16 22:00:00+00:00,60.5,62.9,456.0,641.0,7.3,24.7,94.0
2025-12-16 23:00:00+00:00,59.8,62.2,457.0,599.0,6.2,25.4,95.0
2025-12-17 00:00:00+00:00,58.6,60.8,458.0,626.0,7.1,24.9,92.0
2025-12-17 01:00:00+00:00,58.8,61.0,460.0,794.0,11.7,26.8,90.0
2025-12-17 02:00:00+00:00,60.5,62.6,462.0,1030.0,17.8,29.3,88.0
2025-12-17 03:00:00+00:00,63.1,65.0,463.0,1170.0,21.2,31.1,91.0
2025-12-17 04:00:00+00:00,64.3,65.7,462.0,1127.0,19.4,31.7,103.0
2025-12-17 05:00:00+00:00,61.9,63.6,460.0,988.0,14.9,31.5,120.0
2025-12-17 06:00:00+00:00,47.7,49.5,458.0,850.0,11.0,30.5,135.0
2025-12-17 07:00:00+00:00,33.4,35.0,457.0,723.0,8.4,28.1,145.0
2025-12-17 08:00:00+00:00,30.2,32.5,456.0,596.0,6.4,24.8,152.0
2025-12-17 09:00:00+00:00,29.9,32.7,456.0,534.0,5.8,22.7,155.0
2025-12-17 10:00:00+00:00,29.9,32.7,457.0,565.0,4.9,22.6,158.0
2025-12-17 11:00:00+00:00,30.0,32.9,458.0,662.0,5.4,23.5,157.0
2025-12-17 12:00:00+00:00,34.9,38.3,460.0,805.0,13.3,22.9,136.0
2025-12-17 13:00:00+00:00,48.5,51.1,464.0,1047.0,35.7,24.5,102.0
2025-12-17 14:00:00+00:00,60.8,63.1,470.0,1336.0,65.8,26.6,55.0
2025-12-17 15:00:00+00:00,61.0,62.9,473.0,1500.0,83.7,27.0,24.0
2025-12-17 16:00:00+00:00,49.5,50.8,473.0,1435.0,77.9,24.1,24.0
2025-12-17 17:00:00+00:00,39.8,40.9,470.0,1246.0,59.7,19.5,39.0
2025-12-17 18:00:00+00:00,33.5,34.5,468.0,1071.0,43.1,15.8,53.0
2025-12-17 19:00:00+00:00,29.7,30.6,467.0,956.0,32.4,14.0,60.0
2025-12-17 20:00:00+00:00,27.8,28.6,466.0,856.0,23.3,13.2,65.0
2025-12-17 21:00:00+00:00,27.1,28.0,466.0,778.0,16.6,13.0,68.0
2025-12-17 22:00:00+00:00,27.2,28.2,466.0,693.0,12.3,13.4,69.0
2025-12-17 23:00:00+00:00,27.8,28.9,466.0,630.0,10.5,14.3,68.0
2025-12-18 00:00:00+00:00,27.1,28.2,467.0,686.0,13.3,13.9,59.0
2025-12-18 01:00:00+00:00,28.6,29.8,471.0,954.0,22.0,15.3,49.0
2025-12-18 02:00:00+00:00,32.5,34.0,478.0,1340.0,33.8,17.3,36.0
2025-12-18 03:00:00+00:00,39.5,41.1,482.0,1659.0,40.9,20.0,34.0
2025-12-18 04:00:00+00:00,43.1,44.8,484.0,1883.0,39.2,23.5,52.0
2025-12-18 05:00:00+00:00,43.9,45.9,485.0,2039.0,32.9,27.7,82.0
2025-12-18 06:00:00+00:00,35.6,39.2,483.0,2032.0,26.4,32.1,109.0
2025-12-18 07:00:00+00:00,35.7,40.3,476.0,1690.0,20.4,37.0,132.0
2025-12-18 08:00:00+00:00,37.3,42.6,467.0,1184.0,14.3,42.2,152.0
2025-12-18 09:00:00+00:00,38.4,44.2,462.0,927.0,11.0,46.5,167.0
2025-12-18 10:00:00+00:00,39.3,45.1,464.0,1175.0,9.1,49.9,177.0
2025-12-18 11:00:00+00:00,40.7,46.1,470.0,1672.0,9.9,52.4,181.0
2025-12-18 12:00:00+00:00,45.6,50.1,476.0,2068.0,20.7,59.9,171.0
2025-12-18 13:00:00+00:00,65.0,68.2,479.0,2225.0,49.7,56.4,129.0
2025-12-18 14:00:00+00:00,71.7,74.3,482.0,2280.0,89.2,51.3,70.0
2025-12-18 15:00:00+00:00,70.8,73.1,485.0,2297.0,115.7,46.4,26.0
2025-12-18 16:00:00+00:00,70.1,71.9,490.0,2334.0,117.7,42.4,11.0
2025-12-18 17:00:00+00:00,70.3,71.9,496.0,2332.0,106.8,38.6,10.0
2025-12-18 18:00:00+00:00,66.6,67.8,497.0,2184.0,94.0,34.2,13.0
2025-12-18 19:00:00+00:00,58.1,59.4,491.0,1757.0,82.4,28.4,16.0
2025-12-18 20:00:00+00:00,49.7,51.2,480.0,1183.0,68.9,22.0,23.0
2025-12-18 21:00:00+00:00,43.5,45.3,472.0,748.0,55.8,17.2,30.0
2025-12-18 22:00:00+00:00,40.0,41.8,470.0,552.0,42.1,14.7,39.0
2025-12-18 23:00:00+00:00,38.2,40.0,470.0,494.0,28.7,13.7,49.0
2025-12-19 00:00:00+00:00,36.6,38.4,471.0,562.0,22.0,13.2,52.0
2025-12-19 01:00:00+00:00,37.0,38.9,474.0,830.0,26.1,14.5,48.0
2025-12-19 02:00:00+00:00,39.8,41.8,478.0,1224.0,31.6,16.3,44.0
2025-12-19 03:00:00+00:00,44.8,46.8,480.0,1503.0,34.3,18.3,48.0
2025-12-19 04:00:00+00:00,49.2,50.9,479.0,1570.0,31.6,20.0,68.0
2025-12-19 05:00:00+00:00,48.4,50.6,476.0,1523.0,26.1,21.9,97.0
2025-12-19 06:00:00+00:00,43.4,46.7,472.0,1415.0,20.9,25.0,123.0
2025-12-19 07:00:00+00:00,39.2,43.1,467.0,1195.0,16.4,30.7,142.0
2025-12-19 08:00:00+00:00,38.8,42.7,462.0,914.0,12.2,37.6,157.0
2025-12-19 09:00:00+00:00,38.3,41.9,459.0,777.0,10.5,42.6,166.0
2025-12-19 10:00:00+00:00,37.5,40.7,460.0,919.0,11.4,44.3,170.0
2025-12-19 11:00:00+00:00,38.2,41.1,462.0,1205.0,14.7,44.0,169.0
2025-12-19 12:00:00+00:00,41.3,43.9,466.0,1441.0,19.9,47.8,168.0
2025-12-19 13:00:00+00:00,59.0,61.0,471.0,1569.0,42.2,44.2,135.0
2025-12-19 14:00:00+00:00,65.4,67.1,477.0,1646.0,73.1,39.3,88.0
2025-12-19 15:00:00+00:00,67.5,69.4,481.0,1649.0,98.3,36.8,51.0
2025-12-19 16:00:00+00:00,71.2,72.9,481.0,1531.0,113.3,39.7,32.0
2025-12-19 17:00:00+00:00,77.1,79.2,478.0,1339.0,122.6,44.9,21.0
2025-12-19 18:00:00+00:00,84.8,86.8,477.0,1192.0,124.7,47.0,15.0
2025-12-19 19:00:00+00:00,85.7,87.5,478.0,1155.0,116.6,42.8,12.0
2025-12-19 20:00:00+00:00,79.4,81.0,480.0,1164.0,101.3,35.5,13.0
2025-12-19 21:00:00+00:00,71.9,73.6,481.0,1142.0,87.3,29.0,14.0
2025-12-19 22:00:00+00:00,66.1,67.5,480.0,968.0,76.7,24.2,15.0
2025-12-19 23:00:00+00:00,60.3,61.9,478.0,763.0,67.4,20.3,16.0
2025-12-20 00:00:00+00:00,61.5,63.1,481.0,815.0,65.3,18.6,13.0
2025-12-20 01:00:00+00:00,58.6,60.5,493.0,1419.0,64.1,18.9,10.0
2025-12-20 02:00:00+00:00,61.0,63.1,510.0,2280.0,62.2,19.8,7.0
2025-12-20 03:00:00+00:00,71.9,73.8,518.0,2803.0,58.4,23.8,17.0
2025-12-20 04:00:00+00:00,75.0,76.4,511.0,2654.0,51.8,34.7,52.0
2025-12-20 05:00:00+00:00,58.3,61.0,496.0,2167.0,43.4,48.8,99.0
2025-12-20 06:00:00+00:00,54.9,58.0,483.0,1743.0,34.9,57.5,136.0
2025-12-20 07:00:00+00:00,45.8,48.2,477.0,1517.0,25.6,56.0,154.0
2025-12-20 08:00:00+00:00,39.0,41.1,473.0,1355.0,16.2,49.1,162.0
2025-12-20 09:00:00+00:00,36.4,38.2,470.0,1250.0,10.8,42.7,164.0
2025-12-20 10:00:00+00:00,35.2,36.8,467.0,1201.0,10.7,38.8,161.0
2025-12-20 11:00:00+00:00,35.6,37.4,465.0,1210.0,14.5,35.5,152.0
2025-12-20 12:00:00+00:00,48.9,51.3,465.0,1278.0,21.3,43.6,162.0
2025-12-20 13:00:00+00:00,57.3,59.1,469.0,1406.0,35.0,40.5,133.0
2025-12-20 14:00:00+00:00,61.9,63.8,476.0,1594.0,53.9,36.2,94.0
2025-12-20 15:00:00+00:00,63.1,65.2,483.0,1844.0,68.6,32.6,61.0
2025-12-20 16:00:00+00:00,63.8,65.9,493.0,2286.0,76.1,31.0,42.0
2025-12-20 17:00:00+00:00,65.0,67.1,504.0,2791.0,79.4,30.2,31.0
2025-12-20 18:00:00+00:00,66.6,68.9,509.0,2971.0,77.5,28.6,26.0
2025-12-20 19:00:00+00:00,64.0,66.4,504.0,2539.0,67.7,25.1,30.0
2025-12-20 20:00:00+00:00,57.2,59.5,494.0,1783.0,52.7,20.8,41.0
2025-12-20 21:00:00+00:00,50.1,52.5,486.0,1178.0,39.5,17.2,50.0
2025-12-20 22:00:00+00:00,45.9,48.8,483.0,855.0,29.0,14.8,57.0
2025-12-20 23:00:00+00:00,41.9,44.7,482.0,684.0,20.3,13.2,63.0
2025-12-21 00:00:00+00:00,37.5,40.3,484.0,749.0,17.1,11.5,63.0
2025-12-21 01:00:00+00:00,38.1,40.9,493.0,1274.0,28.9,13.0,47.0
2025-12-21 02:00:00+00:00,45.5,48.4,504.0,2035.0,44.6,15.1,26.0
2025-12-21 03:00:00+00:00,58.3,61.2,508.0,2444.0,52.3,17.4,18.0
2025-12-21 04:00:00+00:00,54.5,56.9,498.0,2152.0,44.3,20.0,36.0
2025-12-21 05:00:00+00:00,39.3,44.0,480.0,1509.0,28.3,22.6,68.0
2025-12-21 06:00:00+00:00,25.1,38.0,465.0,974.0,15.5,24.3,92.0
2025-12-21 07:00:00+00:00,20.4,40.9,458.0,708.0,10.2,24.1,101.0
2025-12-21 08:00:00+00:00,19.4,45.5,454.0,550.0,8.1,22.9,102.0
2025-12-21 09:00:00+00:00,18.5,45.6,452.0,476.0,7.7,22.0,101.0
2025-12-21 10:00:00+00:00,17.3,43.8,451.0,488.0,7.7,22.0,98.0
2025-12-21 11:00:00+00:00,16.5,40.9,452.0,585.0,9.5,22.4,93.0
2025-12-21 12:00:00+00:00,18.3,41.1,454.0,740.0,14.5,23.8,88.0
2025-12-21 13:00:00+00:00,22.8,36.3,459.0,1018.0,28.6,22.9,69.0
2025-12-21 14:00:00+00:00,25.9,35.6,466.0,1354.0,47.7,21.6,43.0
2025-12-21 15:00:00+00:00,26.7,34.3,471.0,1529.0,60.0,20.2,26.0
2025-12-21 16:00:00+00:00,25.7,32.5,471.0,1408.0,59.6,18.6,25.0
2025-12-21 17:00:00+00:00,24.4,30.5,469.0,1127.0,52.5,16.9,32.0
2025-12-21 18:00:00+00:00,22.4,28.3,466.0,867.0,44.5,15.1,40.0
2025-12-21 19:00:00+00:00,19.6,25.6,462.0,683.0,36.6,13.0,46.0
2025-12-21 20:00:00+00:00,17.3,23.2,457.0,522.0,27.7,10.8,53.0
2025-12-21 21:00:00+00:00,16.1,21.8,454.0,405.0,21.0,9.3,57.0
2025-12-21 22:00:00+00:00,15.3,20.7,453.0,323.0,16.9,8.7,57.0
2025-12-21 23:00:00+00:00,14.5,19.2,454.0,286.0,14.8,8.8,54.0
2025-12-22 00:00:00+00:00,16.0,18.7,456.0,349.0,19.4,9.8,42.0
2025-12-22 01:00:00+00:00,15.7,18.7,461.0,592.0,27.6,11.2,33.0
2025-12-22 02:00:00+00:00,19.6,23.1,466.0,935.0,38.4,13.3,21.0
2025-12-22 03:00:00+00:00,27.2,31.4,470.0,1188.0,43.6,15.4,20.0
2025-12-22 04:00:00+00:00,27.9,33.3,470.0,1282.0,37.7,17.7,40.0
2025-12-22 05:00:00+00:00,25.8,34.6,467.0,1286.0,26.1,20.2,71.0
2025-12-22 06:00:00+00:00,28.2,43.3,464.0,1223.0,16.4,21.9,97.0
2025-12-22 07:00:00+00:00,27.7,50.4,460.0,1048.0,11.1,22.2,111.0
2025-12-22 08:00:00+00:00,27.8,51.5,455.0,805.0,7.7,21.9,119.0
2025-12-22 09:00:00+00:00,28.0,49.4,452.0,655.0,6.3,22.1,124.0
2025-12-22 10:00:00+00:00,28.5,48.0,451.0,638.0,5.3,23.5,131.0
2025-12-22 11:00:00+00:00,29.8,47.5,452.0,714.0,6.3,25.5,135.0
2025-12-22 12:00:00+00:00,42.3,66.4,456.0,917.0,14.8,32.3,130.0
2025-12-22 13:00:00+00:00,57.5,75.2,465.0,1409.0,40.6,32.4,95.0
2025-12-22 14:00:00+00:00,63.1,75.9,476.0,2028.0,75.9,32.5,48.0
2025-12-22 15:00:00+00:00,66.1,77.1,482.0,2331.0,99.2,32.2,15.0
2025-12-22 16:00:00+00:00,72.9,82.2,479.0,2012.0,101.1,31.6,9.0
2025-12-22 17:00:00+00:00,79.4,85.2,471.0,1376.0,91.0,30.6,17.0
2025-12-22 18:00:00+00:00,81.0,84.8,464.0,891.0,76.5,29.1,30.0
2025-12-22 19:00:00+00:00,84.1,86.8,461.0,763.0,56.3,26.5,49.0
2025-12-22 20:00:00+00:00,83.6,86.6,459.0,786.0,31.6,23.3,74.0
2025-12-22 21:00:00+00:00,79.9,83.4,458.0,813.0,13.2,21.3,92.0
2025-12-22 22:00:00+00:00,75.4,78.9,456.0,775.0,5.7,21.4,100.0
2025-12-22 23:00:00+00:00,71.5,74.7,455.0,741.0,4.5,22.6,101.0
2025-12-23 00:00:00+00:00,69.4,72.6,455.0,775.0,6.4,23.7,98.0
2025-12-23 01:00:00+00:00,66.8,69.8,457.0,965.0,12.8,25.1,90.0
2025-12-23 02:00:00+00:00,65.9,69.2,460.0,1221.0,21.4,27.0,80.0
2025-12-23 03:00:00+00:00,66.4,69.6,462.0,1341.0,26.4,28.7,77.0
2025-12-23 04:00:00+00:00,65.0,68.2,460.0,1193.0,24.5,30.5,89.0
2025-12-23 05:00:00+00:00,60.5,65.0,457.0,908.0,19.0,32.0,108.0
2025-12-23 06:00:00+00:00,52.0,58.4,454.0,673.0,13.9,31.9,123.0
2025-12-23 07:00:00+00:00,39.7,48.1,452.0,553.0,10.2,28.4,129.0
2025-12-23 08:00:00+00:00,32.7,41.1,450.0,483.0,6.9,23.2,131.0
2025-12-23 09:00:00+00:00,30.4,38.2,449.0,461.0,5.4,19.6,131.0
2025-12-23 10:00:00+00:00,29.9,37.5,449.0,501.0,4.7,19.1,132.0
2025-12-23 11:00:00+00:00,30.2,37.4,450.0,589.0,5.9,20.2,131.0
2025-12-23 12:00:00+00:00,25.4,29.7,451.0,680.0,12.4,20.8,119.0
2025-12-23 13:00:00+00:00,39.1,43.0,454.0,781.0,28.4,20.6,94.0
2025-12-23 14:00:00+00:00,46.2,49.5,457.0,884.0,49.8,20.3,60.0
2025-12-23 15:00:00+00:00,43.8,47.6,459.0,924.0,61.7,19.4,38.0
2025-12-23 16:00:00+00:00,41.4,46.2,459.0,852.0,54.8,17.5,38.0
2025-12-23 17:00:00+00:00,39.3,45.3,458.0,717.0,38.4,15.1,50.0
2025-12-23 18:00:00+00:00,37.8,44.9,457.0,598.0,24.9,12.9,59.0
2025-12-23 19:00:00+00:00,36.4,44.1,457.0,525.0,19.2,11.2,61.0
2025-12-23 20:00:00+00:00,34.5,42.4,456.0,469.0,16.4,9.8,62.0
2025-12-23 21:00:00+00:00,32.2,40.4,456.0,424.0,14.3,8.8,62.0
2025-12-23 22:00:00+00:00,30.4,38.6,455.0,354.0,11.2,8.2,64.0
2025-12-23 23:00:00+00:00,29.0,37.1,454.0,295.0,8.7,8.0,67.0
2025-12-24 00:00:00+00:00,28.0,35.6,454.0,346.0,9.8,8.0,65.0
2025-12-24 01:00:00+00:00,28.0,35.3,457.0,627.0,18.5,9.1,54.0
2025-12-24 02:00:00+00:00,30.9,38.1,462.0,1018.0,30.2,10.8,40.0
2025-12-24 03:00:00+00:00,36.1,43.1,464.0,1254.0,36.8,12.8,36.0
2025-12-24 04:00:00+00:00,40.0,45.3,463.0,1191.0,33.5,15.3,51.0
2025-12-24 05:00:00+00:00,36.0,43.8,459.0,975.0,25.1,18.2,77.0
2025-12-24 06:00:00+00:00,33.3,42.1,456.0,772.0,17.7,20.6,99.0
2025-12-24 07:00:00+00:00,29.2,36.9,453.0,606.0,13.1,22.2,114.0
2025-12-24 08:00:00+00:00,27.4,34.9,450.0,455.0,9.6,23.5,125.0
2025-12-24 09:00:00+00:00,27.1,34.3,449.0,420.0,8.0,24.8,133.0
2025-12-24 10:00:00+00:00,27.0,34.0,451.0,601.0,6.1,26.3,140.0
2025-12-24 11:00:00+00:00,27.4,34.3,454.0,899.0,6.2,27.9,142.0
2025-12-24 12:00:00+00:00,27.3,33.2,457.0,1111.0,16.2,35.5,138.0
2025-12-24 13:00:00+00:00,48.4,53.6,458.0,1094.0,43.4,35.2,102.0
2025-12-24 14:00:00+00:00,57.6,62.2,459.0,993.0,80.5,35.0,52.0
2025-12-24 15:00:00+00:00,58.1,62.6,462.0,1038.0,105.8,35.1,16.0
2025-12-24 16:00:00+00:00,59.8,64.7,471.0,1444.0,108.3,36.8,6.0
2025-12-24 17:00:00+00:00,63.8,68.9,482.0,1996.0,98.9,39.0,10.0
2025-12-24 18:00:00+00:00,64.3,68.7,490.0,2283.0,89.1,38.7,14.0
2025-12-24 19:00:00+00:00,61.2,64.5,490.0,2060.0,82.3,33.6,13.0
2025-12-24 20:00:00+00:00,54.8,58.0,486.0,1573.0,75.0,26.0,13.0
2025-12-24 21:00:00+00:00,49.1,52.2,483.0,1143.0,68.3,19.8,12.0
2025-12-24 22:00:00+00:00,45.2,48.3,481.0,831.0,62.5,16.3,11.0
2025-12-24 23:00:00+00:00,42.4,45.4,479.0,577.0,57.2,14.2,11.0
2025-12-25 00:00:00+00:00,39.5,42.5,479.0,522.0,52.6,13.1,11.0
2025-12-25 01:00:00+00:00,38.4,41.2,483.0,837.0,53.0,13.7,8.0
2025-12-25 02:00:00+00:00,42.8,45.6,490.0,1351.0,53.3,15.1,5.0
2025-12-25 03:00:00+00:00,52.6,55.4,492.0,1688.0,51.7,19.6,11.0
2025-12-25 04:00:00+00:00,51.8,54.6,487.0,1675.0,47.3,30.2,34.0
2025-12-25 05:00:00+00:00,45.1,48.7,477.0,1484.0,41.0,44.0,67.0
2025-12-25 06:00:00+00:00,37.4,42.5,469.0,1263.0,34.3,54.9,96.0
2025-12-25 07:00:00+00:00,36.1,40.9,463.0,1020.0,26.5,60.2,118.0
2025-12-25 08:00:00+00:00,34.7,38.4,458.0,746.0,18.2,62.6,136.0
2025-12-25 09:00:00+00:00,35.5,39.1,454.0,559.0,13.1,63.9,148.0
2025-12-25 10:00:00+00:00,36.9,40.5,452.0,503.0,12.1,65.2,155.0
2025-12-25 11:00:00+00:00,38.3,41.8,451.0,534.0,14.3,65.4,157.0
2025-12-25 12:00:00+00:00,37.4,40.4,452.0,633.0,17.7,56.5,150.0
2025-12-25 13:00:00+00:00,48.1,50.4,456.0,849.0,32.4,50.5,120.0
2025-12-25 14:00:00+00:00,49.6,51.8,462.0,1132.0,52.6,42.1,77.0
2025-12-25 15:00:00+00:00,47.1,49.6,467.0,1318.0,66.6,34.8,45.0
2025-12-25 16:00:00+00:00,45.2,47.6,468.0,1304.0,68.7,30.1,32.0
2025-12-25 17:00:00+00:00,43.9,46.4,468.0,1193.0,64.6,26.5,29.0
2025-12-25 18:00:00+00:00,43.3,46.0,469.0,1124.0,59.8,23.4,27.0
2025-12-25 19:00:00+00:00,43.0,45.6,472.0,1189.0,56.1,20.6,24.0
2025-12-25 20:00:00+00:00,42.1,44.9,476.0,1296.0,51.8,18.3,23.0
2025-12-25 21:00:00+00:00,40.2,42.8,478.0,1307.0,46.5,16.5,24.0
2025-12-25 22:00:00+00:00,37.4,39.9,477.0,1088.0,38.5,15.3,28.0
2025-12-25 23:00:00+00:00,34.2,36.7,474.0,773.0,29.6,14.6,34.0
2025-12-26 00:00:00+00:00,34.5,36.8,473.0,629.0,28.0,14.2,29.0
2025-12-26 01:00:00+00:00,33.5,35.6,475.0,855.0,33.5,14.5,20.0
2025-12-26 02:00:00+00:00,38.1,40.0,478.0,1251.0,40.7,15.4,8.0
2025-12-26 03:00:00+00:00,48.5,50.2,478.0,1488.0,43.5,19.7,10.0
2025-12-26 04:00:00+00:00,46.6,48.5,474.0,1397.0,37.7,31.0,36.0
2025-12-26 05:00:00+00:00,37.6,40.9,467.0,1146.0,27.5,45.6,75.0
2025-12-26 06:00:00+00:00,32.7,36.2,461.0,915.0,18.9,55.7,108.0
2025-12-26 07:00:00+00:00,33.3,36.4,457.0,742.0,14.0,57.1,129.0
2025-12-26 08:00:00+00:00,33.6,36.4,453.0,589.0,10.8,54.0,144.0
2025-12-26 09:00:00+00:00,34.6,37.1,451.0,516.0,9.5,50.9,153.0
2025-12-26 10:00:00+00:00,35.2,37.6,450.0,544.0,9.2,50.0,157.0
2025-12-26 11:00:00+00:00,35.5,38.1,451.0,651.0,10.7,49.2,156.0
2025-12-26 12:00:00+00:00,33.1,35.9,453.0,836.0,15.9,47.4,140.0
2025-12-26 13:00:00+00:00,44.9,47.1,458.0,1182.0,33.6,43.1,108.0
2025-12-26 14:00:00+00:00,47.7,49.9,465.0,1605.0,58.0,37.0,63.0
2025-12-26 15:00:00+00:00,46.1,48.7,469.0,1853.0,75.5,32.0,28.0
2025-12-26 16:00:00+00:00,46.1,49.0,469.0,1780.0,79.8,29.3,14.0
2025-12-26 17:00:00+00:00,47.7,50.9,467.0,1533.0,77.2,27.7,10.0
2025-12-26 18:00:00+00:00,50.6,53.7,466.0,1299.0,73.6,26.1,8.0
2025-12-26 19:00:00+00:00,52.9,55.6,469.0,1143.0,71.0,24.1,6.0
2025-12-26 20:00:00+00:00,53.6,55.9,473.0,1000.0,67.4,22.0,6.0
2025-12-26 21:00:00+00:00,52.4,54.4,476.0,862.0,62.4,20.4,9.0
2025-12-26 22:00:00+00:00,50.4,52.3,474.0,676.0,54.4,19.2,15.0
2025-12-26 23:00:00+00:00,48.1,49.8,471.0,495.0,45.0,18.4,24.0
2025-12-27 00:00:00+00:00,45.4,47.5,469.0,472.0,41.2,17.9,26.0
2025-12-27 01:00:00+00:00,44.2,46.1,471.0,758.0,45.2,18.2,22.0
2025-12-27 02:00:00+00:00,47.7,49.6,474.0,1203.0,50.3,18.8,17.0
2025-12-27 03:00:00+00:00,54.7,56.3,476.0,1508.0,51.2,21.1,24.0
2025-12-27 04:00:00+00:00,53.0,54.6,474.0,1545.0,44.0,26.8,53.0
2025-12-27 05:00:00+00:00,47.5,49.8,470.0,1442.0,32.5,34.2,94.0
2025-12-27 06:00:00+00:00,39.5,42.8,466.0,1281.0,22.7,39.6,128.0
2025-12-27 07:00:00+00:00,38.6,42.3,461.0,1015.0,16.4,40.8,148.0
2025-12-27 08:00:00+00:00,37.8,41.3,456.0,691.0,11.8,40.0,162.0
2025-12-27 09:00:00+00:00,37.8,41.2,454.0,538.0,9.5,39.7,171.0
2025-12-27 10:00:00+00:00,38.3,41.7,456.0,715.0,7.9,41.1,179.0
2025-12-27 11:00:00+00:00,39.1,42.4,460.0,1062.0,8.6,43.0,182.0
2025-12-27 12:00:00+00:00,28.1,29.5,464.0,1331.0,16.4,39.9,165.0
2025-12-27 13:00:00+00:00,51.7,53.1,466.0,1404.0,52.4,41.4,122.0
2025-12-27 14:00:00+00:00,62.4,63.6,467.0,1399.0,101.6,43.4,63.0
2025-12-27 15:00:00+00:00,64.3,65.7,470.0,1420.0,135.0,44.4,20.0
2025-12-27 16:00:00+00:00,66.1,67.8,476.0,1563.0,138.5,43.9,7.0
2025-12-27 17:00:00+00:00,67.1,68.5,483.0,1732.0,126.3,42.4,10.0
2025-12-27 18:00:00+00:00,64.5,65.2,487.0,1740.0,112.1,39.3,13.0
2025-12-27 19:00:00+00:00,54.6,55.1,483.0,1437.0,99.8,33.5,12.0
2025-12-27 20:00:00+00:00,45.2,45.4,476.0,974.0,85.6,26.2,13.0
2025-12-27 21:00:00+00:00,37.8,38.1,470.0,612.0,71.9,20.5,15.0
2025-12-27 22:00:00+00:00,32.6,32.8,468.0,423.0,58.2,17.7,21.0
2025-12-27 23:00:00+00:00,29.2,29.3,467.0,335.0,45.1,16.6,29.0
2025-12-28 00:00:00+00:00,27.9,28.1,468.0,400.0,49.5,15.8,19.0
2025-12-28 01:00:00+00:00,27.2,27.4,471.0,737.0,49.4,16.6,16.0
2025-12-28 02:00:00+00:00,31.1,31.3,476.0,1227.0,49.0,17.9,14.0
2025-12-28 03:00:00+00:00,39.0,39.2,479.0,1564.0,46.3,20.3,21.0
2025-12-28 04:00:00+00:00,41.7,42.0,477.0,1615.0,39.4,24.6,46.0
2025-12-28 05:00:00+00:00,42.0,42.5,473.0,1514.0,30.3,30.0,81.0
2025-12-28 06:00:00+00:00,33.9,35.0,469.0,1353.0,22.5,34.3,110.0
2025-12-28 07:00:00+00:00,28.5,29.7,464.0,1095.0,16.9,36.2,128.0
2025-12-28 08:00:00+00:00,26.5,27.7,459.0,777.0,12.7,37.1,139.0
2025-12-28 09:00:00+00:00,27.6,29.0,456.0,612.0,10.7,38.6,148.0
2025-12-28 10:00:00+00:00,29.9,31.3,457.0,735.0,10.0,42.2,157.0
2025-12-28 11:00:00+00:00,32.4,33.6,460.0,1009.0,11.6,46.5,162.0
2025-12-28 12:00:00+00:00,31.5,32.4,463.0,1238.0,17.8,49.0,159.0
2025-12-28 13:00:00+00:00,50.1,50.6,466.0,1336.0,39.1,48.9,129.0
2025-12-28 14:00:00+00:00,58.6,59.0,469.0,1388.0,68.3,48.6,88.0
2025-12-28 15:00:00+00:00,61.2,61.7,472.0,1455.0,88.6,48.0,56.0
2025-12-28 16:00:00+00:00,64.0,64.5,476.0,1601.0,91.7,47.1,44.0
2025-12-28 17:00:00+00:00,67.3,68.0,480.0,1763.0,86.0,45.9,43.0
2025-12-28 18:00:00+00:00,68.2,68.9,483.0,1810.0,78.9,43.3,41.0
2025-12-28 19:00:00+00:00,66.4,67.1,486.0,1658.0,72.7,38.4,35.0
2025-12-28 20:00:00+00:00,61.5,62.2,488.0,1391.0,65.3,32.2,30.0
2025-12-28 21:00:00+00:00,55.8,56.3,488.0,1136.0,57.9,26.8,26.0
2025-12-28 22:00:00+00:00,51.0,51.6,485.0,883.0,49.7,22.7,25.0
2025-12-28 23:00:00+00:00,47.3,47.7,480.0,642.0,41.6,19.4,27.0
2025-12-29 00:00:00+00:00,42.1,42.7,476.0,565.0,33.5,18.2,28.0
2025-12-29 01:00:00+00:00,41.2,41.7,476.0,807.0,38.5,18.5,21.0
2025-12-29 02:00:00+00:00,44.2,44.8,478.0,1213.0,45.1,19.1,13.0
2025-12-29 03:00:00+00:00,51.5,52.0,478.0,1473.0,48.0,20.4,17.0
2025-12-29 04:00:00+00:00,50.5,51.1,475.0,1439.0,44.0,22.6,41.0
2025-12-29 05:00:00+00:00,47.1,47.8,471.0,1260.0,36.3,25.7,77.0
2025-12-29 06:00:00+00:00,39.9,41.0,467.0,1067.0,28.7,29.8,110.0
2025-12-29 07:00:00+00:00,38.3,39.5,463.0,859.0,21.7,36.1,136.0
2025-12-29 08:00:00+00:00,38.6,39.9,458.0,637.0,14.9,43.6,158.0
2025-12-29 09:00:00+00:00,41.0,42.6,456.0,540.0,10.8,48.9,173.0
2025-12-29 10:00:00+00:00,43.4,45.2,457.0,663.0,10.2,50.9,180.0
2025-12-29 11:00:00+00:00,44.8,46.7,459.0,912.0,12.4,50.8,179.0
2025-12-29 12:00:00+00:00,38.4,39.7,462.0,1141.0,15.4,54.4,177.0
2025-12-29 13:00:00+00:00,48.5,49.5,465.0,1323.0,26.7,50.5,150.0
2025-12-29 14:00:00+00:00,49.7,50.5,468.0,1487.0,42.2,44.9,112.0
2025-12-29 15:00:00+00:00,46.8,47.7,471.0,1570.0,51.9,39.3,83.0
2025-12-29 16:00:00+00:00,44.6,45.6,473.0,1514.0,50.8,34.1,71.0
2025-12-29 17:00:00+00:00,43.4,44.7,474.0,1378.0,44.1,28.9,68.0
2025-12-29 18:00:00+00:00,43.4,44.8,475.0,1278.0,37.5,24.5,66.0
2025-12-29 19:00:00+00:00,43.5,44.9,477.0,1289.0,32.9,21.1,63.0
2025-12-29 20:00:00+00:00,43.0,44.4,479.0,1336.0,28.5,18.4,62.0
2025-12-29 21:00:00+00:00,42.1,43.5,480.0,1314.0,24.6,16.5,61.0
2025-12-29 22:00:00+00:00,41.4,43.0,479.0,1099.0,19.8,15.4,63.0
2025-12-29 23:00:00+00:00,40.7,42.3,478.0,813.0,15.5,15.1,66.0
2025-12-30 00:00:00+00:00,44.4,45.9,478.0,721.0,19.4,14.6,52.0
2025-12-30 01:00:00+00:00,46.4,47.8,482.0,1035.0,30.0,15.6,37.0
2025-12-30 02:00:00+00:00,53.8,55.3,487.0,1543.0,44.2,17.3,17.0
2025-12-30 03:00:00+00:00,69.2,70.5,489.0,1867.0,51.2,20.4,13.0
2025-12-30 04:00:00+00:00,72.2,73.6,485.0,1836.0,44.4,27.0,41.0
2025-12-30 05:00:00+00:00,59.6,62.9,478.0,1621.0,30.5,35.2,85.0
2025-12-30 06:00:00+00:00,52.9,57.4,471.0,1362.0,18.9,39.4,119.0
2025-12-30 07:00:00+00:00,50.6,54.9,465.0,1052.0,12.9,36.3,134.0
2025-12-30 08:00:00+00:00,47.8,51.9,459.0,698.0,9.2,29.3,140.0
2025-12-30 09:00:00+00:00,46.1,50.4,455.0,464.0,7.2,23.6,141.0
2025-12-30 10:00:00+00:00,45.9,50.3,455.0,439.0,6.3,21.3,139.0
2025-12-30 11:00:00+00:00,46.1,49.9,457.0,535.0,7.2,20.2,133.0
2025-12-30 12:00:00+00:00,38.6,41.8,459.0,645.0,11.0,16.0,112.0
2025-12-30 13:00:00+00:00,38.8,40.9,462.0,766.0,22.6,16.0,93.0
2025-12-30 14:00:00+00:00,39.8,41.8,464.0,903.0,38.5,15.9,68.0
2025-12-30 15:00:00+00:00,41.3,43.3,465.0,961.0,49.6,15.6,49.0
2025-12-30 16:00:00+00:00,40.7,42.7,462.0,884.0,52.2,15.1,42.0
2025-12-30 17:00:00+00:00,37.3,39.3,457.0,729.0,50.0,14.3,42.0
2025-12-30 18:00:00+00:00,32.8,35.0,452.0,574.0,44.9,13.1,46.0
2025-12-30 19:00:00+00:00,26.5,28.8,449.0,427.0,35.6,10.9,55.0
2025-12-30 20:00:00+00:00,21.5,25.0,446.0,281.0,23.5,8.2,67.0
2025-12-30 21:00:00+00:00,15.5,21.0,445.0,186.0,14.7,6.6,75.0
2025-12-30 22:00:00+00:00,13.3,19.9,446.0,167.0,11.1,6.8,75.0
2025-12-30 23:00:00+00:00,13.6,20.8,448.0,200.0,10.8,8.1,71.0
2025-12-31 00:00:00+00:00,14.4,24.4,449.0,267.0,11.9,8.1,66.0
2025-12-31 01:00:00+00:00,17.1,27.2,449.0,400.0,25.8,11.0,48.0
2025-12-31 02:00:00+00:00,24.2,34.2,450.0,566.0,44.4,14.9,25.0
2025-12-31 03:00:00+00:00,35.7,45.6,449.0,647.0,53.7,18.2,15.0
2025-12-31 04:00:00+00:00,33.8,44.7,448.0,560.0,44.8,20.2,33.0
2025-12-31 05:00:00+00:00,23.1,43.5,446.0,388.0,26.6,21.5,64.0
2025-12-31 06:00:00+00:00,20.0,43.8,444.0,257.0,12.2,21.8,90.0
2025-12-31 07:00:00+00:00,18.0,39.9,443.0,217.0,6.8,20.5,103.0
2025-12-31 08:00:00+00:00,16.2,34.9,443.0,217.0,5.1,18.2,110.0
2025-12-31 09:00:00+00:00,14.3,29.9,443.0,236.0,4.8,16.3,113.0
2025-12-31 10:00:00+00:00,12.7,26.5,443.0,244.0,4.4,15.6,111.0
2025-12-31 11:00:00+00:00,11.9,25.2,443.0,269.0,5.3,15.3,105.0
2025-12-31 12:00:00+00:00,13.1,26.5,445.0,376.0,10.2,18.4,98.0
2025-12-31 13:00:00+00:00,16.8,27.1,449.0,633.0,21.5,17.7,80.0
2025-12-31 14:00:00+00:00,20.7,30.0,454.0,972.0,37.2,16.8,56.0
2025-12-31 15:00:00+00:00,22.6,31.8,459.0,1247.0,49.7,16.4,36.0
2025-12-31 16:00:00+00:00,24.1,32.9,463.0,1400.0,56.2,16.9,26.0
2025-12-31 17:00:00+00:00,26.1,35.4,467.0,1489.0,59.5,17.9,22.0
2025-12-31 18:00:00+00:00,29.7,40.3,470.0,1543.0,60.3,18.4,20.0
2025-12-31 19:00:00+00:00,31.4,42.6,472.0,1593.0,58.1,18.0,21.0
2025-12-31 20:00:00+00:00,30.3,41.1,474.0,1607.0,53.3,17.2,24.0
2025-12-31 21:00:00+00:00,29.2,39.9,474.0,1523.0,48.1,16.1,26.0
2025-12-31 22:00:00+00:00,27.9,37.7,472.0,1239.0,42.0,14.5,26.0
2025-12-31 23:00:00+00:00,24.4,31.4,469.0,856.0,35.4,12.7,25.0
