2025-07-13 06:31:26,280 - INFO - Starting initialization...
2025-07-13 06:31:34,235 - INFO - Attempting Modbus connection on port /dev/ttyUSB0
2025-07-13 06:31:34,236 - ERROR - Modbus connection failed
2025-07-13 06:31:34,238 - INFO - CSV writer thread started. Output directory: /home/asif/Desktop/unified_creek_awos/csv_data
2025-07-13 06:31:34,238 - INFO - Updating display with sensor data: {'temperature': None, 'humidity': None, 'pressure': None, 'uv_index': None, 'wind_speed': None, 'wind_direction': None, 'rainfall': None, 'aqi': None, 'timestamp': None}
2025-07-13 06:31:34,239 - WARNING - Modbus connection failed (Attempt 1/3)
2025-07-13 06:31:34,239 - ERROR - Error updating temperature: 'WeatherStationSystem' object has no attribute 'temperature_value'
2025-07-13 06:31:34,239 - ERROR - Display update error: 'WeatherStationSystem' object has no attribute 'bg_canvas'
2025-07-13 06:32:05,564 - INFO - Starting initialization...
2025-07-13 06:32:13,435 - INFO - Attempting Modbus connection on port /dev/ttyUSB0
2025-07-13 06:32:13,436 - ERROR - Modbus connection failed
2025-07-13 06:32:13,437 - INFO - CSV writer thread started. Output directory: /home/asif/Desktop/unified_creek_awos/csv_data
2025-07-13 06:32:13,437 - WARNING - Modbus connection failed (Attempt 1/3)
2025-07-13 06:32:13,437 - INFO - Updating display with sensor data: {'temperature': None, 'humidity': None, 'pressure': None, 'uv_index': None, 'wind_speed': None, 'wind_direction': None, 'rainfall': None, 'aqi': None, 'timestamp': None}
2025-07-13 06:32:13,437 - ERROR - Error updating temperature: 'WeatherStationSystem' object has no attribute 'temperature_value'
2025-07-13 06:32:13,437 - ERROR - Display update error: 'WeatherStationSystem' object has no attribute 'bg_canvas'
2025-07-13 06:32:13,439 - INFO - Switched to GUI-2 (Next toggle in 5s
2025-07-13 06:32:14,438 - WARNING - Modbus connection failed (Attempt 2/3)
2025-07-13 06:32:14,438 - INFO - Updating display with sensor data: {'temperature': None, 'humidity': None, 'pressure': None, 'uv_index': None, 'wind_speed': None, 'wind_direction': None, 'rainfall': None, 'aqi': None, 'timestamp': None}
2025-07-13 06:32:14,438 - ERROR - Error updating temperature: 'WeatherStationSystem' object has no attribute 'temperature_value'
2025-07-13 06:32:14,438 - ERROR - Display update error: 'WeatherStationSystem' object has no attribute 'bg_canvas'
2025-07-13 06:32:15,438 - WARNING - Modbus connection failed (Attempt 3/3)
2025-07-13 06:32:15,438 - INFO - Updating display with sensor data: {'temperature': None, 'humidity': None, 'pressure': None, 'uv_index': None, 'wind_speed': None, 'wind_direction': None, 'rainfall': None, 'aqi': None, 'timestamp': None}
2025-07-13 06:32:15,438 - ERROR - Error updating temperature: 'WeatherStationSystem' object has no attribute 'temperature_value'
2025-07-13 06:32:15,438 - ERROR - Display update error: 'WeatherStationSystem' object has no attribute 'bg_canvas'
2025-07-13 06:32:16,439 - INFO - Updating display with sensor data: {'temperature': None, 'humidity': None, 'pressure': None, 'uv_index': None, 'wind_speed': None, 'wind_direction': None, 'rainfall': None, 'aqi': None, 'timestamp': None}
2025-07-13 06:32:16,439 - ERROR - Error updating temperature: 'WeatherStationSystem' object has no attribute 'temperature_value'
2025-07-13 06:32:16,439 - CRITICAL - Critical error in sensor read loop: cannot access local variable 'conn_error' where it is not associated with a value
Traceback (most recent call last):
  File "/home/asif/Desktop/unified_creek_awos/awos.py", line 1220, in sensor_reader_loop
    self.log(f"Modbus connection failed after {retries} retries. Last error: {str(conn_error)}", logging.ERROR)
                                                                                  ^^^^^^^^^^
UnboundLocalError: cannot access local variable 'conn_error' where it is not associated with a value

2025-07-13 06:32:16,439 - ERROR - Display update error: 'WeatherStationSystem' object has no attribute 'bg_canvas'
2025-07-13 06:32:17,440 - INFO - Updating display with sensor data: {'temperature': None, 'humidity': None, 'pressure': None, 'uv_index': None, 'wind_speed': None, 'wind_direction': None, 'rainfall': None, 'aqi': None, 'timestamp': None}
2025-07-13 06:32:17,440 - ERROR - Error updating temperature: 'WeatherStationSystem' object has no attribute 'temperature_value'
2025-07-13 06:32:17,440 - ERROR - Display update error: 'WeatherStationSystem' object has no attribute 'bg_canvas'
2025-07-13 06:32:18,439 - INFO - Switched to GUI-1 (Next toggle in 10s
2025-07-13 06:32:18,449 - INFO - Updating display with sensor data: {'temperature': None, 'humidity': None, 'pressure': None, 'uv_index': None, 'wind_speed': None, 'wind_direction': None, 'rainfall': None, 'aqi': None, 'timestamp': None}
2025-07-13 06:32:18,449 - ERROR - Error updating temperature: 'WeatherStationSystem' object has no attribute 'temperature_value'
2025-07-13 06:32:18,449 - ERROR - Display update error: 'WeatherStationSystem' object has no attribute 'bg_canvas'
2025-07-13 06:32:19,450 - INFO - Updating display with sensor data: {'temperature': None, 'humidity': None, 'pressure': None, 'uv_index': None, 'wind_speed': None, 'wind_direction': None, 'rainfall': None, 'aqi': None, 'timestamp': None}
2025-07-13 06:32:19,450 - ERROR - Error updating temperature: 'WeatherStationSystem' object has no attribute 'temperature_value'
2025-07-13 06:32:19,450 - ERROR - Display update error: 'WeatherStationSystem' object has no attribute 'bg_canvas'
2025-07-13 06:32:20,450 - INFO - Updating display with sensor data: {'temperature': None, 'humidity': None, 'pressure': None, 'uv_index': None, 'wind_speed': None, 'wind_direction': None, 'rainfall': None, 'aqi': None, 'timestamp': None}
2025-07-13 06:32:20,450 - ERROR - Error updating temperature: 'WeatherStationSystem' object has no attribute 'temperature_value'
2025-07-13 06:32:20,450 - ERROR - Display update error: 'WeatherStationSystem' object has no attribute 'bg_canvas'
2025-07-13 06:32:21,440 - INFO - Attempting Modbus connection on port /dev/ttyUSB0
2025-07-13 06:32:21,440 - ERROR - Modbus connection failed
2025-07-13 06:32:21,440 - WARNING - Modbus connection failed (Attempt 1/3)
2025-07-13 06:32:21,451 - INFO - Updating display with sensor data: {'temperature': None, 'humidity': None, 'pressure': None, 'uv_index': None, 'wind_speed': None, 'wind_direction': None, 'rainfall': None, 'aqi': None, 'timestamp': None}
2025-07-13 06:32:21,451 - ERROR - Error updating temperature: 'WeatherStationSystem' object has no attribute 'temperature_value'
2025-07-13 06:32:21,451 - ERROR - Display update error: 'WeatherStationSystem' object has no attribute 'bg_canvas'
2025-07-13 06:32:22,440 - WARNING - Modbus connection failed (Attempt 2/3)
2025-07-13 06:32:22,451 - INFO - Updating display with sensor data: {'temperature': None, 'humidity': None, 'pressure': None, 'uv_index': None, 'wind_speed': None, 'wind_direction': None, 'rainfall': None, 'aqi': None, 'timestamp': None}
2025-07-13 06:32:22,451 - ERROR - Error updating temperature: 'WeatherStationSystem' object has no attribute 'temperature_value'
2025-07-13 06:32:22,451 - ERROR - Display update error: 'WeatherStationSystem' object has no attribute 'bg_canvas'
2025-07-13 06:32:23,441 - WARNING - Modbus connection failed (Attempt 3/3)
2025-07-13 06:32:23,453 - INFO - Updating display with sensor data: {'temperature': None, 'humidity': None, 'pressure': None, 'uv_index': None, 'wind_speed': None, 'wind_direction': None, 'rainfall': None, 'aqi': None, 'timestamp': None}
2025-07-13 06:32:23,453 - ERROR - Error updating temperature: 'WeatherStationSystem' object has no attribute 'temperature_value'
2025-07-13 06:32:23,453 - ERROR - Display update error: 'WeatherStationSystem' object has no attribute 'bg_canvas'
2025-07-13 06:32:24,441 - CRITICAL - Critical error in sensor read loop: cannot access local variable 'conn_error' where it is not associated with a value
Traceback (most recent call last):
  File "/home/asif/Desktop/unified_creek_awos/awos.py", line 1220, in sensor_reader_loop
    self.log(f"Modbus connection failed after {retries} retries. Last error: {str(conn_error)}", logging.ERROR)
                                                                                  ^^^^^^^^^^
UnboundLocalError: cannot access local variable 'conn_error' where it is not associated with a value

2025-07-13 06:32:24,454 - INFO - Updating display with sensor data: {'temperature': None, 'humidity': None, 'pressure': None, 'uv_index': None, 'wind_speed': None, 'wind_direction': None, 'rainfall': None, 'aqi': None, 'timestamp': None}
2025-07-13 06:32:24,455 - ERROR - Error updating temperature: 'WeatherStationSystem' object has no attribute 'temperature_value'
2025-07-13 06:32:24,455 - ERROR - Display update error: 'WeatherStationSystem' object has no attribute 'bg_canvas'
2025-07-13 06:32:25,455 - INFO - Updating display with sensor data: {'temperature': None, 'humidity': None, 'pressure': None, 'uv_index': None, 'wind_speed': None, 'wind_direction': None, 'rainfall': None, 'aqi': None, 'timestamp': None}
2025-07-13 06:32:25,456 - ERROR - Error updating temperature: 'WeatherStationSystem' object has no attribute 'temperature_value'
2025-07-13 06:32:25,456 - ERROR - Display update error: 'WeatherStationSystem' object has no attribute 'bg_canvas'
2025-07-13 06:32:26,456 - INFO - Updating display with sensor data: {'temperature': None, 'humidity': None, 'pressure': None, 'uv_index': None, 'wind_speed': None, 'wind_direction': None, 'rainfall': None, 'aqi': None, 'timestamp': None}
2025-07-13 06:32:26,456 - ERROR - Error updating temperature: 'WeatherStationSystem' object has no attribute 'temperature_value'
2025-07-13 06:32:26,456 - ERROR - Display update error: 'WeatherStationSystem' object has no attribute 'bg_canvas'
2025-07-13 06:32:27,456 - INFO - Updating display with sensor data: {'temperature': None, 'humidity': None, 'pressure': None, 'uv_index': None, 'wind_speed': None, 'wind_direction': None, 'rainfall': None, 'aqi': None, 'timestamp': None}
2025-07-13 06:32:27,457 - ERROR - Error updating temperature: 'WeatherStationSystem' object has no attribute 'temperature_value'
2025-07-13 06:32:27,457 - ERROR - Display update error: 'WeatherStationSystem' object has no attribute 'bg_canvas'
2025-07-13 06:32:28,440 - INFO - Switched to GUI-2 (Next toggle in 5s
2025-07-13 06:32:28,522 - INFO - Updating display with sensor data: {'temperature': None, 'humidity': None, 'pressure': None, 'uv_index': None, 'wind_speed': None, 'wind_direction': None, 'rainfall': None, 'aqi': None, 'timestamp': None}
2025-07-13 06:32:28,523 - ERROR - Error updating temperature: 'WeatherStationSystem' object has no attribute 'temperature_value'
2025-07-13 06:32:28,523 - ERROR - Display update error: 'WeatherStationSystem' object has no attribute 'bg_canvas'
2025-07-13 06:32:29,442 - INFO - Attempting Modbus connection on port /dev/ttyUSB0
2025-07-13 06:32:29,443 - ERROR - Modbus connection failed
2025-07-13 06:32:29,443 - WARNING - Modbus connection failed (Attempt 1/3)
2025-07-13 06:32:29,523 - INFO - Updating display with sensor data: {'temperature': None, 'humidity': None, 'pressure': None, 'uv_index': None, 'wind_speed': None, 'wind_direction': None, 'rainfall': None, 'aqi': None, 'timestamp': None}
2025-07-13 06:32:29,523 - ERROR - Error updating temperature: 'WeatherStationSystem' object has no attribute 'temperature_value'
2025-07-13 06:32:29,523 - ERROR - Display update error: 'WeatherStationSystem' object has no attribute 'bg_canvas'
2025-07-13 06:32:30,443 - WARNING - Modbus connection failed (Attempt 2/3)
2025-07-13 06:32:30,524 - INFO - Updating display with sensor data: {'temperature': None, 'humidity': None, 'pressure': None, 'uv_index': None, 'wind_speed': None, 'wind_direction': None, 'rainfall': None, 'aqi': None, 'timestamp': None}
2025-07-13 06:32:30,524 - ERROR - Error updating temperature: 'WeatherStationSystem' object has no attribute 'temperature_value'
2025-07-13 06:32:30,524 - ERROR - Display update error: 'WeatherStationSystem' object has no attribute 'bg_canvas'
2025-07-13 06:32:31,446 - WARNING - Modbus connection failed (Attempt 3/3)
2025-07-13 06:32:31,524 - INFO - Updating display with sensor data: {'temperature': None, 'humidity': None, 'pressure': None, 'uv_index': None, 'wind_speed': None, 'wind_direction': None, 'rainfall': None, 'aqi': None, 'timestamp': None}
2025-07-13 06:32:31,525 - ERROR - Error updating temperature: 'WeatherStationSystem' object has no attribute 'temperature_value'
2025-07-13 06:32:31,525 - ERROR - Display update error: 'WeatherStationSystem' object has no attribute 'bg_canvas'
2025-07-13 06:32:32,447 - CRITICAL - Critical error in sensor read loop: cannot access local variable 'conn_error' where it is not associated with a value
Traceback (most recent call last):
  File "/home/asif/Desktop/unified_creek_awos/awos.py", line 1220, in sensor_reader_loop
    self.log(f"Modbus connection failed after {retries} retries. Last error: {str(conn_error)}", logging.ERROR)
                                                                                  ^^^^^^^^^^
UnboundLocalError: cannot access local variable 'conn_error' where it is not associated with a value

2025-07-13 06:32:32,525 - INFO - Updating display with sensor data: {'temperature': None, 'humidity': None, 'pressure': None, 'uv_index': None, 'wind_speed': None, 'wind_direction': None, 'rainfall': None, 'aqi': None, 'timestamp': None}
2025-07-13 06:32:32,526 - ERROR - Error updating temperature: 'WeatherStationSystem' object has no attribute 'temperature_value'
2025-07-13 06:32:32,526 - ERROR - Display update error: 'WeatherStationSystem' object has no attribute 'bg_canvas'
2025-07-13 06:32:33,440 - INFO - Switched to GUI-1 (Next toggle in 10s
2025-07-13 06:32:33,526 - INFO - Updating display with sensor data: {'temperature': None, 'humidity': None, 'pressure': None, 'uv_index': None, 'wind_speed': None, 'wind_direction': None, 'rainfall': None, 'aqi': None, 'timestamp': None}
2025-07-13 06:32:33,526 - ERROR - Error updating temperature: 'WeatherStationSystem' object has no attribute 'temperature_value'
2025-07-13 06:32:33,526 - ERROR - Display update error: 'WeatherStationSystem' object has no attribute 'bg_canvas'
2025-07-13 06:32:34,527 - INFO - Updating display with sensor data: {'temperature': None, 'humidity': None, 'pressure': None, 'uv_index': None, 'wind_speed': None, 'wind_direction': None, 'rainfall': None, 'aqi': None, 'timestamp': None}
2025-07-13 06:32:34,527 - ERROR - Error updating temperature: 'WeatherStationSystem' object has no attribute 'temperature_value'
2025-07-13 06:32:34,527 - ERROR - Display update error: 'WeatherStationSystem' object has no attribute 'bg_canvas'
2025-07-13 06:32:35,528 - INFO - Updating display with sensor data: {'temperature': None, 'humidity': None, 'pressure': None, 'uv_index': None, 'wind_speed': None, 'wind_direction': None, 'rainfall': None, 'aqi': None, 'timestamp': None}
2025-07-13 06:32:35,528 - ERROR - Error updating temperature: 'WeatherStationSystem' object has no attribute 'temperature_value'
2025-07-13 06:32:35,528 - ERROR - Display update error: 'WeatherStationSystem' object has no attribute 'bg_canvas'
2025-07-13 06:32:36,528 - INFO - Updating display with sensor data: {'temperature': None, 'humidity': None, 'pressure': None, 'uv_index': None, 'wind_speed': None, 'wind_direction': None, 'rainfall': None, 'aqi': None, 'timestamp': None}
2025-07-13 06:32:36,528 - ERROR - Error updating temperature: 'WeatherStationSystem' object has no attribute 'temperature_value'
2025-07-13 06:32:36,528 - ERROR - Display update error: 'WeatherStationSystem' object has no attribute 'bg_canvas'
2025-07-13 06:32:37,447 - INFO - Attempting Modbus connection on port /dev/ttyUSB0
2025-07-13 06:32:37,447 - ERROR - Modbus connection failed
2025-07-13 06:32:37,447 - WARNING - Modbus connection failed (Attempt 1/3)
2025-07-13 06:32:37,529 - INFO - Updating display with sensor data: {'temperature': None, 'humidity': None, 'pressure': None, 'uv_index': None, 'wind_speed': None, 'wind_direction': None, 'rainfall': None, 'aqi': None, 'timestamp': None}
2025-07-13 06:32:37,529 - ERROR - Error updating temperature: 'WeatherStationSystem' object has no attribute 'temperature_value'
2025-07-13 06:32:37,529 - ERROR - Display update error: 'WeatherStationSystem' object has no attribute 'bg_canvas'
2025-07-13 06:32:38,448 - WARNING - Modbus connection failed (Attempt 2/3)
2025-07-13 06:32:38,529 - INFO - Updating display with sensor data: {'temperature': None, 'humidity': None, 'pressure': None, 'uv_index': None, 'wind_speed': None, 'wind_direction': None, 'rainfall': None, 'aqi': None, 'timestamp': None}
2025-07-13 06:32:38,529 - ERROR - Error updating temperature: 'WeatherStationSystem' object has no attribute 'temperature_value'
2025-07-13 06:32:38,529 - ERROR - Display update error: 'WeatherStationSystem' object has no attribute 'bg_canvas'
2025-07-13 06:32:39,448 - WARNING - Modbus connection failed (Attempt 3/3)
2025-07-13 06:32:39,530 - INFO - Updating display with sensor data: {'temperature': None, 'humidity': None, 'pressure': None, 'uv_index': None, 'wind_speed': None, 'wind_direction': None, 'rainfall': None, 'aqi': None, 'timestamp': None}
2025-07-13 06:32:39,530 - ERROR - Error updating temperature: 'WeatherStationSystem' object has no attribute 'temperature_value'
2025-07-13 06:32:39,530 - ERROR - Display update error: 'WeatherStationSystem' object has no attribute 'bg_canvas'
2025-07-13 06:32:40,449 - CRITICAL - Critical error in sensor read loop: cannot access local variable 'conn_error' where it is not associated with a value
Traceback (most recent call last):
  File "/home/asif/Desktop/unified_creek_awos/awos.py", line 1220, in sensor_reader_loop
    self.log(f"Modbus connection failed after {retries} retries. Last error: {str(conn_error)}", logging.ERROR)
                                                                                  ^^^^^^^^^^
UnboundLocalError: cannot access local variable 'conn_error' where it is not associated with a value

2025-07-13 06:32:40,530 - INFO - Updating display with sensor data: {'temperature': None, 'humidity': None, 'pressure': None, 'uv_index': None, 'wind_speed': None, 'wind_direction': None, 'rainfall': None, 'aqi': None, 'timestamp': None}
2025-07-13 06:32:40,530 - ERROR - Error updating temperature: 'WeatherStationSystem' object has no attribute 'temperature_value'
2025-07-13 06:32:40,530 - ERROR - Display update error: 'WeatherStationSystem' object has no attribute 'bg_canvas'
2025-07-13 06:32:41,531 - INFO - Updating display with sensor data: {'temperature': None, 'humidity': None, 'pressure': None, 'uv_index': None, 'wind_speed': None, 'wind_direction': None, 'rainfall': None, 'aqi': None, 'timestamp': None}
2025-07-13 06:32:41,531 - ERROR - Error updating temperature: 'WeatherStationSystem' object has no attribute 'temperature_value'
2025-07-13 06:32:41,531 - ERROR - Display update error: 'WeatherStationSystem' object has no attribute 'bg_canvas'
2025-07-13 06:32:42,531 - INFO - Updating display with sensor data: {'temperature': None, 'humidity': None, 'pressure': None, 'uv_index': None, 'wind_speed': None, 'wind_direction': None, 'rainfall': None, 'aqi': None, 'timestamp': None}
2025-07-13 06:32:42,531 - ERROR - Error updating temperature: 'WeatherStationSystem' object has no attribute 'temperature_value'
2025-07-13 06:32:42,531 - ERROR - Display update error: 'WeatherStationSystem' object has no attribute 'bg_canvas'
2025-07-13 06:32:43,441 - INFO - Switched to GUI-2 (Next toggle in 5s
2025-07-13 06:32:43,448 - INFO - CSV write completed at 2025-07-13T06:32:43.448468
2025-07-13 06:32:43,531 - INFO - Updating display with sensor data: {'temperature': None, 'humidity': None, 'pressure': None, 'uv_index': None, 'wind_speed': None, 'wind_direction': None, 'rainfall': None, 'aqi': None, 'timestamp': None}
2025-07-13 06:32:43,532 - ERROR - Error updating temperature: 'WeatherStationSystem' object has no attribute 'temperature_value'
2025-07-13 06:32:43,532 - ERROR - Display update error: 'WeatherStationSystem' object has no attribute 'bg_canvas'
2025-07-13 06:32:44,532 - INFO - Updating display with sensor data: {'temperature': None, 'humidity': None, 'pressure': None, 'uv_index': None, 'wind_speed': None, 'wind_direction': None, 'rainfall': None, 'aqi': None, 'timestamp': None}
2025-07-13 06:32:44,532 - ERROR - Error updating temperature: 'WeatherStationSystem' object has no attribute 'temperature_value'
2025-07-13 06:32:44,532 - ERROR - Display update error: 'WeatherStationSystem' object has no attribute 'bg_canvas'
2025-07-13 06:32:45,449 - INFO - Attempting Modbus connection on port /dev/ttyUSB0
2025-07-13 06:32:45,449 - ERROR - Modbus connection failed
2025-07-13 06:32:45,449 - WARNING - Modbus connection failed (Attempt 1/3)
2025-07-13 06:32:45,533 - INFO - Updating display with sensor data: {'temperature': None, 'humidity': None, 'pressure': None, 'uv_index': None, 'wind_speed': None, 'wind_direction': None, 'rainfall': None, 'aqi': None, 'timestamp': None}
2025-07-13 06:32:45,533 - ERROR - Error updating temperature: 'WeatherStationSystem' object has no attribute 'temperature_value'
2025-07-13 06:32:45,533 - ERROR - Display update error: 'WeatherStationSystem' object has no attribute 'bg_canvas'
2025-07-13 06:32:46,450 - WARNING - Modbus connection failed (Attempt 2/3)
2025-07-13 06:32:46,533 - INFO - Updating display with sensor data: {'temperature': None, 'humidity': None, 'pressure': None, 'uv_index': None, 'wind_speed': None, 'wind_direction': None, 'rainfall': None, 'aqi': None, 'timestamp': None}
2025-07-13 06:32:46,534 - ERROR - Error updating temperature: 'WeatherStationSystem' object has no attribute 'temperature_value'
2025-07-13 06:32:46,534 - ERROR - Display update error: 'WeatherStationSystem' object has no attribute 'bg_canvas'
2025-07-13 06:32:47,450 - WARNING - Modbus connection failed (Attempt 3/3)
2025-07-13 06:32:47,534 - INFO - Updating display with sensor data: {'temperature': None, 'humidity': None, 'pressure': None, 'uv_index': None, 'wind_speed': None, 'wind_direction': None, 'rainfall': None, 'aqi': None, 'timestamp': None}
2025-07-13 06:32:47,534 - ERROR - Error updating temperature: 'WeatherStationSystem' object has no attribute 'temperature_value'
2025-07-13 06:32:47,534 - ERROR - Display update error: 'WeatherStationSystem' object has no attribute 'bg_canvas'
2025-07-13 06:32:48,441 - INFO - Switched to GUI-1 (Next toggle in 10s
2025-07-13 06:32:48,452 - CRITICAL - Critical error in sensor read loop: cannot access local variable 'conn_error' where it is not associated with a value
Traceback (most recent call last):
  File "/home/asif/Desktop/unified_creek_awos/awos.py", line 1220, in sensor_reader_loop
    self.log(f"Modbus connection failed after {retries} retries. Last error: {str(conn_error)}", logging.ERROR)
                                                                                  ^^^^^^^^^^
UnboundLocalError: cannot access local variable 'conn_error' where it is not associated with a value

2025-07-13 06:32:48,534 - INFO - Updating display with sensor data: {'temperature': None, 'humidity': None, 'pressure': None, 'uv_index': None, 'wind_speed': None, 'wind_direction': None, 'rainfall': None, 'aqi': None, 'timestamp': None}
2025-07-13 06:32:48,535 - ERROR - Error updating temperature: 'WeatherStationSystem' object has no attribute 'temperature_value'
2025-07-13 06:32:48,535 - ERROR - Display update error: 'WeatherStationSystem' object has no attribute 'bg_canvas'
2025-07-13 06:32:49,535 - INFO - Updating display with sensor data: {'temperature': None, 'humidity': None, 'pressure': None, 'uv_index': None, 'wind_speed': None, 'wind_direction': None, 'rainfall': None, 'aqi': None, 'timestamp': None}
2025-07-13 06:32:49,535 - ERROR - Error updating temperature: 'WeatherStationSystem' object has no attribute 'temperature_value'
2025-07-13 06:32:49,535 - ERROR - Display update error: 'WeatherStationSystem' object has no attribute 'bg_canvas'
2025-07-13 06:32:50,535 - INFO - Updating display with sensor data: {'temperature': None, 'humidity': None, 'pressure': None, 'uv_index': None, 'wind_speed': None, 'wind_direction': None, 'rainfall': None, 'aqi': None, 'timestamp': None}
2025-07-13 06:32:50,535 - ERROR - Error updating temperature: 'WeatherStationSystem' object has no attribute 'temperature_value'
2025-07-13 06:32:50,535 - ERROR - Display update error: 'WeatherStationSystem' object has no attribute 'bg_canvas'
2025-07-13 06:32:51,536 - INFO - Updating display with sensor data: {'temperature': None, 'humidity': None, 'pressure': None, 'uv_index': None, 'wind_speed': None, 'wind_direction': None, 'rainfall': None, 'aqi': None, 'timestamp': None}
2025-07-13 06:32:51,536 - ERROR - Error updating temperature: 'WeatherStationSystem' object has no attribute 'temperature_value'
2025-07-13 06:32:51,536 - ERROR - Display update error: 'WeatherStationSystem' object has no attribute 'bg_canvas'
2025-07-13 06:32:52,537 - INFO - Updating display with sensor data: {'temperature': None, 'humidity': None, 'pressure': None, 'uv_index': None, 'wind_speed': None, 'wind_direction': None, 'rainfall': None, 'aqi': None, 'timestamp': None}
2025-07-13 06:32:52,537 - ERROR - Error updating temperature: 'WeatherStationSystem' object has no attribute 'temperature_value'
2025-07-13 06:32:52,537 - ERROR - Display update error: 'WeatherStationSystem' object has no attribute 'bg_canvas'
2025-07-13 06:32:53,453 - INFO - Attempting Modbus connection on port /dev/ttyUSB0
2025-07-13 06:32:53,454 - ERROR - Modbus connection failed
2025-07-13 06:32:53,454 - WARNING - Modbus connection failed (Attempt 1/3)
2025-07-13 06:32:53,538 - INFO - Updating display with sensor data: {'temperature': None, 'humidity': None, 'pressure': None, 'uv_index': None, 'wind_speed': None, 'wind_direction': None, 'rainfall': None, 'aqi': None, 'timestamp': None}
2025-07-13 06:32:53,538 - ERROR - Error updating temperature: 'WeatherStationSystem' object has no attribute 'temperature_value'
2025-07-13 06:32:53,538 - ERROR - Display update error: 'WeatherStationSystem' object has no attribute 'bg_canvas'
2025-07-13 06:32:54,454 - WARNING - Modbus connection failed (Attempt 2/3)
2025-07-13 06:32:54,538 - INFO - Updating display with sensor data: {'temperature': None, 'humidity': None, 'pressure': None, 'uv_index': None, 'wind_speed': None, 'wind_direction': None, 'rainfall': None, 'aqi': None, 'timestamp': None}
2025-07-13 06:32:54,539 - ERROR - Error updating temperature: 'WeatherStationSystem' object has no attribute 'temperature_value'
2025-07-13 06:32:54,539 - ERROR - Display update error: 'WeatherStationSystem' object has no attribute 'bg_canvas'
2025-07-13 06:32:55,455 - WARNING - Modbus connection failed (Attempt 3/3)
2025-07-13 06:32:55,539 - INFO - Updating display with sensor data: {'temperature': None, 'humidity': None, 'pressure': None, 'uv_index': None, 'wind_speed': None, 'wind_direction': None, 'rainfall': None, 'aqi': None, 'timestamp': None}
2025-07-13 06:32:55,539 - ERROR - Error updating temperature: 'WeatherStationSystem' object has no attribute 'temperature_value'
2025-07-13 06:32:55,539 - ERROR - Display update error: 'WeatherStationSystem' object has no attribute 'bg_canvas'
2025-07-13 06:32:56,456 - CRITICAL - Critical error in sensor read loop: cannot access local variable 'conn_error' where it is not associated with a value
Traceback (most recent call last):
  File "/home/asif/Desktop/unified_creek_awos/awos.py", line 1220, in sensor_reader_loop
    self.log(f"Modbus connection failed after {retries} retries. Last error: {str(conn_error)}", logging.ERROR)
                                                                                  ^^^^^^^^^^
UnboundLocalError: cannot access local variable 'conn_error' where it is not associated with a value

2025-07-13 06:32:56,540 - INFO - Updating display with sensor data: {'temperature': None, 'humidity': None, 'pressure': None, 'uv_index': None, 'wind_speed': None, 'wind_direction': None, 'rainfall': None, 'aqi': None, 'timestamp': None}
2025-07-13 06:32:56,540 - ERROR - Error updating temperature: 'WeatherStationSystem' object has no attribute 'temperature_value'
2025-07-13 06:32:56,540 - ERROR - Display update error: 'WeatherStationSystem' object has no attribute 'bg_canvas'
2025-07-13 06:32:57,541 - INFO - Updating display with sensor data: {'temperature': None, 'humidity': None, 'pressure': None, 'uv_index': None, 'wind_speed': None, 'wind_direction': None, 'rainfall': None, 'aqi': None, 'timestamp': None}
2025-07-13 06:32:57,541 - ERROR - Error updating temperature: 'WeatherStationSystem' object has no attribute 'temperature_value'
2025-07-13 06:32:57,541 - ERROR - Display update error: 'WeatherStationSystem' object has no attribute 'bg_canvas'
2025-07-13 06:32:58,442 - INFO - Switched to GUI-2 (Next toggle in 5s
2025-07-13 06:32:58,541 - INFO - Updating display with sensor data: {'temperature': None, 'humidity': None, 'pressure': None, 'uv_index': None, 'wind_speed': None, 'wind_direction': None, 'rainfall': None, 'aqi': None, 'timestamp': None}
2025-07-13 06:32:58,541 - ERROR - Error updating temperature: 'WeatherStationSystem' object has no attribute 'temperature_value'
2025-07-13 06:32:58,541 - ERROR - Display update error: 'WeatherStationSystem' object has no attribute 'bg_canvas'
2025-07-13 06:32:59,542 - INFO - Updating display with sensor data: {'temperature': None, 'humidity': None, 'pressure': None, 'uv_index': None, 'wind_speed': None, 'wind_direction': None, 'rainfall': None, 'aqi': None, 'timestamp': None}
2025-07-13 06:32:59,542 - ERROR - Error updating temperature: 'WeatherStationSystem' object has no attribute 'temperature_value'
2025-07-13 06:32:59,542 - ERROR - Display update error: 'WeatherStationSystem' object has no attribute 'bg_canvas'
2025-07-13 06:33:00,542 - INFO - Updating display with sensor data: {'temperature': None, 'humidity': None, 'pressure': None, 'uv_index': None, 'wind_speed': None, 'wind_direction': None, 'rainfall': None, 'aqi': None, 'timestamp': None}
2025-07-13 06:33:00,542 - ERROR - Error updating temperature: 'WeatherStationSystem' object has no attribute 'temperature_value'
2025-07-13 06:33:00,542 - ERROR - Display update error: 'WeatherStationSystem' object has no attribute 'bg_canvas'
2025-07-13 06:33:01,457 - INFO - Attempting Modbus connection on port /dev/ttyUSB0
2025-07-13 06:33:01,457 - ERROR - Modbus connection failed
2025-07-13 06:33:01,458 - WARNING - Modbus connection failed (Attempt 1/3)
2025-07-13 06:33:01,543 - INFO - Updating display with sensor data: {'temperature': None, 'humidity': None, 'pressure': None, 'uv_index': None, 'wind_speed': None, 'wind_direction': None, 'rainfall': None, 'aqi': None, 'timestamp': None}
2025-07-13 06:33:01,543 - ERROR - Error updating temperature: 'WeatherStationSystem' object has no attribute 'temperature_value'
2025-07-13 06:33:01,543 - ERROR - Display update error: 'WeatherStationSystem' object has no attribute 'bg_canvas'
2025-07-13 06:33:02,459 - WARNING - Modbus connection failed (Attempt 2/3)
2025-07-13 06:33:02,544 - INFO - Updating display with sensor data: {'temperature': None, 'humidity': None, 'pressure': None, 'uv_index': None, 'wind_speed': None, 'wind_direction': None, 'rainfall': None, 'aqi': None, 'timestamp': None}
2025-07-13 06:33:02,545 - ERROR - Error updating temperature: 'WeatherStationSystem' object has no attribute 'temperature_value'
2025-07-13 06:33:02,545 - ERROR - Display update error: 'WeatherStationSystem' object has no attribute 'bg_canvas'
2025-07-13 06:33:03,442 - INFO - Switched to GUI-1 (Next toggle in 10s
2025-07-13 06:33:03,460 - WARNING - Modbus connection failed (Attempt 3/3)
2025-07-13 06:33:03,545 - INFO - Updating display with sensor data: {'temperature': None, 'humidity': None, 'pressure': None, 'uv_index': None, 'wind_speed': None, 'wind_direction': None, 'rainfall': None, 'aqi': None, 'timestamp': None}
2025-07-13 06:33:03,546 - ERROR - Error updating temperature: 'WeatherStationSystem' object has no attribute 'temperature_value'
2025-07-13 06:33:03,546 - ERROR - Display update error: 'WeatherStationSystem' object has no attribute 'bg_canvas'
2025-07-13 06:33:04,460 - CRITICAL - Critical error in sensor read loop: cannot access local variable 'conn_error' where it is not associated with a value
Traceback (most recent call last):
  File "/home/asif/Desktop/unified_creek_awos/awos.py", line 1220, in sensor_reader_loop
    self.log(f"Modbus connection failed after {retries} retries. Last error: {str(conn_error)}", logging.ERROR)
                                                                                  ^^^^^^^^^^
UnboundLocalError: cannot access local variable 'conn_error' where it is not associated with a value

2025-07-13 06:33:04,546 - INFO - Updating display with sensor data: {'temperature': None, 'humidity': None, 'pressure': None, 'uv_index': None, 'wind_speed': None, 'wind_direction': None, 'rainfall': None, 'aqi': None, 'timestamp': None}
2025-07-13 06:33:04,546 - ERROR - Error updating temperature: 'WeatherStationSystem' object has no attribute 'temperature_value'
2025-07-13 06:33:04,546 - ERROR - Display update error: 'WeatherStationSystem' object has no attribute 'bg_canvas'
2025-07-13 06:33:05,547 - INFO - Updating display with sensor data: {'temperature': None, 'humidity': None, 'pressure': None, 'uv_index': None, 'wind_speed': None, 'wind_direction': None, 'rainfall': None, 'aqi': None, 'timestamp': None}
2025-07-13 06:33:05,547 - ERROR - Error updating temperature: 'WeatherStationSystem' object has no attribute 'temperature_value'
2025-07-13 06:33:05,547 - ERROR - Display update error: 'WeatherStationSystem' object has no attribute 'bg_canvas'
2025-07-13 06:33:06,547 - INFO - Updating display with sensor data: {'temperature': None, 'humidity': None, 'pressure': None, 'uv_index': None, 'wind_speed': None, 'wind_direction': None, 'rainfall': None, 'aqi': None, 'timestamp': None}
2025-07-13 06:33:06,548 - ERROR - Error updating temperature: 'WeatherStationSystem' object has no attribute 'temperature_value'
2025-07-13 06:33:06,548 - ERROR - Display update error: 'WeatherStationSystem' object has no attribute 'bg_canvas'
2025-07-13 06:33:07,548 - INFO - Updating display with sensor data: {'temperature': None, 'humidity': None, 'pressure': None, 'uv_index': None, 'wind_speed': None, 'wind_direction': None, 'rainfall': None, 'aqi': None, 'timestamp': None}
2025-07-13 06:33:07,548 - ERROR - Error updating temperature: 'WeatherStationSystem' object has no attribute 'temperature_value'
2025-07-13 06:33:07,548 - ERROR - Display update error: 'WeatherStationSystem' object has no attribute 'bg_canvas'
2025-07-13 06:33:08,548 - INFO - Updating display with sensor data: {'temperature': None, 'humidity': None, 'pressure': None, 'uv_index': None, 'wind_speed': None, 'wind_direction': None, 'rainfall': None, 'aqi': None, 'timestamp': None}
2025-07-13 06:33:08,548 - ERROR - Error updating temperature: 'WeatherStationSystem' object has no attribute 'temperature_value'
2025-07-13 06:33:08,549 - ERROR - Display update error: 'WeatherStationSystem' object has no attribute 'bg_canvas'
2025-07-13 06:33:09,461 - INFO - Attempting Modbus connection on port /dev/ttyUSB0
2025-07-13 06:33:09,461 - ERROR - Modbus connection failed
2025-07-13 06:33:09,461 - WARNING - Modbus connection failed (Attempt 1/3)
2025-07-13 06:33:09,549 - INFO - Updating display with sensor data: {'temperature': None, 'humidity': None, 'pressure': None, 'uv_index': None, 'wind_speed': None, 'wind_direction': None, 'rainfall': None, 'aqi': None, 'timestamp': None}
2025-07-13 06:33:09,549 - ERROR - Error updating temperature: 'WeatherStationSystem' object has no attribute 'temperature_value'
2025-07-13 06:33:09,549 - ERROR - Display update error: 'WeatherStationSystem' object has no attribute 'bg_canvas'
2025-07-13 06:33:10,462 - WARNING - Modbus connection failed (Attempt 2/3)
2025-07-13 06:33:10,550 - INFO - Updating display with sensor data: {'temperature': None, 'humidity': None, 'pressure': None, 'uv_index': None, 'wind_speed': None, 'wind_direction': None, 'rainfall': None, 'aqi': None, 'timestamp': None}
2025-07-13 06:33:10,550 - ERROR - Error updating temperature: 'WeatherStationSystem' object has no attribute 'temperature_value'
2025-07-13 06:33:10,550 - ERROR - Display update error: 'WeatherStationSystem' object has no attribute 'bg_canvas'
2025-07-13 06:33:11,465 - WARNING - Modbus connection failed (Attempt 3/3)
2025-07-13 06:33:11,550 - INFO - Updating display with sensor data: {'temperature': None, 'humidity': None, 'pressure': None, 'uv_index': None, 'wind_speed': None, 'wind_direction': None, 'rainfall': None, 'aqi': None, 'timestamp': None}
2025-07-13 06:33:11,551 - ERROR - Error updating temperature: 'WeatherStationSystem' object has no attribute 'temperature_value'
2025-07-13 06:33:11,551 - ERROR - Display update error: 'WeatherStationSystem' object has no attribute 'bg_canvas'
2025-07-13 06:33:12,466 - CRITICAL - Critical error in sensor read loop: cannot access local variable 'conn_error' where it is not associated with a value
Traceback (most recent call last):
  File "/home/asif/Desktop/unified_creek_awos/awos.py", line 1220, in sensor_reader_loop
    self.log(f"Modbus connection failed after {retries} retries. Last error: {str(conn_error)}", logging.ERROR)
                                                                                  ^^^^^^^^^^
UnboundLocalError: cannot access local variable 'conn_error' where it is not associated with a value

2025-07-13 06:33:12,551 - INFO - Updating display with sensor data: {'temperature': None, 'humidity': None, 'pressure': None, 'uv_index': None, 'wind_speed': None, 'wind_direction': None, 'rainfall': None, 'aqi': None, 'timestamp': None}
2025-07-13 06:33:12,551 - ERROR - Error updating temperature: 'WeatherStationSystem' object has no attribute 'temperature_value'
2025-07-13 06:33:12,551 - ERROR - Display update error: 'WeatherStationSystem' object has no attribute 'bg_canvas'
2025-07-13 06:33:13,455 - INFO - CSV write completed at 2025-07-13T06:33:13.455696
2025-07-13 06:33:13,456 - INFO - Switched to GUI-2 (Next toggle in 5s
2025-07-13 06:33:13,552 - INFO - Updating display with sensor data: {'temperature': None, 'humidity': None, 'pressure': None, 'uv_index': None, 'wind_speed': None, 'wind_direction': None, 'rainfall': None, 'aqi': None, 'timestamp': None}
2025-07-13 06:33:13,552 - ERROR - Error updating temperature: 'WeatherStationSystem' object has no attribute 'temperature_value'
2025-07-13 06:33:13,552 - ERROR - Display update error: 'WeatherStationSystem' object has no attribute 'bg_canvas'
2025-07-13 06:33:14,554 - INFO - Updating display with sensor data: {'temperature': None, 'humidity': None, 'pressure': None, 'uv_index': None, 'wind_speed': None, 'wind_direction': None, 'rainfall': None, 'aqi': None, 'timestamp': None}
2025-07-13 06:33:14,555 - ERROR - Error updating temperature: 'WeatherStationSystem' object has no attribute 'temperature_value'
2025-07-13 06:33:14,555 - ERROR - Display update error: 'WeatherStationSystem' object has no attribute 'bg_canvas'
2025-07-13 06:33:15,556 - INFO - Updating display with sensor data: {'temperature': None, 'humidity': None, 'pressure': None, 'uv_index': None, 'wind_speed': None, 'wind_direction': None, 'rainfall': None, 'aqi': None, 'timestamp': None}
2025-07-13 06:33:15,556 - ERROR - Error updating temperature: 'WeatherStationSystem' object has no attribute 'temperature_value'
2025-07-13 06:33:15,556 - ERROR - Display update error: 'WeatherStationSystem' object has no attribute 'bg_canvas'
2025-07-13 06:33:16,557 - INFO - Updating display with sensor data: {'temperature': None, 'humidity': None, 'pressure': None, 'uv_index': None, 'wind_speed': None, 'wind_direction': None, 'rainfall': None, 'aqi': None, 'timestamp': None}
2025-07-13 06:33:16,557 - ERROR - Error updating temperature: 'WeatherStationSystem' object has no attribute 'temperature_value'
2025-07-13 06:33:16,557 - ERROR - Display update error: 'WeatherStationSystem' object has no attribute 'bg_canvas'
2025-07-13 06:33:17,467 - INFO - Attempting Modbus connection on port /dev/ttyUSB0
2025-07-13 06:33:17,467 - ERROR - Modbus connection failed
2025-07-13 06:33:17,467 - WARNING - Modbus connection failed (Attempt 1/3)
2025-07-13 06:33:17,560 - INFO - Updating display with sensor data: {'temperature': None, 'humidity': None, 'pressure': None, 'uv_index': None, 'wind_speed': None, 'wind_direction': None, 'rainfall': None, 'aqi': None, 'timestamp': None}
2025-07-13 06:33:17,560 - ERROR - Error updating temperature: 'WeatherStationSystem' object has no attribute 'temperature_value'
2025-07-13 06:33:17,560 - ERROR - Display update error: 'WeatherStationSystem' object has no attribute 'bg_canvas'
2025-07-13 06:33:18,457 - INFO - Switched to GUI-1 (Next toggle in 10s
2025-07-13 06:33:18,468 - WARNING - Modbus connection failed (Attempt 2/3)
2025-07-13 06:33:18,561 - INFO - Updating display with sensor data: {'temperature': None, 'humidity': None, 'pressure': None, 'uv_index': None, 'wind_speed': None, 'wind_direction': None, 'rainfall': None, 'aqi': None, 'timestamp': None}
2025-07-13 06:33:18,561 - ERROR - Error updating temperature: 'WeatherStationSystem' object has no attribute 'temperature_value'
2025-07-13 06:33:18,561 - ERROR - Display update error: 'WeatherStationSystem' object has no attribute 'bg_canvas'
2025-07-13 06:33:19,469 - WARNING - Modbus connection failed (Attempt 3/3)
2025-07-13 06:33:19,562 - INFO - Updating display with sensor data: {'temperature': None, 'humidity': None, 'pressure': None, 'uv_index': None, 'wind_speed': None, 'wind_direction': None, 'rainfall': None, 'aqi': None, 'timestamp': None}
2025-07-13 06:33:19,562 - ERROR - Error updating temperature: 'WeatherStationSystem' object has no attribute 'temperature_value'
2025-07-13 06:33:19,562 - ERROR - Display update error: 'WeatherStationSystem' object has no attribute 'bg_canvas'
2025-07-13 06:33:20,470 - CRITICAL - Critical error in sensor read loop: cannot access local variable 'conn_error' where it is not associated with a value
Traceback (most recent call last):
  File "/home/asif/Desktop/unified_creek_awos/awos.py", line 1220, in sensor_reader_loop
    self.log(f"Modbus connection failed after {retries} retries. Last error: {str(conn_error)}", logging.ERROR)
                                                                                  ^^^^^^^^^^
UnboundLocalError: cannot access local variable 'conn_error' where it is not associated with a value

2025-07-13 06:33:20,562 - INFO - Updating display with sensor data: {'temperature': None, 'humidity': None, 'pressure': None, 'uv_index': None, 'wind_speed': None, 'wind_direction': None, 'rainfall': None, 'aqi': None, 'timestamp': None}
2025-07-13 06:33:20,563 - ERROR - Error updating temperature: 'WeatherStationSystem' object has no attribute 'temperature_value'
2025-07-13 06:33:20,563 - ERROR - Display update error: 'WeatherStationSystem' object has no attribute 'bg_canvas'
2025-07-13 06:33:21,563 - INFO - Updating display with sensor data: {'temperature': None, 'humidity': None, 'pressure': None, 'uv_index': None, 'wind_speed': None, 'wind_direction': None, 'rainfall': None, 'aqi': None, 'timestamp': None}
2025-07-13 06:33:21,563 - ERROR - Error updating temperature: 'WeatherStationSystem' object has no attribute 'temperature_value'
2025-07-13 06:33:21,563 - ERROR - Display update error: 'WeatherStationSystem' object has no attribute 'bg_canvas'
2025-07-13 06:33:22,564 - INFO - Updating display with sensor data: {'temperature': None, 'humidity': None, 'pressure': None, 'uv_index': None, 'wind_speed': None, 'wind_direction': None, 'rainfall': None, 'aqi': None, 'timestamp': None}
2025-07-13 06:33:22,564 - ERROR - Error updating temperature: 'WeatherStationSystem' object has no attribute 'temperature_value'
2025-07-13 06:33:22,564 - ERROR - Display update error: 'WeatherStationSystem' object has no attribute 'bg_canvas'
2025-07-13 06:33:23,564 - INFO - Updating display with sensor data: {'temperature': None, 'humidity': None, 'pressure': None, 'uv_index': None, 'wind_speed': None, 'wind_direction': None, 'rainfall': None, 'aqi': None, 'timestamp': None}
2025-07-13 06:33:23,564 - ERROR - Error updating temperature: 'WeatherStationSystem' object has no attribute 'temperature_value'
2025-07-13 06:33:23,564 - ERROR - Display update error: 'WeatherStationSystem' object has no attribute 'bg_canvas'
2025-07-13 06:33:24,565 - INFO - Updating display with sensor data: {'temperature': None, 'humidity': None, 'pressure': None, 'uv_index': None, 'wind_speed': None, 'wind_direction': None, 'rainfall': None, 'aqi': None, 'timestamp': None}
2025-07-13 06:33:24,565 - ERROR - Error updating temperature: 'WeatherStationSystem' object has no attribute 'temperature_value'
2025-07-13 06:33:24,565 - ERROR - Display update error: 'WeatherStationSystem' object has no attribute 'bg_canvas'
2025-07-13 06:33:25,471 - INFO - Attempting Modbus connection on port /dev/ttyUSB0
2025-07-13 06:33:25,471 - ERROR - Modbus connection failed
2025-07-13 06:33:25,471 - WARNING - Modbus connection failed (Attempt 1/3)
2025-07-13 06:33:25,565 - INFO - Updating display with sensor data: {'temperature': None, 'humidity': None, 'pressure': None, 'uv_index': None, 'wind_speed': None, 'wind_direction': None, 'rainfall': None, 'aqi': None, 'timestamp': None}
2025-07-13 06:33:25,565 - ERROR - Error updating temperature: 'WeatherStationSystem' object has no attribute 'temperature_value'
2025-07-13 06:33:25,566 - ERROR - Display update error: 'WeatherStationSystem' object has no attribute 'bg_canvas'
2025-07-13 06:33:26,472 - WARNING - Modbus connection failed (Attempt 2/3)
2025-07-13 06:33:26,566 - INFO - Updating display with sensor data: {'temperature': None, 'humidity': None, 'pressure': None, 'uv_index': None, 'wind_speed': None, 'wind_direction': None, 'rainfall': None, 'aqi': None, 'timestamp': None}
2025-07-13 06:33:26,566 - ERROR - Error updating temperature: 'WeatherStationSystem' object has no attribute 'temperature_value'
2025-07-13 06:33:26,566 - ERROR - Display update error: 'WeatherStationSystem' object has no attribute 'bg_canvas'
2025-07-13 06:33:27,472 - WARNING - Modbus connection failed (Attempt 3/3)
2025-07-13 06:33:27,567 - INFO - Updating display with sensor data: {'temperature': None, 'humidity': None, 'pressure': None, 'uv_index': None, 'wind_speed': None, 'wind_direction': None, 'rainfall': None, 'aqi': None, 'timestamp': None}
2025-07-13 06:33:27,567 - ERROR - Error updating temperature: 'WeatherStationSystem' object has no attribute 'temperature_value'
2025-07-13 06:33:27,567 - ERROR - Display update error: 'WeatherStationSystem' object has no attribute 'bg_canvas'
2025-07-13 06:33:28,458 - INFO - Switched to GUI-2 (Next toggle in 5s
2025-07-13 06:33:28,473 - CRITICAL - Critical error in sensor read loop: cannot access local variable 'conn_error' where it is not associated with a value
Traceback (most recent call last):
  File "/home/asif/Desktop/unified_creek_awos/awos.py", line 1220, in sensor_reader_loop
    self.log(f"Modbus connection failed after {retries} retries. Last error: {str(conn_error)}", logging.ERROR)
                                                                                  ^^^^^^^^^^
UnboundLocalError: cannot access local variable 'conn_error' where it is not associated with a value

2025-07-13 06:33:28,624 - INFO - Updating display with sensor data: {'temperature': None, 'humidity': None, 'pressure': None, 'uv_index': None, 'wind_speed': None, 'wind_direction': None, 'rainfall': None, 'aqi': None, 'timestamp': None}
2025-07-13 06:33:28,625 - ERROR - Error updating temperature: 'WeatherStationSystem' object has no attribute 'temperature_value'
2025-07-13 06:33:28,625 - ERROR - Display update error: 'WeatherStationSystem' object has no attribute 'bg_canvas'
2025-07-13 06:33:29,625 - INFO - Updating display with sensor data: {'temperature': None, 'humidity': None, 'pressure': None, 'uv_index': None, 'wind_speed': None, 'wind_direction': None, 'rainfall': None, 'aqi': None, 'timestamp': None}
2025-07-13 06:33:29,625 - ERROR - Error updating temperature: 'WeatherStationSystem' object has no attribute 'temperature_value'
2025-07-13 06:33:29,625 - ERROR - Display update error: 'WeatherStationSystem' object has no attribute 'bg_canvas'
2025-07-13 06:33:30,625 - INFO - Updating display with sensor data: {'temperature': None, 'humidity': None, 'pressure': None, 'uv_index': None, 'wind_speed': None, 'wind_direction': None, 'rainfall': None, 'aqi': None, 'timestamp': None}
2025-07-13 06:33:30,626 - ERROR - Error updating temperature: 'WeatherStationSystem' object has no attribute 'temperature_value'
2025-07-13 06:33:30,626 - ERROR - Display update error: 'WeatherStationSystem' object has no attribute 'bg_canvas'
2025-07-13 06:33:31,626 - INFO - Updating display with sensor data: {'temperature': None, 'humidity': None, 'pressure': None, 'uv_index': None, 'wind_speed': None, 'wind_direction': None, 'rainfall': None, 'aqi': None, 'timestamp': None}
2025-07-13 06:33:31,626 - ERROR - Error updating temperature: 'WeatherStationSystem' object has no attribute 'temperature_value'
2025-07-13 06:33:31,626 - ERROR - Display update error: 'WeatherStationSystem' object has no attribute 'bg_canvas'
2025-07-13 06:33:32,626 - INFO - Updating display with sensor data: {'temperature': None, 'humidity': None, 'pressure': None, 'uv_index': None, 'wind_speed': None, 'wind_direction': None, 'rainfall': None, 'aqi': None, 'timestamp': None}
2025-07-13 06:33:32,627 - ERROR - Error updating temperature: 'WeatherStationSystem' object has no attribute 'temperature_value'
2025-07-13 06:33:32,627 - ERROR - Display update error: 'WeatherStationSystem' object has no attribute 'bg_canvas'
2025-07-13 06:33:33,458 - INFO - Switched to GUI-1 (Next toggle in 10s
2025-07-13 06:33:33,474 - INFO - Attempting Modbus connection on port /dev/ttyUSB0
2025-07-13 06:33:33,475 - ERROR - Modbus connection failed
2025-07-13 06:33:33,475 - WARNING - Modbus connection failed (Attempt 1/3)
2025-07-13 06:33:33,627 - INFO - Updating display with sensor data: {'temperature': None, 'humidity': None, 'pressure': None, 'uv_index': None, 'wind_speed': None, 'wind_direction': None, 'rainfall': None, 'aqi': None, 'timestamp': None}
2025-07-13 06:33:33,627 - ERROR - Error updating temperature: 'WeatherStationSystem' object has no attribute 'temperature_value'
2025-07-13 06:33:33,627 - ERROR - Display update error: 'WeatherStationSystem' object has no attribute 'bg_canvas'
2025-07-13 06:33:34,475 - WARNING - Modbus connection failed (Attempt 2/3)
2025-07-13 06:33:34,628 - INFO - Updating display with sensor data: {'temperature': None, 'humidity': None, 'pressure': None, 'uv_index': None, 'wind_speed': None, 'wind_direction': None, 'rainfall': None, 'aqi': None, 'timestamp': None}
2025-07-13 06:33:34,628 - ERROR - Error updating temperature: 'WeatherStationSystem' object has no attribute 'temperature_value'
2025-07-13 06:33:34,628 - ERROR - Display update error: 'WeatherStationSystem' object has no attribute 'bg_canvas'
2025-07-13 06:33:35,477 - WARNING - Modbus connection failed (Attempt 3/3)
2025-07-13 06:33:35,629 - INFO - Updating display with sensor data: {'temperature': None, 'humidity': None, 'pressure': None, 'uv_index': None, 'wind_speed': None, 'wind_direction': None, 'rainfall': None, 'aqi': None, 'timestamp': None}
2025-07-13 06:33:35,630 - ERROR - Error updating temperature: 'WeatherStationSystem' object has no attribute 'temperature_value'
2025-07-13 06:33:35,632 - ERROR - Display update error: 'WeatherStationSystem' object has no attribute 'bg_canvas'
2025-07-13 06:33:36,485 - CRITICAL - Critical error in sensor read loop: cannot access local variable 'conn_error' where it is not associated with a value
Traceback (most recent call last):
  File "/home/asif/Desktop/unified_creek_awos/awos.py", line 1220, in sensor_reader_loop
    self.log(f"Modbus connection failed after {retries} retries. Last error: {str(conn_error)}", logging.ERROR)
                                                                                  ^^^^^^^^^^
UnboundLocalError: cannot access local variable 'conn_error' where it is not associated with a value

2025-07-13 06:33:36,640 - INFO - Updating display with sensor data: {'temperature': None, 'humidity': None, 'pressure': None, 'uv_index': None, 'wind_speed': None, 'wind_direction': None, 'rainfall': None, 'aqi': None, 'timestamp': None}
2025-07-13 06:33:36,641 - ERROR - Error updating temperature: 'WeatherStationSystem' object has no attribute 'temperature_value'
2025-07-13 06:33:36,641 - ERROR - Display update error: 'WeatherStationSystem' object has no attribute 'bg_canvas'
2025-07-13 06:33:37,641 - INFO - Updating display with sensor data: {'temperature': None, 'humidity': None, 'pressure': None, 'uv_index': None, 'wind_speed': None, 'wind_direction': None, 'rainfall': None, 'aqi': None, 'timestamp': None}
2025-07-13 06:33:37,642 - ERROR - Error updating temperature: 'WeatherStationSystem' object has no attribute 'temperature_value'
2025-07-13 06:33:37,642 - ERROR - Display update error: 'WeatherStationSystem' object has no attribute 'bg_canvas'
2025-07-13 06:33:38,642 - INFO - Updating display with sensor data: {'temperature': None, 'humidity': None, 'pressure': None, 'uv_index': None, 'wind_speed': None, 'wind_direction': None, 'rainfall': None, 'aqi': None, 'timestamp': None}
2025-07-13 06:33:38,643 - ERROR - Error updating temperature: 'WeatherStationSystem' object has no attribute 'temperature_value'
2025-07-13 06:33:38,643 - ERROR - Display update error: 'WeatherStationSystem' object has no attribute 'bg_canvas'
2025-07-13 06:33:39,643 - INFO - Updating display with sensor data: {'temperature': None, 'humidity': None, 'pressure': None, 'uv_index': None, 'wind_speed': None, 'wind_direction': None, 'rainfall': None, 'aqi': None, 'timestamp': None}
2025-07-13 06:33:39,643 - ERROR - Error updating temperature: 'WeatherStationSystem' object has no attribute 'temperature_value'
2025-07-13 06:33:39,643 - ERROR - Display update error: 'WeatherStationSystem' object has no attribute 'bg_canvas'
2025-07-13 06:33:40,644 - INFO - Updating display with sensor data: {'temperature': None, 'humidity': None, 'pressure': None, 'uv_index': None, 'wind_speed': None, 'wind_direction': None, 'rainfall': None, 'aqi': None, 'timestamp': None}
2025-07-13 06:33:40,645 - ERROR - Error updating temperature: 'WeatherStationSystem' object has no attribute 'temperature_value'
2025-07-13 06:33:40,645 - ERROR - Display update error: 'WeatherStationSystem' object has no attribute 'bg_canvas'
2025-07-13 06:33:41,486 - INFO - Attempting Modbus connection on port /dev/ttyUSB0
2025-07-13 06:33:41,488 - ERROR - Modbus connection failed
2025-07-13 06:33:41,492 - WARNING - Modbus connection failed (Attempt 1/3)
2025-07-13 06:33:41,647 - INFO - Updating display with sensor data: {'temperature': None, 'humidity': None, 'pressure': None, 'uv_index': None, 'wind_speed': None, 'wind_direction': None, 'rainfall': None, 'aqi': None, 'timestamp': None}
2025-07-13 06:33:41,647 - ERROR - Error updating temperature: 'WeatherStationSystem' object has no attribute 'temperature_value'
2025-07-13 06:33:41,647 - ERROR - Display update error: 'WeatherStationSystem' object has no attribute 'bg_canvas'
2025-07-13 06:33:42,493 - WARNING - Modbus connection failed (Attempt 2/3)
2025-07-13 06:33:42,649 - INFO - Updating display with sensor data: {'temperature': None, 'humidity': None, 'pressure': None, 'uv_index': None, 'wind_speed': None, 'wind_direction': None, 'rainfall': None, 'aqi': None, 'timestamp': None}
2025-07-13 06:33:42,650 - ERROR - Error updating temperature: 'WeatherStationSystem' object has no attribute 'temperature_value'
2025-07-13 06:33:42,650 - ERROR - Display update error: 'WeatherStationSystem' object has no attribute 'bg_canvas'
2025-07-13 06:33:43,459 - INFO - Switched to GUI-2 (Next toggle in 5s
2025-07-13 06:33:43,471 - INFO - CSV write completed at 2025-07-13T06:33:43.471506
2025-07-13 06:33:43,495 - WARNING - Modbus connection failed (Attempt 3/3)
2025-07-13 06:33:43,650 - INFO - Updating display with sensor data: {'temperature': None, 'humidity': None, 'pressure': None, 'uv_index': None, 'wind_speed': None, 'wind_direction': None, 'rainfall': None, 'aqi': None, 'timestamp': None}
2025-07-13 06:33:43,651 - ERROR - Error updating temperature: 'WeatherStationSystem' object has no attribute 'temperature_value'
2025-07-13 06:33:43,651 - ERROR - Display update error: 'WeatherStationSystem' object has no attribute 'bg_canvas'
2025-07-13 06:33:44,496 - CRITICAL - Critical error in sensor read loop: cannot access local variable 'conn_error' where it is not associated with a value
Traceback (most recent call last):
  File "/home/asif/Desktop/unified_creek_awos/awos.py", line 1220, in sensor_reader_loop
    self.log(f"Modbus connection failed after {retries} retries. Last error: {str(conn_error)}", logging.ERROR)
                                                                                  ^^^^^^^^^^
UnboundLocalError: cannot access local variable 'conn_error' where it is not associated with a value

2025-07-13 06:33:44,651 - INFO - Updating display with sensor data: {'temperature': None, 'humidity': None, 'pressure': None, 'uv_index': None, 'wind_speed': None, 'wind_direction': None, 'rainfall': None, 'aqi': None, 'timestamp': None}
2025-07-13 06:33:44,652 - ERROR - Error updating temperature: 'WeatherStationSystem' object has no attribute 'temperature_value'
2025-07-13 06:33:44,652 - ERROR - Display update error: 'WeatherStationSystem' object has no attribute 'bg_canvas'
2025-07-13 06:33:45,652 - INFO - Updating display with sensor data: {'temperature': None, 'humidity': None, 'pressure': None, 'uv_index': None, 'wind_speed': None, 'wind_direction': None, 'rainfall': None, 'aqi': None, 'timestamp': None}
2025-07-13 06:33:45,652 - ERROR - Error updating temperature: 'WeatherStationSystem' object has no attribute 'temperature_value'
2025-07-13 06:33:45,652 - ERROR - Display update error: 'WeatherStationSystem' object has no attribute 'bg_canvas'
2025-07-13 06:33:46,653 - INFO - Updating display with sensor data: {'temperature': None, 'humidity': None, 'pressure': None, 'uv_index': None, 'wind_speed': None, 'wind_direction': None, 'rainfall': None, 'aqi': None, 'timestamp': None}
2025-07-13 06:33:46,653 - ERROR - Error updating temperature: 'WeatherStationSystem' object has no attribute 'temperature_value'
2025-07-13 06:33:46,653 - ERROR - Display update error: 'WeatherStationSystem' object has no attribute 'bg_canvas'
2025-07-13 06:33:47,654 - INFO - Updating display with sensor data: {'temperature': None, 'humidity': None, 'pressure': None, 'uv_index': None, 'wind_speed': None, 'wind_direction': None, 'rainfall': None, 'aqi': None, 'timestamp': None}
2025-07-13 06:33:47,654 - ERROR - Error updating temperature: 'WeatherStationSystem' object has no attribute 'temperature_value'
2025-07-13 06:33:47,655 - ERROR - Display update error: 'WeatherStationSystem' object has no attribute 'bg_canvas'
2025-07-13 06:33:48,461 - INFO - Switched to GUI-1 (Next toggle in 10s
2025-07-13 06:33:48,656 - INFO - Updating display with sensor data: {'temperature': None, 'humidity': None, 'pressure': None, 'uv_index': None, 'wind_speed': None, 'wind_direction': None, 'rainfall': None, 'aqi': None, 'timestamp': None}
2025-07-13 06:33:48,656 - ERROR - Error updating temperature: 'WeatherStationSystem' object has no attribute 'temperature_value'
2025-07-13 06:33:48,656 - ERROR - Display update error: 'WeatherStationSystem' object has no attribute 'bg_canvas'
2025-07-13 06:33:49,496 - INFO - Attempting Modbus connection on port /dev/ttyUSB0
2025-07-13 06:33:49,497 - ERROR - Modbus connection failed
2025-07-13 06:33:49,498 - WARNING - Modbus connection failed (Attempt 1/3)
2025-07-13 06:33:49,657 - INFO - Updating display with sensor data: {'temperature': None, 'humidity': None, 'pressure': None, 'uv_index': None, 'wind_speed': None, 'wind_direction': None, 'rainfall': None, 'aqi': None, 'timestamp': None}
2025-07-13 06:33:49,657 - ERROR - Error updating temperature: 'WeatherStationSystem' object has no attribute 'temperature_value'
2025-07-13 06:33:49,657 - ERROR - Display update error: 'WeatherStationSystem' object has no attribute 'bg_canvas'
2025-07-13 06:33:50,498 - WARNING - Modbus connection failed (Attempt 2/3)
2025-07-13 06:33:50,657 - INFO - Updating display with sensor data: {'temperature': None, 'humidity': None, 'pressure': None, 'uv_index': None, 'wind_speed': None, 'wind_direction': None, 'rainfall': None, 'aqi': None, 'timestamp': None}
2025-07-13 06:33:50,658 - ERROR - Error updating temperature: 'WeatherStationSystem' object has no attribute 'temperature_value'
2025-07-13 06:33:50,658 - ERROR - Display update error: 'WeatherStationSystem' object has no attribute 'bg_canvas'
2025-07-13 06:33:51,499 - WARNING - Modbus connection failed (Attempt 3/3)
2025-07-13 06:33:51,658 - INFO - Updating display with sensor data: {'temperature': None, 'humidity': None, 'pressure': None, 'uv_index': None, 'wind_speed': None, 'wind_direction': None, 'rainfall': None, 'aqi': None, 'timestamp': None}
2025-07-13 06:33:51,658 - ERROR - Error updating temperature: 'WeatherStationSystem' object has no attribute 'temperature_value'
2025-07-13 06:33:51,658 - ERROR - Display update error: 'WeatherStationSystem' object has no attribute 'bg_canvas'
2025-07-13 06:33:52,499 - CRITICAL - Critical error in sensor read loop: cannot access local variable 'conn_error' where it is not associated with a value
Traceback (most recent call last):
  File "/home/asif/Desktop/unified_creek_awos/awos.py", line 1220, in sensor_reader_loop
    self.log(f"Modbus connection failed after {retries} retries. Last error: {str(conn_error)}", logging.ERROR)
                                                                                  ^^^^^^^^^^
UnboundLocalError: cannot access local variable 'conn_error' where it is not associated with a value

2025-07-13 06:33:52,659 - INFO - Updating display with sensor data: {'temperature': None, 'humidity': None, 'pressure': None, 'uv_index': None, 'wind_speed': None, 'wind_direction': None, 'rainfall': None, 'aqi': None, 'timestamp': None}
2025-07-13 06:33:52,659 - ERROR - Error updating temperature: 'WeatherStationSystem' object has no attribute 'temperature_value'
2025-07-13 06:33:52,659 - ERROR - Display update error: 'WeatherStationSystem' object has no attribute 'bg_canvas'
2025-07-13 06:33:53,659 - INFO - Updating display with sensor data: {'temperature': None, 'humidity': None, 'pressure': None, 'uv_index': None, 'wind_speed': None, 'wind_direction': None, 'rainfall': None, 'aqi': None, 'timestamp': None}
2025-07-13 06:33:53,659 - ERROR - Error updating temperature: 'WeatherStationSystem' object has no attribute 'temperature_value'
2025-07-13 06:33:53,659 - ERROR - Display update error: 'WeatherStationSystem' object has no attribute 'bg_canvas'
2025-07-13 06:33:54,660 - INFO - Updating display with sensor data: {'temperature': None, 'humidity': None, 'pressure': None, 'uv_index': None, 'wind_speed': None, 'wind_direction': None, 'rainfall': None, 'aqi': None, 'timestamp': None}
2025-07-13 06:33:54,660 - ERROR - Error updating temperature: 'WeatherStationSystem' object has no attribute 'temperature_value'
2025-07-13 06:33:54,660 - ERROR - Display update error: 'WeatherStationSystem' object has no attribute 'bg_canvas'
2025-07-13 06:33:55,660 - INFO - Updating display with sensor data: {'temperature': None, 'humidity': None, 'pressure': None, 'uv_index': None, 'wind_speed': None, 'wind_direction': None, 'rainfall': None, 'aqi': None, 'timestamp': None}
2025-07-13 06:33:55,660 - ERROR - Error updating temperature: 'WeatherStationSystem' object has no attribute 'temperature_value'
2025-07-13 06:33:55,660 - ERROR - Display update error: 'WeatherStationSystem' object has no attribute 'bg_canvas'
2025-07-13 06:33:56,661 - INFO - Updating display with sensor data: {'temperature': None, 'humidity': None, 'pressure': None, 'uv_index': None, 'wind_speed': None, 'wind_direction': None, 'rainfall': None, 'aqi': None, 'timestamp': None}
2025-07-13 06:33:56,661 - ERROR - Error updating temperature: 'WeatherStationSystem' object has no attribute 'temperature_value'
2025-07-13 06:33:56,661 - ERROR - Display update error: 'WeatherStationSystem' object has no attribute 'bg_canvas'
2025-07-13 06:33:57,500 - INFO - Attempting Modbus connection on port /dev/ttyUSB0
2025-07-13 06:33:57,500 - ERROR - Modbus connection failed
2025-07-13 06:33:57,501 - WARNING - Modbus connection failed (Attempt 1/3)
2025-07-13 06:33:57,661 - INFO - Updating display with sensor data: {'temperature': None, 'humidity': None, 'pressure': None, 'uv_index': None, 'wind_speed': None, 'wind_direction': None, 'rainfall': None, 'aqi': None, 'timestamp': None}
2025-07-13 06:33:57,662 - ERROR - Error updating temperature: 'WeatherStationSystem' object has no attribute 'temperature_value'
2025-07-13 06:33:57,662 - ERROR - Display update error: 'WeatherStationSystem' object has no attribute 'bg_canvas'
2025-07-13 06:33:58,462 - INFO - Switched to GUI-2 (Next toggle in 5s
2025-07-13 06:33:58,502 - WARNING - Modbus connection failed (Attempt 2/3)
2025-07-13 06:33:58,662 - INFO - Updating display with sensor data: {'temperature': None, 'humidity': None, 'pressure': None, 'uv_index': None, 'wind_speed': None, 'wind_direction': None, 'rainfall': None, 'aqi': None, 'timestamp': None}
2025-07-13 06:33:58,663 - ERROR - Error updating temperature: 'WeatherStationSystem' object has no attribute 'temperature_value'
2025-07-13 06:33:58,663 - ERROR - Display update error: 'WeatherStationSystem' object has no attribute 'bg_canvas'
2025-07-13 06:33:59,502 - WARNING - Modbus connection failed (Attempt 3/3)
2025-07-13 06:33:59,663 - INFO - Updating display with sensor data: {'temperature': None, 'humidity': None, 'pressure': None, 'uv_index': None, 'wind_speed': None, 'wind_direction': None, 'rainfall': None, 'aqi': None, 'timestamp': None}
2025-07-13 06:33:59,663 - ERROR - Error updating temperature: 'WeatherStationSystem' object has no attribute 'temperature_value'
2025-07-13 06:33:59,663 - ERROR - Display update error: 'WeatherStationSystem' object has no attribute 'bg_canvas'
2025-07-13 06:34:00,503 - CRITICAL - Critical error in sensor read loop: cannot access local variable 'conn_error' where it is not associated with a value
Traceback (most recent call last):
  File "/home/asif/Desktop/unified_creek_awos/awos.py", line 1220, in sensor_reader_loop
    self.log(f"Modbus connection failed after {retries} retries. Last error: {str(conn_error)}", logging.ERROR)
                                                                                  ^^^^^^^^^^
UnboundLocalError: cannot access local variable 'conn_error' where it is not associated with a value

2025-07-13 06:34:00,664 - INFO - Updating display with sensor data: {'temperature': None, 'humidity': None, 'pressure': None, 'uv_index': None, 'wind_speed': None, 'wind_direction': None, 'rainfall': None, 'aqi': None, 'timestamp': None}
2025-07-13 06:34:00,664 - ERROR - Error updating temperature: 'WeatherStationSystem' object has no attribute 'temperature_value'
2025-07-13 06:34:00,664 - ERROR - Display update error: 'WeatherStationSystem' object has no attribute 'bg_canvas'
2025-07-13 06:34:01,664 - INFO - Updating display with sensor data: {'temperature': None, 'humidity': None, 'pressure': None, 'uv_index': None, 'wind_speed': None, 'wind_direction': None, 'rainfall': None, 'aqi': None, 'timestamp': None}
2025-07-13 06:34:01,664 - ERROR - Error updating temperature: 'WeatherStationSystem' object has no attribute 'temperature_value'
2025-07-13 06:34:01,664 - ERROR - Display update error: 'WeatherStationSystem' object has no attribute 'bg_canvas'
2025-07-13 06:34:02,666 - INFO - Updating display with sensor data: {'temperature': None, 'humidity': None, 'pressure': None, 'uv_index': None, 'wind_speed': None, 'wind_direction': None, 'rainfall': None, 'aqi': None, 'timestamp': None}
2025-07-13 06:34:02,666 - ERROR - Error updating temperature: 'WeatherStationSystem' object has no attribute 'temperature_value'
2025-07-13 06:34:02,667 - ERROR - Display update error: 'WeatherStationSystem' object has no attribute 'bg_canvas'
2025-07-13 06:34:03,465 - INFO - Switched to GUI-1 (Next toggle in 10s
2025-07-13 06:34:03,743 - INFO - Updating display with sensor data: {'temperature': None, 'humidity': None, 'pressure': None, 'uv_index': None, 'wind_speed': None, 'wind_direction': None, 'rainfall': None, 'aqi': None, 'timestamp': None}
2025-07-13 06:34:03,743 - ERROR - Error updating temperature: 'WeatherStationSystem' object has no attribute 'temperature_value'
2025-07-13 06:34:03,744 - ERROR - Display update error: 'WeatherStationSystem' object has no attribute 'bg_canvas'
2025-07-13 06:34:04,745 - INFO - Updating display with sensor data: {'temperature': None, 'humidity': None, 'pressure': None, 'uv_index': None, 'wind_speed': None, 'wind_direction': None, 'rainfall': None, 'aqi': None, 'timestamp': None}
2025-07-13 06:34:04,745 - ERROR - Error updating temperature: 'WeatherStationSystem' object has no attribute 'temperature_value'
2025-07-13 06:34:04,746 - ERROR - Display update error: 'WeatherStationSystem' object has no attribute 'bg_canvas'
2025-07-13 06:34:05,504 - INFO - Attempting Modbus connection on port /dev/ttyUSB0
2025-07-13 06:34:05,505 - ERROR - Modbus connection failed
2025-07-13 06:34:05,505 - WARNING - Modbus connection failed (Attempt 1/3)
2025-07-13 06:34:05,746 - INFO - Updating display with sensor data: {'temperature': None, 'humidity': None, 'pressure': None, 'uv_index': None, 'wind_speed': None, 'wind_direction': None, 'rainfall': None, 'aqi': None, 'timestamp': None}
2025-07-13 06:34:05,746 - ERROR - Error updating temperature: 'WeatherStationSystem' object has no attribute 'temperature_value'
2025-07-13 06:34:05,746 - ERROR - Display update error: 'WeatherStationSystem' object has no attribute 'bg_canvas'
2025-07-13 06:34:06,506 - WARNING - Modbus connection failed (Attempt 2/3)
2025-07-13 06:34:06,747 - INFO - Updating display with sensor data: {'temperature': None, 'humidity': None, 'pressure': None, 'uv_index': None, 'wind_speed': None, 'wind_direction': None, 'rainfall': None, 'aqi': None, 'timestamp': None}
2025-07-13 06:34:06,747 - ERROR - Error updating temperature: 'WeatherStationSystem' object has no attribute 'temperature_value'
2025-07-13 06:34:06,747 - ERROR - Display update error: 'WeatherStationSystem' object has no attribute 'bg_canvas'
2025-07-13 06:34:07,509 - WARNING - Modbus connection failed (Attempt 3/3)
2025-07-13 06:34:07,748 - INFO - Updating display with sensor data: {'temperature': None, 'humidity': None, 'pressure': None, 'uv_index': None, 'wind_speed': None, 'wind_direction': None, 'rainfall': None, 'aqi': None, 'timestamp': None}
2025-07-13 06:34:07,749 - ERROR - Error updating temperature: 'WeatherStationSystem' object has no attribute 'temperature_value'
2025-07-13 06:34:07,749 - ERROR - Display update error: 'WeatherStationSystem' object has no attribute 'bg_canvas'
2025-07-13 06:34:08,510 - CRITICAL - Critical error in sensor read loop: cannot access local variable 'conn_error' where it is not associated with a value
Traceback (most recent call last):
  File "/home/asif/Desktop/unified_creek_awos/awos.py", line 1220, in sensor_reader_loop
    self.log(f"Modbus connection failed after {retries} retries. Last error: {str(conn_error)}", logging.ERROR)
                                                                                  ^^^^^^^^^^
UnboundLocalError: cannot access local variable 'conn_error' where it is not associated with a value

2025-07-13 06:34:08,750 - INFO - Updating display with sensor data: {'temperature': None, 'humidity': None, 'pressure': None, 'uv_index': None, 'wind_speed': None, 'wind_direction': None, 'rainfall': None, 'aqi': None, 'timestamp': None}
2025-07-13 06:34:08,751 - ERROR - Error updating temperature: 'WeatherStationSystem' object has no attribute 'temperature_value'
2025-07-13 06:34:08,751 - ERROR - Display update error: 'WeatherStationSystem' object has no attribute 'bg_canvas'
2025-07-13 06:34:09,752 - INFO - Updating display with sensor data: {'temperature': None, 'humidity': None, 'pressure': None, 'uv_index': None, 'wind_speed': None, 'wind_direction': None, 'rainfall': None, 'aqi': None, 'timestamp': None}
2025-07-13 06:34:09,755 - ERROR - Error updating temperature: 'WeatherStationSystem' object has no attribute 'temperature_value'
2025-07-13 06:34:09,755 - ERROR - Display update error: 'WeatherStationSystem' object has no attribute 'bg_canvas'
2025-07-13 06:34:10,758 - INFO - Updating display with sensor data: {'temperature': None, 'humidity': None, 'pressure': None, 'uv_index': None, 'wind_speed': None, 'wind_direction': None, 'rainfall': None, 'aqi': None, 'timestamp': None}
2025-07-13 06:34:10,759 - ERROR - Error updating temperature: 'WeatherStationSystem' object has no attribute 'temperature_value'
2025-07-13 06:34:10,759 - ERROR - Display update error: 'WeatherStationSystem' object has no attribute 'bg_canvas'
2025-07-13 06:34:11,759 - INFO - Updating display with sensor data: {'temperature': None, 'humidity': None, 'pressure': None, 'uv_index': None, 'wind_speed': None, 'wind_direction': None, 'rainfall': None, 'aqi': None, 'timestamp': None}
2025-07-13 06:34:11,759 - ERROR - Error updating temperature: 'WeatherStationSystem' object has no attribute 'temperature_value'
2025-07-13 06:34:11,759 - ERROR - Display update error: 'WeatherStationSystem' object has no attribute 'bg_canvas'
2025-07-13 06:34:12,760 - INFO - Updating display with sensor data: {'temperature': None, 'humidity': None, 'pressure': None, 'uv_index': None, 'wind_speed': None, 'wind_direction': None, 'rainfall': None, 'aqi': None, 'timestamp': None}
2025-07-13 06:34:12,760 - ERROR - Error updating temperature: 'WeatherStationSystem' object has no attribute 'temperature_value'
2025-07-13 06:34:12,760 - ERROR - Display update error: 'WeatherStationSystem' object has no attribute 'bg_canvas'
2025-07-13 06:34:13,466 - INFO - Switched to GUI-2 (Next toggle in 5s
2025-07-13 06:34:13,495 - INFO - CSV write completed at 2025-07-13T06:34:13.495359
2025-07-13 06:34:13,511 - INFO - Attempting Modbus connection on port /dev/ttyUSB0
2025-07-13 06:34:13,511 - ERROR - Modbus connection failed
2025-07-13 06:34:13,513 - WARNING - Modbus connection failed (Attempt 1/3)
2025-07-13 06:34:13,760 - INFO - Updating display with sensor data: {'temperature': None, 'humidity': None, 'pressure': None, 'uv_index': None, 'wind_speed': None, 'wind_direction': None, 'rainfall': None, 'aqi': None, 'timestamp': None}
2025-07-13 06:34:13,761 - ERROR - Error updating temperature: 'WeatherStationSystem' object has no attribute 'temperature_value'
2025-07-13 06:34:13,761 - ERROR - Display update error: 'WeatherStationSystem' object has no attribute 'bg_canvas'
2025-07-13 06:34:14,513 - WARNING - Modbus connection failed (Attempt 2/3)
2025-07-13 06:34:14,761 - INFO - Updating display with sensor data: {'temperature': None, 'humidity': None, 'pressure': None, 'uv_index': None, 'wind_speed': None, 'wind_direction': None, 'rainfall': None, 'aqi': None, 'timestamp': None}
2025-07-13 06:34:14,761 - ERROR - Error updating temperature: 'WeatherStationSystem' object has no attribute 'temperature_value'
2025-07-13 06:34:14,761 - ERROR - Display update error: 'WeatherStationSystem' object has no attribute 'bg_canvas'
2025-07-13 06:34:15,514 - WARNING - Modbus connection failed (Attempt 3/3)
2025-07-13 06:34:15,762 - INFO - Updating display with sensor data: {'temperature': None, 'humidity': None, 'pressure': None, 'uv_index': None, 'wind_speed': None, 'wind_direction': None, 'rainfall': None, 'aqi': None, 'timestamp': None}
2025-07-13 06:34:15,762 - ERROR - Error updating temperature: 'WeatherStationSystem' object has no attribute 'temperature_value'
2025-07-13 06:34:15,762 - ERROR - Display update error: 'WeatherStationSystem' object has no attribute 'bg_canvas'
2025-07-13 06:34:16,515 - CRITICAL - Critical error in sensor read loop: cannot access local variable 'conn_error' where it is not associated with a value
Traceback (most recent call last):
  File "/home/asif/Desktop/unified_creek_awos/awos.py", line 1220, in sensor_reader_loop
    self.log(f"Modbus connection failed after {retries} retries. Last error: {str(conn_error)}", logging.ERROR)
                                                                                  ^^^^^^^^^^
UnboundLocalError: cannot access local variable 'conn_error' where it is not associated with a value

2025-07-13 06:34:16,763 - INFO - Updating display with sensor data: {'temperature': None, 'humidity': None, 'pressure': None, 'uv_index': None, 'wind_speed': None, 'wind_direction': None, 'rainfall': None, 'aqi': None, 'timestamp': None}
2025-07-13 06:34:16,763 - ERROR - Error updating temperature: 'WeatherStationSystem' object has no attribute 'temperature_value'
2025-07-13 06:34:16,763 - ERROR - Display update error: 'WeatherStationSystem' object has no attribute 'bg_canvas'
2025-07-13 06:34:17,763 - INFO - Updating display with sensor data: {'temperature': None, 'humidity': None, 'pressure': None, 'uv_index': None, 'wind_speed': None, 'wind_direction': None, 'rainfall': None, 'aqi': None, 'timestamp': None}
2025-07-13 06:34:17,764 - ERROR - Error updating temperature: 'WeatherStationSystem' object has no attribute 'temperature_value'
2025-07-13 06:34:17,764 - ERROR - Display update error: 'WeatherStationSystem' object has no attribute 'bg_canvas'
2025-07-13 06:34:18,466 - INFO - Switched to GUI-1 (Next toggle in 10s
2025-07-13 06:34:18,764 - INFO - Updating display with sensor data: {'temperature': None, 'humidity': None, 'pressure': None, 'uv_index': None, 'wind_speed': None, 'wind_direction': None, 'rainfall': None, 'aqi': None, 'timestamp': None}
2025-07-13 06:34:18,764 - ERROR - Error updating temperature: 'WeatherStationSystem' object has no attribute 'temperature_value'
2025-07-13 06:34:18,764 - ERROR - Display update error: 'WeatherStationSystem' object has no attribute 'bg_canvas'
2025-07-13 06:34:19,764 - INFO - Updating display with sensor data: {'temperature': None, 'humidity': None, 'pressure': None, 'uv_index': None, 'wind_speed': None, 'wind_direction': None, 'rainfall': None, 'aqi': None, 'timestamp': None}
2025-07-13 06:34:19,764 - ERROR - Error updating temperature: 'WeatherStationSystem' object has no attribute 'temperature_value'
2025-07-13 06:34:19,764 - ERROR - Display update error: 'WeatherStationSystem' object has no attribute 'bg_canvas'
2025-07-13 06:34:20,765 - INFO - Updating display with sensor data: {'temperature': None, 'humidity': None, 'pressure': None, 'uv_index': None, 'wind_speed': None, 'wind_direction': None, 'rainfall': None, 'aqi': None, 'timestamp': None}
2025-07-13 06:34:20,765 - ERROR - Error updating temperature: 'WeatherStationSystem' object has no attribute 'temperature_value'
2025-07-13 06:34:20,765 - ERROR - Display update error: 'WeatherStationSystem' object has no attribute 'bg_canvas'
2025-07-13 06:34:21,516 - INFO - Attempting Modbus connection on port /dev/ttyUSB0
2025-07-13 06:34:21,517 - ERROR - Modbus connection failed
2025-07-13 06:34:21,521 - WARNING - Modbus connection failed (Attempt 1/3)
2025-07-13 06:34:21,765 - INFO - Updating display with sensor data: {'temperature': None, 'humidity': None, 'pressure': None, 'uv_index': None, 'wind_speed': None, 'wind_direction': None, 'rainfall': None, 'aqi': None, 'timestamp': None}
2025-07-13 06:34:21,765 - ERROR - Error updating temperature: 'WeatherStationSystem' object has no attribute 'temperature_value'
2025-07-13 06:34:21,766 - ERROR - Display update error: 'WeatherStationSystem' object has no attribute 'bg_canvas'
2025-07-13 06:34:22,522 - WARNING - Modbus connection failed (Attempt 2/3)
2025-07-13 06:34:22,766 - INFO - Updating display with sensor data: {'temperature': None, 'humidity': None, 'pressure': None, 'uv_index': None, 'wind_speed': None, 'wind_direction': None, 'rainfall': None, 'aqi': None, 'timestamp': None}
2025-07-13 06:34:22,766 - ERROR - Error updating temperature: 'WeatherStationSystem' object has no attribute 'temperature_value'
2025-07-13 06:34:22,766 - ERROR - Display update error: 'WeatherStationSystem' object has no attribute 'bg_canvas'
2025-07-13 06:34:23,523 - WARNING - Modbus connection failed (Attempt 3/3)
2025-07-13 06:34:23,767 - INFO - Updating display with sensor data: {'temperature': None, 'humidity': None, 'pressure': None, 'uv_index': None, 'wind_speed': None, 'wind_direction': None, 'rainfall': None, 'aqi': None, 'timestamp': None}
2025-07-13 06:34:23,767 - ERROR - Error updating temperature: 'WeatherStationSystem' object has no attribute 'temperature_value'
2025-07-13 06:34:23,767 - ERROR - Display update error: 'WeatherStationSystem' object has no attribute 'bg_canvas'
2025-07-13 06:34:24,523 - CRITICAL - Critical error in sensor read loop: cannot access local variable 'conn_error' where it is not associated with a value
Traceback (most recent call last):
  File "/home/asif/Desktop/unified_creek_awos/awos.py", line 1220, in sensor_reader_loop
    self.log(f"Modbus connection failed after {retries} retries. Last error: {str(conn_error)}", logging.ERROR)
                                                                                  ^^^^^^^^^^
UnboundLocalError: cannot access local variable 'conn_error' where it is not associated with a value

2025-07-13 06:34:24,767 - INFO - Updating display with sensor data: {'temperature': None, 'humidity': None, 'pressure': None, 'uv_index': None, 'wind_speed': None, 'wind_direction': None, 'rainfall': None, 'aqi': None, 'timestamp': None}
2025-07-13 06:34:24,767 - ERROR - Error updating temperature: 'WeatherStationSystem' object has no attribute 'temperature_value'
2025-07-13 06:34:24,768 - ERROR - Display update error: 'WeatherStationSystem' object has no attribute 'bg_canvas'
2025-07-13 06:34:25,768 - INFO - Updating display with sensor data: {'temperature': None, 'humidity': None, 'pressure': None, 'uv_index': None, 'wind_speed': None, 'wind_direction': None, 'rainfall': None, 'aqi': None, 'timestamp': None}
2025-07-13 06:34:25,768 - ERROR - Error updating temperature: 'WeatherStationSystem' object has no attribute 'temperature_value'
2025-07-13 06:34:25,768 - ERROR - Display update error: 'WeatherStationSystem' object has no attribute 'bg_canvas'
2025-07-13 06:34:26,768 - INFO - Updating display with sensor data: {'temperature': None, 'humidity': None, 'pressure': None, 'uv_index': None, 'wind_speed': None, 'wind_direction': None, 'rainfall': None, 'aqi': None, 'timestamp': None}
2025-07-13 06:34:26,768 - ERROR - Error updating temperature: 'WeatherStationSystem' object has no attribute 'temperature_value'
2025-07-13 06:34:26,768 - ERROR - Display update error: 'WeatherStationSystem' object has no attribute 'bg_canvas'
2025-07-13 06:34:27,769 - INFO - Updating display with sensor data: {'temperature': None, 'humidity': None, 'pressure': None, 'uv_index': None, 'wind_speed': None, 'wind_direction': None, 'rainfall': None, 'aqi': None, 'timestamp': None}
2025-07-13 06:34:27,769 - ERROR - Error updating temperature: 'WeatherStationSystem' object has no attribute 'temperature_value'
2025-07-13 06:34:27,771 - ERROR - Display update error: 'WeatherStationSystem' object has no attribute 'bg_canvas'
2025-07-13 06:34:28,471 - INFO - Switched to GUI-2 (Next toggle in 5s
2025-07-13 06:34:28,771 - INFO - Updating display with sensor data: {'temperature': None, 'humidity': None, 'pressure': None, 'uv_index': None, 'wind_speed': None, 'wind_direction': None, 'rainfall': None, 'aqi': None, 'timestamp': None}
2025-07-13 06:34:28,772 - ERROR - Error updating temperature: 'WeatherStationSystem' object has no attribute 'temperature_value'
2025-07-13 06:34:28,772 - ERROR - Display update error: 'WeatherStationSystem' object has no attribute 'bg_canvas'
2025-07-13 06:34:29,527 - INFO - Attempting Modbus connection on port /dev/ttyUSB0
2025-07-13 06:34:29,528 - ERROR - Modbus connection failed
2025-07-13 06:34:29,529 - WARNING - Modbus connection failed (Attempt 1/3)
2025-07-13 06:34:29,777 - INFO - Updating display with sensor data: {'temperature': None, 'humidity': None, 'pressure': None, 'uv_index': None, 'wind_speed': None, 'wind_direction': None, 'rainfall': None, 'aqi': None, 'timestamp': None}
2025-07-13 06:34:29,777 - ERROR - Error updating temperature: 'WeatherStationSystem' object has no attribute 'temperature_value'
2025-07-13 06:34:29,777 - ERROR - Display update error: 'WeatherStationSystem' object has no attribute 'bg_canvas'
2025-07-13 06:34:30,530 - WARNING - Modbus connection failed (Attempt 2/3)
2025-07-13 06:34:30,780 - INFO - Updating display with sensor data: {'temperature': None, 'humidity': None, 'pressure': None, 'uv_index': None, 'wind_speed': None, 'wind_direction': None, 'rainfall': None, 'aqi': None, 'timestamp': None}
2025-07-13 06:34:30,780 - ERROR - Error updating temperature: 'WeatherStationSystem' object has no attribute 'temperature_value'
2025-07-13 06:34:30,780 - ERROR - Display update error: 'WeatherStationSystem' object has no attribute 'bg_canvas'
2025-07-13 06:34:31,530 - WARNING - Modbus connection failed (Attempt 3/3)
2025-07-13 06:34:31,781 - INFO - Updating display with sensor data: {'temperature': None, 'humidity': None, 'pressure': None, 'uv_index': None, 'wind_speed': None, 'wind_direction': None, 'rainfall': None, 'aqi': None, 'timestamp': None}
2025-07-13 06:34:31,782 - ERROR - Error updating temperature: 'WeatherStationSystem' object has no attribute 'temperature_value'
2025-07-13 06:34:31,782 - ERROR - Display update error: 'WeatherStationSystem' object has no attribute 'bg_canvas'
2025-07-13 06:34:32,532 - CRITICAL - Critical error in sensor read loop: cannot access local variable 'conn_error' where it is not associated with a value
Traceback (most recent call last):
  File "/home/asif/Desktop/unified_creek_awos/awos.py", line 1220, in sensor_reader_loop
    self.log(f"Modbus connection failed after {retries} retries. Last error: {str(conn_error)}", logging.ERROR)
                                                                                  ^^^^^^^^^^
UnboundLocalError: cannot access local variable 'conn_error' where it is not associated with a value

2025-07-13 06:34:32,782 - INFO - Updating display with sensor data: {'temperature': None, 'humidity': None, 'pressure': None, 'uv_index': None, 'wind_speed': None, 'wind_direction': None, 'rainfall': None, 'aqi': None, 'timestamp': None}
2025-07-13 06:34:32,783 - ERROR - Error updating temperature: 'WeatherStationSystem' object has no attribute 'temperature_value'
2025-07-13 06:34:32,783 - ERROR - Display update error: 'WeatherStationSystem' object has no attribute 'bg_canvas'
2025-07-13 06:34:33,471 - INFO - Switched to GUI-1 (Next toggle in 10s
2025-07-13 06:34:33,783 - INFO - Updating display with sensor data: {'temperature': None, 'humidity': None, 'pressure': None, 'uv_index': None, 'wind_speed': None, 'wind_direction': None, 'rainfall': None, 'aqi': None, 'timestamp': None}
2025-07-13 06:34:33,784 - ERROR - Error updating temperature: 'WeatherStationSystem' object has no attribute 'temperature_value'
2025-07-13 06:34:33,784 - ERROR - Display update error: 'WeatherStationSystem' object has no attribute 'bg_canvas'
2025-07-13 06:34:34,784 - INFO - Updating display with sensor data: {'temperature': None, 'humidity': None, 'pressure': None, 'uv_index': None, 'wind_speed': None, 'wind_direction': None, 'rainfall': None, 'aqi': None, 'timestamp': None}
2025-07-13 06:34:34,785 - ERROR - Error updating temperature: 'WeatherStationSystem' object has no attribute 'temperature_value'
2025-07-13 06:34:34,785 - ERROR - Display update error: 'WeatherStationSystem' object has no attribute 'bg_canvas'
2025-07-13 06:34:35,786 - INFO - Updating display with sensor data: {'temperature': None, 'humidity': None, 'pressure': None, 'uv_index': None, 'wind_speed': None, 'wind_direction': None, 'rainfall': None, 'aqi': None, 'timestamp': None}
2025-07-13 06:34:35,786 - ERROR - Error updating temperature: 'WeatherStationSystem' object has no attribute 'temperature_value'
2025-07-13 06:34:35,786 - ERROR - Display update error: 'WeatherStationSystem' object has no attribute 'bg_canvas'
2025-07-13 06:34:36,786 - INFO - Updating display with sensor data: {'temperature': None, 'humidity': None, 'pressure': None, 'uv_index': None, 'wind_speed': None, 'wind_direction': None, 'rainfall': None, 'aqi': None, 'timestamp': None}
2025-07-13 06:34:36,787 - ERROR - Error updating temperature: 'WeatherStationSystem' object has no attribute 'temperature_value'
2025-07-13 06:34:36,787 - ERROR - Display update error: 'WeatherStationSystem' object has no attribute 'bg_canvas'
2025-07-13 06:34:37,533 - INFO - Attempting Modbus connection on port /dev/ttyUSB0
2025-07-13 06:34:37,534 - ERROR - Modbus connection failed
2025-07-13 06:34:37,535 - WARNING - Modbus connection failed (Attempt 1/3)
2025-07-13 06:34:37,790 - INFO - Updating display with sensor data: {'temperature': None, 'humidity': None, 'pressure': None, 'uv_index': None, 'wind_speed': None, 'wind_direction': None, 'rainfall': None, 'aqi': None, 'timestamp': None}
2025-07-13 06:34:37,791 - ERROR - Error updating temperature: 'WeatherStationSystem' object has no attribute 'temperature_value'
2025-07-13 06:34:37,791 - ERROR - Display update error: 'WeatherStationSystem' object has no attribute 'bg_canvas'
2025-07-13 06:34:38,536 - WARNING - Modbus connection failed (Attempt 2/3)
2025-07-13 06:34:38,791 - INFO - Updating display with sensor data: {'temperature': None, 'humidity': None, 'pressure': None, 'uv_index': None, 'wind_speed': None, 'wind_direction': None, 'rainfall': None, 'aqi': None, 'timestamp': None}
2025-07-13 06:34:38,792 - ERROR - Error updating temperature: 'WeatherStationSystem' object has no attribute 'temperature_value'
2025-07-13 06:34:38,792 - ERROR - Display update error: 'WeatherStationSystem' object has no attribute 'bg_canvas'
2025-07-13 06:34:39,540 - WARNING - Modbus connection failed (Attempt 3/3)
2025-07-13 06:34:39,792 - INFO - Updating display with sensor data: {'temperature': None, 'humidity': None, 'pressure': None, 'uv_index': None, 'wind_speed': None, 'wind_direction': None, 'rainfall': None, 'aqi': None, 'timestamp': None}
2025-07-13 06:34:39,792 - ERROR - Error updating temperature: 'WeatherStationSystem' object has no attribute 'temperature_value'
2025-07-13 06:34:39,792 - ERROR - Display update error: 'WeatherStationSystem' object has no attribute 'bg_canvas'
2025-07-13 06:34:40,540 - CRITICAL - Critical error in sensor read loop: cannot access local variable 'conn_error' where it is not associated with a value
Traceback (most recent call last):
  File "/home/asif/Desktop/unified_creek_awos/awos.py", line 1220, in sensor_reader_loop
    self.log(f"Modbus connection failed after {retries} retries. Last error: {str(conn_error)}", logging.ERROR)
                                                                                  ^^^^^^^^^^
UnboundLocalError: cannot access local variable 'conn_error' where it is not associated with a value

2025-07-13 06:34:40,793 - INFO - Updating display with sensor data: {'temperature': None, 'humidity': None, 'pressure': None, 'uv_index': None, 'wind_speed': None, 'wind_direction': None, 'rainfall': None, 'aqi': None, 'timestamp': None}
2025-07-13 06:34:40,793 - ERROR - Error updating temperature: 'WeatherStationSystem' object has no attribute 'temperature_value'
2025-07-13 06:34:40,793 - ERROR - Display update error: 'WeatherStationSystem' object has no attribute 'bg_canvas'
2025-07-13 06:34:41,794 - INFO - Updating display with sensor data: {'temperature': None, 'humidity': None, 'pressure': None, 'uv_index': None, 'wind_speed': None, 'wind_direction': None, 'rainfall': None, 'aqi': None, 'timestamp': None}
2025-07-13 06:34:41,795 - ERROR - Error updating temperature: 'WeatherStationSystem' object has no attribute 'temperature_value'
2025-07-13 06:34:41,795 - ERROR - Display update error: 'WeatherStationSystem' object has no attribute 'bg_canvas'
2025-07-13 06:34:42,796 - INFO - Updating display with sensor data: {'temperature': None, 'humidity': None, 'pressure': None, 'uv_index': None, 'wind_speed': None, 'wind_direction': None, 'rainfall': None, 'aqi': None, 'timestamp': None}
2025-07-13 06:34:42,797 - ERROR - Error updating temperature: 'WeatherStationSystem' object has no attribute 'temperature_value'
2025-07-13 06:34:42,797 - ERROR - Display update error: 'WeatherStationSystem' object has no attribute 'bg_canvas'
2025-07-13 06:34:43,472 - INFO - Switched to GUI-2 (Next toggle in 5s
2025-07-13 06:34:43,512 - INFO - CSV write completed at 2025-07-13T06:34:43.512289
2025-07-13 06:34:43,797 - INFO - Updating display with sensor data: {'temperature': None, 'humidity': None, 'pressure': None, 'uv_index': None, 'wind_speed': None, 'wind_direction': None, 'rainfall': None, 'aqi': None, 'timestamp': None}
2025-07-13 06:34:43,798 - ERROR - Error updating temperature: 'WeatherStationSystem' object has no attribute 'temperature_value'
2025-07-13 06:34:43,798 - ERROR - Display update error: 'WeatherStationSystem' object has no attribute 'bg_canvas'
2025-07-13 06:34:44,798 - INFO - Updating display with sensor data: {'temperature': None, 'humidity': None, 'pressure': None, 'uv_index': None, 'wind_speed': None, 'wind_direction': None, 'rainfall': None, 'aqi': None, 'timestamp': None}
2025-07-13 06:34:44,799 - ERROR - Error updating temperature: 'WeatherStationSystem' object has no attribute 'temperature_value'
2025-07-13 06:34:44,799 - ERROR - Display update error: 'WeatherStationSystem' object has no attribute 'bg_canvas'
2025-07-13 06:34:45,541 - INFO - Attempting Modbus connection on port /dev/ttyUSB0
2025-07-13 06:34:45,542 - ERROR - Modbus connection failed
2025-07-13 06:34:45,542 - WARNING - Modbus connection failed (Attempt 1/3)
2025-07-13 06:34:45,799 - INFO - Updating display with sensor data: {'temperature': None, 'humidity': None, 'pressure': None, 'uv_index': None, 'wind_speed': None, 'wind_direction': None, 'rainfall': None, 'aqi': None, 'timestamp': None}
2025-07-13 06:34:45,800 - ERROR - Error updating temperature: 'WeatherStationSystem' object has no attribute 'temperature_value'
2025-07-13 06:34:45,800 - ERROR - Display update error: 'WeatherStationSystem' object has no attribute 'bg_canvas'
2025-07-13 06:34:46,544 - WARNING - Modbus connection failed (Attempt 2/3)
2025-07-13 06:34:46,801 - INFO - Updating display with sensor data: {'temperature': None, 'humidity': None, 'pressure': None, 'uv_index': None, 'wind_speed': None, 'wind_direction': None, 'rainfall': None, 'aqi': None, 'timestamp': None}
2025-07-13 06:34:46,801 - ERROR - Error updating temperature: 'WeatherStationSystem' object has no attribute 'temperature_value'
2025-07-13 06:34:46,801 - ERROR - Display update error: 'WeatherStationSystem' object has no attribute 'bg_canvas'
2025-07-13 06:34:47,545 - WARNING - Modbus connection failed (Attempt 3/3)
2025-07-13 06:34:47,802 - INFO - Updating display with sensor data: {'temperature': None, 'humidity': None, 'pressure': None, 'uv_index': None, 'wind_speed': None, 'wind_direction': None, 'rainfall': None, 'aqi': None, 'timestamp': None}
2025-07-13 06:34:47,802 - ERROR - Error updating temperature: 'WeatherStationSystem' object has no attribute 'temperature_value'
2025-07-13 06:34:47,802 - ERROR - Display update error: 'WeatherStationSystem' object has no attribute 'bg_canvas'
2025-07-13 06:34:48,473 - INFO - Switched to GUI-1 (Next toggle in 10s
2025-07-13 06:34:48,547 - CRITICAL - Critical error in sensor read loop: cannot access local variable 'conn_error' where it is not associated with a value
Traceback (most recent call last):
  File "/home/asif/Desktop/unified_creek_awos/awos.py", line 1220, in sensor_reader_loop
    self.log(f"Modbus connection failed after {retries} retries. Last error: {str(conn_error)}", logging.ERROR)
                                                                                  ^^^^^^^^^^
UnboundLocalError: cannot access local variable 'conn_error' where it is not associated with a value

2025-07-13 06:34:48,803 - INFO - Updating display with sensor data: {'temperature': None, 'humidity': None, 'pressure': None, 'uv_index': None, 'wind_speed': None, 'wind_direction': None, 'rainfall': None, 'aqi': None, 'timestamp': None}
2025-07-13 06:34:48,803 - ERROR - Error updating temperature: 'WeatherStationSystem' object has no attribute 'temperature_value'
2025-07-13 06:34:48,803 - ERROR - Display update error: 'WeatherStationSystem' object has no attribute 'bg_canvas'
2025-07-13 06:34:49,803 - INFO - Updating display with sensor data: {'temperature': None, 'humidity': None, 'pressure': None, 'uv_index': None, 'wind_speed': None, 'wind_direction': None, 'rainfall': None, 'aqi': None, 'timestamp': None}
2025-07-13 06:34:49,804 - ERROR - Error updating temperature: 'WeatherStationSystem' object has no attribute 'temperature_value'
2025-07-13 06:34:49,804 - ERROR - Display update error: 'WeatherStationSystem' object has no attribute 'bg_canvas'
2025-07-13 06:34:50,804 - INFO - Updating display with sensor data: {'temperature': None, 'humidity': None, 'pressure': None, 'uv_index': None, 'wind_speed': None, 'wind_direction': None, 'rainfall': None, 'aqi': None, 'timestamp': None}
2025-07-13 06:34:50,805 - ERROR - Error updating temperature: 'WeatherStationSystem' object has no attribute 'temperature_value'
2025-07-13 06:34:50,805 - ERROR - Display update error: 'WeatherStationSystem' object has no attribute 'bg_canvas'
2025-07-13 06:34:51,805 - INFO - Updating display with sensor data: {'temperature': None, 'humidity': None, 'pressure': None, 'uv_index': None, 'wind_speed': None, 'wind_direction': None, 'rainfall': None, 'aqi': None, 'timestamp': None}
2025-07-13 06:34:51,805 - ERROR - Error updating temperature: 'WeatherStationSystem' object has no attribute 'temperature_value'
2025-07-13 06:34:51,805 - ERROR - Display update error: 'WeatherStationSystem' object has no attribute 'bg_canvas'
2025-07-13 06:34:52,809 - INFO - Updating display with sensor data: {'temperature': None, 'humidity': None, 'pressure': None, 'uv_index': None, 'wind_speed': None, 'wind_direction': None, 'rainfall': None, 'aqi': None, 'timestamp': None}
2025-07-13 06:34:52,809 - ERROR - Error updating temperature: 'WeatherStationSystem' object has no attribute 'temperature_value'
2025-07-13 06:34:52,809 - ERROR - Display update error: 'WeatherStationSystem' object has no attribute 'bg_canvas'
2025-07-13 06:34:53,548 - INFO - Attempting Modbus connection on port /dev/ttyUSB0
2025-07-13 06:34:53,553 - ERROR - Modbus connection failed
2025-07-13 06:34:53,559 - WARNING - Modbus connection failed (Attempt 1/3)
2025-07-13 06:34:53,812 - INFO - Updating display with sensor data: {'temperature': None, 'humidity': None, 'pressure': None, 'uv_index': None, 'wind_speed': None, 'wind_direction': None, 'rainfall': None, 'aqi': None, 'timestamp': None}
2025-07-13 06:34:53,812 - ERROR - Error updating temperature: 'WeatherStationSystem' object has no attribute 'temperature_value'
2025-07-13 06:34:53,812 - ERROR - Display update error: 'WeatherStationSystem' object has no attribute 'bg_canvas'
2025-07-13 06:34:54,560 - WARNING - Modbus connection failed (Attempt 2/3)
2025-07-13 06:34:54,812 - INFO - Updating display with sensor data: {'temperature': None, 'humidity': None, 'pressure': None, 'uv_index': None, 'wind_speed': None, 'wind_direction': None, 'rainfall': None, 'aqi': None, 'timestamp': None}
2025-07-13 06:34:54,813 - ERROR - Error updating temperature: 'WeatherStationSystem' object has no attribute 'temperature_value'
2025-07-13 06:34:54,813 - ERROR - Display update error: 'WeatherStationSystem' object has no attribute 'bg_canvas'
2025-07-13 06:34:55,562 - WARNING - Modbus connection failed (Attempt 3/3)
2025-07-13 06:34:55,813 - INFO - Updating display with sensor data: {'temperature': None, 'humidity': None, 'pressure': None, 'uv_index': None, 'wind_speed': None, 'wind_direction': None, 'rainfall': None, 'aqi': None, 'timestamp': None}
2025-07-13 06:34:55,813 - ERROR - Error updating temperature: 'WeatherStationSystem' object has no attribute 'temperature_value'
2025-07-13 06:34:55,814 - ERROR - Display update error: 'WeatherStationSystem' object has no attribute 'bg_canvas'
2025-07-13 06:34:56,564 - CRITICAL - Critical error in sensor read loop: cannot access local variable 'conn_error' where it is not associated with a value
Traceback (most recent call last):
  File "/home/asif/Desktop/unified_creek_awos/awos.py", line 1220, in sensor_reader_loop
    self.log(f"Modbus connection failed after {retries} retries. Last error: {str(conn_error)}", logging.ERROR)
                                                                                  ^^^^^^^^^^
UnboundLocalError: cannot access local variable 'conn_error' where it is not associated with a value

2025-07-13 06:34:56,814 - INFO - Updating display with sensor data: {'temperature': None, 'humidity': None, 'pressure': None, 'uv_index': None, 'wind_speed': None, 'wind_direction': None, 'rainfall': None, 'aqi': None, 'timestamp': None}
2025-07-13 06:34:56,814 - ERROR - Error updating temperature: 'WeatherStationSystem' object has no attribute 'temperature_value'
2025-07-13 06:34:56,814 - ERROR - Display update error: 'WeatherStationSystem' object has no attribute 'bg_canvas'
2025-07-13 06:34:57,817 - INFO - Updating display with sensor data: {'temperature': None, 'humidity': None, 'pressure': None, 'uv_index': None, 'wind_speed': None, 'wind_direction': None, 'rainfall': None, 'aqi': None, 'timestamp': None}
2025-07-13 06:34:57,817 - ERROR - Error updating temperature: 'WeatherStationSystem' object has no attribute 'temperature_value'
2025-07-13 06:34:57,817 - ERROR - Display update error: 'WeatherStationSystem' object has no attribute 'bg_canvas'
2025-07-13 06:34:58,474 - INFO - Switched to GUI-2 (Next toggle in 5s
2025-07-13 06:34:58,818 - INFO - Updating display with sensor data: {'temperature': None, 'humidity': None, 'pressure': None, 'uv_index': None, 'wind_speed': None, 'wind_direction': None, 'rainfall': None, 'aqi': None, 'timestamp': None}
2025-07-13 06:34:58,818 - ERROR - Error updating temperature: 'WeatherStationSystem' object has no attribute 'temperature_value'
2025-07-13 06:34:58,818 - ERROR - Display update error: 'WeatherStationSystem' object has no attribute 'bg_canvas'
2025-07-13 06:34:59,819 - INFO - Updating display with sensor data: {'temperature': None, 'humidity': None, 'pressure': None, 'uv_index': None, 'wind_speed': None, 'wind_direction': None, 'rainfall': None, 'aqi': None, 'timestamp': None}
2025-07-13 06:34:59,819 - ERROR - Error updating temperature: 'WeatherStationSystem' object has no attribute 'temperature_value'
2025-07-13 06:34:59,819 - ERROR - Display update error: 'WeatherStationSystem' object has no attribute 'bg_canvas'
2025-07-13 06:35:00,820 - INFO - Updating display with sensor data: {'temperature': None, 'humidity': None, 'pressure': None, 'uv_index': None, 'wind_speed': None, 'wind_direction': None, 'rainfall': None, 'aqi': None, 'timestamp': None}
2025-07-13 06:35:00,820 - ERROR - Error updating temperature: 'WeatherStationSystem' object has no attribute 'temperature_value'
2025-07-13 06:35:00,820 - ERROR - Display update error: 'WeatherStationSystem' object has no attribute 'bg_canvas'
2025-07-13 06:35:01,564 - INFO - Attempting Modbus connection on port /dev/ttyUSB0
2025-07-13 06:35:01,566 - ERROR - Modbus connection failed
2025-07-13 06:35:01,566 - WARNING - Modbus connection failed (Attempt 1/3)
2025-07-13 06:35:01,820 - INFO - Updating display with sensor data: {'temperature': None, 'humidity': None, 'pressure': None, 'uv_index': None, 'wind_speed': None, 'wind_direction': None, 'rainfall': None, 'aqi': None, 'timestamp': None}
2025-07-13 06:35:01,820 - ERROR - Error updating temperature: 'WeatherStationSystem' object has no attribute 'temperature_value'
2025-07-13 06:35:01,821 - ERROR - Display update error: 'WeatherStationSystem' object has no attribute 'bg_canvas'
2025-07-13 06:35:02,567 - WARNING - Modbus connection failed (Attempt 2/3)
2025-07-13 06:35:02,821 - INFO - Updating display with sensor data: {'temperature': None, 'humidity': None, 'pressure': None, 'uv_index': None, 'wind_speed': None, 'wind_direction': None, 'rainfall': None, 'aqi': None, 'timestamp': None}
2025-07-13 06:35:02,821 - ERROR - Error updating temperature: 'WeatherStationSystem' object has no attribute 'temperature_value'
2025-07-13 06:35:02,821 - ERROR - Display update error: 'WeatherStationSystem' object has no attribute 'bg_canvas'
2025-07-13 06:35:03,475 - INFO - Switched to GUI-1 (Next toggle in 10s
2025-07-13 06:35:03,567 - WARNING - Modbus connection failed (Attempt 3/3)
2025-07-13 06:35:03,822 - INFO - Updating display with sensor data: {'temperature': None, 'humidity': None, 'pressure': None, 'uv_index': None, 'wind_speed': None, 'wind_direction': None, 'rainfall': None, 'aqi': None, 'timestamp': None}
2025-07-13 06:35:03,823 - ERROR - Error updating temperature: 'WeatherStationSystem' object has no attribute 'temperature_value'
2025-07-13 06:35:03,823 - ERROR - Display update error: 'WeatherStationSystem' object has no attribute 'bg_canvas'
2025-07-13 06:35:04,568 - CRITICAL - Critical error in sensor read loop: cannot access local variable 'conn_error' where it is not associated with a value
Traceback (most recent call last):
  File "/home/asif/Desktop/unified_creek_awos/awos.py", line 1220, in sensor_reader_loop
    self.log(f"Modbus connection failed after {retries} retries. Last error: {str(conn_error)}", logging.ERROR)
                                                                                  ^^^^^^^^^^
UnboundLocalError: cannot access local variable 'conn_error' where it is not associated with a value

2025-07-13 06:35:04,824 - INFO - Updating display with sensor data: {'temperature': None, 'humidity': None, 'pressure': None, 'uv_index': None, 'wind_speed': None, 'wind_direction': None, 'rainfall': None, 'aqi': None, 'timestamp': None}
2025-07-13 06:35:04,824 - ERROR - Error updating temperature: 'WeatherStationSystem' object has no attribute 'temperature_value'
2025-07-13 06:35:04,824 - ERROR - Display update error: 'WeatherStationSystem' object has no attribute 'bg_canvas'
2025-07-13 06:35:05,825 - INFO - Updating display with sensor data: {'temperature': None, 'humidity': None, 'pressure': None, 'uv_index': None, 'wind_speed': None, 'wind_direction': None, 'rainfall': None, 'aqi': None, 'timestamp': None}
2025-07-13 06:35:05,825 - ERROR - Error updating temperature: 'WeatherStationSystem' object has no attribute 'temperature_value'
2025-07-13 06:35:05,825 - ERROR - Display update error: 'WeatherStationSystem' object has no attribute 'bg_canvas'
2025-07-13 06:35:06,825 - INFO - Updating display with sensor data: {'temperature': None, 'humidity': None, 'pressure': None, 'uv_index': None, 'wind_speed': None, 'wind_direction': None, 'rainfall': None, 'aqi': None, 'timestamp': None}
2025-07-13 06:35:06,825 - ERROR - Error updating temperature: 'WeatherStationSystem' object has no attribute 'temperature_value'
2025-07-13 06:35:06,825 - ERROR - Display update error: 'WeatherStationSystem' object has no attribute 'bg_canvas'
2025-07-13 06:35:07,825 - INFO - Updating display with sensor data: {'temperature': None, 'humidity': None, 'pressure': None, 'uv_index': None, 'wind_speed': None, 'wind_direction': None, 'rainfall': None, 'aqi': None, 'timestamp': None}
2025-07-13 06:35:07,826 - ERROR - Error updating temperature: 'WeatherStationSystem' object has no attribute 'temperature_value'
2025-07-13 06:35:07,826 - ERROR - Display update error: 'WeatherStationSystem' object has no attribute 'bg_canvas'
2025-07-13 06:35:08,826 - INFO - Updating display with sensor data: {'temperature': None, 'humidity': None, 'pressure': None, 'uv_index': None, 'wind_speed': None, 'wind_direction': None, 'rainfall': None, 'aqi': None, 'timestamp': None}
2025-07-13 06:35:08,827 - ERROR - Error updating temperature: 'WeatherStationSystem' object has no attribute 'temperature_value'
2025-07-13 06:35:08,827 - ERROR - Display update error: 'WeatherStationSystem' object has no attribute 'bg_canvas'
2025-07-13 06:35:09,571 - INFO - Attempting Modbus connection on port /dev/ttyUSB0
2025-07-13 06:35:09,574 - ERROR - Modbus connection failed
2025-07-13 06:35:09,575 - WARNING - Modbus connection failed (Attempt 1/3)
2025-07-13 06:35:09,827 - INFO - Updating display with sensor data: {'temperature': None, 'humidity': None, 'pressure': None, 'uv_index': None, 'wind_speed': None, 'wind_direction': None, 'rainfall': None, 'aqi': None, 'timestamp': None}
2025-07-13 06:35:09,827 - ERROR - Error updating temperature: 'WeatherStationSystem' object has no attribute 'temperature_value'
2025-07-13 06:35:09,828 - ERROR - Display update error: 'WeatherStationSystem' object has no attribute 'bg_canvas'
2025-07-13 06:35:10,579 - WARNING - Modbus connection failed (Attempt 2/3)
2025-07-13 06:35:10,829 - INFO - Updating display with sensor data: {'temperature': None, 'humidity': None, 'pressure': None, 'uv_index': None, 'wind_speed': None, 'wind_direction': None, 'rainfall': None, 'aqi': None, 'timestamp': None}
2025-07-13 06:35:10,829 - ERROR - Error updating temperature: 'WeatherStationSystem' object has no attribute 'temperature_value'
2025-07-13 06:35:10,829 - ERROR - Display update error: 'WeatherStationSystem' object has no attribute 'bg_canvas'
2025-07-13 06:35:11,583 - WARNING - Modbus connection failed (Attempt 3/3)
2025-07-13 06:35:11,830 - INFO - Updating display with sensor data: {'temperature': None, 'humidity': None, 'pressure': None, 'uv_index': None, 'wind_speed': None, 'wind_direction': None, 'rainfall': None, 'aqi': None, 'timestamp': None}
2025-07-13 06:35:11,830 - ERROR - Error updating temperature: 'WeatherStationSystem' object has no attribute 'temperature_value'
2025-07-13 06:35:11,830 - ERROR - Display update error: 'WeatherStationSystem' object has no attribute 'bg_canvas'
2025-07-13 06:35:12,587 - CRITICAL - Critical error in sensor read loop: cannot access local variable 'conn_error' where it is not associated with a value
Traceback (most recent call last):
  File "/home/asif/Desktop/unified_creek_awos/awos.py", line 1220, in sensor_reader_loop
    self.log(f"Modbus connection failed after {retries} retries. Last error: {str(conn_error)}", logging.ERROR)
                                                                                  ^^^^^^^^^^
UnboundLocalError: cannot access local variable 'conn_error' where it is not associated with a value

2025-07-13 06:35:12,830 - INFO - Updating display with sensor data: {'temperature': None, 'humidity': None, 'pressure': None, 'uv_index': None, 'wind_speed': None, 'wind_direction': None, 'rainfall': None, 'aqi': None, 'timestamp': None}
2025-07-13 06:35:12,920 - ERROR - Error updating temperature: 'WeatherStationSystem' object has no attribute 'temperature_value'
2025-07-13 06:35:12,920 - ERROR - Display update error: 'WeatherStationSystem' object has no attribute 'bg_canvas'
2025-07-13 06:35:13,522 - INFO - CSV write completed at 2025-07-13T06:35:13.522395
2025-07-13 06:35:13,548 - INFO - Switched to GUI-2 (Next toggle in 5s
2025-07-13 06:35:13,921 - INFO - Updating display with sensor data: {'temperature': None, 'humidity': None, 'pressure': None, 'uv_index': None, 'wind_speed': None, 'wind_direction': None, 'rainfall': None, 'aqi': None, 'timestamp': None}
2025-07-13 06:35:14,323 - ERROR - Error updating temperature: 'WeatherStationSystem' object has no attribute 'temperature_value'
2025-07-13 06:35:14,323 - ERROR - Display update error: 'WeatherStationSystem' object has no attribute 'bg_canvas'
2025-07-13 06:35:15,323 - INFO - Updating display with sensor data: {'temperature': None, 'humidity': None, 'pressure': None, 'uv_index': None, 'wind_speed': None, 'wind_direction': None, 'rainfall': None, 'aqi': None, 'timestamp': None}
2025-07-13 06:35:15,499 - ERROR - Error updating temperature: 'WeatherStationSystem' object has no attribute 'temperature_value'
2025-07-13 06:35:15,499 - ERROR - Display update error: 'WeatherStationSystem' object has no attribute 'bg_canvas'
2025-07-13 06:35:16,499 - INFO - Updating display with sensor data: {'temperature': None, 'humidity': None, 'pressure': None, 'uv_index': None, 'wind_speed': None, 'wind_direction': None, 'rainfall': None, 'aqi': None, 'timestamp': None}
2025-07-13 06:35:16,500 - ERROR - Error updating temperature: 'WeatherStationSystem' object has no attribute 'temperature_value'
2025-07-13 06:35:16,500 - ERROR - Display update error: 'WeatherStationSystem' object has no attribute 'bg_canvas'
2025-07-13 06:35:17,500 - INFO - Updating display with sensor data: {'temperature': None, 'humidity': None, 'pressure': None, 'uv_index': None, 'wind_speed': None, 'wind_direction': None, 'rainfall': None, 'aqi': None, 'timestamp': None}
2025-07-13 06:35:17,500 - ERROR - Error updating temperature: 'WeatherStationSystem' object has no attribute 'temperature_value'
2025-07-13 06:35:17,500 - ERROR - Display update error: 'WeatherStationSystem' object has no attribute 'bg_canvas'
2025-07-13 06:35:17,594 - INFO - Attempting Modbus connection on port /dev/ttyUSB0
2025-07-13 06:35:17,594 - ERROR - Modbus connection failed
2025-07-13 06:35:17,594 - WARNING - Modbus connection failed (Attempt 1/3)
2025-07-13 06:35:18,500 - INFO - Updating display with sensor data: {'temperature': None, 'humidity': None, 'pressure': None, 'uv_index': None, 'wind_speed': None, 'wind_direction': None, 'rainfall': None, 'aqi': None, 'timestamp': None}
2025-07-13 06:35:18,501 - ERROR - Error updating temperature: 'WeatherStationSystem' object has no attribute 'temperature_value'
2025-07-13 06:35:18,501 - ERROR - Display update error: 'WeatherStationSystem' object has no attribute 'bg_canvas'
2025-07-13 06:35:18,548 - INFO - Switched to GUI-1 (Next toggle in 10s
2025-07-13 06:35:18,595 - WARNING - Modbus connection failed (Attempt 2/3)
2025-07-13 06:35:19,503 - INFO - Updating display with sensor data: {'temperature': None, 'humidity': None, 'pressure': None, 'uv_index': None, 'wind_speed': None, 'wind_direction': None, 'rainfall': None, 'aqi': None, 'timestamp': None}
2025-07-13 06:35:19,503 - ERROR - Error updating temperature: 'WeatherStationSystem' object has no attribute 'temperature_value'
2025-07-13 06:35:19,503 - ERROR - Display update error: 'WeatherStationSystem' object has no attribute 'bg_canvas'
2025-07-13 06:35:19,596 - WARNING - Modbus connection failed (Attempt 3/3)
2025-07-13 06:35:20,503 - INFO - Updating display with sensor data: {'temperature': None, 'humidity': None, 'pressure': None, 'uv_index': None, 'wind_speed': None, 'wind_direction': None, 'rainfall': None, 'aqi': None, 'timestamp': None}
2025-07-13 06:35:20,504 - ERROR - Error updating temperature: 'WeatherStationSystem' object has no attribute 'temperature_value'
2025-07-13 06:35:20,504 - ERROR - Display update error: 'WeatherStationSystem' object has no attribute 'bg_canvas'
2025-07-13 06:35:20,596 - CRITICAL - Critical error in sensor read loop: cannot access local variable 'conn_error' where it is not associated with a value
Traceback (most recent call last):
  File "/home/asif/Desktop/unified_creek_awos/awos.py", line 1220, in sensor_reader_loop
    self.log(f"Modbus connection failed after {retries} retries. Last error: {str(conn_error)}", logging.ERROR)
                                                                                  ^^^^^^^^^^
UnboundLocalError: cannot access local variable 'conn_error' where it is not associated with a value

2025-07-13 06:35:21,504 - INFO - Updating display with sensor data: {'temperature': None, 'humidity': None, 'pressure': None, 'uv_index': None, 'wind_speed': None, 'wind_direction': None, 'rainfall': None, 'aqi': None, 'timestamp': None}
2025-07-13 06:35:21,504 - ERROR - Error updating temperature: 'WeatherStationSystem' object has no attribute 'temperature_value'
2025-07-13 06:35:21,504 - ERROR - Display update error: 'WeatherStationSystem' object has no attribute 'bg_canvas'
2025-07-13 06:35:22,504 - INFO - Updating display with sensor data: {'temperature': None, 'humidity': None, 'pressure': None, 'uv_index': None, 'wind_speed': None, 'wind_direction': None, 'rainfall': None, 'aqi': None, 'timestamp': None}
2025-07-13 06:35:22,505 - ERROR - Error updating temperature: 'WeatherStationSystem' object has no attribute 'temperature_value'
2025-07-13 06:35:22,505 - ERROR - Display update error: 'WeatherStationSystem' object has no attribute 'bg_canvas'
2025-07-13 06:35:23,505 - INFO - Updating display with sensor data: {'temperature': None, 'humidity': None, 'pressure': None, 'uv_index': None, 'wind_speed': None, 'wind_direction': None, 'rainfall': None, 'aqi': None, 'timestamp': None}
2025-07-13 06:35:23,505 - ERROR - Error updating temperature: 'WeatherStationSystem' object has no attribute 'temperature_value'
2025-07-13 06:35:23,505 - ERROR - Display update error: 'WeatherStationSystem' object has no attribute 'bg_canvas'
2025-07-13 06:35:24,506 - INFO - Updating display with sensor data: {'temperature': None, 'humidity': None, 'pressure': None, 'uv_index': None, 'wind_speed': None, 'wind_direction': None, 'rainfall': None, 'aqi': None, 'timestamp': None}
2025-07-13 06:35:24,506 - ERROR - Error updating temperature: 'WeatherStationSystem' object has no attribute 'temperature_value'
2025-07-13 06:35:24,506 - ERROR - Display update error: 'WeatherStationSystem' object has no attribute 'bg_canvas'
2025-07-13 06:35:25,506 - INFO - Updating display with sensor data: {'temperature': None, 'humidity': None, 'pressure': None, 'uv_index': None, 'wind_speed': None, 'wind_direction': None, 'rainfall': None, 'aqi': None, 'timestamp': None}
2025-07-13 06:35:25,506 - ERROR - Error updating temperature: 'WeatherStationSystem' object has no attribute 'temperature_value'
2025-07-13 06:35:25,506 - ERROR - Display update error: 'WeatherStationSystem' object has no attribute 'bg_canvas'
2025-07-13 06:35:25,597 - INFO - Attempting Modbus connection on port /dev/ttyUSB0
2025-07-13 06:35:25,597 - ERROR - Modbus connection failed
2025-07-13 06:35:25,597 - WARNING - Modbus connection failed (Attempt 1/3)
2025-07-13 06:35:26,507 - INFO - Updating display with sensor data: {'temperature': None, 'humidity': None, 'pressure': None, 'uv_index': None, 'wind_speed': None, 'wind_direction': None, 'rainfall': None, 'aqi': None, 'timestamp': None}
2025-07-13 06:35:26,507 - ERROR - Error updating temperature: 'WeatherStationSystem' object has no attribute 'temperature_value'
2025-07-13 06:35:26,507 - ERROR - Display update error: 'WeatherStationSystem' object has no attribute 'bg_canvas'
2025-07-13 06:35:26,598 - WARNING - Modbus connection failed (Attempt 2/3)
2025-07-13 06:35:27,507 - INFO - Updating display with sensor data: {'temperature': None, 'humidity': None, 'pressure': None, 'uv_index': None, 'wind_speed': None, 'wind_direction': None, 'rainfall': None, 'aqi': None, 'timestamp': None}
2025-07-13 06:35:27,508 - ERROR - Error updating temperature: 'WeatherStationSystem' object has no attribute 'temperature_value'
2025-07-13 06:35:27,508 - ERROR - Display update error: 'WeatherStationSystem' object has no attribute 'bg_canvas'
2025-07-13 06:35:27,599 - WARNING - Modbus connection failed (Attempt 3/3)
2025-07-13 06:35:28,508 - INFO - Updating display with sensor data: {'temperature': None, 'humidity': None, 'pressure': None, 'uv_index': None, 'wind_speed': None, 'wind_direction': None, 'rainfall': None, 'aqi': None, 'timestamp': None}
2025-07-13 06:35:28,508 - ERROR - Error updating temperature: 'WeatherStationSystem' object has no attribute 'temperature_value'
2025-07-13 06:35:28,508 - ERROR - Display update error: 'WeatherStationSystem' object has no attribute 'bg_canvas'
2025-07-13 06:35:28,549 - INFO - Switched to GUI-2 (Next toggle in 5s
2025-07-13 06:35:28,600 - CRITICAL - Critical error in sensor read loop: cannot access local variable 'conn_error' where it is not associated with a value
Traceback (most recent call last):
  File "/home/asif/Desktop/unified_creek_awos/awos.py", line 1220, in sensor_reader_loop
    self.log(f"Modbus connection failed after {retries} retries. Last error: {str(conn_error)}", logging.ERROR)
                                                                                  ^^^^^^^^^^
UnboundLocalError: cannot access local variable 'conn_error' where it is not associated with a value

2025-07-13 06:35:29,509 - INFO - Updating display with sensor data: {'temperature': None, 'humidity': None, 'pressure': None, 'uv_index': None, 'wind_speed': None, 'wind_direction': None, 'rainfall': None, 'aqi': None, 'timestamp': None}
2025-07-13 06:35:29,510 - ERROR - Error updating temperature: 'WeatherStationSystem' object has no attribute 'temperature_value'
2025-07-13 06:35:29,510 - ERROR - Display update error: 'WeatherStationSystem' object has no attribute 'bg_canvas'
2025-07-13 06:35:30,510 - INFO - Updating display with sensor data: {'temperature': None, 'humidity': None, 'pressure': None, 'uv_index': None, 'wind_speed': None, 'wind_direction': None, 'rainfall': None, 'aqi': None, 'timestamp': None}
2025-07-13 06:35:30,510 - ERROR - Error updating temperature: 'WeatherStationSystem' object has no attribute 'temperature_value'
2025-07-13 06:35:30,510 - ERROR - Display update error: 'WeatherStationSystem' object has no attribute 'bg_canvas'
2025-07-13 06:35:31,510 - INFO - Updating display with sensor data: {'temperature': None, 'humidity': None, 'pressure': None, 'uv_index': None, 'wind_speed': None, 'wind_direction': None, 'rainfall': None, 'aqi': None, 'timestamp': None}
2025-07-13 06:35:31,510 - ERROR - Error updating temperature: 'WeatherStationSystem' object has no attribute 'temperature_value'
2025-07-13 06:35:31,510 - ERROR - Display update error: 'WeatherStationSystem' object has no attribute 'bg_canvas'
2025-07-13 06:35:32,511 - INFO - Updating display with sensor data: {'temperature': None, 'humidity': None, 'pressure': None, 'uv_index': None, 'wind_speed': None, 'wind_direction': None, 'rainfall': None, 'aqi': None, 'timestamp': None}
2025-07-13 06:35:32,511 - ERROR - Error updating temperature: 'WeatherStationSystem' object has no attribute 'temperature_value'
2025-07-13 06:35:32,511 - ERROR - Display update error: 'WeatherStationSystem' object has no attribute 'bg_canvas'
2025-07-13 06:35:33,511 - INFO - Updating display with sensor data: {'temperature': None, 'humidity': None, 'pressure': None, 'uv_index': None, 'wind_speed': None, 'wind_direction': None, 'rainfall': None, 'aqi': None, 'timestamp': None}
2025-07-13 06:35:33,511 - ERROR - Error updating temperature: 'WeatherStationSystem' object has no attribute 'temperature_value'
2025-07-13 06:35:33,511 - ERROR - Display update error: 'WeatherStationSystem' object has no attribute 'bg_canvas'
2025-07-13 06:35:33,550 - INFO - Switched to GUI-1 (Next toggle in 10s
2025-07-13 06:35:33,601 - INFO - Attempting Modbus connection on port /dev/ttyUSB0
2025-07-13 06:35:33,601 - ERROR - Modbus connection failed
2025-07-13 06:35:33,602 - WARNING - Modbus connection failed (Attempt 1/3)
2025-07-13 06:35:34,512 - INFO - Updating display with sensor data: {'temperature': None, 'humidity': None, 'pressure': None, 'uv_index': None, 'wind_speed': None, 'wind_direction': None, 'rainfall': None, 'aqi': None, 'timestamp': None}
2025-07-13 06:35:34,512 - ERROR - Error updating temperature: 'WeatherStationSystem' object has no attribute 'temperature_value'
2025-07-13 06:35:34,512 - ERROR - Display update error: 'WeatherStationSystem' object has no attribute 'bg_canvas'
2025-07-13 06:35:34,603 - WARNING - Modbus connection failed (Attempt 2/3)
2025-07-13 06:35:35,513 - INFO - Updating display with sensor data: {'temperature': None, 'humidity': None, 'pressure': None, 'uv_index': None, 'wind_speed': None, 'wind_direction': None, 'rainfall': None, 'aqi': None, 'timestamp': None}
2025-07-13 06:35:35,513 - ERROR - Error updating temperature: 'WeatherStationSystem' object has no attribute 'temperature_value'
2025-07-13 06:35:35,513 - ERROR - Display update error: 'WeatherStationSystem' object has no attribute 'bg_canvas'
2025-07-13 06:35:35,603 - WARNING - Modbus connection failed (Attempt 3/3)
2025-07-13 06:35:36,513 - INFO - Updating display with sensor data: {'temperature': None, 'humidity': None, 'pressure': None, 'uv_index': None, 'wind_speed': None, 'wind_direction': None, 'rainfall': None, 'aqi': None, 'timestamp': None}
2025-07-13 06:35:36,514 - ERROR - Error updating temperature: 'WeatherStationSystem' object has no attribute 'temperature_value'
2025-07-13 06:35:36,514 - ERROR - Display update error: 'WeatherStationSystem' object has no attribute 'bg_canvas'
2025-07-13 06:35:36,604 - CRITICAL - Critical error in sensor read loop: cannot access local variable 'conn_error' where it is not associated with a value
Traceback (most recent call last):
  File "/home/asif/Desktop/unified_creek_awos/awos.py", line 1220, in sensor_reader_loop
    self.log(f"Modbus connection failed after {retries} retries. Last error: {str(conn_error)}", logging.ERROR)
                                                                                  ^^^^^^^^^^
UnboundLocalError: cannot access local variable 'conn_error' where it is not associated with a value

2025-07-13 06:35:37,515 - INFO - Updating display with sensor data: {'temperature': None, 'humidity': None, 'pressure': None, 'uv_index': None, 'wind_speed': None, 'wind_direction': None, 'rainfall': None, 'aqi': None, 'timestamp': None}
2025-07-13 06:35:37,515 - ERROR - Error updating temperature: 'WeatherStationSystem' object has no attribute 'temperature_value'
2025-07-13 06:35:37,515 - ERROR - Display update error: 'WeatherStationSystem' object has no attribute 'bg_canvas'
2025-07-13 06:35:38,518 - INFO - Updating display with sensor data: {'temperature': None, 'humidity': None, 'pressure': None, 'uv_index': None, 'wind_speed': None, 'wind_direction': None, 'rainfall': None, 'aqi': None, 'timestamp': None}
2025-07-13 06:35:38,518 - ERROR - Error updating temperature: 'WeatherStationSystem' object has no attribute 'temperature_value'
2025-07-13 06:35:38,518 - ERROR - Display update error: 'WeatherStationSystem' object has no attribute 'bg_canvas'
2025-07-13 06:35:39,519 - INFO - Updating display with sensor data: {'temperature': None, 'humidity': None, 'pressure': None, 'uv_index': None, 'wind_speed': None, 'wind_direction': None, 'rainfall': None, 'aqi': None, 'timestamp': None}
2025-07-13 06:35:39,519 - ERROR - Error updating temperature: 'WeatherStationSystem' object has no attribute 'temperature_value'
2025-07-13 06:35:39,519 - ERROR - Display update error: 'WeatherStationSystem' object has no attribute 'bg_canvas'
2025-07-13 06:35:40,520 - INFO - Updating display with sensor data: {'temperature': None, 'humidity': None, 'pressure': None, 'uv_index': None, 'wind_speed': None, 'wind_direction': None, 'rainfall': None, 'aqi': None, 'timestamp': None}
2025-07-13 06:35:40,520 - ERROR - Error updating temperature: 'WeatherStationSystem' object has no attribute 'temperature_value'
2025-07-13 06:35:40,520 - ERROR - Display update error: 'WeatherStationSystem' object has no attribute 'bg_canvas'
2025-07-13 06:35:41,520 - INFO - Updating display with sensor data: {'temperature': None, 'humidity': None, 'pressure': None, 'uv_index': None, 'wind_speed': None, 'wind_direction': None, 'rainfall': None, 'aqi': None, 'timestamp': None}
2025-07-13 06:35:41,520 - ERROR - Error updating temperature: 'WeatherStationSystem' object has no attribute 'temperature_value'
2025-07-13 06:35:41,520 - ERROR - Display update error: 'WeatherStationSystem' object has no attribute 'bg_canvas'
2025-07-13 06:35:41,605 - INFO - Attempting Modbus connection on port /dev/ttyUSB0
2025-07-13 06:35:41,605 - ERROR - Modbus connection failed
2025-07-13 06:35:41,606 - WARNING - Modbus connection failed (Attempt 1/3)
2025-07-13 06:35:42,521 - INFO - Updating display with sensor data: {'temperature': None, 'humidity': None, 'pressure': None, 'uv_index': None, 'wind_speed': None, 'wind_direction': None, 'rainfall': None, 'aqi': None, 'timestamp': None}
2025-07-13 06:35:42,521 - ERROR - Error updating temperature: 'WeatherStationSystem' object has no attribute 'temperature_value'
2025-07-13 06:35:42,521 - ERROR - Display update error: 'WeatherStationSystem' object has no attribute 'bg_canvas'
2025-07-13 06:35:42,607 - WARNING - Modbus connection failed (Attempt 2/3)
2025-07-13 06:35:43,523 - INFO - Updating display with sensor data: {'temperature': None, 'humidity': None, 'pressure': None, 'uv_index': None, 'wind_speed': None, 'wind_direction': None, 'rainfall': None, 'aqi': None, 'timestamp': None}
2025-07-13 06:35:43,523 - ERROR - Error updating temperature: 'WeatherStationSystem' object has no attribute 'temperature_value'
2025-07-13 06:35:43,523 - ERROR - Display update error: 'WeatherStationSystem' object has no attribute 'bg_canvas'
2025-07-13 06:35:43,533 - INFO - CSV write completed at 2025-07-13T06:35:43.533398
2025-07-13 06:35:43,550 - INFO - Switched to GUI-2 (Next toggle in 5s
2025-07-13 06:35:43,608 - WARNING - Modbus connection failed (Attempt 3/3)
2025-07-13 06:35:44,523 - INFO - Updating display with sensor data: {'temperature': None, 'humidity': None, 'pressure': None, 'uv_index': None, 'wind_speed': None, 'wind_direction': None, 'rainfall': None, 'aqi': None, 'timestamp': None}
2025-07-13 06:35:44,525 - ERROR - Error updating temperature: 'WeatherStationSystem' object has no attribute 'temperature_value'
2025-07-13 06:35:44,534 - ERROR - Display update error: 'WeatherStationSystem' object has no attribute 'bg_canvas'
2025-07-13 06:35:44,609 - CRITICAL - Critical error in sensor read loop: cannot access local variable 'conn_error' where it is not associated with a value
Traceback (most recent call last):
  File "/home/asif/Desktop/unified_creek_awos/awos.py", line 1220, in sensor_reader_loop
    self.log(f"Modbus connection failed after {retries} retries. Last error: {str(conn_error)}", logging.ERROR)
                                                                                  ^^^^^^^^^^
UnboundLocalError: cannot access local variable 'conn_error' where it is not associated with a value

2025-07-13 06:35:45,535 - INFO - Updating display with sensor data: {'temperature': None, 'humidity': None, 'pressure': None, 'uv_index': None, 'wind_speed': None, 'wind_direction': None, 'rainfall': None, 'aqi': None, 'timestamp': None}
2025-07-13 06:35:45,535 - ERROR - Error updating temperature: 'WeatherStationSystem' object has no attribute 'temperature_value'
2025-07-13 06:35:45,536 - ERROR - Display update error: 'WeatherStationSystem' object has no attribute 'bg_canvas'
2025-07-13 06:35:46,537 - INFO - Updating display with sensor data: {'temperature': None, 'humidity': None, 'pressure': None, 'uv_index': None, 'wind_speed': None, 'wind_direction': None, 'rainfall': None, 'aqi': None, 'timestamp': None}
2025-07-13 06:35:46,537 - ERROR - Error updating temperature: 'WeatherStationSystem' object has no attribute 'temperature_value'
2025-07-13 06:35:46,537 - ERROR - Display update error: 'WeatherStationSystem' object has no attribute 'bg_canvas'
2025-07-13 06:35:47,538 - INFO - Updating display with sensor data: {'temperature': None, 'humidity': None, 'pressure': None, 'uv_index': None, 'wind_speed': None, 'wind_direction': None, 'rainfall': None, 'aqi': None, 'timestamp': None}
2025-07-13 06:35:47,538 - ERROR - Error updating temperature: 'WeatherStationSystem' object has no attribute 'temperature_value'
2025-07-13 06:35:47,538 - ERROR - Display update error: 'WeatherStationSystem' object has no attribute 'bg_canvas'
2025-07-13 06:35:48,538 - INFO - Updating display with sensor data: {'temperature': None, 'humidity': None, 'pressure': None, 'uv_index': None, 'wind_speed': None, 'wind_direction': None, 'rainfall': None, 'aqi': None, 'timestamp': None}
2025-07-13 06:35:48,539 - ERROR - Error updating temperature: 'WeatherStationSystem' object has no attribute 'temperature_value'
2025-07-13 06:35:48,539 - ERROR - Display update error: 'WeatherStationSystem' object has no attribute 'bg_canvas'
2025-07-13 06:35:48,552 - INFO - Switched to GUI-1 (Next toggle in 10s
2025-07-13 06:35:49,539 - INFO - Updating display with sensor data: {'temperature': None, 'humidity': None, 'pressure': None, 'uv_index': None, 'wind_speed': None, 'wind_direction': None, 'rainfall': None, 'aqi': None, 'timestamp': None}
2025-07-13 06:35:49,540 - ERROR - Error updating temperature: 'WeatherStationSystem' object has no attribute 'temperature_value'
2025-07-13 06:35:49,540 - ERROR - Display update error: 'WeatherStationSystem' object has no attribute 'bg_canvas'
2025-07-13 06:35:49,609 - INFO - Attempting Modbus connection on port /dev/ttyUSB0
2025-07-13 06:35:49,610 - ERROR - Modbus connection failed
2025-07-13 06:35:49,611 - WARNING - Modbus connection failed (Attempt 1/3)
2025-07-13 06:35:50,540 - INFO - Updating display with sensor data: {'temperature': None, 'humidity': None, 'pressure': None, 'uv_index': None, 'wind_speed': None, 'wind_direction': None, 'rainfall': None, 'aqi': None, 'timestamp': None}
2025-07-13 06:35:50,540 - ERROR - Error updating temperature: 'WeatherStationSystem' object has no attribute 'temperature_value'
2025-07-13 06:35:50,540 - ERROR - Display update error: 'WeatherStationSystem' object has no attribute 'bg_canvas'
2025-07-13 06:35:50,612 - WARNING - Modbus connection failed (Attempt 2/3)
2025-07-13 06:35:51,545 - INFO - Updating display with sensor data: {'temperature': None, 'humidity': None, 'pressure': None, 'uv_index': None, 'wind_speed': None, 'wind_direction': None, 'rainfall': None, 'aqi': None, 'timestamp': None}
2025-07-13 06:35:51,545 - ERROR - Error updating temperature: 'WeatherStationSystem' object has no attribute 'temperature_value'
2025-07-13 06:35:51,545 - ERROR - Display update error: 'WeatherStationSystem' object has no attribute 'bg_canvas'
2025-07-13 06:35:51,619 - WARNING - Modbus connection failed (Attempt 3/3)
2025-07-13 06:35:52,548 - INFO - Updating display with sensor data: {'temperature': None, 'humidity': None, 'pressure': None, 'uv_index': None, 'wind_speed': None, 'wind_direction': None, 'rainfall': None, 'aqi': None, 'timestamp': None}
2025-07-13 06:35:52,549 - ERROR - Error updating temperature: 'WeatherStationSystem' object has no attribute 'temperature_value'
2025-07-13 06:35:52,549 - ERROR - Display update error: 'WeatherStationSystem' object has no attribute 'bg_canvas'
2025-07-13 06:35:52,620 - CRITICAL - Critical error in sensor read loop: cannot access local variable 'conn_error' where it is not associated with a value
Traceback (most recent call last):
  File "/home/asif/Desktop/unified_creek_awos/awos.py", line 1220, in sensor_reader_loop
    self.log(f"Modbus connection failed after {retries} retries. Last error: {str(conn_error)}", logging.ERROR)
                                                                                  ^^^^^^^^^^
UnboundLocalError: cannot access local variable 'conn_error' where it is not associated with a value

2025-07-13 06:35:53,552 - INFO - Updating display with sensor data: {'temperature': None, 'humidity': None, 'pressure': None, 'uv_index': None, 'wind_speed': None, 'wind_direction': None, 'rainfall': None, 'aqi': None, 'timestamp': None}
2025-07-13 06:35:53,552 - ERROR - Error updating temperature: 'WeatherStationSystem' object has no attribute 'temperature_value'
2025-07-13 06:35:53,553 - ERROR - Display update error: 'WeatherStationSystem' object has no attribute 'bg_canvas'
2025-07-13 06:35:54,556 - INFO - Updating display with sensor data: {'temperature': None, 'humidity': None, 'pressure': None, 'uv_index': None, 'wind_speed': None, 'wind_direction': None, 'rainfall': None, 'aqi': None, 'timestamp': None}
2025-07-13 06:35:54,557 - ERROR - Error updating temperature: 'WeatherStationSystem' object has no attribute 'temperature_value'
2025-07-13 06:35:54,557 - ERROR - Display update error: 'WeatherStationSystem' object has no attribute 'bg_canvas'
2025-07-13 06:35:55,557 - INFO - Updating display with sensor data: {'temperature': None, 'humidity': None, 'pressure': None, 'uv_index': None, 'wind_speed': None, 'wind_direction': None, 'rainfall': None, 'aqi': None, 'timestamp': None}
2025-07-13 06:35:55,558 - ERROR - Error updating temperature: 'WeatherStationSystem' object has no attribute 'temperature_value'
2025-07-13 06:35:55,558 - ERROR - Display update error: 'WeatherStationSystem' object has no attribute 'bg_canvas'
2025-07-13 06:35:56,559 - INFO - Updating display with sensor data: {'temperature': None, 'humidity': None, 'pressure': None, 'uv_index': None, 'wind_speed': None, 'wind_direction': None, 'rainfall': None, 'aqi': None, 'timestamp': None}
2025-07-13 06:35:56,559 - ERROR - Error updating temperature: 'WeatherStationSystem' object has no attribute 'temperature_value'
2025-07-13 06:35:56,559 - ERROR - Display update error: 'WeatherStationSystem' object has no attribute 'bg_canvas'
2025-07-13 06:35:57,560 - INFO - Updating display with sensor data: {'temperature': None, 'humidity': None, 'pressure': None, 'uv_index': None, 'wind_speed': None, 'wind_direction': None, 'rainfall': None, 'aqi': None, 'timestamp': None}
2025-07-13 06:35:57,560 - ERROR - Error updating temperature: 'WeatherStationSystem' object has no attribute 'temperature_value'
2025-07-13 06:35:57,560 - ERROR - Display update error: 'WeatherStationSystem' object has no attribute 'bg_canvas'
2025-07-13 06:35:57,621 - INFO - Attempting Modbus connection on port /dev/ttyUSB0
2025-07-13 06:35:57,621 - ERROR - Modbus connection failed
2025-07-13 06:35:57,621 - WARNING - Modbus connection failed (Attempt 1/3)
2025-07-13 06:35:58,552 - INFO - Switched to GUI-2 (Next toggle in 5s
2025-07-13 06:35:58,622 - WARNING - Modbus connection failed (Attempt 2/3)
2025-07-13 06:35:58,631 - INFO - Updating display with sensor data: {'temperature': None, 'humidity': None, 'pressure': None, 'uv_index': None, 'wind_speed': None, 'wind_direction': None, 'rainfall': None, 'aqi': None, 'timestamp': None}
2025-07-13 06:35:58,631 - ERROR - Error updating temperature: 'WeatherStationSystem' object has no attribute 'temperature_value'
2025-07-13 06:35:58,631 - ERROR - Display update error: 'WeatherStationSystem' object has no attribute 'bg_canvas'
2025-07-13 06:35:59,625 - WARNING - Modbus connection failed (Attempt 3/3)
2025-07-13 06:35:59,637 - INFO - Updating display with sensor data: {'temperature': None, 'humidity': None, 'pressure': None, 'uv_index': None, 'wind_speed': None, 'wind_direction': None, 'rainfall': None, 'aqi': None, 'timestamp': None}
2025-07-13 06:35:59,637 - ERROR - Error updating temperature: 'WeatherStationSystem' object has no attribute 'temperature_value'
2025-07-13 06:35:59,637 - ERROR - Display update error: 'WeatherStationSystem' object has no attribute 'bg_canvas'
2025-07-13 06:36:00,626 - CRITICAL - Critical error in sensor read loop: cannot access local variable 'conn_error' where it is not associated with a value
Traceback (most recent call last):
  File "/home/asif/Desktop/unified_creek_awos/awos.py", line 1220, in sensor_reader_loop
    self.log(f"Modbus connection failed after {retries} retries. Last error: {str(conn_error)}", logging.ERROR)
                                                                                  ^^^^^^^^^^
UnboundLocalError: cannot access local variable 'conn_error' where it is not associated with a value

2025-07-13 06:36:00,639 - INFO - Updating display with sensor data: {'temperature': None, 'humidity': None, 'pressure': None, 'uv_index': None, 'wind_speed': None, 'wind_direction': None, 'rainfall': None, 'aqi': None, 'timestamp': None}
2025-07-13 06:36:00,640 - ERROR - Error updating temperature: 'WeatherStationSystem' object has no attribute 'temperature_value'
2025-07-13 06:36:00,640 - ERROR - Display update error: 'WeatherStationSystem' object has no attribute 'bg_canvas'
2025-07-13 06:36:01,641 - INFO - Updating display with sensor data: {'temperature': None, 'humidity': None, 'pressure': None, 'uv_index': None, 'wind_speed': None, 'wind_direction': None, 'rainfall': None, 'aqi': None, 'timestamp': None}
2025-07-13 06:36:01,642 - ERROR - Error updating temperature: 'WeatherStationSystem' object has no attribute 'temperature_value'
2025-07-13 06:36:01,642 - ERROR - Display update error: 'WeatherStationSystem' object has no attribute 'bg_canvas'
2025-07-13 06:36:02,643 - INFO - Updating display with sensor data: {'temperature': None, 'humidity': None, 'pressure': None, 'uv_index': None, 'wind_speed': None, 'wind_direction': None, 'rainfall': None, 'aqi': None, 'timestamp': None}
2025-07-13 06:36:02,644 - ERROR - Error updating temperature: 'WeatherStationSystem' object has no attribute 'temperature_value'
2025-07-13 06:36:02,644 - ERROR - Display update error: 'WeatherStationSystem' object has no attribute 'bg_canvas'
2025-07-13 06:36:03,554 - INFO - Switched to GUI-1 (Next toggle in 10s
2025-07-13 06:36:03,662 - INFO - Updating display with sensor data: {'temperature': None, 'humidity': None, 'pressure': None, 'uv_index': None, 'wind_speed': None, 'wind_direction': None, 'rainfall': None, 'aqi': None, 'timestamp': None}
2025-07-13 06:36:03,663 - ERROR - Error updating temperature: 'WeatherStationSystem' object has no attribute 'temperature_value'
2025-07-13 06:36:03,663 - ERROR - Display update error: 'WeatherStationSystem' object has no attribute 'bg_canvas'
2025-07-13 06:36:04,665 - INFO - Updating display with sensor data: {'temperature': None, 'humidity': None, 'pressure': None, 'uv_index': None, 'wind_speed': None, 'wind_direction': None, 'rainfall': None, 'aqi': None, 'timestamp': None}
2025-07-13 06:36:04,665 - ERROR - Error updating temperature: 'WeatherStationSystem' object has no attribute 'temperature_value'
2025-07-13 06:36:04,665 - ERROR - Display update error: 'WeatherStationSystem' object has no attribute 'bg_canvas'
2025-07-13 06:36:05,626 - INFO - Attempting Modbus connection on port /dev/ttyUSB0
2025-07-13 06:36:05,627 - ERROR - Modbus connection failed
2025-07-13 06:36:05,627 - WARNING - Modbus connection failed (Attempt 1/3)
2025-07-13 06:36:05,666 - INFO - Updating display with sensor data: {'temperature': None, 'humidity': None, 'pressure': None, 'uv_index': None, 'wind_speed': None, 'wind_direction': None, 'rainfall': None, 'aqi': None, 'timestamp': None}
2025-07-13 06:36:05,666 - ERROR - Error updating temperature: 'WeatherStationSystem' object has no attribute 'temperature_value'
2025-07-13 06:36:05,666 - ERROR - Display update error: 'WeatherStationSystem' object has no attribute 'bg_canvas'
2025-07-13 06:36:06,628 - WARNING - Modbus connection failed (Attempt 2/3)
2025-07-13 06:36:06,667 - INFO - Updating display with sensor data: {'temperature': None, 'humidity': None, 'pressure': None, 'uv_index': None, 'wind_speed': None, 'wind_direction': None, 'rainfall': None, 'aqi': None, 'timestamp': None}
2025-07-13 06:36:06,667 - ERROR - Error updating temperature: 'WeatherStationSystem' object has no attribute 'temperature_value'
2025-07-13 06:36:06,667 - ERROR - Display update error: 'WeatherStationSystem' object has no attribute 'bg_canvas'
2025-07-13 06:36:07,628 - WARNING - Modbus connection failed (Attempt 3/3)
2025-07-13 06:36:07,667 - INFO - Updating display with sensor data: {'temperature': None, 'humidity': None, 'pressure': None, 'uv_index': None, 'wind_speed': None, 'wind_direction': None, 'rainfall': None, 'aqi': None, 'timestamp': None}
2025-07-13 06:36:07,668 - ERROR - Error updating temperature: 'WeatherStationSystem' object has no attribute 'temperature_value'
2025-07-13 06:36:07,668 - ERROR - Display update error: 'WeatherStationSystem' object has no attribute 'bg_canvas'
2025-07-13 06:36:08,629 - CRITICAL - Critical error in sensor read loop: cannot access local variable 'conn_error' where it is not associated with a value
Traceback (most recent call last):
  File "/home/asif/Desktop/unified_creek_awos/awos.py", line 1220, in sensor_reader_loop
    self.log(f"Modbus connection failed after {retries} retries. Last error: {str(conn_error)}", logging.ERROR)
                                                                                  ^^^^^^^^^^
UnboundLocalError: cannot access local variable 'conn_error' where it is not associated with a value

2025-07-13 06:36:08,668 - INFO - Updating display with sensor data: {'temperature': None, 'humidity': None, 'pressure': None, 'uv_index': None, 'wind_speed': None, 'wind_direction': None, 'rainfall': None, 'aqi': None, 'timestamp': None}
2025-07-13 06:36:08,669 - ERROR - Error updating temperature: 'WeatherStationSystem' object has no attribute 'temperature_value'
2025-07-13 06:36:08,669 - ERROR - Display update error: 'WeatherStationSystem' object has no attribute 'bg_canvas'
2025-07-13 06:36:09,669 - INFO - Updating display with sensor data: {'temperature': None, 'humidity': None, 'pressure': None, 'uv_index': None, 'wind_speed': None, 'wind_direction': None, 'rainfall': None, 'aqi': None, 'timestamp': None}
2025-07-13 06:36:09,669 - ERROR - Error updating temperature: 'WeatherStationSystem' object has no attribute 'temperature_value'
2025-07-13 06:36:09,669 - ERROR - Display update error: 'WeatherStationSystem' object has no attribute 'bg_canvas'
2025-07-13 06:36:10,669 - INFO - Updating display with sensor data: {'temperature': None, 'humidity': None, 'pressure': None, 'uv_index': None, 'wind_speed': None, 'wind_direction': None, 'rainfall': None, 'aqi': None, 'timestamp': None}
2025-07-13 06:36:10,670 - ERROR - Error updating temperature: 'WeatherStationSystem' object has no attribute 'temperature_value'
2025-07-13 06:36:10,670 - ERROR - Display update error: 'WeatherStationSystem' object has no attribute 'bg_canvas'
2025-07-13 06:36:11,670 - INFO - Updating display with sensor data: {'temperature': None, 'humidity': None, 'pressure': None, 'uv_index': None, 'wind_speed': None, 'wind_direction': None, 'rainfall': None, 'aqi': None, 'timestamp': None}
2025-07-13 06:36:11,670 - ERROR - Error updating temperature: 'WeatherStationSystem' object has no attribute 'temperature_value'
2025-07-13 06:36:11,670 - ERROR - Display update error: 'WeatherStationSystem' object has no attribute 'bg_canvas'
2025-07-13 06:36:12,670 - INFO - Updating display with sensor data: {'temperature': None, 'humidity': None, 'pressure': None, 'uv_index': None, 'wind_speed': None, 'wind_direction': None, 'rainfall': None, 'aqi': None, 'timestamp': None}
2025-07-13 06:36:12,670 - ERROR - Error updating temperature: 'WeatherStationSystem' object has no attribute 'temperature_value'
2025-07-13 06:36:12,670 - ERROR - Display update error: 'WeatherStationSystem' object has no attribute 'bg_canvas'
2025-07-13 06:36:13,551 - INFO - CSV write completed at 2025-07-13T06:36:13.551058
2025-07-13 06:36:13,554 - INFO - Switched to GUI-2 (Next toggle in 5s
2025-07-13 06:36:13,630 - INFO - Attempting Modbus connection on port /dev/ttyUSB0
2025-07-13 06:36:13,630 - ERROR - Modbus connection failed
2025-07-13 06:36:13,630 - WARNING - Modbus connection failed (Attempt 1/3)
2025-07-13 06:36:13,671 - INFO - Updating display with sensor data: {'temperature': None, 'humidity': None, 'pressure': None, 'uv_index': None, 'wind_speed': None, 'wind_direction': None, 'rainfall': None, 'aqi': None, 'timestamp': None}
2025-07-13 06:36:13,671 - ERROR - Error updating temperature: 'WeatherStationSystem' object has no attribute 'temperature_value'
2025-07-13 06:36:13,672 - ERROR - Display update error: 'WeatherStationSystem' object has no attribute 'bg_canvas'
2025-07-13 06:36:14,631 - WARNING - Modbus connection failed (Attempt 2/3)
2025-07-13 06:36:14,672 - INFO - Updating display with sensor data: {'temperature': None, 'humidity': None, 'pressure': None, 'uv_index': None, 'wind_speed': None, 'wind_direction': None, 'rainfall': None, 'aqi': None, 'timestamp': None}
2025-07-13 06:36:14,673 - ERROR - Error updating temperature: 'WeatherStationSystem' object has no attribute 'temperature_value'
2025-07-13 06:36:14,673 - ERROR - Display update error: 'WeatherStationSystem' object has no attribute 'bg_canvas'
2025-07-13 06:36:15,632 - WARNING - Modbus connection failed (Attempt 3/3)
2025-07-13 06:36:15,673 - INFO - Updating display with sensor data: {'temperature': None, 'humidity': None, 'pressure': None, 'uv_index': None, 'wind_speed': None, 'wind_direction': None, 'rainfall': None, 'aqi': None, 'timestamp': None}
2025-07-13 06:36:15,674 - ERROR - Error updating temperature: 'WeatherStationSystem' object has no attribute 'temperature_value'
2025-07-13 06:36:15,674 - ERROR - Display update error: 'WeatherStationSystem' object has no attribute 'bg_canvas'
2025-07-13 06:36:16,633 - CRITICAL - Critical error in sensor read loop: cannot access local variable 'conn_error' where it is not associated with a value
Traceback (most recent call last):
  File "/home/asif/Desktop/unified_creek_awos/awos.py", line 1220, in sensor_reader_loop
    self.log(f"Modbus connection failed after {retries} retries. Last error: {str(conn_error)}", logging.ERROR)
                                                                                  ^^^^^^^^^^
UnboundLocalError: cannot access local variable 'conn_error' where it is not associated with a value

2025-07-13 06:36:16,674 - INFO - Updating display with sensor data: {'temperature': None, 'humidity': None, 'pressure': None, 'uv_index': None, 'wind_speed': None, 'wind_direction': None, 'rainfall': None, 'aqi': None, 'timestamp': None}
2025-07-13 06:36:16,674 - ERROR - Error updating temperature: 'WeatherStationSystem' object has no attribute 'temperature_value'
2025-07-13 06:36:16,674 - ERROR - Display update error: 'WeatherStationSystem' object has no attribute 'bg_canvas'
2025-07-13 06:36:17,675 - INFO - Updating display with sensor data: {'temperature': None, 'humidity': None, 'pressure': None, 'uv_index': None, 'wind_speed': None, 'wind_direction': None, 'rainfall': None, 'aqi': None, 'timestamp': None}
2025-07-13 06:36:17,675 - ERROR - Error updating temperature: 'WeatherStationSystem' object has no attribute 'temperature_value'
2025-07-13 06:36:17,676 - ERROR - Display update error: 'WeatherStationSystem' object has no attribute 'bg_canvas'
2025-07-13 06:36:18,554 - INFO - Switched to GUI-1 (Next toggle in 10s
2025-07-13 06:36:18,676 - INFO - Updating display with sensor data: {'temperature': None, 'humidity': None, 'pressure': None, 'uv_index': None, 'wind_speed': None, 'wind_direction': None, 'rainfall': None, 'aqi': None, 'timestamp': None}
2025-07-13 06:36:18,676 - ERROR - Error updating temperature: 'WeatherStationSystem' object has no attribute 'temperature_value'
2025-07-13 06:36:18,676 - ERROR - Display update error: 'WeatherStationSystem' object has no attribute 'bg_canvas'
2025-07-13 06:36:19,677 - INFO - Updating display with sensor data: {'temperature': None, 'humidity': None, 'pressure': None, 'uv_index': None, 'wind_speed': None, 'wind_direction': None, 'rainfall': None, 'aqi': None, 'timestamp': None}
2025-07-13 06:36:19,677 - ERROR - Error updating temperature: 'WeatherStationSystem' object has no attribute 'temperature_value'
2025-07-13 06:36:19,677 - ERROR - Display update error: 'WeatherStationSystem' object has no attribute 'bg_canvas'
2025-07-13 06:36:20,677 - INFO - Updating display with sensor data: {'temperature': None, 'humidity': None, 'pressure': None, 'uv_index': None, 'wind_speed': None, 'wind_direction': None, 'rainfall': None, 'aqi': None, 'timestamp': None}
2025-07-13 06:36:20,678 - ERROR - Error updating temperature: 'WeatherStationSystem' object has no attribute 'temperature_value'
2025-07-13 06:36:20,678 - ERROR - Display update error: 'WeatherStationSystem' object has no attribute 'bg_canvas'
2025-07-13 06:36:21,633 - INFO - Attempting Modbus connection on port /dev/ttyUSB0
2025-07-13 06:36:21,634 - ERROR - Modbus connection failed
2025-07-13 06:36:21,634 - WARNING - Modbus connection failed (Attempt 1/3)
2025-07-13 06:36:21,679 - INFO - Updating display with sensor data: {'temperature': None, 'humidity': None, 'pressure': None, 'uv_index': None, 'wind_speed': None, 'wind_direction': None, 'rainfall': None, 'aqi': None, 'timestamp': None}
2025-07-13 06:36:21,679 - ERROR - Error updating temperature: 'WeatherStationSystem' object has no attribute 'temperature_value'
2025-07-13 06:36:21,679 - ERROR - Display update error: 'WeatherStationSystem' object has no attribute 'bg_canvas'
2025-07-13 06:36:22,637 - WARNING - Modbus connection failed (Attempt 2/3)
2025-07-13 06:36:22,680 - INFO - Updating display with sensor data: {'temperature': None, 'humidity': None, 'pressure': None, 'uv_index': None, 'wind_speed': None, 'wind_direction': None, 'rainfall': None, 'aqi': None, 'timestamp': None}
2025-07-13 06:36:22,680 - ERROR - Error updating temperature: 'WeatherStationSystem' object has no attribute 'temperature_value'
2025-07-13 06:36:22,680 - ERROR - Display update error: 'WeatherStationSystem' object has no attribute 'bg_canvas'
2025-07-13 06:36:23,637 - WARNING - Modbus connection failed (Attempt 3/3)
2025-07-13 06:36:23,681 - INFO - Updating display with sensor data: {'temperature': None, 'humidity': None, 'pressure': None, 'uv_index': None, 'wind_speed': None, 'wind_direction': None, 'rainfall': None, 'aqi': None, 'timestamp': None}
2025-07-13 06:36:23,681 - ERROR - Error updating temperature: 'WeatherStationSystem' object has no attribute 'temperature_value'
2025-07-13 06:36:23,681 - ERROR - Display update error: 'WeatherStationSystem' object has no attribute 'bg_canvas'
2025-07-13 06:36:24,638 - CRITICAL - Critical error in sensor read loop: cannot access local variable 'conn_error' where it is not associated with a value
Traceback (most recent call last):
  File "/home/asif/Desktop/unified_creek_awos/awos.py", line 1220, in sensor_reader_loop
    self.log(f"Modbus connection failed after {retries} retries. Last error: {str(conn_error)}", logging.ERROR)
                                                                                  ^^^^^^^^^^
UnboundLocalError: cannot access local variable 'conn_error' where it is not associated with a value

2025-07-13 06:36:24,682 - INFO - Updating display with sensor data: {'temperature': None, 'humidity': None, 'pressure': None, 'uv_index': None, 'wind_speed': None, 'wind_direction': None, 'rainfall': None, 'aqi': None, 'timestamp': None}
2025-07-13 06:36:24,682 - ERROR - Error updating temperature: 'WeatherStationSystem' object has no attribute 'temperature_value'
2025-07-13 06:36:24,682 - ERROR - Display update error: 'WeatherStationSystem' object has no attribute 'bg_canvas'
2025-07-13 06:36:25,682 - INFO - Updating display with sensor data: {'temperature': None, 'humidity': None, 'pressure': None, 'uv_index': None, 'wind_speed': None, 'wind_direction': None, 'rainfall': None, 'aqi': None, 'timestamp': None}
2025-07-13 06:36:25,682 - ERROR - Error updating temperature: 'WeatherStationSystem' object has no attribute 'temperature_value'
2025-07-13 06:36:25,682 - ERROR - Display update error: 'WeatherStationSystem' object has no attribute 'bg_canvas'
2025-07-13 06:36:26,683 - INFO - Updating display with sensor data: {'temperature': None, 'humidity': None, 'pressure': None, 'uv_index': None, 'wind_speed': None, 'wind_direction': None, 'rainfall': None, 'aqi': None, 'timestamp': None}
2025-07-13 06:36:26,683 - ERROR - Error updating temperature: 'WeatherStationSystem' object has no attribute 'temperature_value'
2025-07-13 06:36:26,683 - ERROR - Display update error: 'WeatherStationSystem' object has no attribute 'bg_canvas'
2025-07-13 06:36:27,683 - INFO - Updating display with sensor data: {'temperature': None, 'humidity': None, 'pressure': None, 'uv_index': None, 'wind_speed': None, 'wind_direction': None, 'rainfall': None, 'aqi': None, 'timestamp': None}
2025-07-13 06:36:27,683 - ERROR - Error updating temperature: 'WeatherStationSystem' object has no attribute 'temperature_value'
2025-07-13 06:36:27,683 - ERROR - Display update error: 'WeatherStationSystem' object has no attribute 'bg_canvas'
2025-07-13 06:36:28,555 - INFO - Switched to GUI-2 (Next toggle in 5s
2025-07-13 06:36:28,684 - INFO - Updating display with sensor data: {'temperature': None, 'humidity': None, 'pressure': None, 'uv_index': None, 'wind_speed': None, 'wind_direction': None, 'rainfall': None, 'aqi': None, 'timestamp': None}
2025-07-13 06:36:28,684 - ERROR - Error updating temperature: 'WeatherStationSystem' object has no attribute 'temperature_value'
2025-07-13 06:36:28,684 - ERROR - Display update error: 'WeatherStationSystem' object has no attribute 'bg_canvas'
2025-07-13 06:36:29,639 - INFO - Attempting Modbus connection on port /dev/ttyUSB0
2025-07-13 06:36:29,640 - ERROR - Modbus connection failed
2025-07-13 06:36:29,641 - WARNING - Modbus connection failed (Attempt 1/3)
2025-07-13 06:36:29,684 - INFO - Updating display with sensor data: {'temperature': None, 'humidity': None, 'pressure': None, 'uv_index': None, 'wind_speed': None, 'wind_direction': None, 'rainfall': None, 'aqi': None, 'timestamp': None}
2025-07-13 06:36:29,685 - ERROR - Error updating temperature: 'WeatherStationSystem' object has no attribute 'temperature_value'
2025-07-13 06:36:29,685 - ERROR - Display update error: 'WeatherStationSystem' object has no attribute 'bg_canvas'
2025-07-13 06:36:30,641 - WARNING - Modbus connection failed (Attempt 2/3)
2025-07-13 06:36:30,686 - INFO - Updating display with sensor data: {'temperature': None, 'humidity': None, 'pressure': None, 'uv_index': None, 'wind_speed': None, 'wind_direction': None, 'rainfall': None, 'aqi': None, 'timestamp': None}
2025-07-13 06:36:30,686 - ERROR - Error updating temperature: 'WeatherStationSystem' object has no attribute 'temperature_value'
2025-07-13 06:36:30,686 - ERROR - Display update error: 'WeatherStationSystem' object has no attribute 'bg_canvas'
2025-07-13 06:36:31,642 - WARNING - Modbus connection failed (Attempt 3/3)
2025-07-13 06:36:31,687 - INFO - Updating display with sensor data: {'temperature': None, 'humidity': None, 'pressure': None, 'uv_index': None, 'wind_speed': None, 'wind_direction': None, 'rainfall': None, 'aqi': None, 'timestamp': None}
2025-07-13 06:36:31,687 - ERROR - Error updating temperature: 'WeatherStationSystem' object has no attribute 'temperature_value'
2025-07-13 06:36:31,687 - ERROR - Display update error: 'WeatherStationSystem' object has no attribute 'bg_canvas'
2025-07-13 06:36:32,643 - CRITICAL - Critical error in sensor read loop: cannot access local variable 'conn_error' where it is not associated with a value
Traceback (most recent call last):
  File "/home/asif/Desktop/unified_creek_awos/awos.py", line 1220, in sensor_reader_loop
    self.log(f"Modbus connection failed after {retries} retries. Last error: {str(conn_error)}", logging.ERROR)
                                                                                  ^^^^^^^^^^
UnboundLocalError: cannot access local variable 'conn_error' where it is not associated with a value

2025-07-13 06:36:32,687 - INFO - Updating display with sensor data: {'temperature': None, 'humidity': None, 'pressure': None, 'uv_index': None, 'wind_speed': None, 'wind_direction': None, 'rainfall': None, 'aqi': None, 'timestamp': None}
2025-07-13 06:36:32,688 - ERROR - Error updating temperature: 'WeatherStationSystem' object has no attribute 'temperature_value'
2025-07-13 06:36:32,688 - ERROR - Display update error: 'WeatherStationSystem' object has no attribute 'bg_canvas'
2025-07-13 06:36:33,555 - INFO - Switched to GUI-1 (Next toggle in 10s
2025-07-13 06:36:33,688 - INFO - Updating display with sensor data: {'temperature': None, 'humidity': None, 'pressure': None, 'uv_index': None, 'wind_speed': None, 'wind_direction': None, 'rainfall': None, 'aqi': None, 'timestamp': None}
2025-07-13 06:36:33,688 - ERROR - Error updating temperature: 'WeatherStationSystem' object has no attribute 'temperature_value'
2025-07-13 06:36:33,688 - ERROR - Display update error: 'WeatherStationSystem' object has no attribute 'bg_canvas'
2025-07-13 06:36:34,689 - INFO - Updating display with sensor data: {'temperature': None, 'humidity': None, 'pressure': None, 'uv_index': None, 'wind_speed': None, 'wind_direction': None, 'rainfall': None, 'aqi': None, 'timestamp': None}
2025-07-13 06:36:34,689 - ERROR - Error updating temperature: 'WeatherStationSystem' object has no attribute 'temperature_value'
2025-07-13 06:36:34,689 - ERROR - Display update error: 'WeatherStationSystem' object has no attribute 'bg_canvas'
2025-07-13 06:36:35,689 - INFO - Updating display with sensor data: {'temperature': None, 'humidity': None, 'pressure': None, 'uv_index': None, 'wind_speed': None, 'wind_direction': None, 'rainfall': None, 'aqi': None, 'timestamp': None}
2025-07-13 06:36:35,689 - ERROR - Error updating temperature: 'WeatherStationSystem' object has no attribute 'temperature_value'
2025-07-13 06:36:35,689 - ERROR - Display update error: 'WeatherStationSystem' object has no attribute 'bg_canvas'
2025-07-13 06:36:36,689 - INFO - Updating display with sensor data: {'temperature': None, 'humidity': None, 'pressure': None, 'uv_index': None, 'wind_speed': None, 'wind_direction': None, 'rainfall': None, 'aqi': None, 'timestamp': None}
2025-07-13 06:36:36,690 - ERROR - Error updating temperature: 'WeatherStationSystem' object has no attribute 'temperature_value'
2025-07-13 06:36:36,690 - ERROR - Display update error: 'WeatherStationSystem' object has no attribute 'bg_canvas'
2025-07-13 06:36:37,645 - INFO - Attempting Modbus connection on port /dev/ttyUSB0
2025-07-13 06:36:37,646 - ERROR - Modbus connection failed
2025-07-13 06:36:37,648 - WARNING - Modbus connection failed (Attempt 1/3)
2025-07-13 06:36:37,693 - INFO - Updating display with sensor data: {'temperature': None, 'humidity': None, 'pressure': None, 'uv_index': None, 'wind_speed': None, 'wind_direction': None, 'rainfall': None, 'aqi': None, 'timestamp': None}
2025-07-13 06:36:37,693 - ERROR - Error updating temperature: 'WeatherStationSystem' object has no attribute 'temperature_value'
2025-07-13 06:36:37,693 - ERROR - Display update error: 'WeatherStationSystem' object has no attribute 'bg_canvas'
2025-07-13 06:36:38,649 - WARNING - Modbus connection failed (Attempt 2/3)
2025-07-13 06:36:38,694 - INFO - Updating display with sensor data: {'temperature': None, 'humidity': None, 'pressure': None, 'uv_index': None, 'wind_speed': None, 'wind_direction': None, 'rainfall': None, 'aqi': None, 'timestamp': None}
2025-07-13 06:36:38,694 - ERROR - Error updating temperature: 'WeatherStationSystem' object has no attribute 'temperature_value'
2025-07-13 06:36:38,694 - ERROR - Display update error: 'WeatherStationSystem' object has no attribute 'bg_canvas'
2025-07-13 06:36:39,650 - WARNING - Modbus connection failed (Attempt 3/3)
2025-07-13 06:36:39,695 - INFO - Updating display with sensor data: {'temperature': None, 'humidity': None, 'pressure': None, 'uv_index': None, 'wind_speed': None, 'wind_direction': None, 'rainfall': None, 'aqi': None, 'timestamp': None}
2025-07-13 06:36:39,695 - ERROR - Error updating temperature: 'WeatherStationSystem' object has no attribute 'temperature_value'
2025-07-13 06:36:39,695 - ERROR - Display update error: 'WeatherStationSystem' object has no attribute 'bg_canvas'
2025-07-13 06:36:40,652 - CRITICAL - Critical error in sensor read loop: cannot access local variable 'conn_error' where it is not associated with a value
Traceback (most recent call last):
  File "/home/asif/Desktop/unified_creek_awos/awos.py", line 1220, in sensor_reader_loop
    self.log(f"Modbus connection failed after {retries} retries. Last error: {str(conn_error)}", logging.ERROR)
                                                                                  ^^^^^^^^^^
UnboundLocalError: cannot access local variable 'conn_error' where it is not associated with a value

2025-07-13 06:36:40,701 - INFO - Updating display with sensor data: {'temperature': None, 'humidity': None, 'pressure': None, 'uv_index': None, 'wind_speed': None, 'wind_direction': None, 'rainfall': None, 'aqi': None, 'timestamp': None}
2025-07-13 06:36:40,701 - ERROR - Error updating temperature: 'WeatherStationSystem' object has no attribute 'temperature_value'
2025-07-13 06:36:40,701 - ERROR - Display update error: 'WeatherStationSystem' object has no attribute 'bg_canvas'
2025-07-13 06:36:41,702 - INFO - Updating display with sensor data: {'temperature': None, 'humidity': None, 'pressure': None, 'uv_index': None, 'wind_speed': None, 'wind_direction': None, 'rainfall': None, 'aqi': None, 'timestamp': None}
2025-07-13 06:36:41,703 - ERROR - Error updating temperature: 'WeatherStationSystem' object has no attribute 'temperature_value'
2025-07-13 06:36:41,703 - ERROR - Display update error: 'WeatherStationSystem' object has no attribute 'bg_canvas'
2025-07-13 06:36:42,704 - INFO - Updating display with sensor data: {'temperature': None, 'humidity': None, 'pressure': None, 'uv_index': None, 'wind_speed': None, 'wind_direction': None, 'rainfall': None, 'aqi': None, 'timestamp': None}
2025-07-13 06:36:42,704 - ERROR - Error updating temperature: 'WeatherStationSystem' object has no attribute 'temperature_value'
2025-07-13 06:36:42,704 - ERROR - Display update error: 'WeatherStationSystem' object has no attribute 'bg_canvas'
2025-07-13 06:36:43,556 - INFO - Switched to GUI-2 (Next toggle in 5s
2025-07-13 06:36:43,566 - INFO - CSV write completed at 2025-07-13T06:36:43.566633
2025-07-13 06:36:43,706 - INFO - Updating display with sensor data: {'temperature': None, 'humidity': None, 'pressure': None, 'uv_index': None, 'wind_speed': None, 'wind_direction': None, 'rainfall': None, 'aqi': None, 'timestamp': None}
2025-07-13 06:36:43,706 - ERROR - Error updating temperature: 'WeatherStationSystem' object has no attribute 'temperature_value'
2025-07-13 06:36:43,706 - ERROR - Display update error: 'WeatherStationSystem' object has no attribute 'bg_canvas'
2025-07-13 06:36:44,707 - INFO - Updating display with sensor data: {'temperature': None, 'humidity': None, 'pressure': None, 'uv_index': None, 'wind_speed': None, 'wind_direction': None, 'rainfall': None, 'aqi': None, 'timestamp': None}
2025-07-13 06:36:44,708 - ERROR - Error updating temperature: 'WeatherStationSystem' object has no attribute 'temperature_value'
2025-07-13 06:36:44,708 - ERROR - Display update error: 'WeatherStationSystem' object has no attribute 'bg_canvas'
2025-07-13 06:36:45,657 - INFO - Attempting Modbus connection on port /dev/ttyUSB0
2025-07-13 06:36:45,658 - ERROR - Modbus connection failed
2025-07-13 06:36:45,658 - WARNING - Modbus connection failed (Attempt 1/3)
2025-07-13 06:36:45,708 - INFO - Updating display with sensor data: {'temperature': None, 'humidity': None, 'pressure': None, 'uv_index': None, 'wind_speed': None, 'wind_direction': None, 'rainfall': None, 'aqi': None, 'timestamp': None}
2025-07-13 06:36:45,708 - ERROR - Error updating temperature: 'WeatherStationSystem' object has no attribute 'temperature_value'
2025-07-13 06:36:45,709 - ERROR - Display update error: 'WeatherStationSystem' object has no attribute 'bg_canvas'
2025-07-13 06:36:46,658 - WARNING - Modbus connection failed (Attempt 2/3)
2025-07-13 06:36:46,713 - INFO - Updating display with sensor data: {'temperature': None, 'humidity': None, 'pressure': None, 'uv_index': None, 'wind_speed': None, 'wind_direction': None, 'rainfall': None, 'aqi': None, 'timestamp': None}
2025-07-13 06:36:46,713 - ERROR - Error updating temperature: 'WeatherStationSystem' object has no attribute 'temperature_value'
2025-07-13 06:36:46,713 - ERROR - Display update error: 'WeatherStationSystem' object has no attribute 'bg_canvas'
2025-07-13 06:36:47,659 - WARNING - Modbus connection failed (Attempt 3/3)
2025-07-13 06:36:47,714 - INFO - Updating display with sensor data: {'temperature': None, 'humidity': None, 'pressure': None, 'uv_index': None, 'wind_speed': None, 'wind_direction': None, 'rainfall': None, 'aqi': None, 'timestamp': None}
2025-07-13 06:36:47,714 - ERROR - Error updating temperature: 'WeatherStationSystem' object has no attribute 'temperature_value'
2025-07-13 06:36:47,714 - ERROR - Display update error: 'WeatherStationSystem' object has no attribute 'bg_canvas'
2025-07-13 06:36:48,556 - INFO - Switched to GUI-1 (Next toggle in 10s
2025-07-13 06:36:48,660 - CRITICAL - Critical error in sensor read loop: cannot access local variable 'conn_error' where it is not associated with a value
Traceback (most recent call last):
  File "/home/asif/Desktop/unified_creek_awos/awos.py", line 1220, in sensor_reader_loop
    self.log(f"Modbus connection failed after {retries} retries. Last error: {str(conn_error)}", logging.ERROR)
                                                                                  ^^^^^^^^^^
UnboundLocalError: cannot access local variable 'conn_error' where it is not associated with a value

2025-07-13 06:36:48,714 - INFO - Updating display with sensor data: {'temperature': None, 'humidity': None, 'pressure': None, 'uv_index': None, 'wind_speed': None, 'wind_direction': None, 'rainfall': None, 'aqi': None, 'timestamp': None}
2025-07-13 06:36:48,715 - ERROR - Error updating temperature: 'WeatherStationSystem' object has no attribute 'temperature_value'
2025-07-13 06:36:48,715 - ERROR - Display update error: 'WeatherStationSystem' object has no attribute 'bg_canvas'
2025-07-13 06:36:49,715 - INFO - Updating display with sensor data: {'temperature': None, 'humidity': None, 'pressure': None, 'uv_index': None, 'wind_speed': None, 'wind_direction': None, 'rainfall': None, 'aqi': None, 'timestamp': None}
2025-07-13 06:36:49,715 - ERROR - Error updating temperature: 'WeatherStationSystem' object has no attribute 'temperature_value'
2025-07-13 06:36:49,715 - ERROR - Display update error: 'WeatherStationSystem' object has no attribute 'bg_canvas'
2025-07-13 06:36:50,716 - INFO - Updating display with sensor data: {'temperature': None, 'humidity': None, 'pressure': None, 'uv_index': None, 'wind_speed': None, 'wind_direction': None, 'rainfall': None, 'aqi': None, 'timestamp': None}
2025-07-13 06:36:50,716 - ERROR - Error updating temperature: 'WeatherStationSystem' object has no attribute 'temperature_value'
2025-07-13 06:36:50,716 - ERROR - Display update error: 'WeatherStationSystem' object has no attribute 'bg_canvas'
2025-07-13 06:36:51,720 - INFO - Updating display with sensor data: {'temperature': None, 'humidity': None, 'pressure': None, 'uv_index': None, 'wind_speed': None, 'wind_direction': None, 'rainfall': None, 'aqi': None, 'timestamp': None}
2025-07-13 06:36:51,720 - ERROR - Error updating temperature: 'WeatherStationSystem' object has no attribute 'temperature_value'
2025-07-13 06:36:51,721 - ERROR - Display update error: 'WeatherStationSystem' object has no attribute 'bg_canvas'
2025-07-13 06:36:52,721 - INFO - Updating display with sensor data: {'temperature': None, 'humidity': None, 'pressure': None, 'uv_index': None, 'wind_speed': None, 'wind_direction': None, 'rainfall': None, 'aqi': None, 'timestamp': None}
2025-07-13 06:36:52,722 - ERROR - Error updating temperature: 'WeatherStationSystem' object has no attribute 'temperature_value'
2025-07-13 06:36:52,722 - ERROR - Display update error: 'WeatherStationSystem' object has no attribute 'bg_canvas'
2025-07-13 06:36:53,661 - INFO - Attempting Modbus connection on port /dev/ttyUSB0
2025-07-13 06:36:53,665 - ERROR - Modbus connection failed
2025-07-13 06:36:53,668 - WARNING - Modbus connection failed (Attempt 1/3)
2025-07-13 06:36:53,723 - INFO - Updating display with sensor data: {'temperature': None, 'humidity': None, 'pressure': None, 'uv_index': None, 'wind_speed': None, 'wind_direction': None, 'rainfall': None, 'aqi': None, 'timestamp': None}
2025-07-13 06:36:53,725 - ERROR - Error updating temperature: 'WeatherStationSystem' object has no attribute 'temperature_value'
2025-07-13 06:36:53,725 - ERROR - Display update error: 'WeatherStationSystem' object has no attribute 'bg_canvas'
2025-07-13 06:36:54,669 - WARNING - Modbus connection failed (Attempt 2/3)
2025-07-13 06:36:54,729 - INFO - Updating display with sensor data: {'temperature': None, 'humidity': None, 'pressure': None, 'uv_index': None, 'wind_speed': None, 'wind_direction': None, 'rainfall': None, 'aqi': None, 'timestamp': None}
2025-07-13 06:36:54,729 - ERROR - Error updating temperature: 'WeatherStationSystem' object has no attribute 'temperature_value'
2025-07-13 06:36:54,729 - ERROR - Display update error: 'WeatherStationSystem' object has no attribute 'bg_canvas'
2025-07-13 06:36:55,672 - WARNING - Modbus connection failed (Attempt 3/3)
2025-07-13 06:36:55,730 - INFO - Updating display with sensor data: {'temperature': None, 'humidity': None, 'pressure': None, 'uv_index': None, 'wind_speed': None, 'wind_direction': None, 'rainfall': None, 'aqi': None, 'timestamp': None}
2025-07-13 06:36:55,730 - ERROR - Error updating temperature: 'WeatherStationSystem' object has no attribute 'temperature_value'
2025-07-13 06:36:55,730 - ERROR - Display update error: 'WeatherStationSystem' object has no attribute 'bg_canvas'
2025-07-13 06:36:56,672 - CRITICAL - Critical error in sensor read loop: cannot access local variable 'conn_error' where it is not associated with a value
Traceback (most recent call last):
  File "/home/asif/Desktop/unified_creek_awos/awos.py", line 1220, in sensor_reader_loop
    self.log(f"Modbus connection failed after {retries} retries. Last error: {str(conn_error)}", logging.ERROR)
                                                                                  ^^^^^^^^^^
UnboundLocalError: cannot access local variable 'conn_error' where it is not associated with a value

2025-07-13 06:36:56,730 - INFO - Updating display with sensor data: {'temperature': None, 'humidity': None, 'pressure': None, 'uv_index': None, 'wind_speed': None, 'wind_direction': None, 'rainfall': None, 'aqi': None, 'timestamp': None}
2025-07-13 06:36:56,731 - ERROR - Error updating temperature: 'WeatherStationSystem' object has no attribute 'temperature_value'
2025-07-13 06:36:56,731 - ERROR - Display update error: 'WeatherStationSystem' object has no attribute 'bg_canvas'
2025-07-13 06:36:57,732 - INFO - Updating display with sensor data: {'temperature': None, 'humidity': None, 'pressure': None, 'uv_index': None, 'wind_speed': None, 'wind_direction': None, 'rainfall': None, 'aqi': None, 'timestamp': None}
2025-07-13 06:36:57,732 - ERROR - Error updating temperature: 'WeatherStationSystem' object has no attribute 'temperature_value'
2025-07-13 06:36:57,732 - ERROR - Display update error: 'WeatherStationSystem' object has no attribute 'bg_canvas'
2025-07-13 06:36:58,557 - INFO - Switched to GUI-2 (Next toggle in 5s
2025-07-13 06:36:58,733 - INFO - Updating display with sensor data: {'temperature': None, 'humidity': None, 'pressure': None, 'uv_index': None, 'wind_speed': None, 'wind_direction': None, 'rainfall': None, 'aqi': None, 'timestamp': None}
2025-07-13 06:36:58,733 - ERROR - Error updating temperature: 'WeatherStationSystem' object has no attribute 'temperature_value'
2025-07-13 06:36:58,733 - ERROR - Display update error: 'WeatherStationSystem' object has no attribute 'bg_canvas'
2025-07-13 06:36:59,733 - INFO - Updating display with sensor data: {'temperature': None, 'humidity': None, 'pressure': None, 'uv_index': None, 'wind_speed': None, 'wind_direction': None, 'rainfall': None, 'aqi': None, 'timestamp': None}
2025-07-13 06:36:59,734 - ERROR - Error updating temperature: 'WeatherStationSystem' object has no attribute 'temperature_value'
2025-07-13 06:36:59,734 - ERROR - Display update error: 'WeatherStationSystem' object has no attribute 'bg_canvas'
2025-07-13 06:37:00,734 - INFO - Updating display with sensor data: {'temperature': None, 'humidity': None, 'pressure': None, 'uv_index': None, 'wind_speed': None, 'wind_direction': None, 'rainfall': None, 'aqi': None, 'timestamp': None}
2025-07-13 06:37:00,734 - ERROR - Error updating temperature: 'WeatherStationSystem' object has no attribute 'temperature_value'
2025-07-13 06:37:00,734 - ERROR - Display update error: 'WeatherStationSystem' object has no attribute 'bg_canvas'
2025-07-13 06:37:01,676 - INFO - Attempting Modbus connection on port /dev/ttyUSB0
2025-07-13 06:37:01,677 - ERROR - Modbus connection failed
2025-07-13 06:37:01,677 - WARNING - Modbus connection failed (Attempt 1/3)
2025-07-13 06:37:01,735 - INFO - Updating display with sensor data: {'temperature': None, 'humidity': None, 'pressure': None, 'uv_index': None, 'wind_speed': None, 'wind_direction': None, 'rainfall': None, 'aqi': None, 'timestamp': None}
2025-07-13 06:37:01,735 - ERROR - Error updating temperature: 'WeatherStationSystem' object has no attribute 'temperature_value'
2025-07-13 06:37:01,735 - ERROR - Display update error: 'WeatherStationSystem' object has no attribute 'bg_canvas'
2025-07-13 06:37:02,678 - WARNING - Modbus connection failed (Attempt 2/3)
2025-07-13 06:37:02,736 - INFO - Updating display with sensor data: {'temperature': None, 'humidity': None, 'pressure': None, 'uv_index': None, 'wind_speed': None, 'wind_direction': None, 'rainfall': None, 'aqi': None, 'timestamp': None}
2025-07-13 06:37:02,736 - ERROR - Error updating temperature: 'WeatherStationSystem' object has no attribute 'temperature_value'
2025-07-13 06:37:02,736 - ERROR - Display update error: 'WeatherStationSystem' object has no attribute 'bg_canvas'
2025-07-13 06:37:03,558 - INFO - Switched to GUI-1 (Next toggle in 10s
2025-07-13 06:37:03,679 - WARNING - Modbus connection failed (Attempt 3/3)
2025-07-13 06:37:03,737 - INFO - Updating display with sensor data: {'temperature': None, 'humidity': None, 'pressure': None, 'uv_index': None, 'wind_speed': None, 'wind_direction': None, 'rainfall': None, 'aqi': None, 'timestamp': None}
2025-07-13 06:37:03,737 - ERROR - Error updating temperature: 'WeatherStationSystem' object has no attribute 'temperature_value'
2025-07-13 06:37:03,737 - ERROR - Display update error: 'WeatherStationSystem' object has no attribute 'bg_canvas'
2025-07-13 06:37:04,679 - CRITICAL - Critical error in sensor read loop: cannot access local variable 'conn_error' where it is not associated with a value
Traceback (most recent call last):
  File "/home/asif/Desktop/unified_creek_awos/awos.py", line 1220, in sensor_reader_loop
    self.log(f"Modbus connection failed after {retries} retries. Last error: {str(conn_error)}", logging.ERROR)
                                                                                  ^^^^^^^^^^
UnboundLocalError: cannot access local variable 'conn_error' where it is not associated with a value

2025-07-13 06:37:04,737 - INFO - Updating display with sensor data: {'temperature': None, 'humidity': None, 'pressure': None, 'uv_index': None, 'wind_speed': None, 'wind_direction': None, 'rainfall': None, 'aqi': None, 'timestamp': None}
2025-07-13 06:37:04,738 - ERROR - Error updating temperature: 'WeatherStationSystem' object has no attribute 'temperature_value'
2025-07-13 06:37:04,738 - ERROR - Display update error: 'WeatherStationSystem' object has no attribute 'bg_canvas'
2025-07-13 06:37:05,738 - INFO - Updating display with sensor data: {'temperature': None, 'humidity': None, 'pressure': None, 'uv_index': None, 'wind_speed': None, 'wind_direction': None, 'rainfall': None, 'aqi': None, 'timestamp': None}
2025-07-13 06:37:05,738 - ERROR - Error updating temperature: 'WeatherStationSystem' object has no attribute 'temperature_value'
2025-07-13 06:37:05,738 - ERROR - Display update error: 'WeatherStationSystem' object has no attribute 'bg_canvas'
2025-07-13 06:37:06,739 - INFO - Updating display with sensor data: {'temperature': None, 'humidity': None, 'pressure': None, 'uv_index': None, 'wind_speed': None, 'wind_direction': None, 'rainfall': None, 'aqi': None, 'timestamp': None}
2025-07-13 06:37:06,739 - ERROR - Error updating temperature: 'WeatherStationSystem' object has no attribute 'temperature_value'
2025-07-13 06:37:06,739 - ERROR - Display update error: 'WeatherStationSystem' object has no attribute 'bg_canvas'
2025-07-13 06:37:07,739 - INFO - Updating display with sensor data: {'temperature': None, 'humidity': None, 'pressure': None, 'uv_index': None, 'wind_speed': None, 'wind_direction': None, 'rainfall': None, 'aqi': None, 'timestamp': None}
2025-07-13 06:37:07,740 - ERROR - Error updating temperature: 'WeatherStationSystem' object has no attribute 'temperature_value'
2025-07-13 06:37:07,740 - ERROR - Display update error: 'WeatherStationSystem' object has no attribute 'bg_canvas'
2025-07-13 06:37:08,740 - INFO - Updating display with sensor data: {'temperature': None, 'humidity': None, 'pressure': None, 'uv_index': None, 'wind_speed': None, 'wind_direction': None, 'rainfall': None, 'aqi': None, 'timestamp': None}
2025-07-13 06:37:08,740 - ERROR - Error updating temperature: 'WeatherStationSystem' object has no attribute 'temperature_value'
2025-07-13 06:37:08,740 - ERROR - Display update error: 'WeatherStationSystem' object has no attribute 'bg_canvas'
2025-07-13 06:37:09,680 - INFO - Attempting Modbus connection on port /dev/ttyUSB0
2025-07-13 06:37:09,684 - ERROR - Modbus connection failed
2025-07-13 06:37:09,685 - WARNING - Modbus connection failed (Attempt 1/3)
2025-07-13 06:37:09,741 - INFO - Updating display with sensor data: {'temperature': None, 'humidity': None, 'pressure': None, 'uv_index': None, 'wind_speed': None, 'wind_direction': None, 'rainfall': None, 'aqi': None, 'timestamp': None}
2025-07-13 06:37:09,741 - ERROR - Error updating temperature: 'WeatherStationSystem' object has no attribute 'temperature_value'
2025-07-13 06:37:09,741 - ERROR - Display update error: 'WeatherStationSystem' object has no attribute 'bg_canvas'
2025-07-13 06:37:10,687 - WARNING - Modbus connection failed (Attempt 2/3)
2025-07-13 06:37:10,742 - INFO - Updating display with sensor data: {'temperature': None, 'humidity': None, 'pressure': None, 'uv_index': None, 'wind_speed': None, 'wind_direction': None, 'rainfall': None, 'aqi': None, 'timestamp': None}
2025-07-13 06:37:10,742 - ERROR - Error updating temperature: 'WeatherStationSystem' object has no attribute 'temperature_value'
2025-07-13 06:37:10,742 - ERROR - Display update error: 'WeatherStationSystem' object has no attribute 'bg_canvas'
2025-07-13 06:37:11,688 - WARNING - Modbus connection failed (Attempt 3/3)
2025-07-13 06:37:11,742 - INFO - Updating display with sensor data: {'temperature': None, 'humidity': None, 'pressure': None, 'uv_index': None, 'wind_speed': None, 'wind_direction': None, 'rainfall': None, 'aqi': None, 'timestamp': None}
2025-07-13 06:37:11,743 - ERROR - Error updating temperature: 'WeatherStationSystem' object has no attribute 'temperature_value'
2025-07-13 06:37:11,743 - ERROR - Display update error: 'WeatherStationSystem' object has no attribute 'bg_canvas'
2025-07-13 06:37:12,689 - CRITICAL - Critical error in sensor read loop: cannot access local variable 'conn_error' where it is not associated with a value
Traceback (most recent call last):
  File "/home/asif/Desktop/unified_creek_awos/awos.py", line 1220, in sensor_reader_loop
    self.log(f"Modbus connection failed after {retries} retries. Last error: {str(conn_error)}", logging.ERROR)
                                                                                  ^^^^^^^^^^
UnboundLocalError: cannot access local variable 'conn_error' where it is not associated with a value

2025-07-13 06:37:12,743 - INFO - Updating display with sensor data: {'temperature': None, 'humidity': None, 'pressure': None, 'uv_index': None, 'wind_speed': None, 'wind_direction': None, 'rainfall': None, 'aqi': None, 'timestamp': None}
2025-07-13 06:37:12,743 - ERROR - Error updating temperature: 'WeatherStationSystem' object has no attribute 'temperature_value'
2025-07-13 06:37:12,743 - ERROR - Display update error: 'WeatherStationSystem' object has no attribute 'bg_canvas'
2025-07-13 06:37:13,559 - INFO - Switched to GUI-2 (Next toggle in 5s
2025-07-13 06:37:13,576 - INFO - CSV write completed at 2025-07-13T06:37:13.576474
2025-07-13 06:37:13,744 - INFO - Updating display with sensor data: {'temperature': None, 'humidity': None, 'pressure': None, 'uv_index': None, 'wind_speed': None, 'wind_direction': None, 'rainfall': None, 'aqi': None, 'timestamp': None}
2025-07-13 06:37:13,744 - ERROR - Error updating temperature: 'WeatherStationSystem' object has no attribute 'temperature_value'
2025-07-13 06:37:13,744 - ERROR - Display update error: 'WeatherStationSystem' object has no attribute 'bg_canvas'
2025-07-13 06:37:14,744 - INFO - Updating display with sensor data: {'temperature': None, 'humidity': None, 'pressure': None, 'uv_index': None, 'wind_speed': None, 'wind_direction': None, 'rainfall': None, 'aqi': None, 'timestamp': None}
2025-07-13 06:37:14,744 - ERROR - Error updating temperature: 'WeatherStationSystem' object has no attribute 'temperature_value'
2025-07-13 06:37:14,744 - ERROR - Display update error: 'WeatherStationSystem' object has no attribute 'bg_canvas'
2025-07-13 06:37:15,744 - INFO - Updating display with sensor data: {'temperature': None, 'humidity': None, 'pressure': None, 'uv_index': None, 'wind_speed': None, 'wind_direction': None, 'rainfall': None, 'aqi': None, 'timestamp': None}
2025-07-13 06:37:15,745 - ERROR - Error updating temperature: 'WeatherStationSystem' object has no attribute 'temperature_value'
2025-07-13 06:37:15,745 - ERROR - Display update error: 'WeatherStationSystem' object has no attribute 'bg_canvas'
2025-07-13 06:37:16,745 - INFO - Updating display with sensor data: {'temperature': None, 'humidity': None, 'pressure': None, 'uv_index': None, 'wind_speed': None, 'wind_direction': None, 'rainfall': None, 'aqi': None, 'timestamp': None}
2025-07-13 06:37:16,745 - ERROR - Error updating temperature: 'WeatherStationSystem' object has no attribute 'temperature_value'
2025-07-13 06:37:16,745 - ERROR - Display update error: 'WeatherStationSystem' object has no attribute 'bg_canvas'
2025-07-13 06:37:17,689 - INFO - Attempting Modbus connection on port /dev/ttyUSB0
2025-07-13 06:37:17,690 - ERROR - Modbus connection failed
2025-07-13 06:37:17,690 - WARNING - Modbus connection failed (Attempt 1/3)
2025-07-13 06:37:17,745 - INFO - Updating display with sensor data: {'temperature': None, 'humidity': None, 'pressure': None, 'uv_index': None, 'wind_speed': None, 'wind_direction': None, 'rainfall': None, 'aqi': None, 'timestamp': None}
2025-07-13 06:37:17,746 - ERROR - Error updating temperature: 'WeatherStationSystem' object has no attribute 'temperature_value'
2025-07-13 06:37:17,746 - ERROR - Display update error: 'WeatherStationSystem' object has no attribute 'bg_canvas'
2025-07-13 06:37:18,559 - INFO - Switched to GUI-1 (Next toggle in 10s
2025-07-13 06:37:18,691 - WARNING - Modbus connection failed (Attempt 2/3)
2025-07-13 06:37:18,749 - INFO - Updating display with sensor data: {'temperature': None, 'humidity': None, 'pressure': None, 'uv_index': None, 'wind_speed': None, 'wind_direction': None, 'rainfall': None, 'aqi': None, 'timestamp': None}
2025-07-13 06:37:18,749 - ERROR - Error updating temperature: 'WeatherStationSystem' object has no attribute 'temperature_value'
2025-07-13 06:37:18,749 - ERROR - Display update error: 'WeatherStationSystem' object has no attribute 'bg_canvas'
2025-07-13 06:37:19,701 - WARNING - Modbus connection failed (Attempt 3/3)
2025-07-13 06:37:19,754 - INFO - Updating display with sensor data: {'temperature': None, 'humidity': None, 'pressure': None, 'uv_index': None, 'wind_speed': None, 'wind_direction': None, 'rainfall': None, 'aqi': None, 'timestamp': None}
2025-07-13 06:37:19,754 - ERROR - Error updating temperature: 'WeatherStationSystem' object has no attribute 'temperature_value'
2025-07-13 06:37:19,754 - ERROR - Display update error: 'WeatherStationSystem' object has no attribute 'bg_canvas'
2025-07-13 06:37:20,702 - CRITICAL - Critical error in sensor read loop: cannot access local variable 'conn_error' where it is not associated with a value
Traceback (most recent call last):
  File "/home/asif/Desktop/unified_creek_awos/awos.py", line 1220, in sensor_reader_loop
    self.log(f"Modbus connection failed after {retries} retries. Last error: {str(conn_error)}", logging.ERROR)
                                                                                  ^^^^^^^^^^
UnboundLocalError: cannot access local variable 'conn_error' where it is not associated with a value

2025-07-13 06:37:20,755 - INFO - Updating display with sensor data: {'temperature': None, 'humidity': None, 'pressure': None, 'uv_index': None, 'wind_speed': None, 'wind_direction': None, 'rainfall': None, 'aqi': None, 'timestamp': None}
2025-07-13 06:37:20,755 - ERROR - Error updating temperature: 'WeatherStationSystem' object has no attribute 'temperature_value'
2025-07-13 06:37:20,755 - ERROR - Display update error: 'WeatherStationSystem' object has no attribute 'bg_canvas'
2025-07-13 06:37:21,762 - INFO - Updating display with sensor data: {'temperature': None, 'humidity': None, 'pressure': None, 'uv_index': None, 'wind_speed': None, 'wind_direction': None, 'rainfall': None, 'aqi': None, 'timestamp': None}
2025-07-13 06:37:21,762 - ERROR - Error updating temperature: 'WeatherStationSystem' object has no attribute 'temperature_value'
2025-07-13 06:37:21,762 - ERROR - Display update error: 'WeatherStationSystem' object has no attribute 'bg_canvas'
2025-07-13 06:37:22,764 - INFO - Updating display with sensor data: {'temperature': None, 'humidity': None, 'pressure': None, 'uv_index': None, 'wind_speed': None, 'wind_direction': None, 'rainfall': None, 'aqi': None, 'timestamp': None}
2025-07-13 06:37:22,764 - ERROR - Error updating temperature: 'WeatherStationSystem' object has no attribute 'temperature_value'
2025-07-13 06:37:22,764 - ERROR - Display update error: 'WeatherStationSystem' object has no attribute 'bg_canvas'
2025-07-13 06:37:23,765 - INFO - Updating display with sensor data: {'temperature': None, 'humidity': None, 'pressure': None, 'uv_index': None, 'wind_speed': None, 'wind_direction': None, 'rainfall': None, 'aqi': None, 'timestamp': None}
2025-07-13 06:37:23,766 - ERROR - Error updating temperature: 'WeatherStationSystem' object has no attribute 'temperature_value'
2025-07-13 06:37:23,766 - ERROR - Display update error: 'WeatherStationSystem' object has no attribute 'bg_canvas'
2025-07-13 06:37:24,767 - INFO - Updating display with sensor data: {'temperature': None, 'humidity': None, 'pressure': None, 'uv_index': None, 'wind_speed': None, 'wind_direction': None, 'rainfall': None, 'aqi': None, 'timestamp': None}
2025-07-13 06:37:24,768 - ERROR - Error updating temperature: 'WeatherStationSystem' object has no attribute 'temperature_value'
2025-07-13 06:37:24,768 - ERROR - Display update error: 'WeatherStationSystem' object has no attribute 'bg_canvas'
2025-07-13 06:37:25,703 - INFO - Attempting Modbus connection on port /dev/ttyUSB0
2025-07-13 06:37:25,704 - ERROR - Modbus connection failed
2025-07-13 06:37:25,704 - WARNING - Modbus connection failed (Attempt 1/3)
2025-07-13 06:37:25,770 - INFO - Updating display with sensor data: {'temperature': None, 'humidity': None, 'pressure': None, 'uv_index': None, 'wind_speed': None, 'wind_direction': None, 'rainfall': None, 'aqi': None, 'timestamp': None}
2025-07-13 06:37:25,773 - ERROR - Error updating temperature: 'WeatherStationSystem' object has no attribute 'temperature_value'
2025-07-13 06:37:25,773 - ERROR - Display update error: 'WeatherStationSystem' object has no attribute 'bg_canvas'
2025-07-13 06:37:26,705 - WARNING - Modbus connection failed (Attempt 2/3)
2025-07-13 06:37:26,774 - INFO - Updating display with sensor data: {'temperature': None, 'humidity': None, 'pressure': None, 'uv_index': None, 'wind_speed': None, 'wind_direction': None, 'rainfall': None, 'aqi': None, 'timestamp': None}
2025-07-13 06:37:26,774 - ERROR - Error updating temperature: 'WeatherStationSystem' object has no attribute 'temperature_value'
2025-07-13 06:37:26,774 - ERROR - Display update error: 'WeatherStationSystem' object has no attribute 'bg_canvas'
2025-07-13 06:37:27,708 - WARNING - Modbus connection failed (Attempt 3/3)
2025-07-13 06:37:27,776 - INFO - Updating display with sensor data: {'temperature': None, 'humidity': None, 'pressure': None, 'uv_index': None, 'wind_speed': None, 'wind_direction': None, 'rainfall': None, 'aqi': None, 'timestamp': None}
2025-07-13 06:37:27,777 - ERROR - Error updating temperature: 'WeatherStationSystem' object has no attribute 'temperature_value'
2025-07-13 06:37:27,778 - ERROR - Display update error: 'WeatherStationSystem' object has no attribute 'bg_canvas'
2025-07-13 06:37:28,562 - INFO - Switched to GUI-2 (Next toggle in 5s
2025-07-13 06:37:28,710 - CRITICAL - Critical error in sensor read loop: cannot access local variable 'conn_error' where it is not associated with a value
Traceback (most recent call last):
  File "/home/asif/Desktop/unified_creek_awos/awos.py", line 1220, in sensor_reader_loop
    self.log(f"Modbus connection failed after {retries} retries. Last error: {str(conn_error)}", logging.ERROR)
                                                                                  ^^^^^^^^^^
UnboundLocalError: cannot access local variable 'conn_error' where it is not associated with a value

2025-07-13 06:37:28,780 - INFO - Updating display with sensor data: {'temperature': None, 'humidity': None, 'pressure': None, 'uv_index': None, 'wind_speed': None, 'wind_direction': None, 'rainfall': None, 'aqi': None, 'timestamp': None}
2025-07-13 06:37:28,780 - ERROR - Error updating temperature: 'WeatherStationSystem' object has no attribute 'temperature_value'
2025-07-13 06:37:28,781 - ERROR - Display update error: 'WeatherStationSystem' object has no attribute 'bg_canvas'
2025-07-13 06:37:29,784 - INFO - Updating display with sensor data: {'temperature': None, 'humidity': None, 'pressure': None, 'uv_index': None, 'wind_speed': None, 'wind_direction': None, 'rainfall': None, 'aqi': None, 'timestamp': None}
2025-07-13 06:37:29,784 - ERROR - Error updating temperature: 'WeatherStationSystem' object has no attribute 'temperature_value'
2025-07-13 06:37:29,784 - ERROR - Display update error: 'WeatherStationSystem' object has no attribute 'bg_canvas'
2025-07-13 06:37:30,786 - INFO - Updating display with sensor data: {'temperature': None, 'humidity': None, 'pressure': None, 'uv_index': None, 'wind_speed': None, 'wind_direction': None, 'rainfall': None, 'aqi': None, 'timestamp': None}
2025-07-13 06:37:30,787 - ERROR - Error updating temperature: 'WeatherStationSystem' object has no attribute 'temperature_value'
2025-07-13 06:37:30,787 - ERROR - Display update error: 'WeatherStationSystem' object has no attribute 'bg_canvas'
2025-07-13 06:37:31,787 - INFO - Updating display with sensor data: {'temperature': None, 'humidity': None, 'pressure': None, 'uv_index': None, 'wind_speed': None, 'wind_direction': None, 'rainfall': None, 'aqi': None, 'timestamp': None}
2025-07-13 06:37:31,787 - ERROR - Error updating temperature: 'WeatherStationSystem' object has no attribute 'temperature_value'
2025-07-13 06:37:31,787 - ERROR - Display update error: 'WeatherStationSystem' object has no attribute 'bg_canvas'
2025-07-13 06:37:32,788 - INFO - Updating display with sensor data: {'temperature': None, 'humidity': None, 'pressure': None, 'uv_index': None, 'wind_speed': None, 'wind_direction': None, 'rainfall': None, 'aqi': None, 'timestamp': None}
2025-07-13 06:37:32,788 - ERROR - Error updating temperature: 'WeatherStationSystem' object has no attribute 'temperature_value'
2025-07-13 06:37:32,788 - ERROR - Display update error: 'WeatherStationSystem' object has no attribute 'bg_canvas'
2025-07-13 06:37:33,565 - INFO - Switched to GUI-1 (Next toggle in 10s
2025-07-13 06:37:33,711 - INFO - Attempting Modbus connection on port /dev/ttyUSB0
2025-07-13 06:37:33,711 - ERROR - Modbus connection failed
2025-07-13 06:37:33,711 - WARNING - Modbus connection failed (Attempt 1/3)
2025-07-13 06:37:33,788 - INFO - Updating display with sensor data: {'temperature': None, 'humidity': None, 'pressure': None, 'uv_index': None, 'wind_speed': None, 'wind_direction': None, 'rainfall': None, 'aqi': None, 'timestamp': None}
2025-07-13 06:37:33,788 - ERROR - Error updating temperature: 'WeatherStationSystem' object has no attribute 'temperature_value'
2025-07-13 06:37:33,788 - ERROR - Display update error: 'WeatherStationSystem' object has no attribute 'bg_canvas'
2025-07-13 06:37:34,712 - WARNING - Modbus connection failed (Attempt 2/3)
2025-07-13 06:37:34,789 - INFO - Updating display with sensor data: {'temperature': None, 'humidity': None, 'pressure': None, 'uv_index': None, 'wind_speed': None, 'wind_direction': None, 'rainfall': None, 'aqi': None, 'timestamp': None}
2025-07-13 06:37:34,789 - ERROR - Error updating temperature: 'WeatherStationSystem' object has no attribute 'temperature_value'
2025-07-13 06:37:34,789 - ERROR - Display update error: 'WeatherStationSystem' object has no attribute 'bg_canvas'
2025-07-13 06:37:35,712 - WARNING - Modbus connection failed (Attempt 3/3)
2025-07-13 06:37:35,790 - INFO - Updating display with sensor data: {'temperature': None, 'humidity': None, 'pressure': None, 'uv_index': None, 'wind_speed': None, 'wind_direction': None, 'rainfall': None, 'aqi': None, 'timestamp': None}
2025-07-13 06:37:35,790 - ERROR - Error updating temperature: 'WeatherStationSystem' object has no attribute 'temperature_value'
2025-07-13 06:37:35,790 - ERROR - Display update error: 'WeatherStationSystem' object has no attribute 'bg_canvas'
2025-07-13 06:37:36,713 - CRITICAL - Critical error in sensor read loop: cannot access local variable 'conn_error' where it is not associated with a value
Traceback (most recent call last):
  File "/home/asif/Desktop/unified_creek_awos/awos.py", line 1220, in sensor_reader_loop
    self.log(f"Modbus connection failed after {retries} retries. Last error: {str(conn_error)}", logging.ERROR)
                                                                                  ^^^^^^^^^^
UnboundLocalError: cannot access local variable 'conn_error' where it is not associated with a value

2025-07-13 06:37:36,791 - INFO - Updating display with sensor data: {'temperature': None, 'humidity': None, 'pressure': None, 'uv_index': None, 'wind_speed': None, 'wind_direction': None, 'rainfall': None, 'aqi': None, 'timestamp': None}
2025-07-13 06:37:36,791 - ERROR - Error updating temperature: 'WeatherStationSystem' object has no attribute 'temperature_value'
2025-07-13 06:37:36,791 - ERROR - Display update error: 'WeatherStationSystem' object has no attribute 'bg_canvas'
2025-07-13 06:37:37,792 - INFO - Updating display with sensor data: {'temperature': None, 'humidity': None, 'pressure': None, 'uv_index': None, 'wind_speed': None, 'wind_direction': None, 'rainfall': None, 'aqi': None, 'timestamp': None}
2025-07-13 06:37:37,792 - ERROR - Error updating temperature: 'WeatherStationSystem' object has no attribute 'temperature_value'
2025-07-13 06:37:37,792 - ERROR - Display update error: 'WeatherStationSystem' object has no attribute 'bg_canvas'
2025-07-13 06:37:38,792 - INFO - Updating display with sensor data: {'temperature': None, 'humidity': None, 'pressure': None, 'uv_index': None, 'wind_speed': None, 'wind_direction': None, 'rainfall': None, 'aqi': None, 'timestamp': None}
2025-07-13 06:37:38,794 - ERROR - Error updating temperature: 'WeatherStationSystem' object has no attribute 'temperature_value'
2025-07-13 06:37:38,795 - ERROR - Display update error: 'WeatherStationSystem' object has no attribute 'bg_canvas'
2025-07-13 06:37:39,796 - INFO - Updating display with sensor data: {'temperature': None, 'humidity': None, 'pressure': None, 'uv_index': None, 'wind_speed': None, 'wind_direction': None, 'rainfall': None, 'aqi': None, 'timestamp': None}
2025-07-13 06:37:39,797 - ERROR - Error updating temperature: 'WeatherStationSystem' object has no attribute 'temperature_value'
2025-07-13 06:37:39,797 - ERROR - Display update error: 'WeatherStationSystem' object has no attribute 'bg_canvas'
2025-07-13 06:37:40,798 - INFO - Updating display with sensor data: {'temperature': None, 'humidity': None, 'pressure': None, 'uv_index': None, 'wind_speed': None, 'wind_direction': None, 'rainfall': None, 'aqi': None, 'timestamp': None}
2025-07-13 06:37:40,798 - ERROR - Error updating temperature: 'WeatherStationSystem' object has no attribute 'temperature_value'
2025-07-13 06:37:40,798 - ERROR - Display update error: 'WeatherStationSystem' object has no attribute 'bg_canvas'
2025-07-13 06:37:41,714 - INFO - Attempting Modbus connection on port /dev/ttyUSB0
2025-07-13 06:37:41,714 - ERROR - Modbus connection failed
2025-07-13 06:37:41,715 - WARNING - Modbus connection failed (Attempt 1/3)
2025-07-13 06:37:41,799 - INFO - Updating display with sensor data: {'temperature': None, 'humidity': None, 'pressure': None, 'uv_index': None, 'wind_speed': None, 'wind_direction': None, 'rainfall': None, 'aqi': None, 'timestamp': None}
2025-07-13 06:37:41,800 - ERROR - Error updating temperature: 'WeatherStationSystem' object has no attribute 'temperature_value'
2025-07-13 06:37:41,800 - ERROR - Display update error: 'WeatherStationSystem' object has no attribute 'bg_canvas'
2025-07-13 06:37:42,715 - WARNING - Modbus connection failed (Attempt 2/3)
2025-07-13 06:37:42,800 - INFO - Updating display with sensor data: {'temperature': None, 'humidity': None, 'pressure': None, 'uv_index': None, 'wind_speed': None, 'wind_direction': None, 'rainfall': None, 'aqi': None, 'timestamp': None}
2025-07-13 06:37:42,800 - ERROR - Error updating temperature: 'WeatherStationSystem' object has no attribute 'temperature_value'
2025-07-13 06:37:42,800 - ERROR - Display update error: 'WeatherStationSystem' object has no attribute 'bg_canvas'
2025-07-13 06:37:43,565 - INFO - Switched to GUI-2 (Next toggle in 5s
2025-07-13 06:37:43,590 - INFO - CSV write completed at 2025-07-13T06:37:43.590055
2025-07-13 06:37:43,716 - WARNING - Modbus connection failed (Attempt 3/3)
2025-07-13 06:37:43,801 - INFO - Updating display with sensor data: {'temperature': None, 'humidity': None, 'pressure': None, 'uv_index': None, 'wind_speed': None, 'wind_direction': None, 'rainfall': None, 'aqi': None, 'timestamp': None}
2025-07-13 06:37:43,801 - ERROR - Error updating temperature: 'WeatherStationSystem' object has no attribute 'temperature_value'
2025-07-13 06:37:43,801 - ERROR - Display update error: 'WeatherStationSystem' object has no attribute 'bg_canvas'
2025-07-13 06:37:44,717 - CRITICAL - Critical error in sensor read loop: cannot access local variable 'conn_error' where it is not associated with a value
Traceback (most recent call last):
  File "/home/asif/Desktop/unified_creek_awos/awos.py", line 1220, in sensor_reader_loop
    self.log(f"Modbus connection failed after {retries} retries. Last error: {str(conn_error)}", logging.ERROR)
                                                                                  ^^^^^^^^^^
UnboundLocalError: cannot access local variable 'conn_error' where it is not associated with a value

2025-07-13 06:37:44,802 - INFO - Updating display with sensor data: {'temperature': None, 'humidity': None, 'pressure': None, 'uv_index': None, 'wind_speed': None, 'wind_direction': None, 'rainfall': None, 'aqi': None, 'timestamp': None}
2025-07-13 06:37:44,802 - ERROR - Error updating temperature: 'WeatherStationSystem' object has no attribute 'temperature_value'
2025-07-13 06:37:44,802 - ERROR - Display update error: 'WeatherStationSystem' object has no attribute 'bg_canvas'
2025-07-13 06:37:45,802 - INFO - Updating display with sensor data: {'temperature': None, 'humidity': None, 'pressure': None, 'uv_index': None, 'wind_speed': None, 'wind_direction': None, 'rainfall': None, 'aqi': None, 'timestamp': None}
2025-07-13 06:37:45,803 - ERROR - Error updating temperature: 'WeatherStationSystem' object has no attribute 'temperature_value'
2025-07-13 06:37:45,803 - ERROR - Display update error: 'WeatherStationSystem' object has no attribute 'bg_canvas'
2025-07-13 06:37:46,803 - INFO - Updating display with sensor data: {'temperature': None, 'humidity': None, 'pressure': None, 'uv_index': None, 'wind_speed': None, 'wind_direction': None, 'rainfall': None, 'aqi': None, 'timestamp': None}
2025-07-13 06:37:46,803 - ERROR - Error updating temperature: 'WeatherStationSystem' object has no attribute 'temperature_value'
2025-07-13 06:37:46,803 - ERROR - Display update error: 'WeatherStationSystem' object has no attribute 'bg_canvas'
2025-07-13 06:37:47,803 - INFO - Updating display with sensor data: {'temperature': None, 'humidity': None, 'pressure': None, 'uv_index': None, 'wind_speed': None, 'wind_direction': None, 'rainfall': None, 'aqi': None, 'timestamp': None}
2025-07-13 06:37:47,804 - ERROR - Error updating temperature: 'WeatherStationSystem' object has no attribute 'temperature_value'
2025-07-13 06:37:47,804 - ERROR - Display update error: 'WeatherStationSystem' object has no attribute 'bg_canvas'
2025-07-13 06:37:48,567 - INFO - Switched to GUI-1 (Next toggle in 10s
2025-07-13 06:37:48,804 - INFO - Updating display with sensor data: {'temperature': None, 'humidity': None, 'pressure': None, 'uv_index': None, 'wind_speed': None, 'wind_direction': None, 'rainfall': None, 'aqi': None, 'timestamp': None}
2025-07-13 06:37:48,804 - ERROR - Error updating temperature: 'WeatherStationSystem' object has no attribute 'temperature_value'
2025-07-13 06:37:48,804 - ERROR - Display update error: 'WeatherStationSystem' object has no attribute 'bg_canvas'
2025-07-13 06:37:49,719 - INFO - Attempting Modbus connection on port /dev/ttyUSB0
2025-07-13 06:37:49,719 - ERROR - Modbus connection failed
2025-07-13 06:37:49,719 - WARNING - Modbus connection failed (Attempt 1/3)
2025-07-13 06:37:49,804 - INFO - Updating display with sensor data: {'temperature': None, 'humidity': None, 'pressure': None, 'uv_index': None, 'wind_speed': None, 'wind_direction': None, 'rainfall': None, 'aqi': None, 'timestamp': None}
2025-07-13 06:37:49,805 - ERROR - Error updating temperature: 'WeatherStationSystem' object has no attribute 'temperature_value'
2025-07-13 06:37:49,805 - ERROR - Display update error: 'WeatherStationSystem' object has no attribute 'bg_canvas'
2025-07-13 06:37:50,720 - WARNING - Modbus connection failed (Attempt 2/3)
2025-07-13 06:37:50,805 - INFO - Updating display with sensor data: {'temperature': None, 'humidity': None, 'pressure': None, 'uv_index': None, 'wind_speed': None, 'wind_direction': None, 'rainfall': None, 'aqi': None, 'timestamp': None}
2025-07-13 06:37:50,805 - ERROR - Error updating temperature: 'WeatherStationSystem' object has no attribute 'temperature_value'
2025-07-13 06:37:50,806 - ERROR - Display update error: 'WeatherStationSystem' object has no attribute 'bg_canvas'
2025-07-13 06:37:51,721 - WARNING - Modbus connection failed (Attempt 3/3)
2025-07-13 06:37:51,806 - INFO - Updating display with sensor data: {'temperature': None, 'humidity': None, 'pressure': None, 'uv_index': None, 'wind_speed': None, 'wind_direction': None, 'rainfall': None, 'aqi': None, 'timestamp': None}
2025-07-13 06:37:51,806 - ERROR - Error updating temperature: 'WeatherStationSystem' object has no attribute 'temperature_value'
2025-07-13 06:37:51,806 - ERROR - Display update error: 'WeatherStationSystem' object has no attribute 'bg_canvas'
2025-07-13 06:37:52,722 - CRITICAL - Critical error in sensor read loop: cannot access local variable 'conn_error' where it is not associated with a value
Traceback (most recent call last):
  File "/home/asif/Desktop/unified_creek_awos/awos.py", line 1220, in sensor_reader_loop
    self.log(f"Modbus connection failed after {retries} retries. Last error: {str(conn_error)}", logging.ERROR)
                                                                                  ^^^^^^^^^^
UnboundLocalError: cannot access local variable 'conn_error' where it is not associated with a value

2025-07-13 06:37:52,807 - INFO - Updating display with sensor data: {'temperature': None, 'humidity': None, 'pressure': None, 'uv_index': None, 'wind_speed': None, 'wind_direction': None, 'rainfall': None, 'aqi': None, 'timestamp': None}
2025-07-13 06:37:52,807 - ERROR - Error updating temperature: 'WeatherStationSystem' object has no attribute 'temperature_value'
2025-07-13 06:37:52,807 - ERROR - Display update error: 'WeatherStationSystem' object has no attribute 'bg_canvas'
2025-07-13 06:37:53,807 - INFO - Updating display with sensor data: {'temperature': None, 'humidity': None, 'pressure': None, 'uv_index': None, 'wind_speed': None, 'wind_direction': None, 'rainfall': None, 'aqi': None, 'timestamp': None}
2025-07-13 06:37:53,807 - ERROR - Error updating temperature: 'WeatherStationSystem' object has no attribute 'temperature_value'
2025-07-13 06:37:53,808 - ERROR - Display update error: 'WeatherStationSystem' object has no attribute 'bg_canvas'
2025-07-13 06:37:54,808 - INFO - Updating display with sensor data: {'temperature': None, 'humidity': None, 'pressure': None, 'uv_index': None, 'wind_speed': None, 'wind_direction': None, 'rainfall': None, 'aqi': None, 'timestamp': None}
2025-07-13 06:37:54,808 - ERROR - Error updating temperature: 'WeatherStationSystem' object has no attribute 'temperature_value'
2025-07-13 06:37:54,808 - ERROR - Display update error: 'WeatherStationSystem' object has no attribute 'bg_canvas'
2025-07-13 06:37:55,808 - INFO - Updating display with sensor data: {'temperature': None, 'humidity': None, 'pressure': None, 'uv_index': None, 'wind_speed': None, 'wind_direction': None, 'rainfall': None, 'aqi': None, 'timestamp': None}
2025-07-13 06:37:55,809 - ERROR - Error updating temperature: 'WeatherStationSystem' object has no attribute 'temperature_value'
2025-07-13 06:37:55,809 - ERROR - Display update error: 'WeatherStationSystem' object has no attribute 'bg_canvas'
2025-07-13 06:37:56,812 - INFO - Updating display with sensor data: {'temperature': None, 'humidity': None, 'pressure': None, 'uv_index': None, 'wind_speed': None, 'wind_direction': None, 'rainfall': None, 'aqi': None, 'timestamp': None}
2025-07-13 06:37:56,813 - ERROR - Error updating temperature: 'WeatherStationSystem' object has no attribute 'temperature_value'
2025-07-13 06:37:56,813 - ERROR - Display update error: 'WeatherStationSystem' object has no attribute 'bg_canvas'
2025-07-13 06:37:57,722 - INFO - Attempting Modbus connection on port /dev/ttyUSB0
2025-07-13 06:37:57,724 - ERROR - Modbus connection failed
2025-07-13 06:37:57,725 - WARNING - Modbus connection failed (Attempt 1/3)
2025-07-13 06:37:57,813 - INFO - Updating display with sensor data: {'temperature': None, 'humidity': None, 'pressure': None, 'uv_index': None, 'wind_speed': None, 'wind_direction': None, 'rainfall': None, 'aqi': None, 'timestamp': None}
2025-07-13 06:37:57,814 - ERROR - Error updating temperature: 'WeatherStationSystem' object has no attribute 'temperature_value'
2025-07-13 06:37:57,814 - ERROR - Display update error: 'WeatherStationSystem' object has no attribute 'bg_canvas'
2025-07-13 06:37:58,567 - INFO - Switched to GUI-2 (Next toggle in 5s
2025-07-13 06:37:58,726 - WARNING - Modbus connection failed (Attempt 2/3)
2025-07-13 06:37:58,814 - INFO - Updating display with sensor data: {'temperature': None, 'humidity': None, 'pressure': None, 'uv_index': None, 'wind_speed': None, 'wind_direction': None, 'rainfall': None, 'aqi': None, 'timestamp': None}
2025-07-13 06:37:58,814 - ERROR - Error updating temperature: 'WeatherStationSystem' object has no attribute 'temperature_value'
2025-07-13 06:37:58,814 - ERROR - Display update error: 'WeatherStationSystem' object has no attribute 'bg_canvas'
2025-07-13 06:37:59,727 - WARNING - Modbus connection failed (Attempt 3/3)
2025-07-13 06:37:59,815 - INFO - Updating display with sensor data: {'temperature': None, 'humidity': None, 'pressure': None, 'uv_index': None, 'wind_speed': None, 'wind_direction': None, 'rainfall': None, 'aqi': None, 'timestamp': None}
2025-07-13 06:37:59,815 - ERROR - Error updating temperature: 'WeatherStationSystem' object has no attribute 'temperature_value'
2025-07-13 06:37:59,815 - ERROR - Display update error: 'WeatherStationSystem' object has no attribute 'bg_canvas'
2025-07-13 06:38:00,729 - CRITICAL - Critical error in sensor read loop: cannot access local variable 'conn_error' where it is not associated with a value
Traceback (most recent call last):
  File "/home/asif/Desktop/unified_creek_awos/awos.py", line 1220, in sensor_reader_loop
    self.log(f"Modbus connection failed after {retries} retries. Last error: {str(conn_error)}", logging.ERROR)
                                                                                  ^^^^^^^^^^
UnboundLocalError: cannot access local variable 'conn_error' where it is not associated with a value

2025-07-13 06:38:00,817 - INFO - Updating display with sensor data: {'temperature': None, 'humidity': None, 'pressure': None, 'uv_index': None, 'wind_speed': None, 'wind_direction': None, 'rainfall': None, 'aqi': None, 'timestamp': None}
2025-07-13 06:38:00,817 - ERROR - Error updating temperature: 'WeatherStationSystem' object has no attribute 'temperature_value'
2025-07-13 06:38:00,818 - ERROR - Display update error: 'WeatherStationSystem' object has no attribute 'bg_canvas'
2025-07-13 06:38:01,821 - INFO - Updating display with sensor data: {'temperature': None, 'humidity': None, 'pressure': None, 'uv_index': None, 'wind_speed': None, 'wind_direction': None, 'rainfall': None, 'aqi': None, 'timestamp': None}
2025-07-13 06:38:01,821 - ERROR - Error updating temperature: 'WeatherStationSystem' object has no attribute 'temperature_value'
2025-07-13 06:38:01,821 - ERROR - Display update error: 'WeatherStationSystem' object has no attribute 'bg_canvas'
2025-07-13 06:38:02,822 - INFO - Updating display with sensor data: {'temperature': None, 'humidity': None, 'pressure': None, 'uv_index': None, 'wind_speed': None, 'wind_direction': None, 'rainfall': None, 'aqi': None, 'timestamp': None}
2025-07-13 06:38:02,822 - ERROR - Error updating temperature: 'WeatherStationSystem' object has no attribute 'temperature_value'
2025-07-13 06:38:02,822 - ERROR - Display update error: 'WeatherStationSystem' object has no attribute 'bg_canvas'
2025-07-13 06:38:03,569 - INFO - Switched to GUI-1 (Next toggle in 10s
2025-07-13 06:38:03,822 - INFO - Updating display with sensor data: {'temperature': None, 'humidity': None, 'pressure': None, 'uv_index': None, 'wind_speed': None, 'wind_direction': None, 'rainfall': None, 'aqi': None, 'timestamp': None}
2025-07-13 06:38:03,823 - ERROR - Error updating temperature: 'WeatherStationSystem' object has no attribute 'temperature_value'
2025-07-13 06:38:03,823 - ERROR - Display update error: 'WeatherStationSystem' object has no attribute 'bg_canvas'
2025-07-13 06:38:04,825 - INFO - Updating display with sensor data: {'temperature': None, 'humidity': None, 'pressure': None, 'uv_index': None, 'wind_speed': None, 'wind_direction': None, 'rainfall': None, 'aqi': None, 'timestamp': None}
2025-07-13 06:38:04,825 - ERROR - Error updating temperature: 'WeatherStationSystem' object has no attribute 'temperature_value'
2025-07-13 06:38:04,825 - ERROR - Display update error: 'WeatherStationSystem' object has no attribute 'bg_canvas'
2025-07-13 06:38:05,730 - INFO - Attempting Modbus connection on port /dev/ttyUSB0
2025-07-13 06:38:05,730 - ERROR - Modbus connection failed
2025-07-13 06:38:05,732 - WARNING - Modbus connection failed (Attempt 1/3)
2025-07-13 06:38:05,826 - INFO - Updating display with sensor data: {'temperature': None, 'humidity': None, 'pressure': None, 'uv_index': None, 'wind_speed': None, 'wind_direction': None, 'rainfall': None, 'aqi': None, 'timestamp': None}
2025-07-13 06:38:05,826 - ERROR - Error updating temperature: 'WeatherStationSystem' object has no attribute 'temperature_value'
2025-07-13 06:38:05,826 - ERROR - Display update error: 'WeatherStationSystem' object has no attribute 'bg_canvas'
2025-07-13 06:38:06,740 - WARNING - Modbus connection failed (Attempt 2/3)
2025-07-13 06:38:06,831 - INFO - Updating display with sensor data: {'temperature': None, 'humidity': None, 'pressure': None, 'uv_index': None, 'wind_speed': None, 'wind_direction': None, 'rainfall': None, 'aqi': None, 'timestamp': None}
2025-07-13 06:38:06,831 - ERROR - Error updating temperature: 'WeatherStationSystem' object has no attribute 'temperature_value'
2025-07-13 06:38:06,831 - ERROR - Display update error: 'WeatherStationSystem' object has no attribute 'bg_canvas'
2025-07-13 06:38:07,741 - WARNING - Modbus connection failed (Attempt 3/3)
2025-07-13 06:38:07,833 - INFO - Updating display with sensor data: {'temperature': None, 'humidity': None, 'pressure': None, 'uv_index': None, 'wind_speed': None, 'wind_direction': None, 'rainfall': None, 'aqi': None, 'timestamp': None}
2025-07-13 06:38:07,833 - ERROR - Error updating temperature: 'WeatherStationSystem' object has no attribute 'temperature_value'
2025-07-13 06:38:07,834 - ERROR - Display update error: 'WeatherStationSystem' object has no attribute 'bg_canvas'
2025-07-13 06:38:08,742 - CRITICAL - Critical error in sensor read loop: cannot access local variable 'conn_error' where it is not associated with a value
Traceback (most recent call last):
  File "/home/asif/Desktop/unified_creek_awos/awos.py", line 1220, in sensor_reader_loop
    self.log(f"Modbus connection failed after {retries} retries. Last error: {str(conn_error)}", logging.ERROR)
                                                                                  ^^^^^^^^^^
UnboundLocalError: cannot access local variable 'conn_error' where it is not associated with a value

2025-07-13 06:38:08,834 - INFO - Updating display with sensor data: {'temperature': None, 'humidity': None, 'pressure': None, 'uv_index': None, 'wind_speed': None, 'wind_direction': None, 'rainfall': None, 'aqi': None, 'timestamp': None}
2025-07-13 06:38:08,835 - ERROR - Error updating temperature: 'WeatherStationSystem' object has no attribute 'temperature_value'
2025-07-13 06:38:08,835 - ERROR - Display update error: 'WeatherStationSystem' object has no attribute 'bg_canvas'
2025-07-13 06:38:09,835 - INFO - Updating display with sensor data: {'temperature': None, 'humidity': None, 'pressure': None, 'uv_index': None, 'wind_speed': None, 'wind_direction': None, 'rainfall': None, 'aqi': None, 'timestamp': None}
2025-07-13 06:38:09,835 - ERROR - Error updating temperature: 'WeatherStationSystem' object has no attribute 'temperature_value'
2025-07-13 06:38:09,835 - ERROR - Display update error: 'WeatherStationSystem' object has no attribute 'bg_canvas'
2025-07-13 06:38:10,835 - INFO - Updating display with sensor data: {'temperature': None, 'humidity': None, 'pressure': None, 'uv_index': None, 'wind_speed': None, 'wind_direction': None, 'rainfall': None, 'aqi': None, 'timestamp': None}
2025-07-13 06:38:10,836 - ERROR - Error updating temperature: 'WeatherStationSystem' object has no attribute 'temperature_value'
2025-07-13 06:38:10,836 - ERROR - Display update error: 'WeatherStationSystem' object has no attribute 'bg_canvas'
2025-07-13 06:38:11,836 - INFO - Updating display with sensor data: {'temperature': None, 'humidity': None, 'pressure': None, 'uv_index': None, 'wind_speed': None, 'wind_direction': None, 'rainfall': None, 'aqi': None, 'timestamp': None}
2025-07-13 06:38:11,836 - ERROR - Error updating temperature: 'WeatherStationSystem' object has no attribute 'temperature_value'
2025-07-13 06:38:11,836 - ERROR - Display update error: 'WeatherStationSystem' object has no attribute 'bg_canvas'
2025-07-13 06:38:12,836 - INFO - Updating display with sensor data: {'temperature': None, 'humidity': None, 'pressure': None, 'uv_index': None, 'wind_speed': None, 'wind_direction': None, 'rainfall': None, 'aqi': None, 'timestamp': None}
2025-07-13 06:38:12,837 - ERROR - Error updating temperature: 'WeatherStationSystem' object has no attribute 'temperature_value'
2025-07-13 06:38:12,837 - ERROR - Display update error: 'WeatherStationSystem' object has no attribute 'bg_canvas'
2025-07-13 06:38:13,573 - INFO - Switched to GUI-2 (Next toggle in 5s
2025-07-13 06:38:13,608 - INFO - CSV write completed at 2025-07-13T06:38:13.606298
2025-07-13 06:38:13,743 - INFO - Attempting Modbus connection on port /dev/ttyUSB0
2025-07-13 06:38:13,743 - ERROR - Modbus connection failed
2025-07-13 06:38:13,743 - WARNING - Modbus connection failed (Attempt 1/3)
2025-07-13 06:38:13,837 - INFO - Updating display with sensor data: {'temperature': None, 'humidity': None, 'pressure': None, 'uv_index': None, 'wind_speed': None, 'wind_direction': None, 'rainfall': None, 'aqi': None, 'timestamp': None}
2025-07-13 06:38:13,838 - ERROR - Error updating temperature: 'WeatherStationSystem' object has no attribute 'temperature_value'
2025-07-13 06:38:13,838 - ERROR - Display update error: 'WeatherStationSystem' object has no attribute 'bg_canvas'
2025-07-13 06:38:14,744 - WARNING - Modbus connection failed (Attempt 2/3)
2025-07-13 06:38:14,838 - INFO - Updating display with sensor data: {'temperature': None, 'humidity': None, 'pressure': None, 'uv_index': None, 'wind_speed': None, 'wind_direction': None, 'rainfall': None, 'aqi': None, 'timestamp': None}
2025-07-13 06:38:14,838 - ERROR - Error updating temperature: 'WeatherStationSystem' object has no attribute 'temperature_value'
2025-07-13 06:38:14,839 - ERROR - Display update error: 'WeatherStationSystem' object has no attribute 'bg_canvas'
2025-07-13 06:38:15,744 - WARNING - Modbus connection failed (Attempt 3/3)
2025-07-13 06:38:15,839 - INFO - Updating display with sensor data: {'temperature': None, 'humidity': None, 'pressure': None, 'uv_index': None, 'wind_speed': None, 'wind_direction': None, 'rainfall': None, 'aqi': None, 'timestamp': None}
2025-07-13 06:38:15,839 - ERROR - Error updating temperature: 'WeatherStationSystem' object has no attribute 'temperature_value'
2025-07-13 06:38:15,839 - ERROR - Display update error: 'WeatherStationSystem' object has no attribute 'bg_canvas'
2025-07-13 06:38:16,745 - CRITICAL - Critical error in sensor read loop: cannot access local variable 'conn_error' where it is not associated with a value
Traceback (most recent call last):
  File "/home/asif/Desktop/unified_creek_awos/awos.py", line 1220, in sensor_reader_loop
    if not connected:
                      
UnboundLocalError: cannot access local variable 'conn_error' where it is not associated with a value

2025-07-13 06:38:16,839 - INFO - Updating display with sensor data: {'temperature': None, 'humidity': None, 'pressure': None, 'uv_index': None, 'wind_speed': None, 'wind_direction': None, 'rainfall': None, 'aqi': None, 'timestamp': None}
2025-07-13 06:38:16,839 - ERROR - Error updating temperature: 'WeatherStationSystem' object has no attribute 'temperature_value'
2025-07-13 06:38:16,839 - ERROR - Display update error: 'WeatherStationSystem' object has no attribute 'bg_canvas'
2025-07-13 06:38:17,840 - INFO - Updating display with sensor data: {'temperature': None, 'humidity': None, 'pressure': None, 'uv_index': None, 'wind_speed': None, 'wind_direction': None, 'rainfall': None, 'aqi': None, 'timestamp': None}
2025-07-13 06:38:17,840 - ERROR - Error updating temperature: 'WeatherStationSystem' object has no attribute 'temperature_value'
2025-07-13 06:38:17,840 - ERROR - Display update error: 'WeatherStationSystem' object has no attribute 'bg_canvas'
2025-07-13 06:38:24,745 - INFO - Starting initialization...
2025-07-13 06:38:32,639 - INFO - Attempting Modbus connection on port /dev/ttyUSB0
2025-07-13 06:38:32,639 - ERROR - Modbus connection failed
2025-07-13 06:38:32,640 - INFO - CSV writer thread started. Output directory: /home/asif/Desktop/unified_creek_awos/csv_data
2025-07-13 06:38:32,640 - WARNING - Modbus connection failed (Attempt 1/3)
2025-07-13 06:38:32,640 - INFO - Updating display with sensor data: {'temperature': None, 'humidity': None, 'pressure': None, 'uv_index': None, 'wind_speed': None, 'wind_direction': None, 'rainfall': None, 'aqi': None, 'timestamp': None}
2025-07-13 06:38:32,640 - ERROR - Error updating temperature: 'WeatherStationSystem' object has no attribute 'temperature_value'
2025-07-13 06:38:32,640 - ERROR - Display update error: 'WeatherStationSystem' object has no attribute 'bg_canvas'
2025-07-13 06:38:32,642 - INFO - Switched to GUI-2 (Next toggle in 5s
2025-07-13 06:38:33,641 - INFO - Updating display with sensor data: {'temperature': None, 'humidity': None, 'pressure': None, 'uv_index': None, 'wind_speed': None, 'wind_direction': None, 'rainfall': None, 'aqi': None, 'timestamp': None}
2025-07-13 06:38:33,641 - ERROR - Error updating temperature: 'WeatherStationSystem' object has no attribute 'temperature_value'
2025-07-13 06:38:33,641 - ERROR - Display update error: 'WeatherStationSystem' object has no attribute 'bg_canvas'
2025-07-13 06:38:33,641 - WARNING - Modbus connection failed (Attempt 2/3)
2025-07-13 06:38:34,641 - INFO - Updating display with sensor data: {'temperature': None, 'humidity': None, 'pressure': None, 'uv_index': None, 'wind_speed': None, 'wind_direction': None, 'rainfall': None, 'aqi': None, 'timestamp': None}
2025-07-13 06:38:34,641 - ERROR - Error updating temperature: 'WeatherStationSystem' object has no attribute 'temperature_value'
2025-07-13 06:38:34,641 - WARNING - Modbus connection failed (Attempt 3/3)
2025-07-13 06:38:34,641 - ERROR - Display update error: 'WeatherStationSystem' object has no attribute 'bg_canvas'
2025-07-13 06:38:35,642 - INFO - Updating display with sensor data: {'temperature': None, 'humidity': None, 'pressure': None, 'uv_index': None, 'wind_speed': None, 'wind_direction': None, 'rainfall': None, 'aqi': None, 'timestamp': None}
2025-07-13 06:38:35,642 - ERROR - Error updating temperature: 'WeatherStationSystem' object has no attribute 'temperature_value'
2025-07-13 06:38:35,642 - ERROR - Display update error: 'WeatherStationSystem' object has no attribute 'bg_canvas'
2025-07-13 06:38:35,643 - CRITICAL - Critical error in sensor read loop: cannot access local variable 'conn_error' where it is not associated with a value
Traceback (most recent call last):
  File "/home/asif/Desktop/unified_creek_awos/awos.py", line 1221, in sensor_reader_loop
    self.log(f"Modbus connection failed after {retries} retries. Last error: {str(conn_error)}", logging.ERROR)
                                                                                  ^^^^^^^^^^
UnboundLocalError: cannot access local variable 'conn_error' where it is not associated with a value

2025-07-13 06:38:36,643 - INFO - Updating display with sensor data: {'temperature': None, 'humidity': None, 'pressure': None, 'uv_index': None, 'wind_speed': None, 'wind_direction': None, 'rainfall': None, 'aqi': None, 'timestamp': None}
2025-07-13 06:38:36,643 - ERROR - Error updating temperature: 'WeatherStationSystem' object has no attribute 'temperature_value'
2025-07-13 06:38:36,643 - ERROR - Display update error: 'WeatherStationSystem' object has no attribute 'bg_canvas'
2025-07-13 06:38:37,642 - INFO - Switched to GUI-1 (Next toggle in 10s
2025-07-13 06:38:37,652 - INFO - Updating display with sensor data: {'temperature': None, 'humidity': None, 'pressure': None, 'uv_index': None, 'wind_speed': None, 'wind_direction': None, 'rainfall': None, 'aqi': None, 'timestamp': None}
2025-07-13 06:38:37,652 - ERROR - Error updating temperature: 'WeatherStationSystem' object has no attribute 'temperature_value'
2025-07-13 06:38:37,652 - ERROR - Display update error: 'WeatherStationSystem' object has no attribute 'bg_canvas'
2025-07-13 06:38:38,652 - INFO - Updating display with sensor data: {'temperature': None, 'humidity': None, 'pressure': None, 'uv_index': None, 'wind_speed': None, 'wind_direction': None, 'rainfall': None, 'aqi': None, 'timestamp': None}
2025-07-13 06:38:38,652 - ERROR - Error updating temperature: 'WeatherStationSystem' object has no attribute 'temperature_value'
2025-07-13 06:38:38,652 - ERROR - Display update error: 'WeatherStationSystem' object has no attribute 'bg_canvas'
2025-07-13 06:38:39,653 - INFO - Updating display with sensor data: {'temperature': None, 'humidity': None, 'pressure': None, 'uv_index': None, 'wind_speed': None, 'wind_direction': None, 'rainfall': None, 'aqi': None, 'timestamp': None}
2025-07-13 06:38:39,653 - ERROR - Error updating temperature: 'WeatherStationSystem' object has no attribute 'temperature_value'
2025-07-13 06:38:39,653 - ERROR - Display update error: 'WeatherStationSystem' object has no attribute 'bg_canvas'
2025-07-13 06:38:40,643 - INFO - Attempting Modbus connection on port /dev/ttyUSB0
2025-07-13 06:38:40,643 - ERROR - Modbus connection failed
2025-07-13 06:38:40,643 - WARNING - Modbus connection failed (Attempt 1/3)
2025-07-13 06:38:40,653 - INFO - Updating display with sensor data: {'temperature': None, 'humidity': None, 'pressure': None, 'uv_index': None, 'wind_speed': None, 'wind_direction': None, 'rainfall': None, 'aqi': None, 'timestamp': None}
2025-07-13 06:38:40,653 - ERROR - Error updating temperature: 'WeatherStationSystem' object has no attribute 'temperature_value'
2025-07-13 06:38:40,653 - ERROR - Display update error: 'WeatherStationSystem' object has no attribute 'bg_canvas'
2025-07-13 06:38:41,644 - WARNING - Modbus connection failed (Attempt 2/3)
2025-07-13 06:38:41,654 - INFO - Updating display with sensor data: {'temperature': None, 'humidity': None, 'pressure': None, 'uv_index': None, 'wind_speed': None, 'wind_direction': None, 'rainfall': None, 'aqi': None, 'timestamp': None}
2025-07-13 06:38:41,654 - ERROR - Error updating temperature: 'WeatherStationSystem' object has no attribute 'temperature_value'
2025-07-13 06:38:41,654 - ERROR - Display update error: 'WeatherStationSystem' object has no attribute 'bg_canvas'
2025-07-13 06:38:42,644 - WARNING - Modbus connection failed (Attempt 3/3)
2025-07-13 06:38:42,654 - INFO - Updating display with sensor data: {'temperature': None, 'humidity': None, 'pressure': None, 'uv_index': None, 'wind_speed': None, 'wind_direction': None, 'rainfall': None, 'aqi': None, 'timestamp': None}
2025-07-13 06:38:42,654 - ERROR - Error updating temperature: 'WeatherStationSystem' object has no attribute 'temperature_value'
2025-07-13 06:38:42,654 - ERROR - Display update error: 'WeatherStationSystem' object has no attribute 'bg_canvas'
2025-07-13 06:38:43,645 - CRITICAL - Critical error in sensor read loop: cannot access local variable 'conn_error' where it is not associated with a value
Traceback (most recent call last):
  File "/home/asif/Desktop/unified_creek_awos/awos.py", line 1221, in sensor_reader_loop
    self.log(f"Modbus connection failed after {retries} retries. Last error: {str(conn_error)}", logging.ERROR)
                                                                                  ^^^^^^^^^^
UnboundLocalError: cannot access local variable 'conn_error' where it is not associated with a value

2025-07-13 06:38:43,655 - INFO - Updating display with sensor data: {'temperature': None, 'humidity': None, 'pressure': None, 'uv_index': None, 'wind_speed': None, 'wind_direction': None, 'rainfall': None, 'aqi': None, 'timestamp': None}
2025-07-13 06:38:43,655 - ERROR - Error updating temperature: 'WeatherStationSystem' object has no attribute 'temperature_value'
2025-07-13 06:38:43,655 - ERROR - Display update error: 'WeatherStationSystem' object has no attribute 'bg_canvas'
2025-07-13 06:38:44,655 - INFO - Updating display with sensor data: {'temperature': None, 'humidity': None, 'pressure': None, 'uv_index': None, 'wind_speed': None, 'wind_direction': None, 'rainfall': None, 'aqi': None, 'timestamp': None}
2025-07-13 06:38:44,660 - ERROR - Error updating temperature: 'WeatherStationSystem' object has no attribute 'temperature_value'
2025-07-13 06:38:44,660 - ERROR - Display update error: 'WeatherStationSystem' object has no attribute 'bg_canvas'
2025-07-13 06:38:45,660 - INFO - Updating display with sensor data: {'temperature': None, 'humidity': None, 'pressure': None, 'uv_index': None, 'wind_speed': None, 'wind_direction': None, 'rainfall': None, 'aqi': None, 'timestamp': None}
2025-07-13 06:38:45,661 - ERROR - Error updating temperature: 'WeatherStationSystem' object has no attribute 'temperature_value'
2025-07-13 06:38:45,661 - ERROR - Display update error: 'WeatherStationSystem' object has no attribute 'bg_canvas'
2025-07-13 06:38:46,661 - INFO - Updating display with sensor data: {'temperature': None, 'humidity': None, 'pressure': None, 'uv_index': None, 'wind_speed': None, 'wind_direction': None, 'rainfall': None, 'aqi': None, 'timestamp': None}
2025-07-13 06:38:46,661 - ERROR - Error updating temperature: 'WeatherStationSystem' object has no attribute 'temperature_value'
2025-07-13 06:38:46,661 - ERROR - Display update error: 'WeatherStationSystem' object has no attribute 'bg_canvas'
2025-07-13 06:38:47,642 - INFO - Switched to GUI-2 (Next toggle in 5s
2025-07-13 06:38:47,665 - INFO - Updating display with sensor data: {'temperature': None, 'humidity': None, 'pressure': None, 'uv_index': None, 'wind_speed': None, 'wind_direction': None, 'rainfall': None, 'aqi': None, 'timestamp': None}
2025-07-13 06:38:47,665 - ERROR - Error updating temperature: 'WeatherStationSystem' object has no attribute 'temperature_value'
2025-07-13 06:38:47,665 - ERROR - Display update error: 'WeatherStationSystem' object has no attribute 'bg_canvas'
2025-07-13 06:38:48,646 - INFO - Attempting Modbus connection on port /dev/ttyUSB0
2025-07-13 06:38:48,646 - ERROR - Modbus connection failed
2025-07-13 06:38:48,646 - WARNING - Modbus connection failed (Attempt 1/3)
2025-07-13 06:38:48,666 - INFO - Updating display with sensor data: {'temperature': None, 'humidity': None, 'pressure': None, 'uv_index': None, 'wind_speed': None, 'wind_direction': None, 'rainfall': None, 'aqi': None, 'timestamp': None}
2025-07-13 06:38:48,666 - ERROR - Error updating temperature: 'WeatherStationSystem' object has no attribute 'temperature_value'
2025-07-13 06:38:48,666 - ERROR - Display update error: 'WeatherStationSystem' object has no attribute 'bg_canvas'
2025-07-13 06:38:49,646 - WARNING - Modbus connection failed (Attempt 2/3)
2025-07-13 06:38:49,666 - INFO - Updating display with sensor data: {'temperature': None, 'humidity': None, 'pressure': None, 'uv_index': None, 'wind_speed': None, 'wind_direction': None, 'rainfall': None, 'aqi': None, 'timestamp': None}
2025-07-13 06:38:49,667 - ERROR - Error updating temperature: 'WeatherStationSystem' object has no attribute 'temperature_value'
2025-07-13 06:38:49,667 - ERROR - Display update error: 'WeatherStationSystem' object has no attribute 'bg_canvas'
2025-07-13 06:38:50,647 - WARNING - Modbus connection failed (Attempt 3/3)
2025-07-13 06:38:50,667 - INFO - Updating display with sensor data: {'temperature': None, 'humidity': None, 'pressure': None, 'uv_index': None, 'wind_speed': None, 'wind_direction': None, 'rainfall': None, 'aqi': None, 'timestamp': None}
2025-07-13 06:38:50,667 - ERROR - Error updating temperature: 'WeatherStationSystem' object has no attribute 'temperature_value'
2025-07-13 06:38:50,667 - ERROR - Display update error: 'WeatherStationSystem' object has no attribute 'bg_canvas'
2025-07-13 06:38:51,647 - CRITICAL - Critical error in sensor read loop: cannot access local variable 'conn_error' where it is not associated with a value
Traceback (most recent call last):
  File "/home/asif/Desktop/unified_creek_awos/awos.py", line 1221, in sensor_reader_loop
    self.log(f"Modbus connection failed after {retries} retries. Last error: {str(conn_error)}", logging.ERROR)
                                                                                  ^^^^^^^^^^
UnboundLocalError: cannot access local variable 'conn_error' where it is not associated with a value

2025-07-13 06:38:51,667 - INFO - Updating display with sensor data: {'temperature': None, 'humidity': None, 'pressure': None, 'uv_index': None, 'wind_speed': None, 'wind_direction': None, 'rainfall': None, 'aqi': None, 'timestamp': None}
2025-07-13 06:38:51,667 - ERROR - Error updating temperature: 'WeatherStationSystem' object has no attribute 'temperature_value'
2025-07-13 06:38:51,667 - ERROR - Display update error: 'WeatherStationSystem' object has no attribute 'bg_canvas'
2025-07-13 06:38:52,643 - INFO - Switched to GUI-1 (Next toggle in 10s
2025-07-13 06:38:52,668 - INFO - Updating display with sensor data: {'temperature': None, 'humidity': None, 'pressure': None, 'uv_index': None, 'wind_speed': None, 'wind_direction': None, 'rainfall': None, 'aqi': None, 'timestamp': None}
2025-07-13 06:38:52,668 - ERROR - Error updating temperature: 'WeatherStationSystem' object has no attribute 'temperature_value'
2025-07-13 06:38:52,668 - ERROR - Display update error: 'WeatherStationSystem' object has no attribute 'bg_canvas'
2025-07-13 06:38:53,668 - INFO - Updating display with sensor data: {'temperature': None, 'humidity': None, 'pressure': None, 'uv_index': None, 'wind_speed': None, 'wind_direction': None, 'rainfall': None, 'aqi': None, 'timestamp': None}
2025-07-13 06:38:53,668 - ERROR - Error updating temperature: 'WeatherStationSystem' object has no attribute 'temperature_value'
2025-07-13 06:38:53,672 - ERROR - Display update error: 'WeatherStationSystem' object has no attribute 'bg_canvas'
2025-07-13 06:38:54,673 - INFO - Updating display with sensor data: {'temperature': None, 'humidity': None, 'pressure': None, 'uv_index': None, 'wind_speed': None, 'wind_direction': None, 'rainfall': None, 'aqi': None, 'timestamp': None}
2025-07-13 06:38:54,673 - ERROR - Error updating temperature: 'WeatherStationSystem' object has no attribute 'temperature_value'
2025-07-13 06:38:54,673 - ERROR - Display update error: 'WeatherStationSystem' object has no attribute 'bg_canvas'
2025-07-13 06:38:55,673 - INFO - Updating display with sensor data: {'temperature': None, 'humidity': None, 'pressure': None, 'uv_index': None, 'wind_speed': None, 'wind_direction': None, 'rainfall': None, 'aqi': None, 'timestamp': None}
2025-07-13 06:38:55,673 - ERROR - Error updating temperature: 'WeatherStationSystem' object has no attribute 'temperature_value'
2025-07-13 06:38:55,673 - ERROR - Display update error: 'WeatherStationSystem' object has no attribute 'bg_canvas'
2025-07-13 06:38:56,647 - INFO - Attempting Modbus connection on port /dev/ttyUSB0
2025-07-13 06:38:56,648 - ERROR - Modbus connection failed
2025-07-13 06:38:56,648 - WARNING - Modbus connection failed (Attempt 1/3)
2025-07-13 06:38:56,674 - INFO - Updating display with sensor data: {'temperature': None, 'humidity': None, 'pressure': None, 'uv_index': None, 'wind_speed': None, 'wind_direction': None, 'rainfall': None, 'aqi': None, 'timestamp': None}
2025-07-13 06:38:56,674 - ERROR - Error updating temperature: 'WeatherStationSystem' object has no attribute 'temperature_value'
2025-07-13 06:38:56,674 - ERROR - Display update error: 'WeatherStationSystem' object has no attribute 'bg_canvas'
2025-07-13 06:38:57,011 - INFO - Shutting down weather station system
2025-07-13 06:38:57,649 - WARNING - Modbus connection failed (Attempt 2/3)
2025-07-13 06:38:58,649 - WARNING - Modbus connection failed (Attempt 3/3)
2025-07-13 06:38:59,011 - INFO - Cleanup completed, exiting application
2025-07-13 06:39:34,649 - INFO - Starting initialization...
2025-07-13 06:39:43,079 - INFO - Attempting Modbus connection on port /dev/ttyUSB0
2025-07-13 06:39:43,080 - ERROR - Modbus connection failed
2025-07-13 06:39:43,081 - INFO - CSV writer thread started. Output directory: /home/asif/Desktop/unified_creek_awos/csv_data
2025-07-13 06:39:43,081 - WARNING - Modbus connection failed (Attempt 1/3)
2025-07-13 06:39:43,081 - INFO - Updating display with sensor data: {'temperature': None, 'humidity': None, 'pressure': None, 'uv_index': None, 'wind_speed': None, 'wind_direction': None, 'rainfall': None, 'aqi': None, 'timestamp': None}
2025-07-13 06:39:43,082 - ERROR - Error updating temperature: 'WeatherStationSystem' object has no attribute 'temperature_value'
2025-07-13 06:39:43,082 - ERROR - Display update error: 'WeatherStationSystem' object has no attribute 'bg_canvas'
2025-07-13 06:39:43,083 - INFO - Switched to GUI-2 (Next toggle in 5s
2025-07-13 06:39:44,082 - WARNING - Modbus connection failed (Attempt 2/3)
2025-07-13 06:39:44,082 - INFO - Updating display with sensor data: {'temperature': None, 'humidity': None, 'pressure': None, 'uv_index': None, 'wind_speed': None, 'wind_direction': None, 'rainfall': None, 'aqi': None, 'timestamp': None}
2025-07-13 06:39:44,082 - ERROR - Error updating temperature: 'WeatherStationSystem' object has no attribute 'temperature_value'
2025-07-13 06:39:44,082 - ERROR - Display update error: 'WeatherStationSystem' object has no attribute 'bg_canvas'
2025-07-13 06:39:45,082 - WARNING - Modbus connection failed (Attempt 3/3)
2025-07-13 06:39:45,082 - INFO - Updating display with sensor data: {'temperature': None, 'humidity': None, 'pressure': None, 'uv_index': None, 'wind_speed': None, 'wind_direction': None, 'rainfall': None, 'aqi': None, 'timestamp': None}
2025-07-13 06:39:45,083 - ERROR - Error updating temperature: 'WeatherStationSystem' object has no attribute 'temperature_value'
2025-07-13 06:39:45,083 - ERROR - Display update error: 'WeatherStationSystem' object has no attribute 'bg_canvas'
2025-07-13 06:39:46,083 - CRITICAL - Critical error in sensor read loop: cannot access local variable 'conn_error' where it is not associated with a value
Traceback (most recent call last):
  File "/home/asif/Desktop/unified_creek_awos/awos.py", line 1221, in sensor_reader_loop
    self.log(f"Modbus connection failed after {retries} retries. Last error: {str(conn_error)}", logging.ERROR)
                                                                                  ^^^^^^^^^^
UnboundLocalError: cannot access local variable 'conn_error' where it is not associated with a value

2025-07-13 06:39:46,083 - INFO - Updating display with sensor data: {'temperature': None, 'humidity': None, 'pressure': None, 'uv_index': None, 'wind_speed': None, 'wind_direction': None, 'rainfall': None, 'aqi': None, 'timestamp': None}
2025-07-13 06:39:46,083 - ERROR - Error updating temperature: 'WeatherStationSystem' object has no attribute 'temperature_value'
2025-07-13 06:39:46,083 - ERROR - Display update error: 'WeatherStationSystem' object has no attribute 'bg_canvas'
2025-07-13 06:39:47,084 - INFO - Updating display with sensor data: {'temperature': None, 'humidity': None, 'pressure': None, 'uv_index': None, 'wind_speed': None, 'wind_direction': None, 'rainfall': None, 'aqi': None, 'timestamp': None}
2025-07-13 06:39:47,084 - ERROR - Error updating temperature: 'WeatherStationSystem' object has no attribute 'temperature_value'
2025-07-13 06:39:47,084 - ERROR - Display update error: 'WeatherStationSystem' object has no attribute 'bg_canvas'
2025-07-13 06:39:48,084 - INFO - Switched to GUI-1 (Next toggle in 10s
2025-07-13 06:39:48,084 - INFO - Updating display with sensor data: {'temperature': None, 'humidity': None, 'pressure': None, 'uv_index': None, 'wind_speed': None, 'wind_direction': None, 'rainfall': None, 'aqi': None, 'timestamp': None}
2025-07-13 06:39:48,084 - ERROR - Error updating temperature: 'WeatherStationSystem' object has no attribute 'temperature_value'
2025-07-13 06:39:48,084 - ERROR - Display update error: 'WeatherStationSystem' object has no attribute 'bg_canvas'
2025-07-13 06:39:49,084 - INFO - Updating display with sensor data: {'temperature': None, 'humidity': None, 'pressure': None, 'uv_index': None, 'wind_speed': None, 'wind_direction': None, 'rainfall': None, 'aqi': None, 'timestamp': None}
2025-07-13 06:39:49,084 - ERROR - Error updating temperature: 'WeatherStationSystem' object has no attribute 'temperature_value'
2025-07-13 06:39:49,084 - ERROR - Display update error: 'WeatherStationSystem' object has no attribute 'bg_canvas'
2025-07-13 06:39:50,085 - INFO - Updating display with sensor data: {'temperature': None, 'humidity': None, 'pressure': None, 'uv_index': None, 'wind_speed': None, 'wind_direction': None, 'rainfall': None, 'aqi': None, 'timestamp': None}
2025-07-13 06:39:50,085 - ERROR - Error updating temperature: 'WeatherStationSystem' object has no attribute 'temperature_value'
2025-07-13 06:39:50,085 - ERROR - Display update error: 'WeatherStationSystem' object has no attribute 'bg_canvas'
2025-07-13 06:39:51,083 - INFO - Attempting Modbus connection on port /dev/ttyUSB0
2025-07-13 06:39:51,084 - ERROR - Modbus connection failed
2025-07-13 06:39:51,084 - WARNING - Modbus connection failed (Attempt 1/3)
2025-07-13 06:39:51,085 - INFO - Updating display with sensor data: {'temperature': None, 'humidity': None, 'pressure': None, 'uv_index': None, 'wind_speed': None, 'wind_direction': None, 'rainfall': None, 'aqi': None, 'timestamp': None}
2025-07-13 06:39:51,085 - ERROR - Error updating temperature: 'WeatherStationSystem' object has no attribute 'temperature_value'
2025-07-13 06:39:51,086 - ERROR - Display update error: 'WeatherStationSystem' object has no attribute 'bg_canvas'
2025-07-13 06:39:52,084 - WARNING - Modbus connection failed (Attempt 2/3)
2025-07-13 06:39:52,086 - INFO - Updating display with sensor data: {'temperature': None, 'humidity': None, 'pressure': None, 'uv_index': None, 'wind_speed': None, 'wind_direction': None, 'rainfall': None, 'aqi': None, 'timestamp': None}
2025-07-13 06:39:52,086 - ERROR - Error updating temperature: 'WeatherStationSystem' object has no attribute 'temperature_value'
2025-07-13 06:39:52,086 - ERROR - Display update error: 'WeatherStationSystem' object has no attribute 'bg_canvas'
2025-07-13 06:39:53,085 - WARNING - Modbus connection failed (Attempt 3/3)
2025-07-13 06:39:53,087 - INFO - Updating display with sensor data: {'temperature': None, 'humidity': None, 'pressure': None, 'uv_index': None, 'wind_speed': None, 'wind_direction': None, 'rainfall': None, 'aqi': None, 'timestamp': None}
2025-07-13 06:39:53,087 - ERROR - Error updating temperature: 'WeatherStationSystem' object has no attribute 'temperature_value'
2025-07-13 06:39:53,087 - ERROR - Display update error: 'WeatherStationSystem' object has no attribute 'bg_canvas'
2025-07-13 06:39:54,086 - CRITICAL - Critical error in sensor read loop: cannot access local variable 'conn_error' where it is not associated with a value
Traceback (most recent call last):
  File "/home/asif/Desktop/unified_creek_awos/awos.py", line 1221, in sensor_reader_loop
    self.log(f"Modbus connection failed after {retries} retries. Last error: {str(conn_error)}", logging.ERROR)
                                                                                  ^^^^^^^^^^
UnboundLocalError: cannot access local variable 'conn_error' where it is not associated with a value

2025-07-13 06:39:54,087 - INFO - Updating display with sensor data: {'temperature': None, 'humidity': None, 'pressure': None, 'uv_index': None, 'wind_speed': None, 'wind_direction': None, 'rainfall': None, 'aqi': None, 'timestamp': None}
2025-07-13 06:39:54,087 - ERROR - Error updating temperature: 'WeatherStationSystem' object has no attribute 'temperature_value'
2025-07-13 06:39:54,087 - ERROR - Display update error: 'WeatherStationSystem' object has no attribute 'bg_canvas'
2025-07-13 06:39:55,087 - INFO - Updating display with sensor data: {'temperature': None, 'humidity': None, 'pressure': None, 'uv_index': None, 'wind_speed': None, 'wind_direction': None, 'rainfall': None, 'aqi': None, 'timestamp': None}
2025-07-13 06:39:55,088 - ERROR - Error updating temperature: 'WeatherStationSystem' object has no attribute 'temperature_value'
2025-07-13 06:39:55,088 - ERROR - Display update error: 'WeatherStationSystem' object has no attribute 'bg_canvas'
2025-07-13 06:39:56,088 - INFO - Updating display with sensor data: {'temperature': None, 'humidity': None, 'pressure': None, 'uv_index': None, 'wind_speed': None, 'wind_direction': None, 'rainfall': None, 'aqi': None, 'timestamp': None}
2025-07-13 06:39:56,088 - ERROR - Error updating temperature: 'WeatherStationSystem' object has no attribute 'temperature_value'
2025-07-13 06:39:56,088 - ERROR - Display update error: 'WeatherStationSystem' object has no attribute 'bg_canvas'
2025-07-13 06:39:57,088 - INFO - Updating display with sensor data: {'temperature': None, 'humidity': None, 'pressure': None, 'uv_index': None, 'wind_speed': None, 'wind_direction': None, 'rainfall': None, 'aqi': None, 'timestamp': None}
2025-07-13 06:39:57,088 - ERROR - Error updating temperature: 'WeatherStationSystem' object has no attribute 'temperature_value'
2025-07-13 06:39:57,089 - ERROR - Display update error: 'WeatherStationSystem' object has no attribute 'bg_canvas'
2025-07-13 06:39:58,084 - INFO - Switched to GUI-2 (Next toggle in 5s
2025-07-13 06:39:58,089 - INFO - Updating display with sensor data: {'temperature': None, 'humidity': None, 'pressure': None, 'uv_index': None, 'wind_speed': None, 'wind_direction': None, 'rainfall': None, 'aqi': None, 'timestamp': None}
2025-07-13 06:39:58,089 - ERROR - Error updating temperature: 'WeatherStationSystem' object has no attribute 'temperature_value'
2025-07-13 06:39:58,089 - ERROR - Display update error: 'WeatherStationSystem' object has no attribute 'bg_canvas'
2025-07-13 06:39:59,086 - INFO - Attempting Modbus connection on port /dev/ttyUSB0
2025-07-13 06:39:59,086 - ERROR - Modbus connection failed
2025-07-13 06:39:59,087 - WARNING - Modbus connection failed (Attempt 1/3)
2025-07-13 06:39:59,089 - INFO - Updating display with sensor data: {'temperature': None, 'humidity': None, 'pressure': None, 'uv_index': None, 'wind_speed': None, 'wind_direction': None, 'rainfall': None, 'aqi': None, 'timestamp': None}
2025-07-13 06:39:59,089 - ERROR - Error updating temperature: 'WeatherStationSystem' object has no attribute 'temperature_value'
2025-07-13 06:39:59,089 - ERROR - Display update error: 'WeatherStationSystem' object has no attribute 'bg_canvas'
2025-07-13 06:40:00,087 - WARNING - Modbus connection failed (Attempt 2/3)
2025-07-13 06:40:00,090 - INFO - Updating display with sensor data: {'temperature': None, 'humidity': None, 'pressure': None, 'uv_index': None, 'wind_speed': None, 'wind_direction': None, 'rainfall': None, 'aqi': None, 'timestamp': None}
2025-07-13 06:40:00,093 - ERROR - Error updating temperature: 'WeatherStationSystem' object has no attribute 'temperature_value'
2025-07-13 06:40:00,093 - ERROR - Display update error: 'WeatherStationSystem' object has no attribute 'bg_canvas'
2025-07-13 06:40:01,088 - WARNING - Modbus connection failed (Attempt 3/3)
2025-07-13 06:40:01,094 - INFO - Updating display with sensor data: {'temperature': None, 'humidity': None, 'pressure': None, 'uv_index': None, 'wind_speed': None, 'wind_direction': None, 'rainfall': None, 'aqi': None, 'timestamp': None}
2025-07-13 06:40:01,094 - ERROR - Error updating temperature: 'WeatherStationSystem' object has no attribute 'temperature_value'
2025-07-13 06:40:01,094 - ERROR - Display update error: 'WeatherStationSystem' object has no attribute 'bg_canvas'
2025-07-13 06:40:02,088 - CRITICAL - Critical error in sensor read loop: cannot access local variable 'conn_error' where it is not associated with a value
Traceback (most recent call last):
  File "/home/asif/Desktop/unified_creek_awos/awos.py", line 1221, in sensor_reader_loop
    self.log(f"Modbus connection failed after {retries} retries. Last error: {str(conn_error)}", logging.ERROR)
                                                                                  ^^^^^^^^^^
UnboundLocalError: cannot access local variable 'conn_error' where it is not associated with a value

2025-07-13 06:40:02,094 - INFO - Updating display with sensor data: {'temperature': None, 'humidity': None, 'pressure': None, 'uv_index': None, 'wind_speed': None, 'wind_direction': None, 'rainfall': None, 'aqi': None, 'timestamp': None}
2025-07-13 06:40:02,094 - ERROR - Error updating temperature: 'WeatherStationSystem' object has no attribute 'temperature_value'
2025-07-13 06:40:02,094 - ERROR - Display update error: 'WeatherStationSystem' object has no attribute 'bg_canvas'
2025-07-13 06:40:03,084 - INFO - Switched to GUI-1 (Next toggle in 10s
2025-07-13 06:40:03,129 - INFO - Updating display with sensor data: {'temperature': None, 'humidity': None, 'pressure': None, 'uv_index': None, 'wind_speed': None, 'wind_direction': None, 'rainfall': None, 'aqi': None, 'timestamp': None}
2025-07-13 06:40:03,129 - ERROR - Error updating temperature: 'WeatherStationSystem' object has no attribute 'temperature_value'
2025-07-13 06:40:03,129 - ERROR - Display update error: 'WeatherStationSystem' object has no attribute 'bg_canvas'
2025-07-13 06:40:04,129 - INFO - Updating display with sensor data: {'temperature': None, 'humidity': None, 'pressure': None, 'uv_index': None, 'wind_speed': None, 'wind_direction': None, 'rainfall': None, 'aqi': None, 'timestamp': None}
2025-07-13 06:40:04,129 - ERROR - Error updating temperature: 'WeatherStationSystem' object has no attribute 'temperature_value'
2025-07-13 06:40:04,129 - ERROR - Display update error: 'WeatherStationSystem' object has no attribute 'bg_canvas'
2025-07-13 06:40:05,130 - INFO - Updating display with sensor data: {'temperature': None, 'humidity': None, 'pressure': None, 'uv_index': None, 'wind_speed': None, 'wind_direction': None, 'rainfall': None, 'aqi': None, 'timestamp': None}
2025-07-13 06:40:05,130 - ERROR - Error updating temperature: 'WeatherStationSystem' object has no attribute 'temperature_value'
2025-07-13 06:40:05,130 - ERROR - Display update error: 'WeatherStationSystem' object has no attribute 'bg_canvas'
2025-07-13 06:40:05,333 - INFO - Shutting down weather station system
2025-07-13 06:40:07,089 - INFO - Attempting Modbus connection on port /dev/ttyUSB0
2025-07-13 06:40:07,089 - ERROR - Modbus connection failed
2025-07-13 06:40:07,089 - INFO - Cleanup completed, exiting application
2025-07-13 06:42:43,469 - INFO - Starting initialization...
2025-07-13 06:42:51,359 - INFO - Attempting Modbus connection on port /dev/ttyUSB0
2025-07-13 06:42:51,359 - ERROR - Modbus connection failed
2025-07-13 06:42:51,360 - INFO - CSV writer thread started. Output directory: /home/asif/Desktop/unified_creek_awos/csv_data
2025-07-13 06:42:51,360 - INFO - Updating display with sensor data: {'temperature': None, 'humidity': None, 'pressure': None, 'uv_index': None, 'wind_speed': None, 'wind_direction': None, 'rainfall': None, 'aqi': None, 'timestamp': None}
2025-07-13 06:42:51,360 - WARNING - Modbus connection failed (Attempt 1/3)
2025-07-13 06:42:51,360 - ERROR - Error updating temperature: 'WeatherStationSystem' object has no attribute 'temperature_value'
2025-07-13 06:42:51,360 - ERROR - Display update error: 'WeatherStationSystem' object has no attribute 'bg_canvas'
2025-07-13 06:42:51,362 - INFO - Switched to GUI-2 (Next toggle in 5s
2025-07-13 06:42:52,361 - INFO - Updating display with sensor data: {'temperature': None, 'humidity': None, 'pressure': None, 'uv_index': None, 'wind_speed': None, 'wind_direction': None, 'rainfall': None, 'aqi': None, 'timestamp': None}
2025-07-13 06:42:52,361 - WARNING - Modbus connection failed (Attempt 2/3)
2025-07-13 06:42:52,361 - ERROR - Error updating temperature: 'WeatherStationSystem' object has no attribute 'temperature_value'
2025-07-13 06:42:52,361 - ERROR - Display update error: 'WeatherStationSystem' object has no attribute 'bg_canvas'
2025-07-13 06:42:53,362 - WARNING - Modbus connection failed (Attempt 3/3)
2025-07-13 06:42:53,362 - INFO - Updating display with sensor data: {'temperature': None, 'humidity': None, 'pressure': None, 'uv_index': None, 'wind_speed': None, 'wind_direction': None, 'rainfall': None, 'aqi': None, 'timestamp': None}
2025-07-13 06:42:53,362 - ERROR - Error updating temperature: 'WeatherStationSystem' object has no attribute 'temperature_value'
2025-07-13 06:42:53,362 - ERROR - Display update error: 'WeatherStationSystem' object has no attribute 'bg_canvas'
2025-07-13 06:42:54,362 - INFO - Updating display with sensor data: {'temperature': None, 'humidity': None, 'pressure': None, 'uv_index': None, 'wind_speed': None, 'wind_direction': None, 'rainfall': None, 'aqi': None, 'timestamp': None}
2025-07-13 06:42:54,362 - ERROR - Error updating temperature: 'WeatherStationSystem' object has no attribute 'temperature_value'
2025-07-13 06:42:54,363 - ERROR - Display update error: 'WeatherStationSystem' object has no attribute 'bg_canvas'
2025-07-13 06:42:54,363 - CRITICAL - Critical error in sensor read loop: cannot access local variable 'conn_error' where it is not associated with a value
Traceback (most recent call last):
  File "/home/asif/Desktop/unified_creek_awos/awos.py", line 1221, in sensor_reader_loop
    self.log(f"Modbus connection failed after {retries} retries. Last error: {str(conn_error)}", logging.ERROR)
                                                                                  ^^^^^^^^^^
UnboundLocalError: cannot access local variable 'conn_error' where it is not associated with a value

2025-07-13 06:42:55,363 - INFO - Updating display with sensor data: {'temperature': None, 'humidity': None, 'pressure': None, 'uv_index': None, 'wind_speed': None, 'wind_direction': None, 'rainfall': None, 'aqi': None, 'timestamp': None}
2025-07-13 06:42:55,363 - ERROR - Error updating temperature: 'WeatherStationSystem' object has no attribute 'temperature_value'
2025-07-13 06:42:55,363 - ERROR - Display update error: 'WeatherStationSystem' object has no attribute 'bg_canvas'
2025-07-13 06:42:56,362 - INFO - Switched to GUI-1 (Next toggle in 10s
2025-07-13 06:42:56,372 - INFO - Updating display with sensor data: {'temperature': None, 'humidity': None, 'pressure': None, 'uv_index': None, 'wind_speed': None, 'wind_direction': None, 'rainfall': None, 'aqi': None, 'timestamp': None}
2025-07-13 06:42:56,372 - ERROR - Error updating temperature: 'WeatherStationSystem' object has no attribute 'temperature_value'
2025-07-13 06:42:56,372 - ERROR - Display update error: 'WeatherStationSystem' object has no attribute 'bg_canvas'
2025-07-13 06:42:57,372 - INFO - Updating display with sensor data: {'temperature': None, 'humidity': None, 'pressure': None, 'uv_index': None, 'wind_speed': None, 'wind_direction': None, 'rainfall': None, 'aqi': None, 'timestamp': None}
2025-07-13 06:42:57,374 - ERROR - Error updating temperature: 'WeatherStationSystem' object has no attribute 'temperature_value'
2025-07-13 06:42:57,411 - ERROR - Display update error: 'WeatherStationSystem' object has no attribute 'bg_canvas'
2025-07-13 06:42:58,411 - INFO - Updating display with sensor data: {'temperature': None, 'humidity': None, 'pressure': None, 'uv_index': None, 'wind_speed': None, 'wind_direction': None, 'rainfall': None, 'aqi': None, 'timestamp': None}
2025-07-13 06:42:58,412 - ERROR - Error updating temperature: 'WeatherStationSystem' object has no attribute 'temperature_value'
2025-07-13 06:42:58,412 - ERROR - Display update error: 'WeatherStationSystem' object has no attribute 'bg_canvas'
2025-07-13 06:42:59,363 - INFO - Attempting Modbus connection on port /dev/ttyUSB0
2025-07-13 06:42:59,364 - ERROR - Modbus connection failed
2025-07-13 06:42:59,364 - WARNING - Modbus connection failed (Attempt 1/3)
2025-07-13 06:42:59,412 - INFO - Updating display with sensor data: {'temperature': None, 'humidity': None, 'pressure': None, 'uv_index': None, 'wind_speed': None, 'wind_direction': None, 'rainfall': None, 'aqi': None, 'timestamp': None}
2025-07-13 06:42:59,412 - ERROR - Error updating temperature: 'WeatherStationSystem' object has no attribute 'temperature_value'
2025-07-13 06:42:59,412 - ERROR - Display update error: 'WeatherStationSystem' object has no attribute 'bg_canvas'
2025-07-13 06:43:00,364 - WARNING - Modbus connection failed (Attempt 2/3)
2025-07-13 06:43:00,413 - INFO - Updating display with sensor data: {'temperature': None, 'humidity': None, 'pressure': None, 'uv_index': None, 'wind_speed': None, 'wind_direction': None, 'rainfall': None, 'aqi': None, 'timestamp': None}
2025-07-13 06:43:00,413 - ERROR - Error updating temperature: 'WeatherStationSystem' object has no attribute 'temperature_value'
2025-07-13 06:43:00,413 - ERROR - Display update error: 'WeatherStationSystem' object has no attribute 'bg_canvas'
2025-07-13 06:43:00,663 - INFO - Shutting down weather station system
2025-07-13 06:43:01,365 - WARNING - Modbus connection failed (Attempt 3/3)
2025-07-13 06:43:02,367 - CRITICAL - Critical error in sensor read loop: cannot access local variable 'conn_error' where it is not associated with a value
Traceback (most recent call last):
  File "/home/asif/Desktop/unified_creek_awos/awos.py", line 1221, in sensor_reader_loop
    self.log(f"Modbus connection failed after {retries} retries. Last error: {str(conn_error)}", logging.ERROR)
                                                                                  ^^^^^^^^^^
UnboundLocalError: cannot access local variable 'conn_error' where it is not associated with a value

2025-07-13 06:43:02,663 - INFO - Cleanup completed, exiting application
2025-07-13 06:51:13,734 - INFO - Starting initialization...
2025-07-13 06:51:24,877 - ERROR - Modbus connection failed after retries
2025-07-13 06:52:16,968 - INFO - Starting initialization...
2025-07-13 06:52:27,888 - ERROR - Modbus connection failed after retries
2025-07-13 06:53:11,375 - INFO - Starting initialization...
2025-07-13 06:53:19,387 - INFO - Attempting Modbus connection on port /dev/ttyUSB0
2025-07-13 06:53:19,388 - ERROR - Modbus connection failed
2025-07-13 06:53:19,389 - INFO - CSV writer thread started. Output directory: /home/asif/Desktop/unified_creek_awos/csv_data
2025-07-13 06:53:19,389 - WARNING - Modbus connection failed (Attempt 1/3)
2025-07-13 06:53:19,389 - INFO - Updating display with sensor data: {'temperature': None, 'humidity': None, 'pressure': None, 'uv_index': None, 'wind_speed': None, 'wind_direction': None, 'rainfall': None, 'aqi': None, 'timestamp': None}
2025-07-13 06:53:19,390 - ERROR - Error updating temperature: 'WeatherStationSystem' object has no attribute 'temperature_value'
2025-07-13 06:53:19,390 - ERROR - Display update error: 'WeatherStationSystem' object has no attribute 'bg_canvas'
2025-07-13 06:53:19,391 - INFO - Switched to GUI-2 (Next toggle in 5s
2025-07-13 06:53:20,390 - WARNING - Modbus connection failed (Attempt 2/3)
2025-07-13 06:53:20,390 - INFO - Updating display with sensor data: {'temperature': None, 'humidity': None, 'pressure': None, 'uv_index': None, 'wind_speed': None, 'wind_direction': None, 'rainfall': None, 'aqi': None, 'timestamp': None}
2025-07-13 06:53:20,390 - ERROR - Error updating temperature: 'WeatherStationSystem' object has no attribute 'temperature_value'
2025-07-13 06:53:20,390 - ERROR - Display update error: 'WeatherStationSystem' object has no attribute 'bg_canvas'
2025-07-13 06:53:21,390 - WARNING - Modbus connection failed (Attempt 3/3)
2025-07-13 06:53:21,391 - INFO - Updating display with sensor data: {'temperature': None, 'humidity': None, 'pressure': None, 'uv_index': None, 'wind_speed': None, 'wind_direction': None, 'rainfall': None, 'aqi': None, 'timestamp': None}
2025-07-13 06:53:21,391 - ERROR - Error updating temperature: 'WeatherStationSystem' object has no attribute 'temperature_value'
2025-07-13 06:53:21,391 - ERROR - Display update error: 'WeatherStationSystem' object has no attribute 'bg_canvas'
2025-07-13 06:53:22,391 - CRITICAL - Critical error in sensor read loop: cannot access local variable 'conn_error' where it is not associated with a value
Traceback (most recent call last):
  File "/home/asif/Desktop/unified_creek_awos/awos.py", line 1221, in sensor_reader_loop
    self.log(f"Modbus connection failed after {retries} retries. Last error: {str(conn_error)}", logging.ERROR)
                                                                                  ^^^^^^^^^^
UnboundLocalError: cannot access local variable 'conn_error' where it is not associated with a value

2025-07-13 06:53:22,391 - INFO - Updating display with sensor data: {'temperature': None, 'humidity': None, 'pressure': None, 'uv_index': None, 'wind_speed': None, 'wind_direction': None, 'rainfall': None, 'aqi': None, 'timestamp': None}
2025-07-13 06:53:22,392 - ERROR - Error updating temperature: 'WeatherStationSystem' object has no attribute 'temperature_value'
2025-07-13 06:53:22,392 - ERROR - Display update error: 'WeatherStationSystem' object has no attribute 'bg_canvas'
2025-07-13 06:53:23,392 - INFO - Updating display with sensor data: {'temperature': None, 'humidity': None, 'pressure': None, 'uv_index': None, 'wind_speed': None, 'wind_direction': None, 'rainfall': None, 'aqi': None, 'timestamp': None}
2025-07-13 06:53:23,392 - ERROR - Error updating temperature: 'WeatherStationSystem' object has no attribute 'temperature_value'
2025-07-13 06:53:23,392 - ERROR - Display update error: 'WeatherStationSystem' object has no attribute 'bg_canvas'
2025-07-13 06:53:24,392 - INFO - Switched to GUI-1 (Next toggle in 10s
2025-07-13 06:53:24,403 - INFO - Updating display with sensor data: {'temperature': None, 'humidity': None, 'pressure': None, 'uv_index': None, 'wind_speed': None, 'wind_direction': None, 'rainfall': None, 'aqi': None, 'timestamp': None}
2025-07-13 06:53:24,403 - ERROR - Error updating temperature: 'WeatherStationSystem' object has no attribute 'temperature_value'
2025-07-13 06:53:24,403 - ERROR - Display update error: 'WeatherStationSystem' object has no attribute 'bg_canvas'
2025-07-13 06:53:25,404 - INFO - Updating display with sensor data: {'temperature': None, 'humidity': None, 'pressure': None, 'uv_index': None, 'wind_speed': None, 'wind_direction': None, 'rainfall': None, 'aqi': None, 'timestamp': None}
2025-07-13 06:53:25,404 - ERROR - Error updating temperature: 'WeatherStationSystem' object has no attribute 'temperature_value'
2025-07-13 06:53:25,404 - ERROR - Display update error: 'WeatherStationSystem' object has no attribute 'bg_canvas'
2025-07-13 06:53:26,404 - INFO - Updating display with sensor data: {'temperature': None, 'humidity': None, 'pressure': None, 'uv_index': None, 'wind_speed': None, 'wind_direction': None, 'rainfall': None, 'aqi': None, 'timestamp': None}
2025-07-13 06:53:26,405 - ERROR - Error updating temperature: 'WeatherStationSystem' object has no attribute 'temperature_value'
2025-07-13 06:53:26,405 - ERROR - Display update error: 'WeatherStationSystem' object has no attribute 'bg_canvas'
2025-07-13 06:53:27,392 - INFO - Attempting Modbus connection on port /dev/ttyUSB0
2025-07-13 06:53:27,392 - ERROR - Modbus connection failed
2025-07-13 06:53:27,392 - WARNING - Modbus connection failed (Attempt 1/3)
2025-07-13 06:53:27,405 - INFO - Updating display with sensor data: {'temperature': None, 'humidity': None, 'pressure': None, 'uv_index': None, 'wind_speed': None, 'wind_direction': None, 'rainfall': None, 'aqi': None, 'timestamp': None}
2025-07-13 06:53:27,405 - ERROR - Error updating temperature: 'WeatherStationSystem' object has no attribute 'temperature_value'
2025-07-13 06:53:27,405 - ERROR - Display update error: 'WeatherStationSystem' object has no attribute 'bg_canvas'
2025-07-13 06:53:27,895 - INFO - Shutting down weather station system
2025-07-13 06:53:28,393 - WARNING - Modbus connection failed (Attempt 2/3)
2025-07-13 06:53:29,394 - WARNING - Modbus connection failed (Attempt 3/3)
2025-07-13 06:53:29,895 - INFO - Cleanup completed, exiting application
