2025-07-12 08:00:43,828 - INFO - CSV write completed at 2025-07-12T08:00:43.828658
2025-07-12 08:00:48,594 - INFO - Switched to GUI-1 (Next toggle in 10s
2025-07-12 08:00:58,594 - INFO - Switched to GUI-2 (Next toggle in 5s
2025-07-12 08:01:03,594 - INFO - Switched to GUI-1 (Next toggle in 10s
2025-07-12 08:01:13,595 - INFO - Switched to GUI-2 (Next toggle in 5s
2025-07-12 08:01:13,834 - INFO - CSV write completed at 2025-07-12T08:01:13.834484
2025-07-12 08:01:18,595 - INFO - Switched to GUI-1 (Next toggle in 10s
2025-07-12 08:01:19,499 - INFO - Display paused on GUI-1
2025-07-12 08:01:43,838 - INFO - CSV write completed at 2025-07-12T08:01:43.838392
2025-07-12 08:02:13,841 - INFO - CSV write completed at 2025-07-12T08:02:13.841291
2025-07-12 08:02:43,844 - INFO - CSV write completed at 2025-07-12T08:02:43.844197
2025-07-12 08:03:08,308 - INFO - Switched to GUI-2 (Next toggle in 5s
2025-07-12 08:03:09,220 - INFO - Display paused on GUI-2
2025-07-12 08:03:13,848 - INFO - CSV write completed at 2025-07-12T08:03:13.848914
2025-07-12 08:03:43,859 - INFO - CSV write completed at 2025-07-12T08:03:43.859798
2025-07-12 08:04:13,862 - INFO - CSV write completed at 2025-07-12T08:04:13.862438
2025-07-12 08:04:16,831 - INFO - Switched to GUI-2 (Next toggle in 5s
2025-07-12 08:04:18,727 - INFO - Display paused on GUI-2
2025-07-12 08:04:19,711 - INFO - Switched to GUI-2 (Next toggle in 5s
2025-07-12 08:04:24,711 - INFO - Switched to GUI-1 (Next toggle in 10s
2025-07-12 08:04:26,584 - INFO - Display paused on GUI-1
2025-07-12 08:04:38,743 - INFO - Shutting down weather station system
2025-07-12 08:04:40,743 - INFO - Cleanup completed, exiting application
2025-07-12 09:17:12,494 - INFO - Weather Station System Initialized
2025-07-12 09:17:16,423 - ERROR - Background image not found: [Errno 2] No such file or directory: '/home/asif/Desktop/unified_creek_awos/images/gui2_image.JPG'
2025-07-12 09:17:16,461 - ERROR - Modbus connection failed
2025-07-12 09:17:16,462 - INFO - CSV writer thread started. Output directory: /home/asif/Desktop/unified_creek_awos/csv_data
2025-07-12 09:17:16,462 - ERROR - Error updating display: 'day'
2025-07-12 09:17:16,464 - INFO - Switched to GUI-2 (Next toggle in 5s
2025-07-12 09:17:21,464 - INFO - Switched to GUI-1 (Next toggle in 10s
2025-07-12 09:17:31,465 - INFO - Switched to GUI-2 (Next toggle in 5s
2025-07-12 09:17:36,465 - INFO - Switched to GUI-1 (Next toggle in 10s
2025-07-12 09:17:39,087 - INFO - Shutting down weather station system
2025-07-12 09:17:41,088 - INFO - Cleanup completed, exiting application
2025-07-12 09:18:39,285 - INFO - Weather Station System Initialized
2025-07-12 09:18:43,263 - ERROR - Background image not found: [Errno 2] No such file or directory: '/home/asif/Desktop/unified_creek_awos/images/gui2_image.JPG'
2025-07-12 09:18:43,301 - ERROR - Modbus connection failed
2025-07-12 09:18:43,301 - INFO - CSV writer thread started. Output directory: /home/asif/Desktop/unified_creek_awos/csv_data
2025-07-12 09:18:43,303 - ERROR - Error updating display: 'day'
2025-07-12 09:18:43,305 - INFO - Switched to GUI-2 (Next toggle in 5s
2025-07-12 09:18:47,436 - INFO - Shutting down weather station system
2025-07-12 09:18:48,304 - INFO - Cleanup completed, exiting application
2025-07-12 09:19:20,933 - INFO - Weather Station System Initialized
2025-07-12 09:19:28,711 - ERROR - Modbus connection failed
2025-07-12 09:19:28,712 - INFO - CSV writer thread started. Output directory: /home/asif/Desktop/unified_creek_awos/csv_data
2025-07-12 09:19:28,712 - ERROR - Error updating display: 'day'
2025-07-12 09:19:28,714 - INFO - Switched to GUI-2 (Next toggle in 5s
2025-07-12 09:19:33,714 - INFO - Switched to GUI-1 (Next toggle in 10s
2025-07-12 09:19:43,714 - INFO - Switched to GUI-2 (Next toggle in 5s
2025-07-12 09:19:48,715 - INFO - Switched to GUI-1 (Next toggle in 10s
2025-07-12 09:19:57,600 - INFO - Switched to GUI-2 (Next toggle in 5s
2025-07-12 09:19:58,408 - INFO - Switched to GUI-2 (Next toggle in 5s
2025-07-12 09:19:58,720 - INFO - CSV write completed at 2025-07-12T09:19:58.720404
2025-07-12 09:19:59,585 - INFO - Switched to GUI-2 (Next toggle in 5s
2025-07-12 09:19:59,872 - INFO - Switched to GUI-2 (Next toggle in 5s
2025-07-12 09:20:04,873 - INFO - Switched to GUI-1 (Next toggle in 10s
2025-07-12 09:20:05,833 - INFO - Display paused on GUI-1
2025-07-12 09:20:08,065 - INFO - Shutting down weather station system
2025-07-12 09:20:08,721 - INFO - Cleanup completed, exiting application
2025-07-12 09:22:54,202 - INFO - Weather Station System Initialized
2025-07-12 09:23:59,695 - INFO - Weather Station System Initialized
2025-07-12 09:24:22,199 - INFO - Weather Station System Initialized
2025-07-12 09:24:30,280 - ERROR - Modbus connection failed
2025-07-12 09:24:30,281 - INFO - CSV writer thread started. Output directory: /home/asif/Desktop/unified_creek_awos/csv_data
2025-07-12 09:24:30,281 - ERROR - Error updating display: 'day'
2025-07-12 09:24:30,289 - INFO - Switched to GUI-2 (Next toggle in 5s
2025-07-12 09:24:35,290 - INFO - Switched to GUI-1 (Next toggle in 10s
2025-07-12 09:24:40,970 - INFO - Shutting down weather station system
2025-07-12 09:24:42,971 - INFO - Cleanup completed, exiting application
2025-07-12 09:38:41,330 - INFO - Weather Station System Initialized
2025-07-12 09:38:49,164 - ERROR - Modbus connection failed
2025-07-12 09:38:49,165 - INFO - CSV writer thread started. Output directory: /home/asif/Desktop/unified_creek_awos/csv_data
2025-07-12 09:38:49,165 - ERROR - Error updating display: 'day'
2025-07-12 09:38:49,167 - INFO - Switched to GUI-2 (Next toggle in 5s
2025-07-12 09:38:54,167 - INFO - Switched to GUI-1 (Next toggle in 10s
2025-07-12 09:39:04,167 - INFO - Switched to GUI-2 (Next toggle in 5s
2025-07-12 09:39:09,168 - INFO - Switched to GUI-1 (Next toggle in 10s
2025-07-12 09:39:19,168 - INFO - Switched to GUI-2 (Next toggle in 5s
2025-07-12 09:39:19,169 - INFO - CSV write completed at 2025-07-12T09:39:19.169284
2025-07-12 09:39:24,168 - INFO - Switched to GUI-1 (Next toggle in 10s
2025-07-12 09:39:34,169 - INFO - Switched to GUI-2 (Next toggle in 5s
2025-07-12 09:39:39,169 - INFO - Switched to GUI-1 (Next toggle in 10s
2025-07-12 09:39:49,170 - INFO - Switched to GUI-2 (Next toggle in 5s
2025-07-12 09:39:49,173 - INFO - CSV write completed at 2025-07-12T09:39:49.173317
2025-07-12 09:39:54,170 - INFO - Switched to GUI-1 (Next toggle in 10s
2025-07-12 09:40:04,170 - INFO - Switched to GUI-2 (Next toggle in 5s
2025-07-12 09:40:09,171 - INFO - Switched to GUI-1 (Next toggle in 10s
2025-07-12 09:40:11,945 - INFO - Shutting down weather station system
2025-07-12 09:40:13,945 - INFO - Cleanup completed, exiting application
2025-07-12 09:40:55,385 - INFO - Weather Station System Initialized
2025-07-12 09:49:50,466 - INFO - Weather Station System Initialized
2025-07-12 09:53:06,195 - INFO - Weather Station System Initialized
2025-07-12 09:53:14,000 - ERROR - Modbus connection failed
2025-07-12 09:53:14,001 - INFO - CSV writer thread started. Output directory: /home/asif/Desktop/unified_creek_awos/csv_data
2025-07-12 09:53:14,001 - ERROR - Error updating display: 'day'
2025-07-12 09:53:14,002 - INFO - Switched to GUI-2 (Next toggle in 5s
2025-07-12 09:53:16,445 - INFO - Shutting down weather station system
2025-07-12 09:53:18,445 - INFO - Cleanup completed, exiting application
2025-07-12 09:54:24,807 - INFO - Weather Station System Initialized
2025-07-12 09:54:32,640 - ERROR - Modbus connection failed
2025-07-12 09:54:32,640 - INFO - CSV writer thread started. Output directory: /home/asif/Desktop/unified_creek_awos/csv_data
2025-07-12 09:54:32,641 - ERROR - Error updating display: 'day'
2025-07-12 09:54:32,642 - INFO - Switched to GUI-2 (Next toggle in 5s
2025-07-12 09:54:37,642 - INFO - Switched to GUI-1 (Next toggle in 10s
2025-07-12 09:54:47,643 - INFO - Switched to GUI-2 (Next toggle in 5s
2025-07-12 09:54:52,643 - INFO - Switched to GUI-1 (Next toggle in 10s
2025-07-12 09:55:02,643 - INFO - Switched to GUI-2 (Next toggle in 5s
2025-07-12 09:55:02,644 - INFO - CSV write completed at 2025-07-12T09:55:02.644707
2025-07-12 09:55:07,644 - INFO - Switched to GUI-1 (Next toggle in 10s
2025-07-12 09:55:17,644 - INFO - Switched to GUI-2 (Next toggle in 5s
2025-07-12 09:55:18,684 - INFO - Shutting down weather station system
2025-07-12 09:55:20,684 - INFO - Cleanup completed, exiting application
2025-07-12 09:56:13,462 - INFO - Weather Station System Initialized
2025-07-12 09:56:21,321 - ERROR - Modbus connection failed
2025-07-12 09:56:21,322 - INFO - CSV writer thread started. Output directory: /home/asif/Desktop/unified_creek_awos/csv_data
2025-07-12 09:56:21,322 - ERROR - Error updating display: 'day'
2025-07-12 09:56:21,323 - INFO - Switched to GUI-2 (Next toggle in 5s
2025-07-12 09:56:26,324 - INFO - Switched to GUI-1 (Next toggle in 10s
2025-07-12 09:56:36,324 - INFO - Switched to GUI-2 (Next toggle in 5s
2025-07-12 09:56:38,120 - INFO - Shutting down weather station system
2025-07-12 09:56:40,121 - INFO - Cleanup completed, exiting application
2025-07-12 09:56:54,424 - INFO - Weather Station System Initialized
2025-07-12 09:57:02,221 - ERROR - Modbus connection failed
2025-07-12 09:57:02,222 - INFO - CSV writer thread started. Output directory: /home/asif/Desktop/unified_creek_awos/csv_data
2025-07-12 09:57:02,222 - ERROR - Error updating display: 'day'
2025-07-12 09:57:02,223 - INFO - Switched to GUI-2 (Next toggle in 5s
2025-07-12 09:57:07,224 - INFO - Switched to GUI-1 (Next toggle in 10s
2025-07-12 09:57:17,224 - INFO - Switched to GUI-2 (Next toggle in 5s
2025-07-12 09:57:22,225 - INFO - Switched to GUI-1 (Next toggle in 10s
2025-07-12 09:57:32,225 - INFO - Switched to GUI-2 (Next toggle in 5s
2025-07-12 09:57:32,229 - INFO - CSV write completed at 2025-07-12T09:57:32.229525
2025-07-12 09:57:37,226 - INFO - Switched to GUI-1 (Next toggle in 10s
2025-07-12 09:57:47,227 - INFO - Switched to GUI-2 (Next toggle in 5s
2025-07-12 09:57:52,230 - INFO - Switched to GUI-1 (Next toggle in 10s
2025-07-12 09:57:58,093 - INFO - Switched to GUI-2 (Next toggle in 5s
2025-07-12 09:58:02,235 - INFO - CSV write completed at 2025-07-12T09:58:02.235341
2025-07-12 09:58:03,093 - INFO - Switched to GUI-1 (Next toggle in 10s
2025-07-12 09:58:13,094 - INFO - Switched to GUI-2 (Next toggle in 5s
2025-07-12 09:58:18,095 - INFO - Switched to GUI-1 (Next toggle in 10s
2025-07-12 09:58:28,098 - INFO - Switched to GUI-2 (Next toggle in 5s
2025-07-12 09:58:32,246 - INFO - CSV write completed at 2025-07-12T09:58:32.246336
2025-07-12 09:58:33,099 - INFO - Switched to GUI-1 (Next toggle in 10s
2025-07-12 09:58:43,099 - INFO - Switched to GUI-2 (Next toggle in 5s
2025-07-12 09:58:48,100 - INFO - Switched to GUI-1 (Next toggle in 10s
2025-07-12 09:58:58,101 - INFO - Switched to GUI-2 (Next toggle in 5s
2025-07-12 09:59:02,264 - INFO - CSV write completed at 2025-07-12T09:59:02.264628
2025-07-12 09:59:03,102 - INFO - Switched to GUI-1 (Next toggle in 10s
2025-07-12 09:59:13,103 - INFO - Switched to GUI-2 (Next toggle in 5s
2025-07-12 09:59:18,104 - INFO - Switched to GUI-1 (Next toggle in 10s
2025-07-12 09:59:28,104 - INFO - Switched to GUI-2 (Next toggle in 5s
2025-07-12 09:59:32,272 - INFO - CSV write completed at 2025-07-12T09:59:32.272409
2025-07-12 09:59:33,105 - INFO - Switched to GUI-1 (Next toggle in 10s
2025-07-12 09:59:46,317 - INFO - Weather Station System Initialized
2025-07-12 09:59:54,144 - ERROR - Modbus connection failed
2025-07-12 09:59:54,144 - INFO - CSV writer thread started. Output directory: /home/asif/Desktop/unified_creek_awos/csv_data
2025-07-12 09:59:54,145 - ERROR - Error updating display: 'day'
2025-07-12 09:59:54,146 - INFO - Switched to GUI-2 (Next toggle in 5s
2025-07-12 09:59:59,147 - INFO - Switched to GUI-1 (Next toggle in 10s
2025-07-12 10:00:09,147 - INFO - Switched to GUI-2 (Next toggle in 5s
2025-07-12 10:00:14,147 - INFO - Switched to GUI-1 (Next toggle in 10s
2025-07-12 10:00:24,148 - INFO - Switched to GUI-2 (Next toggle in 5s
2025-07-12 10:00:24,149 - INFO - CSV write completed at 2025-07-12T10:00:24.149308
2025-07-12 10:00:27,847 - INFO - Display paused on GUI-2
2025-07-12 10:00:54,155 - INFO - CSV write completed at 2025-07-12T10:00:54.155019
2025-07-12 10:01:24,173 - INFO - CSV write completed at 2025-07-12T10:01:24.173455
2025-07-12 10:01:57,676 - INFO - Weather Station System Initialized
2025-07-12 10:02:05,507 - ERROR - Modbus connection failed
2025-07-12 10:02:05,508 - INFO - CSV writer thread started. Output directory: /home/asif/Desktop/unified_creek_awos/csv_data
2025-07-12 10:02:05,508 - ERROR - Error updating display: 'day'
2025-07-12 10:02:05,509 - INFO - Switched to GUI-2 (Next toggle in 5s
2025-07-12 10:02:10,510 - INFO - Switched to GUI-1 (Next toggle in 10s
2025-07-12 10:02:20,510 - INFO - Switched to GUI-2 (Next toggle in 5s
2025-07-12 10:02:25,510 - INFO - Switched to GUI-1 (Next toggle in 10s
2025-07-12 10:02:35,511 - INFO - Switched to GUI-2 (Next toggle in 5s
2025-07-12 10:02:35,512 - INFO - CSV write completed at 2025-07-12T10:02:35.512377
2025-07-12 10:02:40,512 - INFO - Switched to GUI-1 (Next toggle in 10s
2025-07-12 10:02:50,513 - INFO - Switched to GUI-2 (Next toggle in 5s
2025-07-12 10:03:01,344 - INFO - Weather Station System Initialized
2025-07-12 10:03:09,155 - ERROR - Modbus connection failed
2025-07-12 10:03:09,156 - INFO - CSV writer thread started. Output directory: /home/asif/Desktop/unified_creek_awos/csv_data
2025-07-12 10:03:09,156 - ERROR - Error updating display: 'day'
2025-07-12 10:03:09,159 - INFO - Switched to GUI-2 (Next toggle in 5s
2025-07-12 10:03:14,159 - INFO - Switched to GUI-1 (Next toggle in 10s
2025-07-12 10:03:24,159 - INFO - Switched to GUI-2 (Next toggle in 5s
2025-07-12 10:03:29,160 - INFO - Switched to GUI-1 (Next toggle in 10s
2025-07-12 10:03:39,160 - INFO - Switched to GUI-2 (Next toggle in 5s
2025-07-12 10:03:39,161 - INFO - CSV write completed at 2025-07-12T10:03:39.161910
2025-07-12 10:03:44,161 - INFO - Switched to GUI-1 (Next toggle in 10s
2025-07-12 10:03:54,161 - INFO - Switched to GUI-2 (Next toggle in 5s
2025-07-12 10:03:59,161 - INFO - Switched to GUI-1 (Next toggle in 10s
2025-07-12 10:04:09,162 - INFO - Switched to GUI-2 (Next toggle in 5s
2025-07-12 10:04:09,165 - INFO - CSV write completed at 2025-07-12T10:04:09.165501
2025-07-12 10:04:14,162 - INFO - Switched to GUI-1 (Next toggle in 10s
2025-07-12 10:04:24,163 - INFO - Switched to GUI-2 (Next toggle in 5s
2025-07-12 10:04:25,834 - INFO - Shutting down weather station system
2025-07-12 10:04:27,834 - INFO - Cleanup completed, exiting application
2025-07-12 10:05:52,780 - INFO - Weather Station System Initialized
2025-07-12 10:06:00,572 - ERROR - Modbus connection failed
2025-07-12 10:06:00,573 - INFO - CSV writer thread started. Output directory: /home/asif/Desktop/unified_creek_awos/csv_data
2025-07-12 10:06:00,573 - ERROR - Error updating display: 'day'
2025-07-12 10:06:00,574 - INFO - Switched to GUI-2 (Next toggle in 5s
2025-07-12 10:06:05,574 - INFO - Switched to GUI-1 (Next toggle in 10s
2025-07-12 10:06:15,575 - INFO - Switched to GUI-2 (Next toggle in 5s
2025-07-12 10:06:20,575 - INFO - Switched to GUI-1 (Next toggle in 10s
2025-07-12 10:06:30,576 - INFO - Switched to GUI-2 (Next toggle in 5s
2025-07-12 10:06:30,577 - INFO - CSV write completed at 2025-07-12T10:06:30.577069
2025-07-12 10:06:33,467 - INFO - Display paused on GUI-2
2025-07-12 10:07:00,581 - INFO - CSV write completed at 2025-07-12T10:07:00.581770
2025-07-12 10:07:30,588 - INFO - CSV write completed at 2025-07-12T10:07:30.588314
2025-07-12 10:08:00,608 - INFO - CSV write completed at 2025-07-12T10:08:00.608206
2025-07-12 10:08:30,620 - INFO - CSV write completed at 2025-07-12T10:08:30.620134
2025-07-12 10:08:40,119 - INFO - Weather Station System Initialized
2025-07-12 10:08:47,908 - ERROR - Modbus connection failed
2025-07-12 10:08:47,909 - INFO - CSV writer thread started. Output directory: /home/asif/Desktop/unified_creek_awos/csv_data
2025-07-12 10:08:47,909 - ERROR - Error updating display: 'day'
2025-07-12 10:08:47,910 - INFO - Switched to GUI-2 (Next toggle in 5s
2025-07-12 10:08:52,910 - INFO - Switched to GUI-1 (Next toggle in 10s
2025-07-12 10:09:02,911 - INFO - Switched to GUI-2 (Next toggle in 5s
2025-07-12 10:09:07,911 - INFO - Switched to GUI-1 (Next toggle in 10s
2025-07-12 10:09:08,045 - INFO - Shutting down weather station system
2025-07-12 10:09:10,046 - INFO - Cleanup completed, exiting application
2025-07-12 10:09:56,270 - INFO - Weather Station System Initialized
2025-07-12 10:10:04,101 - ERROR - Modbus connection failed
2025-07-12 10:10:04,102 - INFO - CSV writer thread started. Output directory: /home/asif/Desktop/unified_creek_awos/csv_data
2025-07-12 10:10:04,102 - ERROR - Error updating display: 'day'
2025-07-12 10:10:04,103 - INFO - Switched to GUI-2 (Next toggle in 5s
2025-07-12 10:10:09,104 - INFO - Switched to GUI-1 (Next toggle in 10s
2025-07-12 10:10:19,104 - INFO - Switched to GUI-2 (Next toggle in 5s
2025-07-12 10:10:24,104 - INFO - Switched to GUI-1 (Next toggle in 10s
2025-07-12 10:10:25,244 - INFO - Shutting down weather station system
2025-07-12 10:10:27,244 - INFO - Cleanup completed, exiting application
2025-07-12 10:12:15,430 - INFO - Weather Station System Initialized
2025-07-12 10:12:23,840 - ERROR - Modbus connection failed
2025-07-12 10:12:23,841 - INFO - CSV writer thread started. Output directory: /home/asif/Desktop/unified_creek_awos/csv_data
2025-07-12 10:12:23,841 - ERROR - Error updating display: 'day'
2025-07-12 10:12:23,845 - INFO - Switched to GUI-2 (Next toggle in 5s
2025-07-12 10:12:28,845 - INFO - Switched to GUI-1 (Next toggle in 10s
2025-07-12 10:12:38,845 - INFO - Switched to GUI-2 (Next toggle in 5s
2025-07-12 10:12:43,846 - INFO - Switched to GUI-1 (Next toggle in 10s
2025-07-12 10:12:53,846 - INFO - Switched to GUI-2 (Next toggle in 5s
2025-07-12 10:12:54,272 - INFO - CSV write completed at 2025-07-12T10:12:54.271983
2025-07-12 10:12:58,846 - INFO - Switched to GUI-1 (Next toggle in 10s
2025-07-12 10:13:08,848 - INFO - Switched to GUI-2 (Next toggle in 5s
2025-07-12 10:13:13,848 - INFO - Switched to GUI-1 (Next toggle in 10s
2025-07-12 10:13:21,949 - INFO - Switched to GUI-2 (Next toggle in 5s
2025-07-12 10:13:23,226 - INFO - Display paused on GUI-2
2025-07-12 10:13:24,276 - INFO - CSV write completed at 2025-07-12T10:13:24.275973
2025-07-12 10:13:27,691 - INFO - Shutting down weather station system
2025-07-12 10:13:29,692 - INFO - Cleanup completed, exiting application
2025-07-12 10:15:31,821 - INFO - Weather Station System Initialized
2025-07-12 10:15:39,666 - ERROR - Modbus connection failed
2025-07-12 10:15:39,667 - INFO - CSV writer thread started. Output directory: /home/asif/Desktop/unified_creek_awos/csv_data
2025-07-12 10:15:39,667 - ERROR - Error updating display: 'day'
2025-07-12 10:15:39,668 - INFO - Switched to GUI-2 (Next toggle in 5s
2025-07-12 10:15:44,669 - INFO - Switched to GUI-1 (Next toggle in 10s
2025-07-12 10:15:54,669 - INFO - Switched to GUI-2 (Next toggle in 5s
2025-07-12 10:15:59,670 - INFO - Switched to GUI-1 (Next toggle in 10s
2025-07-12 10:15:59,904 - INFO - Shutting down weather station system
2025-07-12 10:16:01,904 - INFO - Cleanup completed, exiting application
2025-07-12 10:18:28,012 - INFO - Weather Station System Initialized
2025-07-12 10:18:28,013 - ERROR - Background image not found: [Errno 2] No such file or directory: '/home/asif/Desktop/unified_creek_awos/awos_assit_code/images/gui1_image.jpg'
2025-07-12 10:18:28,032 - ERROR - Modbus connection failed
2025-07-12 10:18:28,032 - INFO - CSV writer thread started. Output directory: /home/asif/Desktop/unified_creek_awos/awos_assit_code/csv_data
2025-07-12 10:18:28,032 - ERROR - Error updating display: 'day'
2025-07-12 10:18:28,034 - INFO - Switched to GUI-2 (Next toggle in 5s
2025-07-12 10:18:33,034 - INFO - Switched to GUI-1 (Next toggle in 10s
2025-07-12 10:18:43,034 - INFO - Switched to GUI-2 (Next toggle in 5s
2025-07-12 10:18:48,035 - INFO - Switched to GUI-1 (Next toggle in 10s
2025-07-12 10:18:50,874 - INFO - Shutting down weather station system
2025-07-12 10:18:52,874 - INFO - Cleanup completed, exiting application
2025-07-12 10:19:19,584 - INFO - Weather Station System Initialized
2025-07-12 10:19:19,585 - ERROR - Background image not found: [Errno 2] No such file or directory: '/home/asif/Desktop/unified_creek_awos/awos_assit_code/images/gui1_image.jpg'
2025-07-12 10:19:19,601 - ERROR - Modbus connection failed
2025-07-12 10:19:19,602 - INFO - CSV writer thread started. Output directory: /home/asif/Desktop/unified_creek_awos/awos_assit_code/csv_data
2025-07-12 10:19:19,602 - ERROR - Error updating display: 'day'
2025-07-12 10:19:19,603 - INFO - Switched to GUI-2 (Next toggle in 5s
2025-07-12 10:19:24,604 - INFO - Switched to GUI-1 (Next toggle in 10s
2025-07-12 10:19:26,667 - INFO - Shutting down weather station system
2025-07-12 10:19:28,668 - INFO - Cleanup completed, exiting application
2025-07-12 10:19:33,469 - INFO - Weather Station System Initialized
2025-07-12 10:19:41,284 - ERROR - Modbus connection failed
2025-07-12 10:19:41,285 - INFO - CSV writer thread started. Output directory: /home/asif/Desktop/unified_creek_awos/csv_data
2025-07-12 10:19:41,285 - ERROR - Error updating display: 'day'
2025-07-12 10:19:41,287 - INFO - Switched to GUI-2 (Next toggle in 5s
2025-07-12 10:19:46,289 - INFO - Switched to GUI-1 (Next toggle in 10s
2025-07-12 10:19:56,289 - INFO - Switched to GUI-2 (Next toggle in 5s
2025-07-12 10:19:57,711 - INFO - Shutting down weather station system
2025-07-12 10:19:59,711 - INFO - Cleanup completed, exiting application
2025-07-12 10:20:35,278 - INFO - Weather Station System Initialized
2025-07-12 10:20:35,278 - ERROR - Background image not found: [Errno 2] No such file or directory: '/home/asif/Desktop/unified_creek_awos/awos_assit_code/images/gui1_image.jpg'
2025-07-12 10:20:35,294 - ERROR - Modbus connection failed
2025-07-12 10:20:35,295 - INFO - CSV writer thread started. Output directory: /home/asif/Desktop/unified_creek_awos/awos_assit_code/csv_data
2025-07-12 10:20:35,295 - ERROR - Error updating display: 'day'
2025-07-12 10:20:35,296 - INFO - Switched to GUI-2 (Next toggle in 5s
2025-07-12 10:20:40,297 - INFO - Switched to GUI-1 (Next toggle in 10s
2025-07-12 10:20:43,349 - INFO - Shutting down weather station system
2025-07-12 10:20:45,296 - INFO - Cleanup completed, exiting application
2025-07-12 10:23:44,555 - INFO - Weather Station System Initialized
2025-07-12 10:23:44,557 - ERROR - Background image not found: [Errno 2] No such file or directory: '/home/asif/Desktop/unified_creek_awos/awos_assit_code/images/gui1_image.jpg'
2025-07-12 10:23:44,590 - ERROR - Modbus connection failed
2025-07-12 10:23:44,591 - INFO - CSV writer thread started. Output directory: /home/asif/Desktop/unified_creek_awos/awos_assit_code/csv_data
2025-07-12 10:23:44,592 - ERROR - Error updating display: 'day'
2025-07-12 10:23:44,594 - INFO - Switched to GUI-2 (Next toggle in 5s
2025-07-12 10:23:49,595 - INFO - Switched to GUI-1 (Next toggle in 10s
2025-07-12 10:23:59,595 - INFO - Switched to GUI-2 (Next toggle in 5s
2025-07-12 10:24:01,310 - INFO - Shutting down weather station system
2025-07-12 10:24:03,372 - INFO - Cleanup completed, exiting application
2025-07-12 10:24:43,490 - INFO - Weather Station System Initialized
2025-07-12 10:24:51,447 - ERROR - Modbus connection failed
2025-07-12 10:24:51,448 - INFO - CSV writer thread started. Output directory: /home/asif/Desktop/unified_creek_awos/csv_data
2025-07-12 10:24:51,448 - ERROR - Error updating display: 'day'
2025-07-12 10:24:51,450 - INFO - Switched to GUI-2 (Next toggle in 5s
2025-07-12 10:24:56,451 - INFO - Switched to GUI-1 (Next toggle in 10s
2025-07-12 10:25:06,451 - INFO - Switched to GUI-2 (Next toggle in 5s
2025-07-12 10:25:11,451 - INFO - Switched to GUI-1 (Next toggle in 10s
2025-07-12 10:25:21,452 - INFO - Switched to GUI-2 (Next toggle in 5s
2025-07-12 10:25:21,452 - INFO - CSV write completed at 2025-07-12T10:25:21.452666
2025-07-12 10:25:26,452 - INFO - Switched to GUI-1 (Next toggle in 10s
2025-07-12 10:25:32,915 - INFO - Shutting down weather station system
2025-07-12 10:25:34,916 - INFO - Cleanup completed, exiting application
2025-07-12 10:26:53,484 - INFO - Weather Station System Initialized
2025-07-12 10:27:01,385 - ERROR - Modbus connection failed
2025-07-12 10:27:01,386 - INFO - CSV writer thread started. Output directory: /home/asif/Desktop/unified_creek_awos/csv_data
2025-07-12 10:27:01,386 - ERROR - Error updating display: 'day'
2025-07-12 10:27:01,387 - INFO - Switched to GUI-2 (Next toggle in 5s
2025-07-12 10:27:06,387 - INFO - Switched to GUI-1 (Next toggle in 10s
2025-07-12 10:27:16,388 - INFO - Switched to GUI-2 (Next toggle in 5s
2025-07-12 10:27:21,388 - INFO - Switched to GUI-1 (Next toggle in 10s
2025-07-12 10:27:27,560 - INFO - Shutting down weather station system
2025-07-12 10:27:29,561 - INFO - Cleanup completed, exiting application
2025-07-12 10:28:17,312 - INFO - Weather Station System Initialized
2025-07-12 10:28:25,306 - ERROR - Modbus connection failed
2025-07-12 10:28:25,307 - INFO - CSV writer thread started. Output directory: /home/asif/Desktop/unified_creek_awos/csv_data
2025-07-12 10:28:25,308 - ERROR - Error updating display: 'day'
2025-07-12 10:28:25,310 - INFO - Switched to GUI-2 (Next toggle in 5s
2025-07-12 10:28:30,310 - INFO - Switched to GUI-1 (Next toggle in 10s
2025-07-12 10:28:40,310 - INFO - Switched to GUI-2 (Next toggle in 5s
2025-07-12 10:28:45,311 - INFO - Switched to GUI-1 (Next toggle in 10s
2025-07-12 10:28:55,311 - INFO - Switched to GUI-2 (Next toggle in 5s
2025-07-12 10:28:55,318 - INFO - CSV write completed at 2025-07-12T10:28:55.318193
2025-07-12 10:29:03,833 - INFO - Weather Station System Initialized
2025-07-12 10:29:11,697 - ERROR - Modbus connection failed
2025-07-12 10:29:11,698 - INFO - CSV writer thread started. Output directory: /home/asif/Desktop/unified_creek_awos/csv_data
2025-07-12 10:29:11,698 - ERROR - Error updating display: 'day'
2025-07-12 10:29:11,700 - INFO - Switched to GUI-2 (Next toggle in 5s
2025-07-12 10:29:16,700 - INFO - Switched to GUI-1 (Next toggle in 10s
2025-07-12 10:29:26,701 - INFO - Switched to GUI-2 (Next toggle in 5s
2025-07-12 10:29:31,701 - INFO - Switched to GUI-1 (Next toggle in 10s
2025-07-12 10:29:41,705 - INFO - Switched to GUI-2 (Next toggle in 5s
2025-07-12 10:29:41,705 - INFO - CSV write completed at 2025-07-12T10:29:41.705814
2025-07-12 10:29:46,706 - INFO - Switched to GUI-1 (Next toggle in 10s
2025-07-12 10:29:56,710 - INFO - Switched to GUI-2 (Next toggle in 5s
2025-07-12 10:30:01,711 - INFO - Switched to GUI-1 (Next toggle in 10s
2025-07-12 10:30:13,287 - INFO - Weather Station System Initialized
2025-07-12 10:30:21,097 - ERROR - Modbus connection failed
2025-07-12 10:30:21,097 - INFO - CSV writer thread started. Output directory: /home/asif/Desktop/unified_creek_awos/csv_data
2025-07-12 10:30:21,098 - ERROR - Error updating display: 'day'
2025-07-12 10:30:21,099 - INFO - Switched to GUI-2 (Next toggle in 5s
2025-07-12 10:30:26,099 - INFO - Switched to GUI-1 (Next toggle in 10s
2025-07-12 10:30:36,100 - INFO - Switched to GUI-2 (Next toggle in 5s
2025-07-12 10:30:41,100 - INFO - Switched to GUI-1 (Next toggle in 10s
2025-07-12 10:30:51,100 - INFO - Switched to GUI-2 (Next toggle in 5s
2025-07-12 10:30:51,101 - INFO - CSV write completed at 2025-07-12T10:30:51.101743
2025-07-12 10:30:56,101 - INFO - Switched to GUI-1 (Next toggle in 10s
2025-07-12 10:31:06,101 - INFO - Switched to GUI-2 (Next toggle in 5s
2025-07-12 10:31:11,102 - INFO - Switched to GUI-1 (Next toggle in 10s
2025-07-12 10:31:21,102 - INFO - Switched to GUI-2 (Next toggle in 5s
2025-07-12 10:31:21,105 - INFO - CSV write completed at 2025-07-12T10:31:21.105468
2025-07-12 10:31:26,102 - INFO - Switched to GUI-1 (Next toggle in 10s
2025-07-12 10:31:36,106 - INFO - Switched to GUI-2 (Next toggle in 5s
2025-07-12 10:31:37,573 - INFO - Shutting down weather station system
2025-07-12 10:31:39,573 - INFO - Cleanup completed, exiting application
2025-07-12 10:33:00,805 - INFO - Weather Station System Initialized
2025-07-12 10:33:08,601 - ERROR - Modbus connection failed
2025-07-12 10:33:08,603 - INFO - CSV writer thread started. Output directory: /home/asif/Desktop/unified_creek_awos/csv_data
2025-07-12 10:33:08,603 - ERROR - Error updating display: 'day'
2025-07-12 10:33:08,605 - INFO - Switched to GUI-2 (Next toggle in 5s
2025-07-12 10:33:13,605 - INFO - Switched to GUI-1 (Next toggle in 10s
2025-07-12 10:33:23,606 - INFO - Switched to GUI-2 (Next toggle in 5s
2025-07-12 10:33:28,606 - INFO - Switched to GUI-1 (Next toggle in 10s
2025-07-12 10:33:38,606 - INFO - Switched to GUI-2 (Next toggle in 5s
2025-07-12 10:33:38,607 - INFO - CSV write completed at 2025-07-12T10:33:38.607369
2025-07-12 10:33:43,607 - INFO - Switched to GUI-1 (Next toggle in 10s
2025-07-12 10:33:45,209 - INFO - Switched to GUI-2 (Next toggle in 5s
2025-07-12 10:33:46,809 - INFO - Display paused on GUI-2
2025-07-12 10:33:51,082 - INFO - Switched to GUI-2 (Next toggle in 5s
2025-07-12 10:33:53,674 - INFO - Shutting down weather station system
2025-07-12 10:33:55,674 - INFO - Cleanup completed, exiting application
2025-07-12 10:34:42,027 - INFO - Weather Station System Initialized
2025-07-12 10:34:49,824 - ERROR - Modbus connection failed
2025-07-12 10:34:49,825 - INFO - CSV writer thread started. Output directory: /home/asif/Desktop/unified_creek_awos/csv_data
2025-07-12 10:34:49,825 - ERROR - Error updating display: 'day'
2025-07-12 10:34:49,827 - INFO - Switched to GUI-2 (Next toggle in 5s
2025-07-12 10:34:54,827 - INFO - Switched to GUI-1 (Next toggle in 10s
2025-07-12 10:35:01,773 - INFO - Shutting down weather station system
2025-07-12 10:35:03,773 - INFO - Cleanup completed, exiting application
2025-07-12 10:35:23,796 - INFO - Weather Station System Initialized
2025-07-12 10:35:31,568 - ERROR - Modbus connection failed
2025-07-12 10:35:31,569 - INFO - CSV writer thread started. Output directory: /home/asif/Desktop/unified_creek_awos/csv_data
2025-07-12 10:35:31,569 - ERROR - Error updating display: 'day'
2025-07-12 10:35:31,570 - INFO - Switched to GUI-2 (Next toggle in 5s
2025-07-12 10:35:36,571 - INFO - Switched to GUI-1 (Next toggle in 10s
2025-07-12 10:35:46,571 - INFO - Switched to GUI-2 (Next toggle in 5s
2025-07-12 10:35:51,571 - INFO - Switched to GUI-1 (Next toggle in 10s
2025-07-12 10:36:01,572 - INFO - Switched to GUI-2 (Next toggle in 5s
2025-07-12 10:36:01,573 - INFO - CSV write completed at 2025-07-12T10:36:01.573043
2025-07-12 10:36:06,572 - INFO - Switched to GUI-1 (Next toggle in 10s
2025-07-12 10:36:16,574 - INFO - Switched to GUI-2 (Next toggle in 5s
2025-07-12 10:36:21,575 - INFO - Switched to GUI-1 (Next toggle in 10s
2025-07-12 10:36:31,575 - INFO - Switched to GUI-2 (Next toggle in 5s
2025-07-12 10:36:31,576 - INFO - CSV write completed at 2025-07-12T10:36:31.576634
2025-07-12 10:36:36,575 - INFO - Switched to GUI-1 (Next toggle in 10s
2025-07-12 10:36:46,576 - INFO - Switched to GUI-2 (Next toggle in 5s
2025-07-12 10:36:51,576 - INFO - Switched to GUI-1 (Next toggle in 10s
2025-07-12 10:37:01,576 - INFO - Switched to GUI-2 (Next toggle in 5s
2025-07-12 10:37:01,579 - INFO - CSV write completed at 2025-07-12T10:37:01.579658
2025-07-12 10:37:06,577 - INFO - Switched to GUI-1 (Next toggle in 10s
2025-07-12 10:37:16,581 - INFO - Switched to GUI-2 (Next toggle in 5s
2025-07-12 10:37:21,582 - INFO - Switched to GUI-1 (Next toggle in 10s
2025-07-12 10:37:31,582 - INFO - Switched to GUI-2 (Next toggle in 5s
2025-07-12 10:37:31,583 - INFO - CSV write completed at 2025-07-12T10:37:31.583287
2025-07-12 10:37:36,583 - INFO - Switched to GUI-1 (Next toggle in 10s
2025-07-12 10:37:46,583 - INFO - Switched to GUI-2 (Next toggle in 5s
2025-07-12 10:37:51,583 - INFO - Switched to GUI-1 (Next toggle in 10s
2025-07-12 10:38:01,586 - INFO - Switched to GUI-2 (Next toggle in 5s
2025-07-12 10:38:01,587 - INFO - CSV write completed at 2025-07-12T10:38:01.587303
2025-07-12 10:38:06,587 - INFO - Switched to GUI-1 (Next toggle in 10s
2025-07-12 10:38:16,587 - INFO - Switched to GUI-2 (Next toggle in 5s
2025-07-12 10:38:21,588 - INFO - Switched to GUI-1 (Next toggle in 10s
2025-07-12 10:38:31,588 - INFO - Switched to GUI-2 (Next toggle in 5s
2025-07-12 10:38:31,594 - INFO - CSV write completed at 2025-07-12T10:38:31.593964
2025-07-12 10:38:36,589 - INFO - Switched to GUI-1 (Next toggle in 10s
2025-07-12 10:38:46,589 - INFO - Switched to GUI-2 (Next toggle in 5s
2025-07-12 10:38:51,590 - INFO - Switched to GUI-1 (Next toggle in 10s
2025-07-12 10:38:53,197 - INFO - Shutting down weather station system
2025-07-12 10:38:55,197 - INFO - Cleanup completed, exiting application
2025-07-12 10:41:59,335 - INFO - Weather Station System Initialized
2025-07-12 10:42:07,225 - ERROR - Modbus connection failed
2025-07-12 10:42:07,225 - INFO - CSV writer thread started. Output directory: /home/asif/Desktop/unified_creek_awos/csv_data
2025-07-12 10:42:07,225 - ERROR - Error updating display: 'day'
2025-07-12 10:42:07,227 - INFO - Switched to GUI-2 (Next toggle in 5s
2025-07-12 10:42:12,227 - INFO - Switched to GUI-1 (Next toggle in 10s
2025-07-12 10:42:15,060 - INFO - Shutting down weather station system
2025-07-12 10:42:17,060 - INFO - Cleanup completed, exiting application
2025-07-12 10:46:23,157 - INFO - Weather Station System Initialized
2025-07-12 10:46:31,094 - ERROR - Modbus connection failed
2025-07-12 10:46:31,095 - INFO - CSV writer thread started. Output directory: /home/asif/Desktop/unified_creek_awos/csv_data
2025-07-12 10:46:31,096 - ERROR - Error updating display: 'day'
2025-07-12 10:46:31,098 - INFO - Switched to GUI-2 (Next toggle in 5s
2025-07-12 10:46:36,099 - INFO - Switched to GUI-1 (Next toggle in 10s
2025-07-12 10:46:46,099 - INFO - Switched to GUI-2 (Next toggle in 5s
2025-07-12 10:46:51,099 - INFO - Switched to GUI-1 (Next toggle in 10s
2025-07-12 10:47:01,100 - INFO - Switched to GUI-2 (Next toggle in 5s
2025-07-12 10:47:01,100 - INFO - CSV write completed at 2025-07-12T10:47:01.100775
2025-07-12 10:47:06,101 - INFO - Switched to GUI-1 (Next toggle in 10s
2025-07-12 10:47:16,101 - INFO - Switched to GUI-2 (Next toggle in 5s
2025-07-12 10:47:21,101 - INFO - Switched to GUI-1 (Next toggle in 10s
2025-07-12 10:47:31,104 - INFO - Switched to GUI-2 (Next toggle in 5s
2025-07-12 10:47:31,114 - INFO - CSV write completed at 2025-07-12T10:47:31.114477
2025-07-12 10:47:36,105 - INFO - Switched to GUI-1 (Next toggle in 10s
2025-07-12 10:47:46,106 - INFO - Switched to GUI-2 (Next toggle in 5s
2025-07-12 10:47:51,108 - INFO - Switched to GUI-1 (Next toggle in 10s
2025-07-12 10:48:01,109 - INFO - Switched to GUI-2 (Next toggle in 5s
2025-07-12 10:48:01,133 - INFO - CSV write completed at 2025-07-12T10:48:01.133204
2025-07-12 10:48:06,110 - INFO - Switched to GUI-1 (Next toggle in 10s
2025-07-12 10:48:16,112 - INFO - Switched to GUI-2 (Next toggle in 5s
2025-07-12 10:48:21,114 - INFO - Switched to GUI-1 (Next toggle in 10s
2025-07-12 10:48:31,115 - INFO - Switched to GUI-2 (Next toggle in 5s
2025-07-12 10:48:31,146 - INFO - CSV write completed at 2025-07-12T10:48:31.146517
2025-07-12 10:48:36,115 - INFO - Switched to GUI-1 (Next toggle in 10s
2025-07-12 10:48:46,116 - INFO - Switched to GUI-2 (Next toggle in 5s
2025-07-12 10:48:51,117 - INFO - Switched to GUI-1 (Next toggle in 10s
2025-07-12 10:49:01,118 - INFO - Switched to GUI-2 (Next toggle in 5s
2025-07-12 10:49:01,161 - INFO - CSV write completed at 2025-07-12T10:49:01.161709
2025-07-12 10:49:06,119 - INFO - Switched to GUI-1 (Next toggle in 10s
2025-07-12 10:49:16,120 - INFO - Switched to GUI-2 (Next toggle in 5s
2025-07-12 10:49:21,121 - INFO - Switched to GUI-1 (Next toggle in 10s
2025-07-12 10:49:31,122 - INFO - Switched to GUI-2 (Next toggle in 5s
2025-07-12 10:49:31,174 - INFO - CSV write completed at 2025-07-12T10:49:31.174755
2025-07-12 10:49:36,123 - INFO - Switched to GUI-1 (Next toggle in 10s
2025-07-12 10:51:53,027 - INFO - Weather Station System Initialized
2025-07-12 10:52:00,865 - ERROR - Modbus connection failed
2025-07-12 10:52:00,866 - INFO - CSV writer thread started. Output directory: /home/asif/Desktop/unified_creek_awos/csv_data
2025-07-12 10:52:00,866 - ERROR - Error updating display: 'day'
2025-07-12 10:52:00,872 - INFO - Switched to GUI-2 (Next toggle in 5s
2025-07-12 10:52:05,872 - INFO - Switched to GUI-1 (Next toggle in 10s
2025-07-12 10:53:58,471 - INFO - Switched to GUI-2 (Next toggle in 5s
2025-07-12 10:53:58,907 - INFO - CSV write completed at 2025-07-12T10:53:58.907395
2025-07-12 10:54:03,471 - INFO - Switched to GUI-1 (Next toggle in 10s
2025-07-12 10:54:13,471 - INFO - Switched to GUI-2 (Next toggle in 5s
2025-07-12 10:54:18,472 - INFO - Switched to GUI-1 (Next toggle in 10s
2025-07-12 10:54:28,472 - INFO - Switched to GUI-2 (Next toggle in 5s
2025-07-12 10:54:28,910 - INFO - CSV write completed at 2025-07-12T10:54:28.910032
2025-07-12 10:54:33,472 - INFO - Switched to GUI-1 (Next toggle in 10s
2025-07-12 10:54:43,473 - INFO - Switched to GUI-2 (Next toggle in 5s
2025-07-12 10:54:48,473 - INFO - Switched to GUI-1 (Next toggle in 10s
2025-07-12 10:54:58,582 - INFO - Switched to GUI-2 (Next toggle in 5s
2025-07-12 10:54:58,912 - INFO - CSV write completed at 2025-07-12T10:54:58.912427
2025-07-12 10:55:03,583 - INFO - Switched to GUI-1 (Next toggle in 10s
2025-07-12 10:55:13,691 - INFO - Switched to GUI-2 (Next toggle in 5s
2025-07-12 10:55:18,692 - INFO - Switched to GUI-1 (Next toggle in 10s
2025-07-12 10:55:28,692 - INFO - Switched to GUI-2 (Next toggle in 5s
2025-07-12 10:55:28,915 - INFO - CSV write completed at 2025-07-12T10:55:28.914968
2025-07-12 10:55:33,692 - INFO - Switched to GUI-1 (Next toggle in 10s
2025-07-12 10:55:43,701 - INFO - Switched to GUI-2 (Next toggle in 5s
2025-07-12 10:55:48,701 - INFO - Switched to GUI-1 (Next toggle in 10s
2025-07-12 10:55:58,701 - INFO - Switched to GUI-2 (Next toggle in 5s
2025-07-12 10:55:58,917 - INFO - CSV write completed at 2025-07-12T10:55:58.917172
2025-07-12 10:56:03,702 - INFO - Switched to GUI-1 (Next toggle in 10s
2025-07-12 10:56:13,702 - INFO - Switched to GUI-2 (Next toggle in 5s
2025-07-12 10:56:18,702 - INFO - Switched to GUI-1 (Next toggle in 10s
2025-07-12 10:56:28,703 - INFO - Switched to GUI-2 (Next toggle in 5s
2025-07-12 10:56:28,922 - INFO - CSV write completed at 2025-07-12T10:56:28.922715
2025-07-12 10:56:33,703 - INFO - Switched to GUI-1 (Next toggle in 10s
2025-07-12 10:56:43,703 - INFO - Switched to GUI-2 (Next toggle in 5s
2025-07-12 10:56:46,915 - INFO - Shutting down weather station system
2025-07-12 10:56:48,801 - INFO - Cleanup completed, exiting application
2025-07-12 10:59:20,040 - INFO - Weather Station System Initialized
2025-07-12 10:59:27,825 - ERROR - Modbus connection failed
2025-07-12 10:59:27,826 - INFO - CSV writer thread started. Output directory: /home/asif/Desktop/unified_creek_awos/csv_data
2025-07-12 10:59:27,826 - ERROR - Error updating display: 'day'
2025-07-12 10:59:27,827 - INFO - Switched to GUI-2 (Next toggle in 5s
2025-07-12 10:59:32,828 - INFO - Switched to GUI-1 (Next toggle in 10s
2025-07-12 10:59:36,256 - INFO - Shutting down weather station system
2025-07-12 10:59:37,827 - INFO - Cleanup completed, exiting application
2025-07-12 11:26:02,745 - INFO - Weather Station System Initialized
2025-07-12 11:34:34,229 - INFO - Weather Station System Initialized
2025-07-12 11:43:52,480 - INFO - Weather Station System Initialized
2025-07-12 11:44:00,301 - ERROR - Modbus connection failed
2025-07-12 11:44:00,302 - INFO - CSV writer thread started. Output directory: /home/asif/Desktop/unified_creek_awos/csv_data
2025-07-12 11:44:00,302 - ERROR - Error updating display: 'day'
2025-07-12 11:44:00,303 - INFO - Switched to GUI-2 (Next toggle in 5s
2025-07-12 11:44:05,304 - INFO - Switched to GUI-1 (Next toggle in 10s
2025-07-12 11:44:15,304 - INFO - Switched to GUI-2 (Next toggle in 5s
2025-07-12 11:44:20,304 - INFO - Switched to GUI-1 (Next toggle in 10s
2025-07-12 11:44:30,305 - INFO - Switched to GUI-2 (Next toggle in 5s
2025-07-12 11:44:30,306 - INFO - CSV write completed at 2025-07-12T11:44:30.306123
2025-07-12 11:44:35,305 - INFO - Switched to GUI-1 (Next toggle in 10s
2025-07-12 11:44:45,306 - INFO - Switched to GUI-2 (Next toggle in 5s
2025-07-12 11:44:50,306 - INFO - Switched to GUI-1 (Next toggle in 10s
2025-07-12 11:46:27,112 - INFO - Weather Station System Initialized
2025-07-12 11:46:34,947 - ERROR - Modbus connection failed
2025-07-12 11:46:34,948 - INFO - CSV writer thread started. Output directory: /home/asif/Desktop/unified_creek_awos/csv_data
2025-07-12 11:46:34,948 - ERROR - Error updating display: 'day'
2025-07-12 11:46:34,954 - INFO - Switched to GUI-2 (Next toggle in 5s
2025-07-12 11:46:39,955 - INFO - Switched to GUI-1 (Next toggle in 10s
2025-07-12 11:47:56,518 - INFO - Switched to GUI-2 (Next toggle in 5s
2025-07-12 11:47:56,822 - INFO - CSV write completed at 2025-07-12T11:47:56.822580
2025-07-12 11:48:01,519 - INFO - Switched to GUI-1 (Next toggle in 10s
2025-07-12 11:48:11,519 - INFO - Switched to GUI-2 (Next toggle in 5s
2025-07-12 11:48:16,519 - INFO - Switched to GUI-1 (Next toggle in 10s
2025-07-12 11:48:26,520 - INFO - Switched to GUI-2 (Next toggle in 5s
2025-07-12 11:48:26,825 - INFO - CSV write completed at 2025-07-12T11:48:26.825473
2025-07-12 11:48:31,520 - INFO - Switched to GUI-1 (Next toggle in 10s
2025-07-12 11:48:41,637 - INFO - Switched to GUI-2 (Next toggle in 5s
2025-07-12 11:48:46,637 - INFO - Switched to GUI-1 (Next toggle in 10s
2025-07-12 11:48:56,638 - INFO - Switched to GUI-2 (Next toggle in 5s
2025-07-12 11:48:56,827 - INFO - CSV write completed at 2025-07-12T11:48:56.827934
2025-07-12 11:49:01,638 - INFO - Switched to GUI-1 (Next toggle in 10s
2025-07-12 11:49:11,638 - INFO - Switched to GUI-2 (Next toggle in 5s
2025-07-12 11:49:16,639 - INFO - Switched to GUI-1 (Next toggle in 10s
2025-07-12 11:49:26,639 - INFO - Switched to GUI-2 (Next toggle in 5s
2025-07-12 11:49:26,836 - INFO - CSV write completed at 2025-07-12T11:49:26.836453
2025-07-12 11:49:31,639 - INFO - Switched to GUI-1 (Next toggle in 10s
2025-07-12 11:49:41,640 - INFO - Switched to GUI-2 (Next toggle in 5s
2025-07-12 11:49:46,640 - INFO - Switched to GUI-1 (Next toggle in 10s
2025-07-12 11:49:56,640 - INFO - Switched to GUI-2 (Next toggle in 5s
2025-07-12 11:49:56,842 - INFO - CSV write completed at 2025-07-12T11:49:56.842343
2025-07-12 11:50:01,641 - INFO - Switched to GUI-1 (Next toggle in 10s
2025-07-12 11:50:11,641 - INFO - Switched to GUI-2 (Next toggle in 5s
2025-07-12 11:50:16,641 - INFO - Switched to GUI-1 (Next toggle in 10s
2025-07-12 11:50:26,642 - INFO - Switched to GUI-2 (Next toggle in 5s
2025-07-12 11:50:26,845 - INFO - CSV write completed at 2025-07-12T11:50:26.845430
2025-07-12 11:50:31,642 - INFO - Switched to GUI-1 (Next toggle in 10s
2025-07-12 11:50:41,642 - INFO - Switched to GUI-2 (Next toggle in 5s
2025-07-12 11:50:46,643 - INFO - Switched to GUI-1 (Next toggle in 10s
2025-07-12 11:50:56,643 - INFO - Switched to GUI-2 (Next toggle in 5s
2025-07-12 11:50:56,848 - INFO - CSV write completed at 2025-07-12T11:50:56.848318
2025-07-12 11:51:01,643 - INFO - Switched to GUI-1 (Next toggle in 10s
2025-07-12 11:51:11,644 - INFO - Switched to GUI-2 (Next toggle in 5s
2025-07-12 11:51:15,281 - INFO - Shutting down weather station system
2025-07-12 11:51:17,281 - INFO - Cleanup completed, exiting application
2025-07-12 11:59:38,473 - INFO - Weather Station System Initialized
2025-07-12 11:59:46,304 - ERROR - Modbus connection failed
2025-07-12 11:59:46,305 - INFO - CSV writer thread started. Output directory: /home/asif/Desktop/unified_creek_awos/csv_data
2025-07-12 11:59:46,305 - ERROR - Error updating display: 'day'
2025-07-12 11:59:46,309 - INFO - Switched to GUI-2 (Next toggle in 5s
2025-07-12 11:59:50,491 - INFO - Shutting down weather station system
2025-07-12 11:59:51,308 - INFO - Cleanup completed, exiting application
2025-07-12 12:47:17,845 - INFO - Weather Station System Initialized
2025-07-12 12:47:25,636 - ERROR - Modbus connection failed
2025-07-12 12:47:25,637 - INFO - CSV writer thread started. Output directory: /home/asif/Desktop/unified_creek_awos/csv_data
2025-07-12 12:47:25,637 - ERROR - Error updating display: 'day'
2025-07-12 12:47:25,639 - INFO - Switched to GUI-2 (Next toggle in 5s
2025-07-12 12:47:30,639 - INFO - Switched to GUI-1 (Next toggle in 10s
2025-07-12 12:47:40,639 - INFO - Switched to GUI-2 (Next toggle in 5s
2025-07-12 12:47:43,209 - INFO - Shutting down weather station system
2025-07-12 12:47:45,209 - INFO - Cleanup completed, exiting application
2025-07-12 12:56:16,692 - INFO - Weather Station System Initialized
2025-07-12 12:56:24,542 - INFO - CSV writer thread started. Output directory: /home/asif/Desktop/unified_creek_awos/csv_data
2025-07-12 12:56:24,542 - ERROR - Error updating display: 'day'
2025-07-12 12:56:24,546 - INFO - Switched to GUI-2 (Next toggle in 5s
2025-07-12 12:56:29,546 - INFO - Switched to GUI-1 (Next toggle in 10s
2025-07-12 12:56:39,547 - INFO - Switched to GUI-2 (Next toggle in 5s
2025-07-12 12:56:44,547 - INFO - Switched to GUI-1 (Next toggle in 10s
2025-07-12 12:56:54,547 - INFO - Switched to GUI-2 (Next toggle in 5s
2025-07-12 12:56:54,597 - INFO - CSV write completed at 2025-07-12T12:56:54.597476
2025-07-12 12:56:59,548 - INFO - Switched to GUI-1 (Next toggle in 10s
2025-07-12 12:57:09,552 - INFO - Switched to GUI-2 (Next toggle in 5s
2025-07-12 12:57:14,553 - INFO - Switched to GUI-1 (Next toggle in 10s
2025-07-12 12:57:24,553 - INFO - Switched to GUI-2 (Next toggle in 5s
2025-07-12 12:57:24,668 - INFO - CSV write completed at 2025-07-12T12:57:24.668289
2025-07-12 12:57:29,554 - INFO - Switched to GUI-1 (Next toggle in 10s
2025-07-12 12:57:39,554 - INFO - Switched to GUI-2 (Next toggle in 5s
2025-07-12 12:57:44,554 - INFO - Switched to GUI-1 (Next toggle in 10s
2025-07-12 12:57:54,560 - INFO - Switched to GUI-2 (Next toggle in 5s
2025-07-12 12:57:54,692 - INFO - CSV write completed at 2025-07-12T12:57:54.692655
2025-07-12 12:57:59,560 - INFO - Switched to GUI-1 (Next toggle in 10s
2025-07-12 12:58:09,563 - INFO - Switched to GUI-2 (Next toggle in 5s
2025-07-12 12:58:14,563 - INFO - Switched to GUI-1 (Next toggle in 10s
2025-07-12 12:58:24,564 - INFO - Switched to GUI-2 (Next toggle in 5s
2025-07-12 12:58:24,695 - INFO - CSV write completed at 2025-07-12T12:58:24.695335
2025-07-12 12:58:29,565 - INFO - Switched to GUI-1 (Next toggle in 10s
2025-07-12 12:58:39,565 - INFO - Switched to GUI-2 (Next toggle in 5s
2025-07-12 12:58:44,566 - INFO - Switched to GUI-1 (Next toggle in 10s
2025-07-12 12:58:54,566 - INFO - Switched to GUI-2 (Next toggle in 5s
2025-07-12 12:58:54,697 - INFO - CSV write completed at 2025-07-12T12:58:54.697957
2025-07-12 12:58:59,566 - INFO - Switched to GUI-1 (Next toggle in 10s
2025-07-12 12:59:09,566 - INFO - Switched to GUI-2 (Next toggle in 5s
2025-07-12 12:59:14,567 - INFO - Switched to GUI-1 (Next toggle in 10s
2025-07-12 12:59:24,567 - INFO - Switched to GUI-2 (Next toggle in 5s
2025-07-12 12:59:24,700 - INFO - CSV write completed at 2025-07-12T12:59:24.700593
2025-07-12 12:59:29,568 - INFO - Switched to GUI-1 (Next toggle in 10s
2025-07-12 12:59:39,568 - INFO - Switched to GUI-2 (Next toggle in 5s
2025-07-12 12:59:44,568 - INFO - Switched to GUI-1 (Next toggle in 10s
2025-07-12 12:59:54,569 - INFO - Switched to GUI-2 (Next toggle in 5s
2025-07-12 12:59:54,741 - INFO - CSV write completed at 2025-07-12T12:59:54.740995
2025-07-12 12:59:59,569 - INFO - Switched to GUI-1 (Next toggle in 10s
2025-07-12 13:00:09,569 - INFO - Switched to GUI-2 (Next toggle in 5s
2025-07-12 13:00:14,570 - INFO - Switched to GUI-1 (Next toggle in 10s
2025-07-12 13:00:24,570 - INFO - Switched to GUI-2 (Next toggle in 5s
2025-07-12 13:00:24,744 - INFO - CSV write completed at 2025-07-12T13:00:24.744529
2025-07-12 13:00:29,570 - INFO - Switched to GUI-1 (Next toggle in 10s
2025-07-12 13:00:39,571 - INFO - Switched to GUI-2 (Next toggle in 5s
2025-07-12 13:00:44,571 - INFO - Switched to GUI-1 (Next toggle in 10s
2025-07-12 13:00:54,571 - INFO - Switched to GUI-2 (Next toggle in 5s
2025-07-12 13:00:54,747 - INFO - CSV write completed at 2025-07-12T13:00:54.747665
2025-07-12 13:00:59,572 - INFO - Switched to GUI-1 (Next toggle in 10s
2025-07-12 13:01:09,572 - INFO - Switched to GUI-2 (Next toggle in 5s
2025-07-12 13:01:14,572 - INFO - Switched to GUI-1 (Next toggle in 10s
2025-07-12 13:01:24,573 - INFO - Switched to GUI-2 (Next toggle in 5s
2025-07-12 13:01:24,785 - INFO - CSV write completed at 2025-07-12T13:01:24.785718
2025-07-12 13:01:29,573 - INFO - Switched to GUI-1 (Next toggle in 10s
2025-07-12 13:01:39,573 - INFO - Switched to GUI-2 (Next toggle in 5s
2025-07-12 13:01:44,574 - INFO - Switched to GUI-1 (Next toggle in 10s
2025-07-12 13:01:54,574 - INFO - Switched to GUI-2 (Next toggle in 5s
2025-07-12 13:01:54,788 - INFO - CSV write completed at 2025-07-12T13:01:54.788855
2025-07-12 13:01:59,574 - INFO - Switched to GUI-1 (Next toggle in 10s
2025-07-12 13:02:09,575 - INFO - Switched to GUI-2 (Next toggle in 5s
2025-07-12 13:02:14,575 - INFO - Switched to GUI-1 (Next toggle in 10s
2025-07-12 13:02:24,575 - INFO - Switched to GUI-2 (Next toggle in 5s
2025-07-12 13:02:24,791 - INFO - CSV write completed at 2025-07-12T13:02:24.791911
2025-07-12 13:02:29,576 - INFO - Switched to GUI-1 (Next toggle in 10s
2025-07-12 13:02:39,576 - INFO - Switched to GUI-2 (Next toggle in 5s
2025-07-12 13:02:44,576 - INFO - Switched to GUI-1 (Next toggle in 10s
2025-07-12 13:02:54,577 - INFO - Switched to GUI-2 (Next toggle in 5s
2025-07-12 13:02:54,795 - INFO - CSV write completed at 2025-07-12T13:02:54.795249
2025-07-12 13:02:59,577 - INFO - Switched to GUI-1 (Next toggle in 10s
2025-07-12 13:03:09,577 - INFO - Switched to GUI-2 (Next toggle in 5s
2025-07-12 13:03:14,578 - INFO - Switched to GUI-1 (Next toggle in 10s
2025-07-12 13:03:24,578 - INFO - Switched to GUI-2 (Next toggle in 5s
2025-07-12 13:03:24,798 - INFO - CSV write completed at 2025-07-12T13:03:24.798717
2025-07-12 13:03:29,578 - INFO - Switched to GUI-1 (Next toggle in 10s
2025-07-12 13:03:39,579 - INFO - Switched to GUI-2 (Next toggle in 5s
2025-07-12 13:03:44,579 - INFO - Switched to GUI-1 (Next toggle in 10s
2025-07-12 13:03:54,579 - INFO - Switched to GUI-2 (Next toggle in 5s
2025-07-12 13:03:54,810 - INFO - CSV write completed at 2025-07-12T13:03:54.810115
2025-07-12 13:03:59,580 - INFO - Switched to GUI-1 (Next toggle in 10s
2025-07-12 13:04:09,580 - INFO - Switched to GUI-2 (Next toggle in 5s
2025-07-12 13:04:14,580 - INFO - Switched to GUI-1 (Next toggle in 10s
2025-07-12 13:04:24,609 - INFO - Switched to GUI-2 (Next toggle in 5s
2025-07-12 13:04:24,815 - INFO - CSV write completed at 2025-07-12T13:04:24.815724
2025-07-12 13:04:29,609 - INFO - Switched to GUI-1 (Next toggle in 10s
2025-07-12 13:04:39,610 - INFO - Switched to GUI-2 (Next toggle in 5s
2025-07-12 13:04:44,610 - INFO - Switched to GUI-1 (Next toggle in 10s
2025-07-12 13:04:54,610 - INFO - Switched to GUI-2 (Next toggle in 5s
2025-07-12 13:04:54,873 - INFO - CSV write completed at 2025-07-12T13:04:54.873879
2025-07-12 13:04:59,611 - INFO - Switched to GUI-1 (Next toggle in 10s
2025-07-12 13:05:09,611 - INFO - Switched to GUI-2 (Next toggle in 5s
2025-07-12 13:05:14,612 - INFO - Switched to GUI-1 (Next toggle in 10s
2025-07-12 13:05:24,612 - INFO - Switched to GUI-2 (Next toggle in 5s
2025-07-12 13:05:24,909 - INFO - CSV write completed at 2025-07-12T13:05:24.909564
2025-07-12 13:05:29,613 - INFO - Switched to GUI-1 (Next toggle in 10s
2025-07-12 13:05:39,613 - INFO - Switched to GUI-2 (Next toggle in 5s
2025-07-12 13:05:44,613 - INFO - Switched to GUI-1 (Next toggle in 10s
2025-07-12 13:05:54,613 - INFO - Switched to GUI-2 (Next toggle in 5s
2025-07-12 13:05:54,914 - INFO - CSV write completed at 2025-07-12T13:05:54.914669
2025-07-12 13:05:59,614 - INFO - Switched to GUI-1 (Next toggle in 10s
2025-07-12 13:06:09,614 - INFO - Switched to GUI-2 (Next toggle in 5s
2025-07-12 13:06:14,614 - INFO - Switched to GUI-1 (Next toggle in 10s
2025-07-12 13:06:24,615 - INFO - Switched to GUI-2 (Next toggle in 5s
2025-07-12 13:06:24,921 - INFO - CSV write completed at 2025-07-12T13:06:24.921186
2025-07-12 13:06:29,616 - INFO - Switched to GUI-1 (Next toggle in 10s
2025-07-12 13:06:33,729 - ERROR - UV sensor error: [Errno 5] Input/output error
2025-07-12 13:06:33,775 - ERROR - Wind speed error: [Errno 5] Input/output error
2025-07-12 13:06:33,775 - ERROR - Wind direction error: [Errno 5] Input/output error
2025-07-12 13:06:33,776 - ERROR - Rainfall sensor error: [Errno 5] Input/output error
2025-07-12 13:06:34,776 - ERROR - Environment sensor error: [Errno 5] Input/output error
2025-07-12 13:06:34,778 - ERROR - UV sensor error: [Errno 5] Input/output error
2025-07-12 13:06:34,840 - ERROR - Wind speed error: [Errno 5] Input/output error
2025-07-12 13:06:34,840 - ERROR - Wind direction error: [Errno 5] Input/output error
2025-07-12 13:06:34,840 - ERROR - Rainfall sensor error: [Errno 5] Input/output error
2025-07-12 13:06:35,841 - ERROR - Environment sensor error: [Errno 5] Input/output error
2025-07-12 13:06:35,841 - ERROR - UV sensor error: [Errno 5] Input/output error
2025-07-12 13:06:35,911 - ERROR - Wind speed error: [Errno 5] Input/output error
2025-07-12 13:06:35,912 - ERROR - Wind direction error: [Errno 5] Input/output error
2025-07-12 13:06:35,912 - ERROR - Rainfall sensor error: [Errno 5] Input/output error
2025-07-12 13:06:36,912 - ERROR - Environment sensor error: [Errno 5] Input/output error
2025-07-12 13:06:36,912 - ERROR - UV sensor error: [Errno 5] Input/output error
2025-07-12 13:06:36,982 - ERROR - Wind speed error: [Errno 5] Input/output error
2025-07-12 13:06:36,982 - ERROR - Wind direction error: [Errno 5] Input/output error
2025-07-12 13:06:36,982 - ERROR - Rainfall sensor error: [Errno 5] Input/output error
2025-07-12 13:06:37,982 - ERROR - Environment sensor error: [Errno 5] Input/output error
2025-07-12 13:06:37,982 - ERROR - UV sensor error: [Errno 5] Input/output error
2025-07-12 13:06:38,027 - ERROR - Wind speed error: [Errno 5] Input/output error
2025-07-12 13:06:38,027 - ERROR - Wind direction error: [Errno 5] Input/output error
2025-07-12 13:06:38,027 - ERROR - Rainfall sensor error: [Errno 5] Input/output error
2025-07-12 13:06:39,027 - ERROR - Environment sensor error: [Errno 5] Input/output error
2025-07-12 13:06:39,027 - ERROR - UV sensor error: [Errno 5] Input/output error
2025-07-12 13:06:39,072 - ERROR - Wind speed error: [Errno 5] Input/output error
2025-07-12 13:06:39,072 - ERROR - Wind direction error: [Errno 5] Input/output error
2025-07-12 13:06:39,072 - ERROR - Rainfall sensor error: [Errno 5] Input/output error
2025-07-12 13:06:39,617 - INFO - Switched to GUI-2 (Next toggle in 5s
2025-07-12 13:06:40,072 - ERROR - Environment sensor error: [Errno 5] Input/output error
2025-07-12 13:06:40,072 - ERROR - UV sensor error: [Errno 5] Input/output error
2025-07-12 13:06:40,117 - ERROR - Wind speed error: [Errno 5] Input/output error
2025-07-12 13:06:40,117 - ERROR - Wind direction error: [Errno 5] Input/output error
2025-07-12 13:06:40,117 - ERROR - Rainfall sensor error: [Errno 5] Input/output error
2025-07-12 13:06:41,117 - ERROR - Environment sensor error: [Errno 5] Input/output error
2025-07-12 13:06:41,117 - ERROR - UV sensor error: [Errno 5] Input/output error
2025-07-12 13:06:41,161 - ERROR - Wind speed error: [Errno 5] Input/output error
2025-07-12 13:06:41,162 - ERROR - Wind direction error: [Errno 5] Input/output error
2025-07-12 13:06:41,162 - ERROR - Rainfall sensor error: [Errno 5] Input/output error
2025-07-12 13:06:42,162 - ERROR - Environment sensor error: [Errno 5] Input/output error
2025-07-12 13:06:42,162 - ERROR - UV sensor error: [Errno 5] Input/output error
2025-07-12 13:06:42,206 - ERROR - Wind speed error: [Errno 5] Input/output error
2025-07-12 13:06:42,206 - ERROR - Wind direction error: [Errno 5] Input/output error
2025-07-12 13:06:42,206 - ERROR - Rainfall sensor error: [Errno 5] Input/output error
2025-07-12 13:06:43,207 - ERROR - Environment sensor error: [Errno 5] Input/output error
2025-07-12 13:06:43,207 - ERROR - UV sensor error: [Errno 5] Input/output error
2025-07-12 13:06:43,251 - ERROR - Wind speed error: [Errno 5] Input/output error
2025-07-12 13:06:43,251 - ERROR - Wind direction error: [Errno 5] Input/output error
2025-07-12 13:06:43,251 - ERROR - Rainfall sensor error: [Errno 5] Input/output error
2025-07-12 13:06:44,251 - ERROR - Environment sensor error: [Errno 5] Input/output error
2025-07-12 13:06:44,251 - ERROR - UV sensor error: [Errno 5] Input/output error
2025-07-12 13:06:44,295 - ERROR - Wind speed error: [Errno 5] Input/output error
2025-07-12 13:06:44,296 - ERROR - Wind direction error: [Errno 5] Input/output error
2025-07-12 13:06:44,296 - ERROR - Rainfall sensor error: [Errno 5] Input/output error
2025-07-12 13:06:44,617 - INFO - Switched to GUI-1 (Next toggle in 10s
2025-07-12 13:06:45,296 - ERROR - Environment sensor error: [Errno 5] Input/output error
2025-07-12 13:06:45,296 - ERROR - UV sensor error: [Errno 5] Input/output error
2025-07-12 13:06:45,340 - ERROR - Wind speed error: [Errno 5] Input/output error
2025-07-12 13:06:45,340 - ERROR - Wind direction error: [Errno 5] Input/output error
2025-07-12 13:06:45,341 - ERROR - Rainfall sensor error: [Errno 5] Input/output error
2025-07-12 13:06:46,341 - ERROR - Environment sensor error: [Errno 5] Input/output error
2025-07-12 13:06:46,341 - ERROR - UV sensor error: [Errno 5] Input/output error
2025-07-12 13:06:46,385 - ERROR - Wind speed error: [Errno 5] Input/output error
2025-07-12 13:06:46,385 - ERROR - Wind direction error: [Errno 5] Input/output error
2025-07-12 13:06:46,385 - ERROR - Rainfall sensor error: [Errno 5] Input/output error
2025-07-12 13:06:47,386 - ERROR - Environment sensor error: [Errno 5] Input/output error
2025-07-12 13:06:47,386 - ERROR - UV sensor error: [Errno 5] Input/output error
2025-07-12 13:06:47,451 - ERROR - Wind speed error: [Errno 5] Input/output error
2025-07-12 13:06:47,451 - ERROR - Wind direction error: [Errno 5] Input/output error
2025-07-12 13:06:47,451 - ERROR - Rainfall sensor error: [Errno 5] Input/output error
2025-07-12 13:06:48,451 - ERROR - Environment sensor error: [Errno 5] Input/output error
2025-07-12 13:06:48,451 - ERROR - UV sensor error: [Errno 5] Input/output error
2025-07-12 13:06:48,496 - ERROR - Wind speed error: [Errno 5] Input/output error
2025-07-12 13:06:48,496 - ERROR - Wind direction error: [Errno 5] Input/output error
2025-07-12 13:06:48,496 - ERROR - Rainfall sensor error: [Errno 5] Input/output error
2025-07-12 13:06:49,496 - ERROR - Environment sensor error: [Errno 5] Input/output error
2025-07-12 13:06:49,496 - ERROR - UV sensor error: [Errno 5] Input/output error
2025-07-12 13:06:49,540 - ERROR - Wind speed error: [Errno 5] Input/output error
2025-07-12 13:06:49,540 - ERROR - Wind direction error: [Errno 5] Input/output error
2025-07-12 13:06:49,540 - ERROR - Rainfall sensor error: [Errno 5] Input/output error
2025-07-12 13:06:50,541 - ERROR - Environment sensor error: [Errno 5] Input/output error
2025-07-12 13:06:50,541 - ERROR - UV sensor error: [Errno 5] Input/output error
2025-07-12 13:06:50,585 - ERROR - Wind speed error: [Errno 5] Input/output error
2025-07-12 13:06:50,585 - ERROR - Wind direction error: [Errno 5] Input/output error
2025-07-12 13:06:50,585 - ERROR - Rainfall sensor error: [Errno 5] Input/output error
2025-07-12 13:06:51,585 - ERROR - Environment sensor error: [Errno 5] Input/output error
2025-07-12 13:06:51,585 - ERROR - UV sensor error: [Errno 5] Input/output error
2025-07-12 13:06:51,629 - ERROR - Wind speed error: [Errno 5] Input/output error
2025-07-12 13:06:51,630 - ERROR - Wind direction error: [Errno 5] Input/output error
2025-07-12 13:06:51,630 - ERROR - Rainfall sensor error: [Errno 5] Input/output error
2025-07-12 13:06:52,630 - ERROR - Environment sensor error: [Errno 5] Input/output error
2025-07-12 13:06:52,630 - ERROR - UV sensor error: [Errno 5] Input/output error
2025-07-12 13:06:52,699 - ERROR - Wind speed error: [Errno 5] Input/output error
2025-07-12 13:06:52,700 - ERROR - Wind direction error: [Errno 5] Input/output error
2025-07-12 13:06:52,700 - ERROR - Rainfall sensor error: [Errno 5] Input/output error
2025-07-12 13:06:53,700 - ERROR - Environment sensor error: [Errno 5] Input/output error
2025-07-12 13:06:53,700 - ERROR - UV sensor error: [Errno 5] Input/output error
2025-07-12 13:06:53,744 - ERROR - Wind speed error: [Errno 5] Input/output error
2025-07-12 13:06:53,744 - ERROR - Wind direction error: [Errno 5] Input/output error
2025-07-12 13:06:53,744 - ERROR - Rainfall sensor error: [Errno 5] Input/output error
2025-07-12 13:06:54,617 - INFO - Switched to GUI-2 (Next toggle in 5s
2025-07-12 13:06:54,744 - ERROR - Environment sensor error: [Errno 5] Input/output error
2025-07-12 13:06:54,744 - ERROR - UV sensor error: [Errno 5] Input/output error
2025-07-12 13:06:54,788 - ERROR - Wind speed error: [Errno 5] Input/output error
2025-07-12 13:06:54,788 - ERROR - Wind direction error: [Errno 5] Input/output error
2025-07-12 13:06:54,788 - ERROR - Rainfall sensor error: [Errno 5] Input/output error
2025-07-12 13:06:54,924 - INFO - CSV write completed at 2025-07-12T13:06:54.923991
2025-07-12 13:06:55,788 - ERROR - Environment sensor error: [Errno 5] Input/output error
2025-07-12 13:06:55,789 - ERROR - UV sensor error: [Errno 5] Input/output error
2025-07-12 13:06:55,833 - ERROR - Wind speed error: [Errno 5] Input/output error
2025-07-12 13:06:55,833 - ERROR - Wind direction error: [Errno 5] Input/output error
2025-07-12 13:06:55,833 - ERROR - Rainfall sensor error: [Errno 5] Input/output error
2025-07-12 13:06:56,834 - ERROR - Environment sensor error: [Errno 5] Input/output error
2025-07-12 13:06:56,834 - ERROR - UV sensor error: [Errno 5] Input/output error
2025-07-12 13:06:56,878 - ERROR - Wind speed error: [Errno 5] Input/output error
2025-07-12 13:06:56,878 - ERROR - Wind direction error: [Errno 5] Input/output error
2025-07-12 13:06:56,878 - ERROR - Rainfall sensor error: [Errno 5] Input/output error
2025-07-12 13:06:57,878 - ERROR - Environment sensor error: [Errno 5] Input/output error
2025-07-12 13:06:57,878 - ERROR - UV sensor error: [Errno 5] Input/output error
2025-07-12 13:06:57,922 - ERROR - Wind speed error: [Errno 5] Input/output error
2025-07-12 13:06:57,922 - ERROR - Wind direction error: [Errno 5] Input/output error
2025-07-12 13:06:57,922 - ERROR - Rainfall sensor error: [Errno 5] Input/output error
2025-07-12 13:06:58,922 - ERROR - Environment sensor error: [Errno 5] Input/output error
2025-07-12 13:06:58,922 - ERROR - UV sensor error: [Errno 5] Input/output error
2025-07-12 13:06:58,988 - ERROR - Wind speed error: [Errno 5] Input/output error
2025-07-12 13:06:58,989 - ERROR - Wind direction error: [Errno 5] Input/output error
2025-07-12 13:06:58,989 - ERROR - Rainfall sensor error: [Errno 5] Input/output error
2025-07-12 13:06:59,617 - INFO - Switched to GUI-1 (Next toggle in 10s
2025-07-12 13:06:59,989 - ERROR - Environment sensor error: [Errno 5] Input/output error
2025-07-12 13:06:59,989 - ERROR - UV sensor error: [Errno 5] Input/output error
2025-07-12 13:07:00,058 - ERROR - Wind speed error: [Errno 5] Input/output error
2025-07-12 13:07:00,058 - ERROR - Wind direction error: [Errno 5] Input/output error
2025-07-12 13:07:00,058 - ERROR - Rainfall sensor error: [Errno 5] Input/output error
2025-07-12 13:07:01,058 - ERROR - Environment sensor error: [Errno 5] Input/output error
2025-07-12 13:07:01,059 - ERROR - UV sensor error: [Errno 5] Input/output error
2025-07-12 13:07:01,102 - ERROR - Wind speed error: [Errno 5] Input/output error
2025-07-12 13:07:01,103 - ERROR - Wind direction error: [Errno 5] Input/output error
2025-07-12 13:07:01,103 - ERROR - Rainfall sensor error: [Errno 5] Input/output error
2025-07-12 13:07:02,103 - ERROR - Environment sensor error: [Errno 5] Input/output error
2025-07-12 13:07:02,103 - ERROR - UV sensor error: [Errno 5] Input/output error
2025-07-12 13:07:02,147 - ERROR - Wind speed error: [Errno 5] Input/output error
2025-07-12 13:07:02,147 - ERROR - Wind direction error: [Errno 5] Input/output error
2025-07-12 13:07:02,147 - ERROR - Rainfall sensor error: [Errno 5] Input/output error
2025-07-12 13:07:03,147 - ERROR - Environment sensor error: [Errno 5] Input/output error
2025-07-12 13:07:03,148 - ERROR - UV sensor error: [Errno 5] Input/output error
2025-07-12 13:07:03,192 - ERROR - Wind speed error: [Errno 5] Input/output error
2025-07-12 13:07:03,192 - ERROR - Wind direction error: [Errno 5] Input/output error
2025-07-12 13:07:03,192 - ERROR - Rainfall sensor error: [Errno 5] Input/output error
2025-07-12 13:07:04,192 - ERROR - Environment sensor error: [Errno 5] Input/output error
2025-07-12 13:07:04,192 - ERROR - UV sensor error: [Errno 5] Input/output error
2025-07-12 13:07:04,236 - ERROR - Wind speed error: [Errno 5] Input/output error
2025-07-12 13:07:04,236 - ERROR - Wind direction error: [Errno 5] Input/output error
2025-07-12 13:07:04,236 - ERROR - Rainfall sensor error: [Errno 5] Input/output error
2025-07-12 13:07:05,237 - ERROR - Environment sensor error: [Errno 5] Input/output error
2025-07-12 13:07:05,237 - ERROR - UV sensor error: [Errno 5] Input/output error
2025-07-12 13:07:05,281 - ERROR - Wind speed error: [Errno 5] Input/output error
2025-07-12 13:07:05,281 - ERROR - Wind direction error: [Errno 5] Input/output error
2025-07-12 13:07:05,281 - ERROR - Rainfall sensor error: [Errno 5] Input/output error
2025-07-12 13:07:06,281 - ERROR - Environment sensor error: [Errno 5] Input/output error
2025-07-12 13:07:06,281 - ERROR - UV sensor error: [Errno 5] Input/output error
2025-07-12 13:07:06,327 - ERROR - Wind speed error: [Errno 5] Input/output error
2025-07-12 13:07:06,327 - ERROR - Wind direction error: [Errno 5] Input/output error
2025-07-12 13:07:06,327 - ERROR - Rainfall sensor error: [Errno 5] Input/output error
2025-07-12 13:07:07,327 - ERROR - Environment sensor error: [Errno 5] Input/output error
2025-07-12 13:07:07,327 - ERROR - UV sensor error: [Errno 5] Input/output error
2025-07-12 13:07:07,372 - ERROR - Wind speed error: [Errno 5] Input/output error
2025-07-12 13:07:07,372 - ERROR - Wind direction error: [Errno 5] Input/output error
2025-07-12 13:07:07,372 - ERROR - Rainfall sensor error: [Errno 5] Input/output error
2025-07-12 13:07:08,372 - ERROR - Environment sensor error: [Errno 5] Input/output error
2025-07-12 13:07:08,372 - ERROR - UV sensor error: [Errno 5] Input/output error
2025-07-12 13:07:08,417 - ERROR - Wind speed error: [Errno 5] Input/output error
2025-07-12 13:07:08,417 - ERROR - Wind direction error: [Errno 5] Input/output error
2025-07-12 13:07:08,417 - ERROR - Rainfall sensor error: [Errno 5] Input/output error
2025-07-12 13:07:09,417 - ERROR - Environment sensor error: [Errno 5] Input/output error
2025-07-12 13:07:09,417 - ERROR - UV sensor error: [Errno 5] Input/output error
2025-07-12 13:07:09,461 - ERROR - Wind speed error: [Errno 5] Input/output error
2025-07-12 13:07:09,461 - ERROR - Wind direction error: [Errno 5] Input/output error
2025-07-12 13:07:09,462 - ERROR - Rainfall sensor error: [Errno 5] Input/output error
2025-07-12 13:07:09,618 - INFO - Switched to GUI-2 (Next toggle in 5s
2025-07-12 13:07:10,462 - ERROR - Environment sensor error: [Errno 5] Input/output error
2025-07-12 13:07:10,462 - ERROR - UV sensor error: [Errno 5] Input/output error
2025-07-12 13:07:10,531 - ERROR - Wind speed error: [Errno 5] Input/output error
2025-07-12 13:07:10,531 - ERROR - Wind direction error: [Errno 5] Input/output error
2025-07-12 13:07:10,531 - ERROR - Rainfall sensor error: [Errno 5] Input/output error
2025-07-12 13:07:11,531 - ERROR - Environment sensor error: [Errno 5] Input/output error
2025-07-12 13:07:11,533 - ERROR - UV sensor error: [Errno 5] Input/output error
2025-07-12 13:07:11,602 - ERROR - Wind speed error: [Errno 5] Input/output error
2025-07-12 13:07:11,602 - ERROR - Wind direction error: [Errno 5] Input/output error
2025-07-12 13:07:11,603 - ERROR - Rainfall sensor error: [Errno 5] Input/output error
2025-07-12 13:07:12,603 - ERROR - Environment sensor error: [Errno 5] Input/output error
2025-07-12 13:07:12,603 - ERROR - UV sensor error: [Errno 5] Input/output error
2025-07-12 13:07:12,672 - ERROR - Wind speed error: [Errno 5] Input/output error
2025-07-12 13:07:12,672 - ERROR - Wind direction error: [Errno 5] Input/output error
2025-07-12 13:07:12,672 - ERROR - Rainfall sensor error: [Errno 5] Input/output error
2025-07-12 13:07:13,672 - ERROR - Environment sensor error: [Errno 5] Input/output error
2025-07-12 13:07:13,672 - ERROR - UV sensor error: [Errno 5] Input/output error
2025-07-12 13:07:13,717 - ERROR - Wind speed error: [Errno 5] Input/output error
2025-07-12 13:07:13,717 - ERROR - Wind direction error: [Errno 5] Input/output error
2025-07-12 13:07:13,717 - ERROR - Rainfall sensor error: [Errno 5] Input/output error
2025-07-12 13:07:14,618 - INFO - Switched to GUI-1 (Next toggle in 10s
2025-07-12 13:07:14,717 - ERROR - Environment sensor error: [Errno 5] Input/output error
2025-07-12 13:07:14,718 - ERROR - UV sensor error: [Errno 5] Input/output error
2025-07-12 13:07:14,764 - ERROR - Wind speed error: [Errno 5] Input/output error
2025-07-12 13:07:14,764 - ERROR - Wind direction error: [Errno 5] Input/output error
2025-07-12 13:07:14,764 - ERROR - Rainfall sensor error: [Errno 5] Input/output error
2025-07-12 13:07:15,764 - ERROR - Environment sensor error: [Errno 5] Input/output error
2025-07-12 13:07:15,764 - ERROR - UV sensor error: [Errno 5] Input/output error
2025-07-12 13:07:15,809 - ERROR - Wind speed error: [Errno 5] Input/output error
2025-07-12 13:07:15,809 - ERROR - Wind direction error: [Errno 5] Input/output error
2025-07-12 13:07:15,809 - ERROR - Rainfall sensor error: [Errno 5] Input/output error
2025-07-12 13:07:16,809 - ERROR - Environment sensor error: [Errno 5] Input/output error
2025-07-12 13:07:16,809 - ERROR - UV sensor error: [Errno 5] Input/output error
2025-07-12 13:07:16,854 - ERROR - Wind speed error: [Errno 5] Input/output error
2025-07-12 13:07:16,854 - ERROR - Wind direction error: [Errno 5] Input/output error
2025-07-12 13:07:16,854 - ERROR - Rainfall sensor error: [Errno 5] Input/output error
2025-07-12 13:07:17,854 - ERROR - Environment sensor error: [Errno 5] Input/output error
2025-07-12 13:07:17,854 - ERROR - UV sensor error: [Errno 5] Input/output error
2025-07-12 13:07:17,899 - ERROR - Wind speed error: [Errno 5] Input/output error
2025-07-12 13:07:17,899 - ERROR - Wind direction error: [Errno 5] Input/output error
2025-07-12 13:07:17,899 - ERROR - Rainfall sensor error: [Errno 5] Input/output error
2025-07-12 13:07:18,899 - ERROR - Environment sensor error: [Errno 5] Input/output error
2025-07-12 13:07:18,899 - ERROR - UV sensor error: [Errno 5] Input/output error
2025-07-12 13:07:18,943 - ERROR - Wind speed error: [Errno 5] Input/output error
2025-07-12 13:07:18,943 - ERROR - Wind direction error: [Errno 5] Input/output error
2025-07-12 13:07:18,943 - ERROR - Rainfall sensor error: [Errno 5] Input/output error
2025-07-12 13:07:19,944 - ERROR - Environment sensor error: [Errno 5] Input/output error
2025-07-12 13:07:19,944 - ERROR - UV sensor error: [Errno 5] Input/output error
2025-07-12 13:07:19,988 - ERROR - Wind speed error: [Errno 5] Input/output error
2025-07-12 13:07:19,988 - ERROR - Wind direction error: [Errno 5] Input/output error
2025-07-12 13:07:19,988 - ERROR - Rainfall sensor error: [Errno 5] Input/output error
2025-07-12 13:07:20,989 - ERROR - Environment sensor error: [Errno 5] Input/output error
2025-07-12 13:07:20,989 - ERROR - UV sensor error: [Errno 5] Input/output error
2025-07-12 13:07:21,033 - ERROR - Wind speed error: [Errno 5] Input/output error
2025-07-12 13:07:21,033 - ERROR - Wind direction error: [Errno 5] Input/output error
2025-07-12 13:07:21,033 - ERROR - Rainfall sensor error: [Errno 5] Input/output error
2025-07-12 13:07:22,033 - ERROR - Environment sensor error: [Errno 5] Input/output error
2025-07-12 13:07:22,033 - ERROR - UV sensor error: [Errno 5] Input/output error
2025-07-12 13:07:22,077 - ERROR - Wind speed error: [Errno 5] Input/output error
2025-07-12 13:07:22,077 - ERROR - Wind direction error: [Errno 5] Input/output error
2025-07-12 13:07:22,077 - ERROR - Rainfall sensor error: [Errno 5] Input/output error
2025-07-12 13:07:23,077 - ERROR - Environment sensor error: [Errno 5] Input/output error
2025-07-12 13:07:23,077 - ERROR - UV sensor error: [Errno 5] Input/output error
2025-07-12 13:07:23,146 - ERROR - Wind speed error: [Errno 5] Input/output error
2025-07-12 13:07:23,146 - ERROR - Wind direction error: [Errno 5] Input/output error
2025-07-12 13:07:23,146 - ERROR - Rainfall sensor error: [Errno 5] Input/output error
2025-07-12 13:07:24,147 - ERROR - Environment sensor error: [Errno 5] Input/output error
2025-07-12 13:07:24,147 - ERROR - UV sensor error: [Errno 5] Input/output error
2025-07-12 13:07:24,191 - ERROR - Wind speed error: [Errno 5] Input/output error
2025-07-12 13:07:24,191 - ERROR - Wind direction error: [Errno 5] Input/output error
2025-07-12 13:07:24,191 - ERROR - Rainfall sensor error: [Errno 5] Input/output error
2025-07-12 13:07:24,618 - INFO - Switched to GUI-2 (Next toggle in 5s
2025-07-12 13:07:24,942 - INFO - CSV write completed at 2025-07-12T13:07:24.942870
2025-07-12 13:07:25,191 - ERROR - Environment sensor error: [Errno 5] Input/output error
2025-07-12 13:07:25,191 - ERROR - UV sensor error: [Errno 5] Input/output error
2025-07-12 13:07:25,235 - ERROR - Wind speed error: [Errno 5] Input/output error
2025-07-12 13:07:25,236 - ERROR - Wind direction error: [Errno 5] Input/output error
2025-07-12 13:07:25,236 - ERROR - Rainfall sensor error: [Errno 5] Input/output error
2025-07-12 13:07:26,236 - ERROR - Environment sensor error: [Errno 5] Input/output error
2025-07-12 13:07:26,236 - ERROR - UV sensor error: [Errno 5] Input/output error
2025-07-12 13:07:26,280 - ERROR - Wind speed error: [Errno 5] Input/output error
2025-07-12 13:07:26,280 - ERROR - Wind direction error: [Errno 5] Input/output error
2025-07-12 13:07:26,280 - ERROR - Rainfall sensor error: [Errno 5] Input/output error
2025-07-12 13:07:27,280 - ERROR - Environment sensor error: [Errno 5] Input/output error
2025-07-12 13:07:27,280 - ERROR - UV sensor error: [Errno 5] Input/output error
2025-07-12 13:07:27,325 - ERROR - Wind speed error: [Errno 5] Input/output error
2025-07-12 13:07:27,325 - ERROR - Wind direction error: [Errno 5] Input/output error
2025-07-12 13:07:27,325 - ERROR - Rainfall sensor error: [Errno 5] Input/output error
2025-07-12 13:07:28,325 - ERROR - Environment sensor error: [Errno 5] Input/output error
2025-07-12 13:07:28,325 - ERROR - UV sensor error: [Errno 5] Input/output error
2025-07-12 13:07:28,392 - ERROR - Wind speed error: [Errno 5] Input/output error
2025-07-12 13:07:28,392 - ERROR - Wind direction error: [Errno 5] Input/output error
2025-07-12 13:07:28,392 - ERROR - Rainfall sensor error: [Errno 5] Input/output error
2025-07-12 13:07:29,392 - ERROR - Environment sensor error: [Errno 5] Input/output error
2025-07-12 13:07:29,393 - ERROR - UV sensor error: [Errno 5] Input/output error
2025-07-12 13:07:29,436 - ERROR - Wind speed error: [Errno 5] Input/output error
2025-07-12 13:07:29,437 - ERROR - Wind direction error: [Errno 5] Input/output error
2025-07-12 13:07:29,437 - ERROR - Rainfall sensor error: [Errno 5] Input/output error
2025-07-12 13:07:29,619 - INFO - Switched to GUI-1 (Next toggle in 10s
2025-07-12 13:07:30,437 - ERROR - Environment sensor error: [Errno 5] Input/output error
2025-07-12 13:07:30,437 - ERROR - UV sensor error: [Errno 5] Input/output error
2025-07-12 13:07:30,481 - ERROR - Wind speed error: [Errno 5] Input/output error
2025-07-12 13:07:30,481 - ERROR - Wind direction error: [Errno 5] Input/output error
2025-07-12 13:07:30,481 - ERROR - Rainfall sensor error: [Errno 5] Input/output error
2025-07-12 13:07:31,481 - ERROR - Environment sensor error: [Errno 5] Input/output error
2025-07-12 13:07:31,481 - ERROR - UV sensor error: [Errno 5] Input/output error
2025-07-12 13:07:31,526 - ERROR - Wind speed error: [Errno 5] Input/output error
2025-07-12 13:07:31,526 - ERROR - Wind direction error: [Errno 5] Input/output error
2025-07-12 13:07:31,526 - ERROR - Rainfall sensor error: [Errno 5] Input/output error
2025-07-12 13:07:32,526 - ERROR - Environment sensor error: [Errno 5] Input/output error
2025-07-12 13:07:32,526 - ERROR - UV sensor error: [Errno 5] Input/output error
2025-07-12 13:07:32,571 - ERROR - Wind speed error: [Errno 5] Input/output error
2025-07-12 13:07:32,571 - ERROR - Wind direction error: [Errno 5] Input/output error
2025-07-12 13:07:32,571 - ERROR - Rainfall sensor error: [Errno 5] Input/output error
2025-07-12 13:07:33,571 - ERROR - Environment sensor error: [Errno 5] Input/output error
2025-07-12 13:07:33,571 - ERROR - UV sensor error: [Errno 5] Input/output error
2025-07-12 13:07:33,641 - ERROR - Wind speed error: [Errno 5] Input/output error
2025-07-12 13:07:33,641 - ERROR - Wind direction error: [Errno 5] Input/output error
2025-07-12 13:07:33,641 - ERROR - Rainfall sensor error: [Errno 5] Input/output error
2025-07-12 13:07:34,641 - ERROR - Environment sensor error: [Errno 5] Input/output error
2025-07-12 13:07:34,641 - ERROR - UV sensor error: [Errno 5] Input/output error
2025-07-12 13:07:34,706 - ERROR - Wind speed error: [Errno 5] Input/output error
2025-07-12 13:07:34,706 - ERROR - Wind direction error: [Errno 5] Input/output error
2025-07-12 13:07:34,706 - ERROR - Rainfall sensor error: [Errno 5] Input/output error
2025-07-12 13:07:35,707 - ERROR - Environment sensor error: [Errno 5] Input/output error
2025-07-12 13:07:35,707 - ERROR - UV sensor error: [Errno 5] Input/output error
2025-07-12 13:07:35,776 - ERROR - Wind speed error: [Errno 5] Input/output error
2025-07-12 13:07:35,777 - ERROR - Wind direction error: [Errno 5] Input/output error
2025-07-12 13:07:35,777 - ERROR - Rainfall sensor error: [Errno 5] Input/output error
2025-07-12 13:07:36,777 - ERROR - Environment sensor error: [Errno 5] Input/output error
2025-07-12 13:07:36,777 - ERROR - UV sensor error: [Errno 5] Input/output error
2025-07-12 13:07:36,821 - ERROR - Wind speed error: [Errno 5] Input/output error
2025-07-12 13:07:36,821 - ERROR - Wind direction error: [Errno 5] Input/output error
2025-07-12 13:07:36,821 - ERROR - Rainfall sensor error: [Errno 5] Input/output error
2025-07-12 13:07:37,821 - ERROR - Environment sensor error: [Errno 5] Input/output error
2025-07-12 13:07:37,821 - ERROR - UV sensor error: [Errno 5] Input/output error
2025-07-12 13:07:37,866 - ERROR - Wind speed error: [Errno 5] Input/output error
2025-07-12 13:07:37,866 - ERROR - Wind direction error: [Errno 5] Input/output error
2025-07-12 13:07:37,866 - ERROR - Rainfall sensor error: [Errno 5] Input/output error
2025-07-12 13:07:38,866 - ERROR - Environment sensor error: [Errno 5] Input/output error
2025-07-12 13:07:38,866 - ERROR - UV sensor error: [Errno 5] Input/output error
2025-07-12 13:07:38,911 - ERROR - Wind speed error: [Errno 5] Input/output error
2025-07-12 13:07:38,911 - ERROR - Wind direction error: [Errno 5] Input/output error
2025-07-12 13:07:38,911 - ERROR - Rainfall sensor error: [Errno 5] Input/output error
2025-07-12 13:07:39,619 - INFO - Switched to GUI-2 (Next toggle in 5s
2025-07-12 13:07:39,911 - ERROR - Environment sensor error: [Errno 5] Input/output error
2025-07-12 13:07:39,911 - ERROR - UV sensor error: [Errno 5] Input/output error
2025-07-12 13:07:39,955 - ERROR - Wind speed error: [Errno 5] Input/output error
2025-07-12 13:07:39,955 - ERROR - Wind direction error: [Errno 5] Input/output error
2025-07-12 13:07:39,955 - ERROR - Rainfall sensor error: [Errno 5] Input/output error
2025-07-12 13:07:40,955 - ERROR - Environment sensor error: [Errno 5] Input/output error
2025-07-12 13:07:40,956 - ERROR - UV sensor error: [Errno 5] Input/output error
2025-07-12 13:07:41,021 - ERROR - Wind speed error: [Errno 5] Input/output error
2025-07-12 13:07:41,021 - ERROR - Wind direction error: [Errno 5] Input/output error
2025-07-12 13:07:41,021 - ERROR - Rainfall sensor error: [Errno 5] Input/output error
2025-07-12 13:07:42,021 - ERROR - Environment sensor error: [Errno 5] Input/output error
2025-07-12 13:07:42,021 - ERROR - UV sensor error: [Errno 5] Input/output error
2025-07-12 13:07:42,065 - ERROR - Wind speed error: [Errno 5] Input/output error
2025-07-12 13:07:42,066 - ERROR - Wind direction error: [Errno 5] Input/output error
2025-07-12 13:07:42,066 - ERROR - Rainfall sensor error: [Errno 5] Input/output error
2025-07-12 13:07:43,066 - ERROR - Environment sensor error: [Errno 5] Input/output error
2025-07-12 13:07:43,066 - ERROR - UV sensor error: [Errno 5] Input/output error
2025-07-12 13:07:43,110 - ERROR - Wind speed error: [Errno 5] Input/output error
2025-07-12 13:07:43,110 - ERROR - Wind direction error: [Errno 5] Input/output error
2025-07-12 13:07:43,110 - ERROR - Rainfall sensor error: [Errno 5] Input/output error
2025-07-12 13:07:44,110 - ERROR - Environment sensor error: [Errno 5] Input/output error
2025-07-12 13:07:44,110 - ERROR - UV sensor error: [Errno 5] Input/output error
2025-07-12 13:07:44,155 - ERROR - Wind speed error: [Errno 5] Input/output error
2025-07-12 13:07:44,155 - ERROR - Wind direction error: [Errno 5] Input/output error
2025-07-12 13:07:44,155 - ERROR - Rainfall sensor error: [Errno 5] Input/output error
2025-07-12 13:07:44,619 - INFO - Switched to GUI-1 (Next toggle in 10s
2025-07-12 13:07:45,155 - ERROR - Environment sensor error: [Errno 5] Input/output error
2025-07-12 13:07:45,155 - ERROR - UV sensor error: [Errno 5] Input/output error
2025-07-12 13:07:45,200 - ERROR - Wind speed error: [Errno 5] Input/output error
2025-07-12 13:07:45,200 - ERROR - Wind direction error: [Errno 5] Input/output error
2025-07-12 13:07:45,200 - ERROR - Rainfall sensor error: [Errno 5] Input/output error
2025-07-12 13:07:46,200 - ERROR - Environment sensor error: [Errno 5] Input/output error
2025-07-12 13:07:46,200 - ERROR - UV sensor error: [Errno 5] Input/output error
2025-07-12 13:07:46,265 - ERROR - Wind speed error: [Errno 5] Input/output error
2025-07-12 13:07:46,265 - ERROR - Wind direction error: [Errno 5] Input/output error
2025-07-12 13:07:46,265 - ERROR - Rainfall sensor error: [Errno 5] Input/output error
2025-07-12 13:07:47,266 - ERROR - Environment sensor error: [Errno 5] Input/output error
2025-07-12 13:07:47,266 - ERROR - UV sensor error: [Errno 5] Input/output error
2025-07-12 13:07:47,332 - ERROR - Wind speed error: [Errno 5] Input/output error
2025-07-12 13:07:47,332 - ERROR - Wind direction error: [Errno 5] Input/output error
2025-07-12 13:07:47,332 - ERROR - Rainfall sensor error: [Errno 5] Input/output error
2025-07-12 13:07:48,332 - ERROR - Environment sensor error: [Errno 5] Input/output error
2025-07-12 13:07:48,332 - ERROR - UV sensor error: [Errno 5] Input/output error
2025-07-12 13:07:48,377 - ERROR - Wind speed error: [Errno 5] Input/output error
2025-07-12 13:07:48,377 - ERROR - Wind direction error: [Errno 5] Input/output error
2025-07-12 13:07:48,377 - ERROR - Rainfall sensor error: [Errno 5] Input/output error
2025-07-12 13:07:49,377 - ERROR - Environment sensor error: [Errno 5] Input/output error
2025-07-12 13:07:49,377 - ERROR - UV sensor error: [Errno 5] Input/output error
2025-07-12 13:07:49,421 - ERROR - Wind speed error: [Errno 5] Input/output error
2025-07-12 13:07:49,421 - ERROR - Wind direction error: [Errno 5] Input/output error
2025-07-12 13:07:49,421 - ERROR - Rainfall sensor error: [Errno 5] Input/output error
2025-07-12 13:07:50,421 - ERROR - Environment sensor error: [Errno 5] Input/output error
2025-07-12 13:07:50,421 - ERROR - UV sensor error: [Errno 5] Input/output error
2025-07-12 13:07:50,466 - ERROR - Wind speed error: [Errno 5] Input/output error
2025-07-12 13:07:50,466 - ERROR - Wind direction error: [Errno 5] Input/output error
2025-07-12 13:07:50,466 - ERROR - Rainfall sensor error: [Errno 5] Input/output error
2025-07-12 13:07:51,466 - ERROR - Environment sensor error: [Errno 5] Input/output error
2025-07-12 13:07:51,466 - ERROR - UV sensor error: [Errno 5] Input/output error
2025-07-12 13:07:51,510 - ERROR - Wind speed error: [Errno 5] Input/output error
2025-07-12 13:07:51,511 - ERROR - Wind direction error: [Errno 5] Input/output error
2025-07-12 13:07:51,511 - ERROR - Rainfall sensor error: [Errno 5] Input/output error
2025-07-12 13:07:52,511 - ERROR - Environment sensor error: [Errno 5] Input/output error
2025-07-12 13:07:52,511 - ERROR - UV sensor error: [Errno 5] Input/output error
2025-07-12 13:07:52,555 - ERROR - Wind speed error: [Errno 5] Input/output error
2025-07-12 13:07:52,555 - ERROR - Wind direction error: [Errno 5] Input/output error
2025-07-12 13:07:52,555 - ERROR - Rainfall sensor error: [Errno 5] Input/output error
2025-07-12 13:07:53,556 - ERROR - Environment sensor error: [Errno 5] Input/output error
2025-07-12 13:07:53,556 - ERROR - UV sensor error: [Errno 5] Input/output error
2025-07-12 13:07:53,600 - ERROR - Wind speed error: [Errno 5] Input/output error
2025-07-12 13:07:53,600 - ERROR - Wind direction error: [Errno 5] Input/output error
2025-07-12 13:07:53,600 - ERROR - Rainfall sensor error: [Errno 5] Input/output error
2025-07-12 13:07:54,600 - ERROR - Environment sensor error: [Errno 5] Input/output error
2025-07-12 13:07:54,600 - ERROR - UV sensor error: [Errno 5] Input/output error
2025-07-12 13:07:54,644 - INFO - Switched to GUI-2 (Next toggle in 5s
2025-07-12 13:07:54,645 - ERROR - Wind speed error: [Errno 5] Input/output error
2025-07-12 13:07:54,645 - ERROR - Wind direction error: [Errno 5] Input/output error
2025-07-12 13:07:54,645 - ERROR - Rainfall sensor error: [Errno 5] Input/output error
2025-07-12 13:07:54,955 - INFO - CSV write completed at 2025-07-12T13:07:54.955536
2025-07-12 13:07:55,645 - ERROR - Environment sensor error: [Errno 5] Input/output error
2025-07-12 13:07:55,645 - ERROR - UV sensor error: [Errno 5] Input/output error
2025-07-12 13:07:55,689 - ERROR - Wind speed error: [Errno 5] Input/output error
2025-07-12 13:07:55,690 - ERROR - Wind direction error: [Errno 5] Input/output error
2025-07-12 13:07:55,690 - ERROR - Rainfall sensor error: [Errno 5] Input/output error
2025-07-12 13:07:56,690 - ERROR - Environment sensor error: [Errno 5] Input/output error
2025-07-12 13:07:56,690 - ERROR - UV sensor error: [Errno 5] Input/output error
2025-07-12 13:07:56,734 - ERROR - Wind speed error: [Errno 5] Input/output error
2025-07-12 13:07:56,734 - ERROR - Wind direction error: [Errno 5] Input/output error
2025-07-12 13:07:56,734 - ERROR - Rainfall sensor error: [Errno 5] Input/output error
2025-07-12 13:07:57,734 - ERROR - Environment sensor error: [Errno 5] Input/output error
2025-07-12 13:07:57,734 - ERROR - UV sensor error: [Errno 5] Input/output error
2025-07-12 13:07:57,803 - ERROR - Wind speed error: [Errno 5] Input/output error
2025-07-12 13:07:57,803 - ERROR - Wind direction error: [Errno 5] Input/output error
2025-07-12 13:07:57,803 - ERROR - Rainfall sensor error: [Errno 5] Input/output error
2025-07-12 13:07:58,804 - ERROR - Environment sensor error: [Errno 5] Input/output error
2025-07-12 13:07:58,804 - ERROR - UV sensor error: [Errno 5] Input/output error
2025-07-12 13:07:58,873 - ERROR - Wind speed error: [Errno 5] Input/output error
2025-07-12 13:07:58,873 - ERROR - Wind direction error: [Errno 5] Input/output error
2025-07-12 13:07:58,873 - ERROR - Rainfall sensor error: [Errno 5] Input/output error
2025-07-12 13:07:59,644 - INFO - Switched to GUI-1 (Next toggle in 10s
2025-07-12 13:07:59,873 - ERROR - Environment sensor error: [Errno 5] Input/output error
2025-07-12 13:07:59,873 - ERROR - UV sensor error: [Errno 5] Input/output error
2025-07-12 13:07:59,943 - ERROR - Wind speed error: [Errno 5] Input/output error
2025-07-12 13:07:59,943 - ERROR - Wind direction error: [Errno 5] Input/output error
2025-07-12 13:07:59,943 - ERROR - Rainfall sensor error: [Errno 5] Input/output error
2025-07-12 13:08:00,943 - ERROR - Environment sensor error: [Errno 5] Input/output error
2025-07-12 13:08:00,943 - ERROR - UV sensor error: [Errno 5] Input/output error
2025-07-12 13:08:00,988 - ERROR - Wind speed error: [Errno 5] Input/output error
2025-07-12 13:08:00,988 - ERROR - Wind direction error: [Errno 5] Input/output error
2025-07-12 13:08:00,988 - ERROR - Rainfall sensor error: [Errno 5] Input/output error
2025-07-12 13:08:01,988 - ERROR - Environment sensor error: [Errno 5] Input/output error
2025-07-12 13:08:01,988 - ERROR - UV sensor error: [Errno 5] Input/output error
2025-07-12 13:08:02,033 - ERROR - Wind speed error: [Errno 5] Input/output error
2025-07-12 13:08:02,033 - ERROR - Wind direction error: [Errno 5] Input/output error
2025-07-12 13:08:02,033 - ERROR - Rainfall sensor error: [Errno 5] Input/output error
2025-07-12 13:08:03,033 - ERROR - Environment sensor error: [Errno 5] Input/output error
2025-07-12 13:08:03,033 - ERROR - UV sensor error: [Errno 5] Input/output error
2025-07-12 13:08:03,078 - ERROR - Wind speed error: [Errno 5] Input/output error
2025-07-12 13:08:03,078 - ERROR - Wind direction error: [Errno 5] Input/output error
2025-07-12 13:08:03,078 - ERROR - Rainfall sensor error: [Errno 5] Input/output error
2025-07-12 13:08:04,078 - ERROR - Environment sensor error: [Errno 5] Input/output error
2025-07-12 13:08:04,078 - ERROR - UV sensor error: [Errno 5] Input/output error
2025-07-12 13:08:04,123 - ERROR - Wind speed error: [Errno 5] Input/output error
2025-07-12 13:08:04,123 - ERROR - Wind direction error: [Errno 5] Input/output error
2025-07-12 13:08:04,123 - ERROR - Rainfall sensor error: [Errno 5] Input/output error
2025-07-12 13:08:05,123 - ERROR - Environment sensor error: [Errno 5] Input/output error
2025-07-12 13:08:05,123 - ERROR - UV sensor error: [Errno 5] Input/output error
2025-07-12 13:08:05,168 - ERROR - Wind speed error: [Errno 5] Input/output error
2025-07-12 13:08:05,168 - ERROR - Wind direction error: [Errno 5] Input/output error
2025-07-12 13:08:05,168 - ERROR - Rainfall sensor error: [Errno 5] Input/output error
2025-07-12 13:08:06,168 - ERROR - Environment sensor error: [Errno 5] Input/output error
2025-07-12 13:08:06,168 - ERROR - UV sensor error: [Errno 5] Input/output error
2025-07-12 13:08:06,212 - ERROR - Wind speed error: [Errno 5] Input/output error
2025-07-12 13:08:06,212 - ERROR - Wind direction error: [Errno 5] Input/output error
2025-07-12 13:08:06,213 - ERROR - Rainfall sensor error: [Errno 5] Input/output error
2025-07-12 13:08:07,213 - ERROR - Environment sensor error: [Errno 5] Input/output error
2025-07-12 13:08:07,213 - ERROR - UV sensor error: [Errno 5] Input/output error
2025-07-12 13:08:07,257 - ERROR - Wind speed error: [Errno 5] Input/output error
2025-07-12 13:08:07,257 - ERROR - Wind direction error: [Errno 5] Input/output error
2025-07-12 13:08:07,257 - ERROR - Rainfall sensor error: [Errno 5] Input/output error
2025-07-12 13:08:08,258 - ERROR - Environment sensor error: [Errno 5] Input/output error
2025-07-12 13:08:08,258 - ERROR - UV sensor error: [Errno 5] Input/output error
2025-07-12 13:08:08,302 - ERROR - Wind speed error: [Errno 5] Input/output error
2025-07-12 13:08:08,302 - ERROR - Wind direction error: [Errno 5] Input/output error
2025-07-12 13:08:08,302 - ERROR - Rainfall sensor error: [Errno 5] Input/output error
2025-07-12 13:08:09,302 - ERROR - Environment sensor error: [Errno 5] Input/output error
2025-07-12 13:08:09,302 - ERROR - UV sensor error: [Errno 5] Input/output error
2025-07-12 13:08:09,346 - ERROR - Wind speed error: [Errno 5] Input/output error
2025-07-12 13:08:09,346 - ERROR - Wind direction error: [Errno 5] Input/output error
2025-07-12 13:08:09,346 - ERROR - Rainfall sensor error: [Errno 5] Input/output error
2025-07-12 13:08:09,645 - INFO - Switched to GUI-2 (Next toggle in 5s
2025-07-12 13:08:10,346 - ERROR - Environment sensor error: [Errno 5] Input/output error
2025-07-12 13:08:10,347 - ERROR - UV sensor error: [Errno 5] Input/output error
2025-07-12 13:08:10,416 - ERROR - Wind speed error: [Errno 5] Input/output error
2025-07-12 13:08:10,416 - ERROR - Wind direction error: [Errno 5] Input/output error
2025-07-12 13:08:10,416 - ERROR - Rainfall sensor error: [Errno 5] Input/output error
2025-07-12 13:08:11,416 - ERROR - Environment sensor error: [Errno 5] Input/output error
2025-07-12 13:08:11,416 - ERROR - UV sensor error: [Errno 5] Input/output error
2025-07-12 13:08:11,461 - ERROR - Wind speed error: [Errno 5] Input/output error
2025-07-12 13:08:11,461 - ERROR - Wind direction error: [Errno 5] Input/output error
2025-07-12 13:08:11,461 - ERROR - Rainfall sensor error: [Errno 5] Input/output error
2025-07-12 13:08:12,461 - ERROR - Environment sensor error: [Errno 5] Input/output error
2025-07-12 13:08:12,461 - ERROR - UV sensor error: [Errno 5] Input/output error
2025-07-12 13:08:12,505 - ERROR - Wind speed error: [Errno 5] Input/output error
2025-07-12 13:08:12,505 - ERROR - Wind direction error: [Errno 5] Input/output error
2025-07-12 13:08:12,505 - ERROR - Rainfall sensor error: [Errno 5] Input/output error
2025-07-12 13:08:13,506 - ERROR - Environment sensor error: [Errno 5] Input/output error
2025-07-12 13:08:13,506 - ERROR - UV sensor error: [Errno 5] Input/output error
2025-07-12 13:08:13,550 - ERROR - Wind speed error: [Errno 5] Input/output error
2025-07-12 13:08:13,550 - ERROR - Wind direction error: [Errno 5] Input/output error
2025-07-12 13:08:13,550 - ERROR - Rainfall sensor error: [Errno 5] Input/output error
2025-07-12 13:08:14,550 - ERROR - Environment sensor error: [Errno 5] Input/output error
2025-07-12 13:08:14,550 - ERROR - UV sensor error: [Errno 5] Input/output error
2025-07-12 13:08:14,595 - ERROR - Wind speed error: [Errno 5] Input/output error
2025-07-12 13:08:14,595 - ERROR - Wind direction error: [Errno 5] Input/output error
2025-07-12 13:08:14,595 - ERROR - Rainfall sensor error: [Errno 5] Input/output error
2025-07-12 13:08:14,645 - INFO - Switched to GUI-1 (Next toggle in 10s
2025-07-12 13:08:15,595 - ERROR - Environment sensor error: [Errno 5] Input/output error
2025-07-12 13:08:15,595 - ERROR - UV sensor error: [Errno 5] Input/output error
2025-07-12 13:08:15,640 - ERROR - Wind speed error: [Errno 5] Input/output error
2025-07-12 13:08:15,640 - ERROR - Wind direction error: [Errno 5] Input/output error
2025-07-12 13:08:15,640 - ERROR - Rainfall sensor error: [Errno 5] Input/output error
2025-07-12 13:08:16,640 - ERROR - Environment sensor error: [Errno 5] Input/output error
2025-07-12 13:08:16,640 - ERROR - UV sensor error: [Errno 5] Input/output error
2025-07-12 13:08:16,689 - ERROR - Wind speed error: [Errno 5] Input/output error
2025-07-12 13:08:16,689 - ERROR - Wind direction error: [Errno 5] Input/output error
2025-07-12 13:08:16,689 - ERROR - Rainfall sensor error: [Errno 5] Input/output error
2025-07-12 13:08:17,690 - ERROR - Environment sensor error: [Errno 5] Input/output error
2025-07-12 13:08:17,690 - ERROR - UV sensor error: [Errno 5] Input/output error
2025-07-12 13:08:17,734 - ERROR - Wind speed error: [Errno 5] Input/output error
2025-07-12 13:08:17,734 - ERROR - Wind direction error: [Errno 5] Input/output error
2025-07-12 13:08:17,734 - ERROR - Rainfall sensor error: [Errno 5] Input/output error
2025-07-12 13:08:18,734 - ERROR - Environment sensor error: [Errno 5] Input/output error
2025-07-12 13:08:18,734 - ERROR - UV sensor error: [Errno 5] Input/output error
2025-07-12 13:08:18,779 - ERROR - Wind speed error: [Errno 5] Input/output error
2025-07-12 13:08:18,779 - ERROR - Wind direction error: [Errno 5] Input/output error
2025-07-12 13:08:18,779 - ERROR - Rainfall sensor error: [Errno 5] Input/output error
2025-07-12 13:08:19,779 - ERROR - Environment sensor error: [Errno 5] Input/output error
2025-07-12 13:08:19,779 - ERROR - UV sensor error: [Errno 5] Input/output error
2025-07-12 13:08:19,823 - ERROR - Wind speed error: [Errno 5] Input/output error
2025-07-12 13:08:19,823 - ERROR - Wind direction error: [Errno 5] Input/output error
2025-07-12 13:08:19,823 - ERROR - Rainfall sensor error: [Errno 5] Input/output error
2025-07-12 13:08:20,823 - ERROR - Environment sensor error: [Errno 5] Input/output error
2025-07-12 13:08:20,823 - ERROR - UV sensor error: [Errno 5] Input/output error
2025-07-12 13:08:20,891 - ERROR - Wind speed error: [Errno 5] Input/output error
2025-07-12 13:08:20,892 - ERROR - Wind direction error: [Errno 5] Input/output error
2025-07-12 13:08:20,892 - ERROR - Rainfall sensor error: [Errno 5] Input/output error
2025-07-12 13:08:21,892 - ERROR - Environment sensor error: [Errno 5] Input/output error
2025-07-12 13:08:21,892 - ERROR - UV sensor error: [Errno 5] Input/output error
2025-07-12 13:08:21,957 - ERROR - Wind speed error: [Errno 5] Input/output error
2025-07-12 13:08:21,957 - ERROR - Wind direction error: [Errno 5] Input/output error
2025-07-12 13:08:21,957 - ERROR - Rainfall sensor error: [Errno 5] Input/output error
2025-07-12 13:08:22,957 - ERROR - Environment sensor error: [Errno 5] Input/output error
2025-07-12 13:08:22,957 - ERROR - UV sensor error: [Errno 5] Input/output error
2025-07-12 13:08:23,026 - ERROR - Wind speed error: [Errno 5] Input/output error
2025-07-12 13:08:23,026 - ERROR - Wind direction error: [Errno 5] Input/output error
2025-07-12 13:08:23,027 - ERROR - Rainfall sensor error: [Errno 5] Input/output error
2025-07-12 13:08:24,027 - ERROR - Environment sensor error: [Errno 5] Input/output error
2025-07-12 13:08:24,027 - ERROR - UV sensor error: [Errno 5] Input/output error
2025-07-12 13:08:24,096 - ERROR - Wind speed error: [Errno 5] Input/output error
2025-07-12 13:08:24,096 - ERROR - Wind direction error: [Errno 5] Input/output error
2025-07-12 13:08:24,096 - ERROR - Rainfall sensor error: [Errno 5] Input/output error
2025-07-12 13:08:24,645 - INFO - Switched to GUI-2 (Next toggle in 5s
2025-07-12 13:08:25,025 - INFO - CSV write completed at 2025-07-12T13:08:25.025063
2025-07-12 13:08:25,097 - ERROR - Environment sensor error: [Errno 5] Input/output error
2025-07-12 13:08:25,097 - ERROR - UV sensor error: [Errno 5] Input/output error
2025-07-12 13:08:25,160 - ERROR - Wind speed error: [Errno 5] Input/output error
2025-07-12 13:08:25,160 - ERROR - Wind direction error: [Errno 5] Input/output error
2025-07-12 13:08:25,160 - ERROR - Rainfall sensor error: [Errno 5] Input/output error
2025-07-12 13:08:26,160 - ERROR - Environment sensor error: [Errno 5] Input/output error
2025-07-12 13:08:26,161 - ERROR - UV sensor error: [Errno 5] Input/output error
2025-07-12 13:08:26,229 - ERROR - Wind speed error: [Errno 5] Input/output error
2025-07-12 13:08:26,229 - ERROR - Wind direction error: [Errno 5] Input/output error
2025-07-12 13:08:26,229 - ERROR - Rainfall sensor error: [Errno 5] Input/output error
2025-07-12 13:08:27,229 - ERROR - Environment sensor error: [Errno 5] Input/output error
2025-07-12 13:08:27,229 - ERROR - UV sensor error: [Errno 5] Input/output error
2025-07-12 13:08:27,273 - ERROR - Wind speed error: [Errno 5] Input/output error
2025-07-12 13:08:27,273 - ERROR - Wind direction error: [Errno 5] Input/output error
2025-07-12 13:08:27,274 - ERROR - Rainfall sensor error: [Errno 5] Input/output error
2025-07-12 13:08:28,274 - ERROR - Environment sensor error: [Errno 5] Input/output error
2025-07-12 13:08:28,274 - ERROR - UV sensor error: [Errno 5] Input/output error
2025-07-12 13:08:28,318 - ERROR - Wind speed error: [Errno 5] Input/output error
2025-07-12 13:08:28,318 - ERROR - Wind direction error: [Errno 5] Input/output error
2025-07-12 13:08:28,318 - ERROR - Rainfall sensor error: [Errno 5] Input/output error
2025-07-12 13:08:29,319 - ERROR - Environment sensor error: [Errno 5] Input/output error
2025-07-12 13:08:29,319 - ERROR - UV sensor error: [Errno 5] Input/output error
2025-07-12 13:08:29,363 - ERROR - Wind speed error: [Errno 5] Input/output error
2025-07-12 13:08:29,363 - ERROR - Wind direction error: [Errno 5] Input/output error
2025-07-12 13:08:29,363 - ERROR - Rainfall sensor error: [Errno 5] Input/output error
2025-07-12 13:08:29,646 - INFO - Switched to GUI-1 (Next toggle in 10s
2025-07-12 13:08:30,363 - ERROR - Environment sensor error: [Errno 5] Input/output error
2025-07-12 13:08:30,363 - ERROR - UV sensor error: [Errno 5] Input/output error
2025-07-12 13:08:30,408 - ERROR - Wind speed error: [Errno 5] Input/output error
2025-07-12 13:08:30,408 - ERROR - Wind direction error: [Errno 5] Input/output error
2025-07-12 13:08:30,408 - ERROR - Rainfall sensor error: [Errno 5] Input/output error
2025-07-12 13:08:31,408 - ERROR - Environment sensor error: [Errno 5] Input/output error
2025-07-12 13:08:31,408 - ERROR - UV sensor error: [Errno 5] Input/output error
2025-07-12 13:08:31,476 - ERROR - Wind speed error: [Errno 5] Input/output error
2025-07-12 13:08:31,476 - ERROR - Wind direction error: [Errno 5] Input/output error
2025-07-12 13:08:31,476 - ERROR - Rainfall sensor error: [Errno 5] Input/output error
2025-07-12 13:08:32,476 - ERROR - Environment sensor error: [Errno 5] Input/output error
2025-07-12 13:08:32,477 - ERROR - UV sensor error: [Errno 5] Input/output error
2025-07-12 13:08:32,545 - ERROR - Wind speed error: [Errno 5] Input/output error
2025-07-12 13:08:32,545 - ERROR - Wind direction error: [Errno 5] Input/output error
2025-07-12 13:08:32,545 - ERROR - Rainfall sensor error: [Errno 5] Input/output error
2025-07-12 13:08:33,545 - ERROR - Environment sensor error: [Errno 5] Input/output error
2025-07-12 13:08:33,545 - ERROR - UV sensor error: [Errno 5] Input/output error
2025-07-12 13:08:33,589 - ERROR - Wind speed error: [Errno 5] Input/output error
2025-07-12 13:08:33,590 - ERROR - Wind direction error: [Errno 5] Input/output error
2025-07-12 13:08:33,590 - ERROR - Rainfall sensor error: [Errno 5] Input/output error
2025-07-12 13:08:34,590 - ERROR - Environment sensor error: [Errno 5] Input/output error
2025-07-12 13:08:34,590 - ERROR - UV sensor error: [Errno 5] Input/output error
2025-07-12 13:08:34,634 - ERROR - Wind speed error: [Errno 5] Input/output error
2025-07-12 13:08:34,634 - ERROR - Wind direction error: [Errno 5] Input/output error
2025-07-12 13:08:34,634 - ERROR - Rainfall sensor error: [Errno 5] Input/output error
2025-07-12 13:08:35,634 - ERROR - Environment sensor error: [Errno 5] Input/output error
2025-07-12 13:08:35,634 - ERROR - UV sensor error: [Errno 5] Input/output error
2025-07-12 13:08:35,678 - ERROR - Wind speed error: [Errno 5] Input/output error
2025-07-12 13:08:35,679 - ERROR - Wind direction error: [Errno 5] Input/output error
2025-07-12 13:08:35,679 - ERROR - Rainfall sensor error: [Errno 5] Input/output error
2025-07-12 13:08:36,679 - ERROR - Environment sensor error: [Errno 5] Input/output error
2025-07-12 13:08:36,679 - ERROR - UV sensor error: [Errno 5] Input/output error
2025-07-12 13:08:36,723 - ERROR - Wind speed error: [Errno 5] Input/output error
2025-07-12 13:08:36,723 - ERROR - Wind direction error: [Errno 5] Input/output error
2025-07-12 13:08:36,723 - ERROR - Rainfall sensor error: [Errno 5] Input/output error
2025-07-12 13:08:37,723 - ERROR - Environment sensor error: [Errno 5] Input/output error
2025-07-12 13:08:37,723 - ERROR - UV sensor error: [Errno 5] Input/output error
2025-07-12 13:08:37,793 - ERROR - Wind speed error: [Errno 5] Input/output error
2025-07-12 13:08:37,793 - ERROR - Wind direction error: [Errno 5] Input/output error
2025-07-12 13:08:37,793 - ERROR - Rainfall sensor error: [Errno 5] Input/output error
2025-07-12 13:08:38,793 - ERROR - Environment sensor error: [Errno 5] Input/output error
2025-07-12 13:08:38,793 - ERROR - UV sensor error: [Errno 5] Input/output error
2025-07-12 13:08:38,857 - ERROR - Wind speed error: [Errno 5] Input/output error
2025-07-12 13:08:38,858 - ERROR - Wind direction error: [Errno 5] Input/output error
2025-07-12 13:08:38,858 - ERROR - Rainfall sensor error: [Errno 5] Input/output error
2025-07-12 13:08:39,646 - INFO - Switched to GUI-2 (Next toggle in 5s
2025-07-12 13:08:39,858 - ERROR - Environment sensor error: [Errno 5] Input/output error
2025-07-12 13:08:39,858 - ERROR - UV sensor error: [Errno 5] Input/output error
2025-07-12 13:08:39,902 - ERROR - Wind speed error: [Errno 5] Input/output error
2025-07-12 13:08:39,902 - ERROR - Wind direction error: [Errno 5] Input/output error
2025-07-12 13:08:39,902 - ERROR - Rainfall sensor error: [Errno 5] Input/output error
2025-07-12 13:08:40,902 - ERROR - Environment sensor error: [Errno 5] Input/output error
2025-07-12 13:08:40,902 - ERROR - UV sensor error: [Errno 5] Input/output error
2025-07-12 13:08:40,946 - ERROR - Wind speed error: [Errno 5] Input/output error
2025-07-12 13:08:40,947 - ERROR - Wind direction error: [Errno 5] Input/output error
2025-07-12 13:08:40,947 - ERROR - Rainfall sensor error: [Errno 5] Input/output error
2025-07-12 13:08:41,947 - ERROR - Environment sensor error: [Errno 5] Input/output error
2025-07-12 13:08:41,947 - ERROR - UV sensor error: [Errno 5] Input/output error
2025-07-12 13:08:41,991 - ERROR - Wind speed error: [Errno 5] Input/output error
2025-07-12 13:08:41,991 - ERROR - Wind direction error: [Errno 5] Input/output error
2025-07-12 13:08:41,991 - ERROR - Rainfall sensor error: [Errno 5] Input/output error
2025-07-12 13:08:42,992 - ERROR - Environment sensor error: [Errno 5] Input/output error
2025-07-12 13:08:42,992 - ERROR - UV sensor error: [Errno 5] Input/output error
2025-07-12 13:08:43,036 - ERROR - Wind speed error: [Errno 5] Input/output error
2025-07-12 13:08:43,036 - ERROR - Wind direction error: [Errno 5] Input/output error
2025-07-12 13:08:43,036 - ERROR - Rainfall sensor error: [Errno 5] Input/output error
2025-07-12 13:08:44,036 - ERROR - Environment sensor error: [Errno 5] Input/output error
2025-07-12 13:08:44,036 - ERROR - UV sensor error: [Errno 5] Input/output error
2025-07-12 13:08:44,080 - ERROR - Wind speed error: [Errno 5] Input/output error
2025-07-12 13:08:44,080 - ERROR - Wind direction error: [Errno 5] Input/output error
2025-07-12 13:08:44,080 - ERROR - Rainfall sensor error: [Errno 5] Input/output error
2025-07-12 13:08:44,646 - INFO - Switched to GUI-1 (Next toggle in 10s
2025-07-12 13:08:45,081 - ERROR - Environment sensor error: [Errno 5] Input/output error
2025-07-12 13:08:45,081 - ERROR - UV sensor error: [Errno 5] Input/output error
2025-07-12 13:08:45,146 - ERROR - Wind speed error: [Errno 5] Input/output error
2025-07-12 13:08:45,146 - ERROR - Wind direction error: [Errno 5] Input/output error
2025-07-12 13:08:45,146 - ERROR - Rainfall sensor error: [Errno 5] Input/output error
2025-07-12 13:08:46,146 - ERROR - Environment sensor error: [Errno 5] Input/output error
2025-07-12 13:08:46,146 - ERROR - UV sensor error: [Errno 5] Input/output error
2025-07-12 13:08:46,191 - ERROR - Wind speed error: [Errno 5] Input/output error
2025-07-12 13:08:46,191 - ERROR - Wind direction error: [Errno 5] Input/output error
2025-07-12 13:08:46,191 - ERROR - Rainfall sensor error: [Errno 5] Input/output error
2025-07-12 13:08:47,191 - ERROR - Environment sensor error: [Errno 5] Input/output error
2025-07-12 13:08:47,191 - ERROR - UV sensor error: [Errno 5] Input/output error
2025-07-12 13:08:47,235 - ERROR - Wind speed error: [Errno 5] Input/output error
2025-07-12 13:08:47,235 - ERROR - Wind direction error: [Errno 5] Input/output error
2025-07-12 13:08:47,235 - ERROR - Rainfall sensor error: [Errno 5] Input/output error
2025-07-12 13:08:48,235 - ERROR - Environment sensor error: [Errno 5] Input/output error
2025-07-12 13:08:48,235 - ERROR - UV sensor error: [Errno 5] Input/output error
2025-07-12 13:08:48,279 - ERROR - Wind speed error: [Errno 5] Input/output error
2025-07-12 13:08:48,279 - ERROR - Wind direction error: [Errno 5] Input/output error
2025-07-12 13:08:48,280 - ERROR - Rainfall sensor error: [Errno 5] Input/output error
2025-07-12 13:08:49,280 - ERROR - Environment sensor error: [Errno 5] Input/output error
2025-07-12 13:08:49,280 - ERROR - UV sensor error: [Errno 5] Input/output error
2025-07-12 13:08:49,323 - ERROR - Wind speed error: [Errno 5] Input/output error
2025-07-12 13:08:49,324 - ERROR - Wind direction error: [Errno 5] Input/output error
2025-07-12 13:08:49,324 - ERROR - Rainfall sensor error: [Errno 5] Input/output error
2025-07-12 13:08:50,324 - ERROR - Environment sensor error: [Errno 5] Input/output error
2025-07-12 13:08:50,324 - ERROR - UV sensor error: [Errno 5] Input/output error
2025-07-12 13:08:50,387 - ERROR - Wind speed error: [Errno 5] Input/output error
2025-07-12 13:08:50,388 - ERROR - Wind direction error: [Errno 5] Input/output error
2025-07-12 13:08:50,388 - ERROR - Rainfall sensor error: [Errno 5] Input/output error
2025-07-12 13:08:51,388 - ERROR - Environment sensor error: [Errno 5] Input/output error
2025-07-12 13:08:51,388 - ERROR - UV sensor error: [Errno 5] Input/output error
2025-07-12 13:08:51,432 - ERROR - Wind speed error: [Errno 5] Input/output error
2025-07-12 13:08:51,432 - ERROR - Wind direction error: [Errno 5] Input/output error
2025-07-12 13:08:51,432 - ERROR - Rainfall sensor error: [Errno 5] Input/output error
2025-07-12 13:08:52,432 - ERROR - Environment sensor error: [Errno 5] Input/output error
2025-07-12 13:08:52,432 - ERROR - UV sensor error: [Errno 5] Input/output error
2025-07-12 13:08:52,476 - ERROR - Wind speed error: [Errno 5] Input/output error
2025-07-12 13:08:52,476 - ERROR - Wind direction error: [Errno 5] Input/output error
2025-07-12 13:08:52,476 - ERROR - Rainfall sensor error: [Errno 5] Input/output error
2025-07-12 13:08:53,477 - ERROR - Environment sensor error: [Errno 5] Input/output error
2025-07-12 13:08:53,477 - ERROR - UV sensor error: [Errno 5] Input/output error
2025-07-12 13:08:53,520 - ERROR - Wind speed error: [Errno 5] Input/output error
2025-07-12 13:08:53,521 - ERROR - Wind direction error: [Errno 5] Input/output error
2025-07-12 13:08:53,521 - ERROR - Rainfall sensor error: [Errno 5] Input/output error
2025-07-12 13:08:54,521 - ERROR - Environment sensor error: [Errno 5] Input/output error
2025-07-12 13:08:54,521 - ERROR - UV sensor error: [Errno 5] Input/output error
2025-07-12 13:08:54,565 - ERROR - Wind speed error: [Errno 5] Input/output error
2025-07-12 13:08:54,565 - ERROR - Wind direction error: [Errno 5] Input/output error
2025-07-12 13:08:54,565 - ERROR - Rainfall sensor error: [Errno 5] Input/output error
2025-07-12 13:08:54,647 - INFO - Switched to GUI-2 (Next toggle in 5s
2025-07-12 13:08:55,035 - INFO - CSV write completed at 2025-07-12T13:08:55.035823
2025-07-12 13:08:55,565 - ERROR - Environment sensor error: [Errno 5] Input/output error
2025-07-12 13:08:55,565 - ERROR - UV sensor error: [Errno 5] Input/output error
2025-07-12 13:08:55,609 - ERROR - Wind speed error: [Errno 5] Input/output error
2025-07-12 13:08:55,609 - ERROR - Wind direction error: [Errno 5] Input/output error
2025-07-12 13:08:55,609 - ERROR - Rainfall sensor error: [Errno 5] Input/output error
2025-07-12 13:08:56,609 - ERROR - Environment sensor error: [Errno 5] Input/output error
2025-07-12 13:08:56,609 - ERROR - UV sensor error: [Errno 5] Input/output error
2025-07-12 13:08:56,678 - ERROR - Wind speed error: [Errno 5] Input/output error
2025-07-12 13:08:56,679 - ERROR - Wind direction error: [Errno 5] Input/output error
2025-07-12 13:08:56,679 - ERROR - Rainfall sensor error: [Errno 5] Input/output error
2025-07-12 13:08:57,679 - ERROR - Environment sensor error: [Errno 5] Input/output error
2025-07-12 13:08:57,679 - ERROR - UV sensor error: [Errno 5] Input/output error
2025-07-12 13:08:57,723 - ERROR - Wind speed error: [Errno 5] Input/output error
2025-07-12 13:08:57,723 - ERROR - Wind direction error: [Errno 5] Input/output error
2025-07-12 13:08:57,723 - ERROR - Rainfall sensor error: [Errno 5] Input/output error
2025-07-12 13:08:58,723 - ERROR - Environment sensor error: [Errno 5] Input/output error
2025-07-12 13:08:58,723 - ERROR - UV sensor error: [Errno 5] Input/output error
2025-07-12 13:08:58,768 - ERROR - Wind speed error: [Errno 5] Input/output error
2025-07-12 13:08:58,768 - ERROR - Wind direction error: [Errno 5] Input/output error
2025-07-12 13:08:58,768 - ERROR - Rainfall sensor error: [Errno 5] Input/output error
2025-07-12 13:08:59,647 - INFO - Switched to GUI-1 (Next toggle in 10s
2025-07-12 13:08:59,768 - ERROR - Environment sensor error: [Errno 5] Input/output error
2025-07-12 13:08:59,768 - ERROR - UV sensor error: [Errno 5] Input/output error
2025-07-12 13:08:59,812 - ERROR - Wind speed error: [Errno 5] Input/output error
2025-07-12 13:08:59,812 - ERROR - Wind direction error: [Errno 5] Input/output error
2025-07-12 13:08:59,812 - ERROR - Rainfall sensor error: [Errno 5] Input/output error
2025-07-12 13:09:00,813 - ERROR - Environment sensor error: [Errno 5] Input/output error
2025-07-12 13:09:00,813 - ERROR - UV sensor error: [Errno 5] Input/output error
2025-07-12 13:09:00,857 - ERROR - Wind speed error: [Errno 5] Input/output error
2025-07-12 13:09:00,858 - ERROR - Wind direction error: [Errno 5] Input/output error
2025-07-12 13:09:00,858 - ERROR - Rainfall sensor error: [Errno 5] Input/output error
2025-07-12 13:09:01,858 - ERROR - Environment sensor error: [Errno 5] Input/output error
2025-07-12 13:09:01,858 - ERROR - UV sensor error: [Errno 5] Input/output error
2025-07-12 13:09:01,923 - ERROR - Wind speed error: [Errno 5] Input/output error
2025-07-12 13:09:01,923 - ERROR - Wind direction error: [Errno 5] Input/output error
2025-07-12 13:09:01,923 - ERROR - Rainfall sensor error: [Errno 5] Input/output error
2025-07-12 13:09:02,923 - ERROR - Environment sensor error: [Errno 5] Input/output error
2025-07-12 13:09:02,923 - ERROR - UV sensor error: [Errno 5] Input/output error
2025-07-12 13:09:02,967 - ERROR - Wind speed error: [Errno 5] Input/output error
2025-07-12 13:09:02,968 - ERROR - Wind direction error: [Errno 5] Input/output error
2025-07-12 13:09:02,968 - ERROR - Rainfall sensor error: [Errno 5] Input/output error
2025-07-12 13:09:03,968 - ERROR - Environment sensor error: [Errno 5] Input/output error
2025-07-12 13:09:03,968 - ERROR - UV sensor error: [Errno 5] Input/output error
2025-07-12 13:09:04,016 - ERROR - Wind speed error: [Errno 5] Input/output error
2025-07-12 13:09:04,016 - ERROR - Wind direction error: [Errno 5] Input/output error
2025-07-12 13:09:04,016 - ERROR - Rainfall sensor error: [Errno 5] Input/output error
2025-07-12 13:09:05,016 - ERROR - Environment sensor error: [Errno 5] Input/output error
2025-07-12 13:09:05,016 - ERROR - UV sensor error: [Errno 5] Input/output error
2025-07-12 13:09:05,061 - ERROR - Wind speed error: [Errno 5] Input/output error
2025-07-12 13:09:05,061 - ERROR - Wind direction error: [Errno 5] Input/output error
2025-07-12 13:09:05,061 - ERROR - Rainfall sensor error: [Errno 5] Input/output error
2025-07-12 13:09:06,061 - ERROR - Environment sensor error: [Errno 5] Input/output error
2025-07-12 13:09:06,061 - ERROR - UV sensor error: [Errno 5] Input/output error
2025-07-12 13:09:06,106 - ERROR - Wind speed error: [Errno 5] Input/output error
2025-07-12 13:09:06,106 - ERROR - Wind direction error: [Errno 5] Input/output error
2025-07-12 13:09:06,106 - ERROR - Rainfall sensor error: [Errno 5] Input/output error
2025-07-12 13:09:07,106 - ERROR - Environment sensor error: [Errno 5] Input/output error
2025-07-12 13:09:07,106 - ERROR - UV sensor error: [Errno 5] Input/output error
2025-07-12 13:09:07,151 - ERROR - Wind speed error: [Errno 5] Input/output error
2025-07-12 13:09:07,151 - ERROR - Wind direction error: [Errno 5] Input/output error
2025-07-12 13:09:07,151 - ERROR - Rainfall sensor error: [Errno 5] Input/output error
2025-07-12 13:09:08,151 - ERROR - Environment sensor error: [Errno 5] Input/output error
2025-07-12 13:09:08,151 - ERROR - UV sensor error: [Errno 5] Input/output error
2025-07-12 13:09:08,221 - ERROR - Wind speed error: [Errno 5] Input/output error
2025-07-12 13:09:08,221 - ERROR - Wind direction error: [Errno 5] Input/output error
2025-07-12 13:09:08,221 - ERROR - Rainfall sensor error: [Errno 5] Input/output error
2025-07-12 13:09:09,221 - ERROR - Environment sensor error: [Errno 5] Input/output error
2025-07-12 13:09:09,221 - ERROR - UV sensor error: [Errno 5] Input/output error
2025-07-12 13:09:09,265 - ERROR - Wind speed error: [Errno 5] Input/output error
2025-07-12 13:09:09,265 - ERROR - Wind direction error: [Errno 5] Input/output error
2025-07-12 13:09:09,265 - ERROR - Rainfall sensor error: [Errno 5] Input/output error
2025-07-12 13:09:09,647 - INFO - Switched to GUI-2 (Next toggle in 5s
2025-07-12 13:09:10,265 - ERROR - Environment sensor error: [Errno 5] Input/output error
2025-07-12 13:09:10,266 - ERROR - UV sensor error: [Errno 5] Input/output error
2025-07-12 13:09:10,310 - ERROR - Wind speed error: [Errno 5] Input/output error
2025-07-12 13:09:10,310 - ERROR - Wind direction error: [Errno 5] Input/output error
2025-07-12 13:09:10,310 - ERROR - Rainfall sensor error: [Errno 5] Input/output error
2025-07-12 13:09:11,310 - ERROR - Environment sensor error: [Errno 5] Input/output error
2025-07-12 13:09:11,311 - ERROR - UV sensor error: [Errno 5] Input/output error
2025-07-12 13:09:11,355 - ERROR - Wind speed error: [Errno 5] Input/output error
2025-07-12 13:09:11,355 - ERROR - Wind direction error: [Errno 5] Input/output error
2025-07-12 13:09:11,355 - ERROR - Rainfall sensor error: [Errno 5] Input/output error
2025-07-12 13:09:12,355 - ERROR - Environment sensor error: [Errno 5] Input/output error
2025-07-12 13:09:12,355 - ERROR - UV sensor error: [Errno 5] Input/output error
2025-07-12 13:09:12,399 - ERROR - Wind speed error: [Errno 5] Input/output error
2025-07-12 13:09:12,399 - ERROR - Wind direction error: [Errno 5] Input/output error
2025-07-12 13:09:12,399 - ERROR - Rainfall sensor error: [Errno 5] Input/output error
2025-07-12 13:09:13,400 - ERROR - Environment sensor error: [Errno 5] Input/output error
2025-07-12 13:09:13,400 - ERROR - UV sensor error: [Errno 5] Input/output error
2025-07-12 13:09:13,469 - ERROR - Wind speed error: [Errno 5] Input/output error
2025-07-12 13:09:13,469 - ERROR - Wind direction error: [Errno 5] Input/output error
2025-07-12 13:09:13,469 - ERROR - Rainfall sensor error: [Errno 5] Input/output error
2025-07-12 13:09:14,469 - ERROR - Environment sensor error: [Errno 5] Input/output error
2025-07-12 13:09:14,469 - ERROR - UV sensor error: [Errno 5] Input/output error
2025-07-12 13:09:14,514 - ERROR - Wind speed error: [Errno 5] Input/output error
2025-07-12 13:09:14,514 - ERROR - Wind direction error: [Errno 5] Input/output error
2025-07-12 13:09:14,514 - ERROR - Rainfall sensor error: [Errno 5] Input/output error
2025-07-12 13:09:14,647 - INFO - Switched to GUI-1 (Next toggle in 10s
2025-07-12 13:09:15,515 - ERROR - Environment sensor error: [Errno 5] Input/output error
2025-07-12 13:09:15,516 - ERROR - UV sensor error: [Errno 5] Input/output error
2025-07-12 13:09:15,560 - ERROR - Wind speed error: [Errno 5] Input/output error
2025-07-12 13:09:15,560 - ERROR - Wind direction error: [Errno 5] Input/output error
2025-07-12 13:09:15,560 - ERROR - Rainfall sensor error: [Errno 5] Input/output error
2025-07-12 13:09:16,560 - ERROR - Environment sensor error: [Errno 5] Input/output error
2025-07-12 13:09:16,562 - ERROR - UV sensor error: [Errno 5] Input/output error
2025-07-12 13:09:16,606 - ERROR - Wind speed error: [Errno 5] Input/output error
2025-07-12 13:09:16,606 - ERROR - Wind direction error: [Errno 5] Input/output error
2025-07-12 13:09:16,606 - ERROR - Rainfall sensor error: [Errno 5] Input/output error
2025-07-12 13:09:17,606 - ERROR - Environment sensor error: [Errno 5] Input/output error
2025-07-12 13:09:17,606 - ERROR - UV sensor error: [Errno 5] Input/output error
2025-07-12 13:09:17,650 - ERROR - Wind speed error: [Errno 5] Input/output error
2025-07-12 13:09:17,650 - ERROR - Wind direction error: [Errno 5] Input/output error
2025-07-12 13:09:17,650 - ERROR - Rainfall sensor error: [Errno 5] Input/output error
2025-07-12 13:09:18,650 - ERROR - Environment sensor error: [Errno 5] Input/output error
2025-07-12 13:09:18,650 - ERROR - UV sensor error: [Errno 5] Input/output error
2025-07-12 13:09:18,720 - ERROR - Wind speed error: [Errno 5] Input/output error
2025-07-12 13:09:18,720 - ERROR - Wind direction error: [Errno 5] Input/output error
2025-07-12 13:09:18,720 - ERROR - Rainfall sensor error: [Errno 5] Input/output error
2025-07-12 13:09:19,720 - ERROR - Environment sensor error: [Errno 5] Input/output error
2025-07-12 13:09:19,721 - ERROR - UV sensor error: [Errno 5] Input/output error
2025-07-12 13:09:19,790 - ERROR - Wind speed error: [Errno 5] Input/output error
2025-07-12 13:09:19,790 - ERROR - Wind direction error: [Errno 5] Input/output error
2025-07-12 13:09:19,790 - ERROR - Rainfall sensor error: [Errno 5] Input/output error
2025-07-12 13:09:20,790 - ERROR - Environment sensor error: [Errno 5] Input/output error
2025-07-12 13:09:20,791 - ERROR - UV sensor error: [Errno 5] Input/output error
2025-07-12 13:09:20,855 - ERROR - Wind speed error: [Errno 5] Input/output error
2025-07-12 13:09:20,855 - ERROR - Wind direction error: [Errno 5] Input/output error
2025-07-12 13:09:20,855 - ERROR - Rainfall sensor error: [Errno 5] Input/output error
2025-07-12 13:09:21,855 - ERROR - Environment sensor error: [Errno 5] Input/output error
2025-07-12 13:09:21,855 - ERROR - UV sensor error: [Errno 5] Input/output error
2025-07-12 13:09:21,924 - ERROR - Wind speed error: [Errno 5] Input/output error
2025-07-12 13:09:21,924 - ERROR - Wind direction error: [Errno 5] Input/output error
2025-07-12 13:09:21,924 - ERROR - Rainfall sensor error: [Errno 5] Input/output error
2025-07-12 13:09:22,925 - ERROR - Environment sensor error: [Errno 5] Input/output error
2025-07-12 13:09:22,925 - ERROR - UV sensor error: [Errno 5] Input/output error
2025-07-12 13:09:22,996 - ERROR - Wind speed error: [Errno 5] Input/output error
2025-07-12 13:09:22,996 - ERROR - Wind direction error: [Errno 5] Input/output error
2025-07-12 13:09:22,996 - ERROR - Rainfall sensor error: [Errno 5] Input/output error
2025-07-12 13:09:23,996 - ERROR - Environment sensor error: [Errno 5] Input/output error
2025-07-12 13:09:23,996 - ERROR - UV sensor error: [Errno 5] Input/output error
2025-07-12 13:09:24,040 - ERROR - Wind speed error: [Errno 5] Input/output error
2025-07-12 13:09:24,041 - ERROR - Wind direction error: [Errno 5] Input/output error
2025-07-12 13:09:24,041 - ERROR - Rainfall sensor error: [Errno 5] Input/output error
2025-07-12 13:09:24,648 - INFO - Switched to GUI-2 (Next toggle in 5s
2025-07-12 13:09:25,041 - ERROR - Environment sensor error: [Errno 5] Input/output error
2025-07-12 13:09:25,041 - ERROR - UV sensor error: [Errno 5] Input/output error
2025-07-12 13:09:25,085 - INFO - CSV write completed at 2025-07-12T13:09:25.085650
2025-07-12 13:09:25,086 - ERROR - Wind speed error: [Errno 5] Input/output error
2025-07-12 13:09:25,086 - ERROR - Wind direction error: [Errno 5] Input/output error
2025-07-12 13:09:25,086 - ERROR - Rainfall sensor error: [Errno 5] Input/output error
2025-07-12 13:09:26,086 - ERROR - Environment sensor error: [Errno 5] Input/output error
2025-07-12 13:09:26,086 - ERROR - UV sensor error: [Errno 5] Input/output error
2025-07-12 13:09:26,131 - ERROR - Wind speed error: [Errno 5] Input/output error
2025-07-12 13:09:26,131 - ERROR - Wind direction error: [Errno 5] Input/output error
2025-07-12 13:09:26,131 - ERROR - Rainfall sensor error: [Errno 5] Input/output error
2025-07-12 13:09:27,131 - ERROR - Environment sensor error: [Errno 5] Input/output error
2025-07-12 13:09:27,131 - ERROR - UV sensor error: [Errno 5] Input/output error
2025-07-12 13:09:27,175 - ERROR - Wind speed error: [Errno 5] Input/output error
2025-07-12 13:09:27,176 - ERROR - Wind direction error: [Errno 5] Input/output error
2025-07-12 13:09:27,176 - ERROR - Rainfall sensor error: [Errno 5] Input/output error
2025-07-12 13:09:28,176 - ERROR - Environment sensor error: [Errno 5] Input/output error
2025-07-12 13:09:28,176 - ERROR - UV sensor error: [Errno 5] Input/output error
2025-07-12 13:09:28,241 - ERROR - Wind speed error: [Errno 5] Input/output error
2025-07-12 13:09:28,241 - ERROR - Wind direction error: [Errno 5] Input/output error
2025-07-12 13:09:28,241 - ERROR - Rainfall sensor error: [Errno 5] Input/output error
2025-07-12 13:09:29,241 - ERROR - Environment sensor error: [Errno 5] Input/output error
2025-07-12 13:09:29,241 - ERROR - UV sensor error: [Errno 5] Input/output error
2025-07-12 13:09:29,307 - ERROR - Wind speed error: [Errno 5] Input/output error
2025-07-12 13:09:29,307 - ERROR - Wind direction error: [Errno 5] Input/output error
2025-07-12 13:09:29,307 - ERROR - Rainfall sensor error: [Errno 5] Input/output error
2025-07-12 13:09:29,648 - INFO - Switched to GUI-1 (Next toggle in 10s
2025-07-12 13:09:30,307 - ERROR - Environment sensor error: [Errno 5] Input/output error
2025-07-12 13:09:30,308 - ERROR - UV sensor error: [Errno 5] Input/output error
2025-07-12 13:09:30,377 - ERROR - Wind speed error: [Errno 5] Input/output error
2025-07-12 13:09:30,377 - ERROR - Wind direction error: [Errno 5] Input/output error
2025-07-12 13:09:30,377 - ERROR - Rainfall sensor error: [Errno 5] Input/output error
2025-07-12 13:09:31,377 - ERROR - Environment sensor error: [Errno 5] Input/output error
2025-07-12 13:09:31,377 - ERROR - UV sensor error: [Errno 5] Input/output error
2025-07-12 13:09:31,422 - ERROR - Wind speed error: [Errno 5] Input/output error
2025-07-12 13:09:31,422 - ERROR - Wind direction error: [Errno 5] Input/output error
2025-07-12 13:09:31,422 - ERROR - Rainfall sensor error: [Errno 5] Input/output error
2025-07-12 13:09:32,422 - ERROR - Environment sensor error: [Errno 5] Input/output error
2025-07-12 13:09:32,422 - ERROR - UV sensor error: [Errno 5] Input/output error
2025-07-12 13:09:32,466 - ERROR - Wind speed error: [Errno 5] Input/output error
2025-07-12 13:09:32,466 - ERROR - Wind direction error: [Errno 5] Input/output error
2025-07-12 13:09:32,466 - ERROR - Rainfall sensor error: [Errno 5] Input/output error
2025-07-12 13:09:33,467 - ERROR - Environment sensor error: [Errno 5] Input/output error
2025-07-12 13:09:33,467 - ERROR - UV sensor error: [Errno 5] Input/output error
2025-07-12 13:09:33,511 - ERROR - Wind speed error: [Errno 5] Input/output error
2025-07-12 13:09:33,511 - ERROR - Wind direction error: [Errno 5] Input/output error
2025-07-12 13:09:33,511 - ERROR - Rainfall sensor error: [Errno 5] Input/output error
2025-07-12 13:09:34,511 - ERROR - Environment sensor error: [Errno 5] Input/output error
2025-07-12 13:09:34,511 - ERROR - UV sensor error: [Errno 5] Input/output error
2025-07-12 13:09:34,555 - ERROR - Wind speed error: [Errno 5] Input/output error
2025-07-12 13:09:34,555 - ERROR - Wind direction error: [Errno 5] Input/output error
2025-07-12 13:09:34,555 - ERROR - Rainfall sensor error: [Errno 5] Input/output error
2025-07-12 13:09:35,555 - ERROR - Environment sensor error: [Errno 5] Input/output error
2025-07-12 13:09:35,556 - ERROR - UV sensor error: [Errno 5] Input/output error
2025-07-12 13:09:35,625 - ERROR - Wind speed error: [Errno 5] Input/output error
2025-07-12 13:09:35,625 - ERROR - Wind direction error: [Errno 5] Input/output error
2025-07-12 13:09:35,625 - ERROR - Rainfall sensor error: [Errno 5] Input/output error
2025-07-12 13:09:36,625 - ERROR - Environment sensor error: [Errno 5] Input/output error
2025-07-12 13:09:36,625 - ERROR - UV sensor error: [Errno 5] Input/output error
2025-07-12 13:09:36,689 - ERROR - Wind speed error: [Errno 5] Input/output error
2025-07-12 13:09:36,689 - ERROR - Wind direction error: [Errno 5] Input/output error
2025-07-12 13:09:36,689 - ERROR - Rainfall sensor error: [Errno 5] Input/output error
2025-07-12 13:09:37,689 - ERROR - Environment sensor error: [Errno 5] Input/output error
2025-07-12 13:09:37,690 - ERROR - UV sensor error: [Errno 5] Input/output error
2025-07-12 13:09:37,753 - ERROR - Wind speed error: [Errno 5] Input/output error
2025-07-12 13:09:37,754 - ERROR - Wind direction error: [Errno 5] Input/output error
2025-07-12 13:09:37,754 - ERROR - Rainfall sensor error: [Errno 5] Input/output error
2025-07-12 13:09:38,756 - ERROR - Environment sensor error: [Errno 5] Input/output error
2025-07-12 13:09:38,756 - ERROR - UV sensor error: [Errno 5] Input/output error
2025-07-12 13:09:38,804 - ERROR - Wind speed error: [Errno 5] Input/output error
2025-07-12 13:09:38,804 - ERROR - Wind direction error: [Errno 5] Input/output error
2025-07-12 13:09:38,804 - ERROR - Rainfall sensor error: [Errno 5] Input/output error
2025-07-12 13:09:39,648 - INFO - Switched to GUI-2 (Next toggle in 5s
2025-07-12 13:09:39,805 - ERROR - Environment sensor error: [Errno 5] Input/output error
2025-07-12 13:09:39,805 - ERROR - UV sensor error: [Errno 5] Input/output error
2025-07-12 13:09:39,849 - ERROR - Wind speed error: [Errno 5] Input/output error
2025-07-12 13:09:39,849 - ERROR - Wind direction error: [Errno 5] Input/output error
2025-07-12 13:09:39,849 - ERROR - Rainfall sensor error: [Errno 5] Input/output error
2025-07-12 13:09:40,849 - ERROR - Environment sensor error: [Errno 5] Input/output error
2025-07-12 13:09:40,849 - ERROR - UV sensor error: [Errno 5] Input/output error
2025-07-12 13:09:40,893 - ERROR - Wind speed error: [Errno 5] Input/output error
2025-07-12 13:09:40,894 - ERROR - Wind direction error: [Errno 5] Input/output error
2025-07-12 13:09:40,894 - ERROR - Rainfall sensor error: [Errno 5] Input/output error
2025-07-12 13:09:41,894 - ERROR - Environment sensor error: [Errno 5] Input/output error
2025-07-12 13:09:41,894 - ERROR - UV sensor error: [Errno 5] Input/output error
2025-07-12 13:09:41,938 - ERROR - Wind speed error: [Errno 5] Input/output error
2025-07-12 13:09:41,938 - ERROR - Wind direction error: [Errno 5] Input/output error
2025-07-12 13:09:41,938 - ERROR - Rainfall sensor error: [Errno 5] Input/output error
2025-07-12 13:09:42,938 - ERROR - Environment sensor error: [Errno 5] Input/output error
2025-07-12 13:09:42,938 - ERROR - UV sensor error: [Errno 5] Input/output error
2025-07-12 13:09:42,983 - ERROR - Wind speed error: [Errno 5] Input/output error
2025-07-12 13:09:42,983 - ERROR - Wind direction error: [Errno 5] Input/output error
2025-07-12 13:09:42,983 - ERROR - Rainfall sensor error: [Errno 5] Input/output error
2025-07-12 13:09:43,983 - ERROR - Environment sensor error: [Errno 5] Input/output error
2025-07-12 13:09:43,983 - ERROR - UV sensor error: [Errno 5] Input/output error
2025-07-12 13:09:44,052 - ERROR - Wind speed error: [Errno 5] Input/output error
2025-07-12 13:09:44,053 - ERROR - Wind direction error: [Errno 5] Input/output error
2025-07-12 13:09:44,053 - ERROR - Rainfall sensor error: [Errno 5] Input/output error
2025-07-12 13:09:44,649 - INFO - Switched to GUI-1 (Next toggle in 10s
2025-07-12 13:09:45,053 - ERROR - Environment sensor error: [Errno 5] Input/output error
2025-07-12 13:09:45,053 - ERROR - UV sensor error: [Errno 5] Input/output error
2025-07-12 13:09:45,098 - ERROR - Wind speed error: [Errno 5] Input/output error
2025-07-12 13:09:45,098 - ERROR - Wind direction error: [Errno 5] Input/output error
2025-07-12 13:09:45,098 - ERROR - Rainfall sensor error: [Errno 5] Input/output error
2025-07-12 13:09:46,098 - ERROR - Environment sensor error: [Errno 5] Input/output error
2025-07-12 13:09:46,098 - ERROR - UV sensor error: [Errno 5] Input/output error
2025-07-12 13:09:46,142 - ERROR - Wind speed error: [Errno 5] Input/output error
2025-07-12 13:09:46,142 - ERROR - Wind direction error: [Errno 5] Input/output error
2025-07-12 13:09:46,142 - ERROR - Rainfall sensor error: [Errno 5] Input/output error
2025-07-12 13:09:47,142 - ERROR - Environment sensor error: [Errno 5] Input/output error
2025-07-12 13:09:47,142 - ERROR - UV sensor error: [Errno 5] Input/output error
2025-07-12 13:09:47,187 - ERROR - Wind speed error: [Errno 5] Input/output error
2025-07-12 13:09:47,187 - ERROR - Wind direction error: [Errno 5] Input/output error
2025-07-12 13:09:47,187 - ERROR - Rainfall sensor error: [Errno 5] Input/output error
2025-07-12 13:09:48,187 - ERROR - Environment sensor error: [Errno 5] Input/output error
2025-07-12 13:09:48,187 - ERROR - UV sensor error: [Errno 5] Input/output error
2025-07-12 13:09:48,236 - ERROR - Wind speed error: [Errno 5] Input/output error
2025-07-12 13:09:48,236 - ERROR - Wind direction error: [Errno 5] Input/output error
2025-07-12 13:09:48,236 - ERROR - Rainfall sensor error: [Errno 5] Input/output error
2025-07-12 13:09:49,236 - ERROR - Environment sensor error: [Errno 5] Input/output error
2025-07-12 13:09:49,236 - ERROR - UV sensor error: [Errno 5] Input/output error
2025-07-12 13:09:49,300 - ERROR - Wind speed error: [Errno 5] Input/output error
2025-07-12 13:09:49,300 - ERROR - Wind direction error: [Errno 5] Input/output error
2025-07-12 13:09:49,300 - ERROR - Rainfall sensor error: [Errno 5] Input/output error
2025-07-12 13:09:50,301 - ERROR - Environment sensor error: [Errno 5] Input/output error
2025-07-12 13:09:50,301 - ERROR - UV sensor error: [Errno 5] Input/output error
2025-07-12 13:09:50,349 - ERROR - Wind speed error: [Errno 5] Input/output error
2025-07-12 13:09:50,349 - ERROR - Wind direction error: [Errno 5] Input/output error
2025-07-12 13:09:50,349 - ERROR - Rainfall sensor error: [Errno 5] Input/output error
2025-07-12 13:09:51,349 - ERROR - Environment sensor error: [Errno 5] Input/output error
2025-07-12 13:09:51,349 - ERROR - UV sensor error: [Errno 5] Input/output error
2025-07-12 13:09:51,393 - ERROR - Wind speed error: [Errno 5] Input/output error
2025-07-12 13:09:51,393 - ERROR - Wind direction error: [Errno 5] Input/output error
2025-07-12 13:09:51,393 - ERROR - Rainfall sensor error: [Errno 5] Input/output error
2025-07-12 13:09:52,393 - ERROR - Environment sensor error: [Errno 5] Input/output error
2025-07-12 13:09:52,394 - ERROR - UV sensor error: [Errno 5] Input/output error
2025-07-12 13:09:52,438 - ERROR - Wind speed error: [Errno 5] Input/output error
2025-07-12 13:09:52,438 - ERROR - Wind direction error: [Errno 5] Input/output error
2025-07-12 13:09:52,438 - ERROR - Rainfall sensor error: [Errno 5] Input/output error
2025-07-12 13:09:53,438 - ERROR - Environment sensor error: [Errno 5] Input/output error
2025-07-12 13:09:53,438 - ERROR - UV sensor error: [Errno 5] Input/output error
2025-07-12 13:09:53,482 - ERROR - Wind speed error: [Errno 5] Input/output error
2025-07-12 13:09:53,482 - ERROR - Wind direction error: [Errno 5] Input/output error
2025-07-12 13:09:53,482 - ERROR - Rainfall sensor error: [Errno 5] Input/output error
2025-07-12 13:09:54,482 - ERROR - Environment sensor error: [Errno 5] Input/output error
2025-07-12 13:09:54,482 - ERROR - UV sensor error: [Errno 5] Input/output error
2025-07-12 13:09:54,551 - ERROR - Wind speed error: [Errno 5] Input/output error
2025-07-12 13:09:54,551 - ERROR - Wind direction error: [Errno 5] Input/output error
2025-07-12 13:09:54,551 - ERROR - Rainfall sensor error: [Errno 5] Input/output error
2025-07-12 13:09:54,649 - INFO - Switched to GUI-2 (Next toggle in 5s
2025-07-12 13:09:55,101 - INFO - CSV write completed at 2025-07-12T13:09:55.101017
2025-07-12 13:09:55,552 - ERROR - Environment sensor error: [Errno 5] Input/output error
2025-07-12 13:09:55,552 - ERROR - UV sensor error: [Errno 5] Input/output error
2025-07-12 13:09:55,596 - ERROR - Wind speed error: [Errno 5] Input/output error
2025-07-12 13:09:55,596 - ERROR - Wind direction error: [Errno 5] Input/output error
2025-07-12 13:09:55,597 - ERROR - Rainfall sensor error: [Errno 5] Input/output error
2025-07-12 13:09:56,597 - ERROR - Environment sensor error: [Errno 5] Input/output error
2025-07-12 13:09:56,597 - ERROR - UV sensor error: [Errno 5] Input/output error
2025-07-12 13:09:56,641 - ERROR - Wind speed error: [Errno 5] Input/output error
2025-07-12 13:09:56,641 - ERROR - Wind direction error: [Errno 5] Input/output error
2025-07-12 13:09:56,641 - ERROR - Rainfall sensor error: [Errno 5] Input/output error
2025-07-12 13:09:57,641 - ERROR - Environment sensor error: [Errno 5] Input/output error
2025-07-12 13:09:57,641 - ERROR - UV sensor error: [Errno 5] Input/output error
2025-07-12 13:09:57,686 - ERROR - Wind speed error: [Errno 5] Input/output error
2025-07-12 13:09:57,686 - ERROR - Wind direction error: [Errno 5] Input/output error
2025-07-12 13:09:57,686 - ERROR - Rainfall sensor error: [Errno 5] Input/output error
2025-07-12 13:09:58,687 - ERROR - Environment sensor error: [Errno 5] Input/output error
2025-07-12 13:09:58,687 - ERROR - UV sensor error: [Errno 5] Input/output error
2025-07-12 13:09:58,731 - ERROR - Wind speed error: [Errno 5] Input/output error
2025-07-12 13:09:58,731 - ERROR - Wind direction error: [Errno 5] Input/output error
2025-07-12 13:09:58,731 - ERROR - Rainfall sensor error: [Errno 5] Input/output error
2025-07-12 13:09:59,649 - INFO - Switched to GUI-1 (Next toggle in 10s
2025-07-12 13:09:59,732 - ERROR - Environment sensor error: [Errno 5] Input/output error
2025-07-12 13:09:59,732 - ERROR - UV sensor error: [Errno 5] Input/output error
2025-07-12 13:09:59,797 - ERROR - Wind speed error: [Errno 5] Input/output error
2025-07-12 13:09:59,797 - ERROR - Wind direction error: [Errno 5] Input/output error
2025-07-12 13:09:59,797 - ERROR - Rainfall sensor error: [Errno 5] Input/output error
2025-07-12 13:10:00,798 - ERROR - Environment sensor error: [Errno 5] Input/output error
2025-07-12 13:10:00,798 - ERROR - UV sensor error: [Errno 5] Input/output error
2025-07-12 13:10:00,862 - ERROR - Wind speed error: [Errno 5] Input/output error
2025-07-12 13:10:00,862 - ERROR - Wind direction error: [Errno 5] Input/output error
2025-07-12 13:10:00,862 - ERROR - Rainfall sensor error: [Errno 5] Input/output error
2025-07-12 13:10:01,862 - ERROR - Environment sensor error: [Errno 5] Input/output error
2025-07-12 13:10:01,862 - ERROR - UV sensor error: [Errno 5] Input/output error
2025-07-12 13:10:01,907 - ERROR - Wind speed error: [Errno 5] Input/output error
2025-07-12 13:10:01,907 - ERROR - Wind direction error: [Errno 5] Input/output error
2025-07-12 13:10:01,907 - ERROR - Rainfall sensor error: [Errno 5] Input/output error
2025-07-12 13:10:02,907 - ERROR - Environment sensor error: [Errno 5] Input/output error
2025-07-12 13:10:02,907 - ERROR - UV sensor error: [Errno 5] Input/output error
2025-07-12 13:10:02,951 - ERROR - Wind speed error: [Errno 5] Input/output error
2025-07-12 13:10:02,951 - ERROR - Wind direction error: [Errno 5] Input/output error
2025-07-12 13:10:02,951 - ERROR - Rainfall sensor error: [Errno 5] Input/output error
2025-07-12 13:10:03,952 - ERROR - Environment sensor error: [Errno 5] Input/output error
2025-07-12 13:10:03,952 - ERROR - UV sensor error: [Errno 5] Input/output error
2025-07-12 13:10:03,996 - ERROR - Wind speed error: [Errno 5] Input/output error
2025-07-12 13:10:03,996 - ERROR - Wind direction error: [Errno 5] Input/output error
2025-07-12 13:10:03,996 - ERROR - Rainfall sensor error: [Errno 5] Input/output error
2025-07-12 13:10:04,996 - ERROR - Environment sensor error: [Errno 5] Input/output error
2025-07-12 13:10:04,996 - ERROR - UV sensor error: [Errno 5] Input/output error
2025-07-12 13:10:05,040 - ERROR - Wind speed error: [Errno 5] Input/output error
2025-07-12 13:10:05,040 - ERROR - Wind direction error: [Errno 5] Input/output error
2025-07-12 13:10:05,040 - ERROR - Rainfall sensor error: [Errno 5] Input/output error
2025-07-12 13:10:06,040 - ERROR - Environment sensor error: [Errno 5] Input/output error
2025-07-12 13:10:06,041 - ERROR - UV sensor error: [Errno 5] Input/output error
2025-07-12 13:10:06,085 - ERROR - Wind speed error: [Errno 5] Input/output error
2025-07-12 13:10:06,085 - ERROR - Wind direction error: [Errno 5] Input/output error
2025-07-12 13:10:06,085 - ERROR - Rainfall sensor error: [Errno 5] Input/output error
2025-07-12 13:10:07,085 - ERROR - Environment sensor error: [Errno 5] Input/output error
2025-07-12 13:10:07,085 - ERROR - UV sensor error: [Errno 5] Input/output error
2025-07-12 13:10:07,155 - ERROR - Wind speed error: [Errno 5] Input/output error
2025-07-12 13:10:07,155 - ERROR - Wind direction error: [Errno 5] Input/output error
2025-07-12 13:10:07,155 - ERROR - Rainfall sensor error: [Errno 5] Input/output error
2025-07-12 13:10:08,156 - ERROR - Environment sensor error: [Errno 5] Input/output error
2025-07-12 13:10:08,156 - ERROR - UV sensor error: [Errno 5] Input/output error
2025-07-12 13:10:08,200 - ERROR - Wind speed error: [Errno 5] Input/output error
2025-07-12 13:10:08,200 - ERROR - Wind direction error: [Errno 5] Input/output error
2025-07-12 13:10:08,200 - ERROR - Rainfall sensor error: [Errno 5] Input/output error
2025-07-12 13:10:09,200 - ERROR - Environment sensor error: [Errno 5] Input/output error
2025-07-12 13:10:09,200 - ERROR - UV sensor error: [Errno 5] Input/output error
2025-07-12 13:10:09,244 - ERROR - Wind speed error: [Errno 5] Input/output error
2025-07-12 13:10:09,244 - ERROR - Wind direction error: [Errno 5] Input/output error
2025-07-12 13:10:09,244 - ERROR - Rainfall sensor error: [Errno 5] Input/output error
2025-07-12 13:10:09,649 - INFO - Switched to GUI-2 (Next toggle in 5s
2025-07-12 13:10:10,245 - ERROR - Environment sensor error: [Errno 5] Input/output error
2025-07-12 13:10:10,245 - ERROR - UV sensor error: [Errno 5] Input/output error
2025-07-12 13:10:10,289 - ERROR - Wind speed error: [Errno 5] Input/output error
2025-07-12 13:10:10,289 - ERROR - Wind direction error: [Errno 5] Input/output error
2025-07-12 13:10:10,289 - ERROR - Rainfall sensor error: [Errno 5] Input/output error
2025-07-12 13:10:11,289 - ERROR - Environment sensor error: [Errno 5] Input/output error
2025-07-12 13:10:11,289 - ERROR - UV sensor error: [Errno 5] Input/output error
2025-07-12 13:10:11,333 - ERROR - Wind speed error: [Errno 5] Input/output error
2025-07-12 13:10:11,334 - ERROR - Wind direction error: [Errno 5] Input/output error
2025-07-12 13:10:11,334 - ERROR - Rainfall sensor error: [Errno 5] Input/output error
2025-07-12 13:10:12,334 - ERROR - Environment sensor error: [Errno 5] Input/output error
2025-07-12 13:10:12,334 - ERROR - UV sensor error: [Errno 5] Input/output error
2025-07-12 13:10:12,403 - ERROR - Wind speed error: [Errno 5] Input/output error
2025-07-12 13:10:12,403 - ERROR - Wind direction error: [Errno 5] Input/output error
2025-07-12 13:10:12,403 - ERROR - Rainfall sensor error: [Errno 5] Input/output error
2025-07-12 13:10:13,403 - ERROR - Environment sensor error: [Errno 5] Input/output error
2025-07-12 13:10:13,403 - ERROR - UV sensor error: [Errno 5] Input/output error
2025-07-12 13:10:13,448 - ERROR - Wind speed error: [Errno 5] Input/output error
2025-07-12 13:10:13,448 - ERROR - Wind direction error: [Errno 5] Input/output error
2025-07-12 13:10:13,448 - ERROR - Rainfall sensor error: [Errno 5] Input/output error
2025-07-12 13:10:14,448 - ERROR - Environment sensor error: [Errno 5] Input/output error
2025-07-12 13:10:14,448 - ERROR - UV sensor error: [Errno 5] Input/output error
2025-07-12 13:10:14,493 - ERROR - Wind speed error: [Errno 5] Input/output error
2025-07-12 13:10:14,493 - ERROR - Wind direction error: [Errno 5] Input/output error
2025-07-12 13:10:14,493 - ERROR - Rainfall sensor error: [Errno 5] Input/output error
2025-07-12 13:10:14,650 - INFO - Switched to GUI-1 (Next toggle in 10s
2025-07-12 13:10:15,493 - ERROR - Environment sensor error: [Errno 5] Input/output error
2025-07-12 13:10:15,493 - ERROR - UV sensor error: [Errno 5] Input/output error
2025-07-12 13:10:15,537 - ERROR - Wind speed error: [Errno 5] Input/output error
2025-07-12 13:10:15,537 - ERROR - Wind direction error: [Errno 5] Input/output error
2025-07-12 13:10:15,537 - ERROR - Rainfall sensor error: [Errno 5] Input/output error
2025-07-12 13:10:16,537 - ERROR - Environment sensor error: [Errno 5] Input/output error
2025-07-12 13:10:16,538 - ERROR - UV sensor error: [Errno 5] Input/output error
2025-07-12 13:10:16,582 - ERROR - Wind speed error: [Errno 5] Input/output error
2025-07-12 13:10:16,582 - ERROR - Wind direction error: [Errno 5] Input/output error
2025-07-12 13:10:16,582 - ERROR - Rainfall sensor error: [Errno 5] Input/output error
2025-07-12 13:10:17,582 - ERROR - Environment sensor error: [Errno 5] Input/output error
2025-07-12 13:10:17,582 - ERROR - UV sensor error: [Errno 5] Input/output error
2025-07-12 13:10:17,626 - ERROR - Wind speed error: [Errno 5] Input/output error
2025-07-12 13:10:17,626 - ERROR - Wind direction error: [Errno 5] Input/output error
2025-07-12 13:10:17,626 - ERROR - Rainfall sensor error: [Errno 5] Input/output error
2025-07-12 13:10:18,627 - ERROR - Environment sensor error: [Errno 5] Input/output error
2025-07-12 13:10:18,627 - ERROR - UV sensor error: [Errno 5] Input/output error
2025-07-12 13:10:18,696 - ERROR - Wind speed error: [Errno 5] Input/output error
2025-07-12 13:10:18,696 - ERROR - Wind direction error: [Errno 5] Input/output error
2025-07-12 13:10:18,696 - ERROR - Rainfall sensor error: [Errno 5] Input/output error
2025-07-12 13:10:19,696 - ERROR - Environment sensor error: [Errno 5] Input/output error
2025-07-12 13:10:19,696 - ERROR - UV sensor error: [Errno 5] Input/output error
2025-07-12 13:10:19,740 - ERROR - Wind speed error: [Errno 5] Input/output error
2025-07-12 13:10:19,740 - ERROR - Wind direction error: [Errno 5] Input/output error
2025-07-12 13:10:19,740 - ERROR - Rainfall sensor error: [Errno 5] Input/output error
2025-07-12 13:10:20,741 - ERROR - Environment sensor error: [Errno 5] Input/output error
2025-07-12 13:10:20,741 - ERROR - UV sensor error: [Errno 5] Input/output error
2025-07-12 13:10:20,785 - ERROR - Wind speed error: [Errno 5] Input/output error
2025-07-12 13:10:20,785 - ERROR - Wind direction error: [Errno 5] Input/output error
2025-07-12 13:10:20,785 - ERROR - Rainfall sensor error: [Errno 5] Input/output error
2025-07-12 13:10:21,785 - ERROR - Environment sensor error: [Errno 5] Input/output error
2025-07-12 13:10:21,785 - ERROR - UV sensor error: [Errno 5] Input/output error
2025-07-12 13:10:21,829 - ERROR - Wind speed error: [Errno 5] Input/output error
2025-07-12 13:10:21,829 - ERROR - Wind direction error: [Errno 5] Input/output error
2025-07-12 13:10:21,829 - ERROR - Rainfall sensor error: [Errno 5] Input/output error
2025-07-12 13:10:22,829 - ERROR - Environment sensor error: [Errno 5] Input/output error
2025-07-12 13:10:22,829 - ERROR - UV sensor error: [Errno 5] Input/output error
2025-07-12 13:10:22,873 - ERROR - Wind speed error: [Errno 5] Input/output error
2025-07-12 13:10:22,873 - ERROR - Wind direction error: [Errno 5] Input/output error
2025-07-12 13:10:22,873 - ERROR - Rainfall sensor error: [Errno 5] Input/output error
2025-07-12 13:10:23,873 - ERROR - Environment sensor error: [Errno 5] Input/output error
2025-07-12 13:10:23,874 - ERROR - UV sensor error: [Errno 5] Input/output error
2025-07-12 13:10:23,943 - ERROR - Wind speed error: [Errno 5] Input/output error
2025-07-12 13:10:23,943 - ERROR - Wind direction error: [Errno 5] Input/output error
2025-07-12 13:10:23,943 - ERROR - Rainfall sensor error: [Errno 5] Input/output error
2025-07-12 13:10:24,650 - INFO - Switched to GUI-2 (Next toggle in 5s
2025-07-12 13:10:24,943 - ERROR - Environment sensor error: [Errno 5] Input/output error
2025-07-12 13:10:24,943 - ERROR - UV sensor error: [Errno 5] Input/output error
2025-07-12 13:10:24,988 - ERROR - Wind speed error: [Errno 5] Input/output error
2025-07-12 13:10:24,988 - ERROR - Wind direction error: [Errno 5] Input/output error
2025-07-12 13:10:24,988 - ERROR - Rainfall sensor error: [Errno 5] Input/output error
2025-07-12 13:10:25,155 - INFO - CSV write completed at 2025-07-12T13:10:25.155181
2025-07-12 13:10:25,988 - ERROR - Environment sensor error: [Errno 5] Input/output error
2025-07-12 13:10:25,988 - ERROR - UV sensor error: [Errno 5] Input/output error
2025-07-12 13:10:26,032 - ERROR - Wind speed error: [Errno 5] Input/output error
2025-07-12 13:10:26,032 - ERROR - Wind direction error: [Errno 5] Input/output error
2025-07-12 13:10:26,032 - ERROR - Rainfall sensor error: [Errno 5] Input/output error
2025-07-12 13:10:27,033 - ERROR - Environment sensor error: [Errno 5] Input/output error
2025-07-12 13:10:27,033 - ERROR - UV sensor error: [Errno 5] Input/output error
2025-07-12 13:10:27,077 - ERROR - Wind speed error: [Errno 5] Input/output error
2025-07-12 13:10:27,077 - ERROR - Wind direction error: [Errno 5] Input/output error
2025-07-12 13:10:27,077 - ERROR - Rainfall sensor error: [Errno 5] Input/output error
2025-07-12 13:10:28,077 - ERROR - Environment sensor error: [Errno 5] Input/output error
2025-07-12 13:10:28,077 - ERROR - UV sensor error: [Errno 5] Input/output error
2025-07-12 13:10:28,122 - ERROR - Wind speed error: [Errno 5] Input/output error
2025-07-12 13:10:28,122 - ERROR - Wind direction error: [Errno 5] Input/output error
2025-07-12 13:10:28,122 - ERROR - Rainfall sensor error: [Errno 5] Input/output error
2025-07-12 13:10:29,123 - ERROR - Environment sensor error: [Errno 5] Input/output error
2025-07-12 13:10:29,123 - ERROR - UV sensor error: [Errno 5] Input/output error
2025-07-12 13:10:29,191 - ERROR - Wind speed error: [Errno 5] Input/output error
2025-07-12 13:10:29,191 - ERROR - Wind direction error: [Errno 5] Input/output error
2025-07-12 13:10:29,191 - ERROR - Rainfall sensor error: [Errno 5] Input/output error
2025-07-12 13:10:29,650 - INFO - Switched to GUI-1 (Next toggle in 10s
2025-07-12 13:10:30,192 - ERROR - Environment sensor error: [Errno 5] Input/output error
2025-07-12 13:10:30,192 - ERROR - UV sensor error: [Errno 5] Input/output error
2025-07-12 13:10:30,262 - ERROR - Wind speed error: [Errno 5] Input/output error
2025-07-12 13:10:30,262 - ERROR - Wind direction error: [Errno 5] Input/output error
2025-07-12 13:10:30,262 - ERROR - Rainfall sensor error: [Errno 5] Input/output error
2025-07-12 13:10:31,262 - ERROR - Environment sensor error: [Errno 5] Input/output error
2025-07-12 13:10:31,262 - ERROR - UV sensor error: [Errno 5] Input/output error
2025-07-12 13:10:31,327 - ERROR - Wind speed error: [Errno 5] Input/output error
2025-07-12 13:10:31,327 - ERROR - Wind direction error: [Errno 5] Input/output error
2025-07-12 13:10:31,327 - ERROR - Rainfall sensor error: [Errno 5] Input/output error
2025-07-12 13:10:32,327 - ERROR - Environment sensor error: [Errno 5] Input/output error
2025-07-12 13:10:32,327 - ERROR - UV sensor error: [Errno 5] Input/output error
2025-07-12 13:10:32,397 - ERROR - Wind speed error: [Errno 5] Input/output error
2025-07-12 13:10:32,397 - ERROR - Wind direction error: [Errno 5] Input/output error
2025-07-12 13:10:32,398 - ERROR - Rainfall sensor error: [Errno 5] Input/output error
2025-07-12 13:10:33,398 - ERROR - Environment sensor error: [Errno 5] Input/output error
2025-07-12 13:10:33,398 - ERROR - UV sensor error: [Errno 5] Input/output error
2025-07-12 13:10:33,442 - ERROR - Wind speed error: [Errno 5] Input/output error
2025-07-12 13:10:33,442 - ERROR - Wind direction error: [Errno 5] Input/output error
2025-07-12 13:10:33,442 - ERROR - Rainfall sensor error: [Errno 5] Input/output error
2025-07-12 13:10:34,442 - ERROR - Environment sensor error: [Errno 5] Input/output error
2025-07-12 13:10:34,443 - ERROR - UV sensor error: [Errno 5] Input/output error
2025-07-12 13:10:34,487 - ERROR - Wind speed error: [Errno 5] Input/output error
2025-07-12 13:10:34,487 - ERROR - Wind direction error: [Errno 5] Input/output error
2025-07-12 13:10:34,487 - ERROR - Rainfall sensor error: [Errno 5] Input/output error
2025-07-12 13:10:35,487 - ERROR - Environment sensor error: [Errno 5] Input/output error
2025-07-12 13:10:35,487 - ERROR - UV sensor error: [Errno 5] Input/output error
2025-07-12 13:10:35,532 - ERROR - Wind speed error: [Errno 5] Input/output error
2025-07-12 13:10:35,532 - ERROR - Wind direction error: [Errno 5] Input/output error
2025-07-12 13:10:35,532 - ERROR - Rainfall sensor error: [Errno 5] Input/output error
2025-07-12 13:10:36,532 - ERROR - Environment sensor error: [Errno 5] Input/output error
2025-07-12 13:10:36,532 - ERROR - UV sensor error: [Errno 5] Input/output error
2025-07-12 13:10:36,576 - ERROR - Wind speed error: [Errno 5] Input/output error
2025-07-12 13:10:36,576 - ERROR - Wind direction error: [Errno 5] Input/output error
2025-07-12 13:10:36,576 - ERROR - Rainfall sensor error: [Errno 5] Input/output error
2025-07-12 13:10:37,576 - ERROR - Environment sensor error: [Errno 5] Input/output error
2025-07-12 13:10:37,576 - ERROR - UV sensor error: [Errno 5] Input/output error
2025-07-12 13:10:37,621 - ERROR - Wind speed error: [Errno 5] Input/output error
2025-07-12 13:10:37,621 - ERROR - Wind direction error: [Errno 5] Input/output error
2025-07-12 13:10:37,621 - ERROR - Rainfall sensor error: [Errno 5] Input/output error
2025-07-12 13:10:38,621 - ERROR - Environment sensor error: [Errno 5] Input/output error
2025-07-12 13:10:38,621 - ERROR - UV sensor error: [Errno 5] Input/output error
2025-07-12 13:10:38,665 - ERROR - Wind speed error: [Errno 5] Input/output error
2025-07-12 13:10:38,665 - ERROR - Wind direction error: [Errno 5] Input/output error
2025-07-12 13:10:38,665 - ERROR - Rainfall sensor error: [Errno 5] Input/output error
2025-07-12 13:10:39,650 - INFO - Switched to GUI-2 (Next toggle in 5s
2025-07-12 13:10:39,666 - ERROR - Environment sensor error: [Errno 5] Input/output error
2025-07-12 13:10:39,666 - ERROR - UV sensor error: [Errno 5] Input/output error
2025-07-12 13:10:39,720 - ERROR - Wind speed error: [Errno 5] Input/output error
2025-07-12 13:10:39,721 - ERROR - Wind direction error: [Errno 5] Input/output error
2025-07-12 13:10:39,721 - ERROR - Rainfall sensor error: [Errno 5] Input/output error
2025-07-12 13:10:40,721 - ERROR - Environment sensor error: [Errno 5] Input/output error
2025-07-12 13:10:40,721 - ERROR - UV sensor error: [Errno 5] Input/output error
2025-07-12 13:10:40,766 - ERROR - Wind speed error: [Errno 5] Input/output error
2025-07-12 13:10:40,766 - ERROR - Wind direction error: [Errno 5] Input/output error
2025-07-12 13:10:40,766 - ERROR - Rainfall sensor error: [Errno 5] Input/output error
2025-07-12 13:10:41,766 - ERROR - Environment sensor error: [Errno 5] Input/output error
2025-07-12 13:10:41,766 - ERROR - UV sensor error: [Errno 5] Input/output error
2025-07-12 13:10:41,810 - ERROR - Wind speed error: [Errno 5] Input/output error
2025-07-12 13:10:41,810 - ERROR - Wind direction error: [Errno 5] Input/output error
2025-07-12 13:10:41,810 - ERROR - Rainfall sensor error: [Errno 5] Input/output error
2025-07-12 13:10:42,811 - ERROR - Environment sensor error: [Errno 5] Input/output error
2025-07-12 13:10:42,811 - ERROR - UV sensor error: [Errno 5] Input/output error
2025-07-12 13:10:42,874 - ERROR - Wind speed error: [Errno 5] Input/output error
2025-07-12 13:10:42,874 - ERROR - Wind direction error: [Errno 5] Input/output error
2025-07-12 13:10:42,874 - ERROR - Rainfall sensor error: [Errno 5] Input/output error
2025-07-12 13:10:43,874 - ERROR - Environment sensor error: [Errno 5] Input/output error
2025-07-12 13:10:43,875 - ERROR - UV sensor error: [Errno 5] Input/output error
2025-07-12 13:10:43,944 - ERROR - Wind speed error: [Errno 5] Input/output error
2025-07-12 13:10:43,944 - ERROR - Wind direction error: [Errno 5] Input/output error
2025-07-12 13:10:43,944 - ERROR - Rainfall sensor error: [Errno 5] Input/output error
2025-07-12 13:10:44,651 - INFO - Switched to GUI-1 (Next toggle in 10s
2025-07-12 13:10:44,944 - ERROR - Environment sensor error: [Errno 5] Input/output error
2025-07-12 13:10:44,944 - ERROR - UV sensor error: [Errno 5] Input/output error
2025-07-12 13:10:45,009 - ERROR - Wind speed error: [Errno 5] Input/output error
2025-07-12 13:10:45,010 - ERROR - Wind direction error: [Errno 5] Input/output error
2025-07-12 13:10:45,010 - ERROR - Rainfall sensor error: [Errno 5] Input/output error
2025-07-12 13:10:46,010 - ERROR - Environment sensor error: [Errno 5] Input/output error
2025-07-12 13:10:46,010 - ERROR - UV sensor error: [Errno 5] Input/output error
2025-07-12 13:10:46,076 - ERROR - Wind speed error: [Errno 5] Input/output error
2025-07-12 13:10:46,076 - ERROR - Wind direction error: [Errno 5] Input/output error
2025-07-12 13:10:46,076 - ERROR - Rainfall sensor error: [Errno 5] Input/output error
2025-07-12 13:10:47,076 - ERROR - Environment sensor error: [Errno 5] Input/output error
2025-07-12 13:10:47,076 - ERROR - UV sensor error: [Errno 5] Input/output error
2025-07-12 13:10:47,145 - ERROR - Wind speed error: [Errno 5] Input/output error
2025-07-12 13:10:47,145 - ERROR - Wind direction error: [Errno 5] Input/output error
2025-07-12 13:10:47,145 - ERROR - Rainfall sensor error: [Errno 5] Input/output error
2025-07-12 13:10:48,146 - ERROR - Environment sensor error: [Errno 5] Input/output error
2025-07-12 13:10:48,146 - ERROR - UV sensor error: [Errno 5] Input/output error
2025-07-12 13:10:48,190 - ERROR - Wind speed error: [Errno 5] Input/output error
2025-07-12 13:10:48,190 - ERROR - Wind direction error: [Errno 5] Input/output error
2025-07-12 13:10:48,190 - ERROR - Rainfall sensor error: [Errno 5] Input/output error
2025-07-12 13:10:49,191 - ERROR - Environment sensor error: [Errno 5] Input/output error
2025-07-12 13:10:49,191 - ERROR - UV sensor error: [Errno 5] Input/output error
2025-07-12 13:10:49,235 - ERROR - Wind speed error: [Errno 5] Input/output error
2025-07-12 13:10:49,235 - ERROR - Wind direction error: [Errno 5] Input/output error
2025-07-12 13:10:49,235 - ERROR - Rainfall sensor error: [Errno 5] Input/output error
2025-07-12 13:10:50,236 - ERROR - Environment sensor error: [Errno 5] Input/output error
2025-07-12 13:10:50,236 - ERROR - UV sensor error: [Errno 5] Input/output error
2025-07-12 13:10:50,280 - ERROR - Wind speed error: [Errno 5] Input/output error
2025-07-12 13:10:50,280 - ERROR - Wind direction error: [Errno 5] Input/output error
2025-07-12 13:10:50,280 - ERROR - Rainfall sensor error: [Errno 5] Input/output error
2025-07-12 13:10:51,281 - ERROR - Environment sensor error: [Errno 5] Input/output error
2025-07-12 13:10:51,281 - ERROR - UV sensor error: [Errno 5] Input/output error
2025-07-12 13:10:51,330 - ERROR - Wind speed error: [Errno 5] Input/output error
2025-07-12 13:10:51,330 - ERROR - Wind direction error: [Errno 5] Input/output error
2025-07-12 13:10:51,330 - ERROR - Rainfall sensor error: [Errno 5] Input/output error
2025-07-12 13:10:52,330 - ERROR - Environment sensor error: [Errno 5] Input/output error
2025-07-12 13:10:52,331 - ERROR - UV sensor error: [Errno 5] Input/output error
2025-07-12 13:10:52,397 - ERROR - Wind speed error: [Errno 5] Input/output error
2025-07-12 13:10:52,397 - ERROR - Wind direction error: [Errno 5] Input/output error
2025-07-12 13:10:52,397 - ERROR - Rainfall sensor error: [Errno 5] Input/output error
2025-07-12 13:10:53,397 - ERROR - Environment sensor error: [Errno 5] Input/output error
2025-07-12 13:10:53,397 - ERROR - UV sensor error: [Errno 5] Input/output error
2025-07-12 13:10:53,442 - ERROR - Wind speed error: [Errno 5] Input/output error
2025-07-12 13:10:53,442 - ERROR - Wind direction error: [Errno 5] Input/output error
2025-07-12 13:10:53,442 - ERROR - Rainfall sensor error: [Errno 5] Input/output error
2025-07-12 13:10:54,442 - ERROR - Environment sensor error: [Errno 5] Input/output error
2025-07-12 13:10:54,442 - ERROR - UV sensor error: [Errno 5] Input/output error
2025-07-12 13:10:54,487 - ERROR - Wind speed error: [Errno 5] Input/output error
2025-07-12 13:10:54,487 - ERROR - Wind direction error: [Errno 5] Input/output error
2025-07-12 13:10:54,487 - ERROR - Rainfall sensor error: [Errno 5] Input/output error
2025-07-12 13:10:54,651 - INFO - Switched to GUI-2 (Next toggle in 5s
2025-07-12 13:10:55,191 - INFO - CSV write completed at 2025-07-12T13:10:55.191741
2025-07-12 13:10:55,487 - ERROR - Environment sensor error: [Errno 5] Input/output error
2025-07-12 13:10:55,487 - ERROR - UV sensor error: [Errno 5] Input/output error
2025-07-12 13:10:55,532 - ERROR - Wind speed error: [Errno 5] Input/output error
2025-07-12 13:10:55,532 - ERROR - Wind direction error: [Errno 5] Input/output error
2025-07-12 13:10:55,532 - ERROR - Rainfall sensor error: [Errno 5] Input/output error
2025-07-12 13:10:56,532 - ERROR - Environment sensor error: [Errno 5] Input/output error
2025-07-12 13:10:56,532 - ERROR - UV sensor error: [Errno 5] Input/output error
2025-07-12 13:10:56,577 - ERROR - Wind speed error: [Errno 5] Input/output error
2025-07-12 13:10:56,577 - ERROR - Wind direction error: [Errno 5] Input/output error
2025-07-12 13:10:56,577 - ERROR - Rainfall sensor error: [Errno 5] Input/output error
2025-07-12 13:10:57,577 - ERROR - Environment sensor error: [Errno 5] Input/output error
2025-07-12 13:10:57,578 - ERROR - UV sensor error: [Errno 5] Input/output error
2025-07-12 13:10:57,644 - ERROR - Wind speed error: [Errno 5] Input/output error
2025-07-12 13:10:57,645 - ERROR - Wind direction error: [Errno 5] Input/output error
2025-07-12 13:10:57,645 - ERROR - Rainfall sensor error: [Errno 5] Input/output error
2025-07-12 13:10:58,645 - ERROR - Environment sensor error: [Errno 5] Input/output error
2025-07-12 13:10:58,645 - ERROR - UV sensor error: [Errno 5] Input/output error
2025-07-12 13:10:58,715 - ERROR - Wind speed error: [Errno 5] Input/output error
2025-07-12 13:10:58,715 - ERROR - Wind direction error: [Errno 5] Input/output error
2025-07-12 13:10:58,715 - ERROR - Rainfall sensor error: [Errno 5] Input/output error
2025-07-12 13:10:59,651 - INFO - Switched to GUI-1 (Next toggle in 10s
2025-07-12 13:10:59,716 - ERROR - Environment sensor error: [Errno 5] Input/output error
2025-07-12 13:10:59,716 - ERROR - UV sensor error: [Errno 5] Input/output error
2025-07-12 13:10:59,770 - ERROR - Wind speed error: [Errno 5] Input/output error
2025-07-12 13:10:59,771 - ERROR - Wind direction error: [Errno 5] Input/output error
2025-07-12 13:10:59,771 - ERROR - Rainfall sensor error: [Errno 5] Input/output error
2025-07-12 13:11:00,771 - ERROR - Environment sensor error: [Errno 5] Input/output error
2025-07-12 13:11:00,771 - ERROR - UV sensor error: [Errno 5] Input/output error
2025-07-12 13:11:00,816 - ERROR - Wind speed error: [Errno 5] Input/output error
2025-07-12 13:11:00,816 - ERROR - Wind direction error: [Errno 5] Input/output error
2025-07-12 13:11:00,816 - ERROR - Rainfall sensor error: [Errno 5] Input/output error
2025-07-12 13:11:01,816 - ERROR - Environment sensor error: [Errno 5] Input/output error
2025-07-12 13:11:01,816 - ERROR - UV sensor error: [Errno 5] Input/output error
2025-07-12 13:11:01,860 - ERROR - Wind speed error: [Errno 5] Input/output error
2025-07-12 13:11:01,861 - ERROR - Wind direction error: [Errno 5] Input/output error
2025-07-12 13:11:01,861 - ERROR - Rainfall sensor error: [Errno 5] Input/output error
2025-07-12 13:11:02,861 - ERROR - Environment sensor error: [Errno 5] Input/output error
2025-07-12 13:11:02,861 - ERROR - UV sensor error: [Errno 5] Input/output error
2025-07-12 13:11:02,905 - ERROR - Wind speed error: [Errno 5] Input/output error
2025-07-12 13:11:02,906 - ERROR - Wind direction error: [Errno 5] Input/output error
2025-07-12 13:11:02,906 - ERROR - Rainfall sensor error: [Errno 5] Input/output error
2025-07-12 13:11:03,906 - ERROR - Environment sensor error: [Errno 5] Input/output error
2025-07-12 13:11:03,906 - ERROR - UV sensor error: [Errno 5] Input/output error
2025-07-12 13:11:03,971 - ERROR - Wind speed error: [Errno 5] Input/output error
2025-07-12 13:11:03,971 - ERROR - Wind direction error: [Errno 5] Input/output error
2025-07-12 13:11:03,971 - ERROR - Rainfall sensor error: [Errno 5] Input/output error
2025-07-12 13:11:04,971 - ERROR - Environment sensor error: [Errno 5] Input/output error
2025-07-12 13:11:04,971 - ERROR - UV sensor error: [Errno 5] Input/output error
2025-07-12 13:11:05,041 - ERROR - Wind speed error: [Errno 5] Input/output error
2025-07-12 13:11:05,042 - ERROR - Wind direction error: [Errno 5] Input/output error
2025-07-12 13:11:05,042 - ERROR - Rainfall sensor error: [Errno 5] Input/output error
2025-07-12 13:11:06,042 - ERROR - Environment sensor error: [Errno 5] Input/output error
2025-07-12 13:11:06,042 - ERROR - UV sensor error: [Errno 5] Input/output error
2025-07-12 13:11:06,112 - ERROR - Wind speed error: [Errno 5] Input/output error
2025-07-12 13:11:06,112 - ERROR - Wind direction error: [Errno 5] Input/output error
2025-07-12 13:11:06,112 - ERROR - Rainfall sensor error: [Errno 5] Input/output error
2025-07-12 13:11:07,112 - ERROR - Environment sensor error: [Errno 5] Input/output error
2025-07-12 13:11:07,112 - ERROR - UV sensor error: [Errno 5] Input/output error
2025-07-12 13:11:07,182 - ERROR - Wind speed error: [Errno 5] Input/output error
2025-07-12 13:11:07,182 - ERROR - Wind direction error: [Errno 5] Input/output error
2025-07-12 13:11:07,182 - ERROR - Rainfall sensor error: [Errno 5] Input/output error
2025-07-12 13:11:08,182 - ERROR - Environment sensor error: [Errno 5] Input/output error
2025-07-12 13:11:08,182 - ERROR - UV sensor error: [Errno 5] Input/output error
2025-07-12 13:11:08,226 - ERROR - Wind speed error: [Errno 5] Input/output error
2025-07-12 13:11:08,226 - ERROR - Wind direction error: [Errno 5] Input/output error
2025-07-12 13:11:08,226 - ERROR - Rainfall sensor error: [Errno 5] Input/output error
2025-07-12 13:11:09,227 - ERROR - Environment sensor error: [Errno 5] Input/output error
2025-07-12 13:11:09,227 - ERROR - UV sensor error: [Errno 5] Input/output error
2025-07-12 13:11:09,271 - ERROR - Wind speed error: [Errno 5] Input/output error
2025-07-12 13:11:09,271 - ERROR - Wind direction error: [Errno 5] Input/output error
2025-07-12 13:11:09,271 - ERROR - Rainfall sensor error: [Errno 5] Input/output error
2025-07-12 13:11:09,651 - INFO - Switched to GUI-2 (Next toggle in 5s
2025-07-12 13:11:10,272 - ERROR - Environment sensor error: [Errno 5] Input/output error
2025-07-12 13:11:10,272 - ERROR - UV sensor error: [Errno 5] Input/output error
2025-07-12 13:11:10,316 - ERROR - Wind speed error: [Errno 5] Input/output error
2025-07-12 13:11:10,316 - ERROR - Wind direction error: [Errno 5] Input/output error
2025-07-12 13:11:10,316 - ERROR - Rainfall sensor error: [Errno 5] Input/output error
2025-07-12 13:11:11,316 - ERROR - Environment sensor error: [Errno 5] Input/output error
2025-07-12 13:11:11,316 - ERROR - UV sensor error: [Errno 5] Input/output error
2025-07-12 13:11:11,361 - ERROR - Wind speed error: [Errno 5] Input/output error
2025-07-12 13:11:11,361 - ERROR - Wind direction error: [Errno 5] Input/output error
2025-07-12 13:11:11,361 - ERROR - Rainfall sensor error: [Errno 5] Input/output error
2025-07-12 13:11:12,361 - ERROR - Environment sensor error: [Errno 5] Input/output error
2025-07-12 13:11:12,361 - ERROR - UV sensor error: [Errno 5] Input/output error
2025-07-12 13:11:12,407 - ERROR - Wind speed error: [Errno 5] Input/output error
2025-07-12 13:11:12,407 - ERROR - Wind direction error: [Errno 5] Input/output error
2025-07-12 13:11:12,407 - ERROR - Rainfall sensor error: [Errno 5] Input/output error
2025-07-12 13:11:13,407 - ERROR - Environment sensor error: [Errno 5] Input/output error
2025-07-12 13:11:13,407 - ERROR - UV sensor error: [Errno 5] Input/output error
2025-07-12 13:11:13,452 - ERROR - Wind speed error: [Errno 5] Input/output error
2025-07-12 13:11:13,452 - ERROR - Wind direction error: [Errno 5] Input/output error
2025-07-12 13:11:13,452 - ERROR - Rainfall sensor error: [Errno 5] Input/output error
2025-07-12 13:11:14,452 - ERROR - Environment sensor error: [Errno 5] Input/output error
2025-07-12 13:11:14,453 - ERROR - UV sensor error: [Errno 5] Input/output error
2025-07-12 13:11:14,497 - ERROR - Wind speed error: [Errno 5] Input/output error
2025-07-12 13:11:14,497 - ERROR - Wind direction error: [Errno 5] Input/output error
2025-07-12 13:11:14,497 - ERROR - Rainfall sensor error: [Errno 5] Input/output error
2025-07-12 13:11:14,652 - INFO - Switched to GUI-1 (Next toggle in 10s
2025-07-12 13:11:15,497 - ERROR - Environment sensor error: [Errno 5] Input/output error
2025-07-12 13:11:15,497 - ERROR - UV sensor error: [Errno 5] Input/output error
2025-07-12 13:11:15,542 - ERROR - Wind speed error: [Errno 5] Input/output error
2025-07-12 13:11:15,542 - ERROR - Wind direction error: [Errno 5] Input/output error
2025-07-12 13:11:15,542 - ERROR - Rainfall sensor error: [Errno 5] Input/output error
2025-07-12 13:11:16,542 - ERROR - Environment sensor error: [Errno 5] Input/output error
2025-07-12 13:11:16,542 - ERROR - UV sensor error: [Errno 5] Input/output error
2025-07-12 13:11:16,587 - ERROR - Wind speed error: [Errno 5] Input/output error
2025-07-12 13:11:16,587 - ERROR - Wind direction error: [Errno 5] Input/output error
2025-07-12 13:11:16,587 - ERROR - Rainfall sensor error: [Errno 5] Input/output error
2025-07-12 13:11:17,587 - ERROR - Environment sensor error: [Errno 5] Input/output error
2025-07-12 13:11:17,587 - ERROR - UV sensor error: [Errno 5] Input/output error
2025-07-12 13:11:17,657 - ERROR - Wind speed error: [Errno 5] Input/output error
2025-07-12 13:11:17,658 - ERROR - Wind direction error: [Errno 5] Input/output error
2025-07-12 13:11:17,658 - ERROR - Rainfall sensor error: [Errno 5] Input/output error
2025-07-12 13:11:18,658 - ERROR - Environment sensor error: [Errno 5] Input/output error
2025-07-12 13:11:18,658 - ERROR - UV sensor error: [Errno 5] Input/output error
2025-07-12 13:11:18,727 - ERROR - Wind speed error: [Errno 5] Input/output error
2025-07-12 13:11:18,727 - ERROR - Wind direction error: [Errno 5] Input/output error
2025-07-12 13:11:18,727 - ERROR - Rainfall sensor error: [Errno 5] Input/output error
2025-07-12 13:11:19,728 - ERROR - Environment sensor error: [Errno 5] Input/output error
2025-07-12 13:11:19,728 - ERROR - UV sensor error: [Errno 5] Input/output error
2025-07-12 13:11:19,795 - ERROR - Wind speed error: [Errno 5] Input/output error
2025-07-12 13:11:19,795 - ERROR - Wind direction error: [Errno 5] Input/output error
2025-07-12 13:11:19,795 - ERROR - Rainfall sensor error: [Errno 5] Input/output error
2025-07-12 13:11:20,795 - ERROR - Environment sensor error: [Errno 5] Input/output error
2025-07-12 13:11:20,795 - ERROR - UV sensor error: [Errno 5] Input/output error
2025-07-12 13:11:20,860 - ERROR - Wind speed error: [Errno 5] Input/output error
2025-07-12 13:11:20,860 - ERROR - Wind direction error: [Errno 5] Input/output error
2025-07-12 13:11:20,860 - ERROR - Rainfall sensor error: [Errno 5] Input/output error
2025-07-12 13:11:21,860 - ERROR - Environment sensor error: [Errno 5] Input/output error
2025-07-12 13:11:21,860 - ERROR - UV sensor error: [Errno 5] Input/output error
2025-07-12 13:11:21,930 - ERROR - Wind speed error: [Errno 5] Input/output error
2025-07-12 13:11:21,930 - ERROR - Wind direction error: [Errno 5] Input/output error
2025-07-12 13:11:21,930 - ERROR - Rainfall sensor error: [Errno 5] Input/output error
2025-07-12 13:11:22,930 - ERROR - Environment sensor error: [Errno 5] Input/output error
2025-07-12 13:11:22,930 - ERROR - UV sensor error: [Errno 5] Input/output error
2025-07-12 13:11:22,974 - ERROR - Wind speed error: [Errno 5] Input/output error
2025-07-12 13:11:22,975 - ERROR - Wind direction error: [Errno 5] Input/output error
2025-07-12 13:11:22,975 - ERROR - Rainfall sensor error: [Errno 5] Input/output error
2025-07-12 13:11:23,975 - ERROR - Environment sensor error: [Errno 5] Input/output error
2025-07-12 13:11:23,975 - ERROR - UV sensor error: [Errno 5] Input/output error
2025-07-12 13:11:24,020 - ERROR - Wind speed error: [Errno 5] Input/output error
2025-07-12 13:11:24,020 - ERROR - Wind direction error: [Errno 5] Input/output error
2025-07-12 13:11:24,020 - ERROR - Rainfall sensor error: [Errno 5] Input/output error
2025-07-12 13:11:24,652 - INFO - Switched to GUI-2 (Next toggle in 5s
2025-07-12 13:11:25,020 - ERROR - Environment sensor error: [Errno 5] Input/output error
2025-07-12 13:11:25,020 - ERROR - UV sensor error: [Errno 5] Input/output error
2025-07-12 13:11:25,065 - ERROR - Wind speed error: [Errno 5] Input/output error
2025-07-12 13:11:25,065 - ERROR - Wind direction error: [Errno 5] Input/output error
2025-07-12 13:11:25,065 - ERROR - Rainfall sensor error: [Errno 5] Input/output error
2025-07-12 13:11:25,227 - INFO - CSV write completed at 2025-07-12T13:11:25.227021
2025-07-12 13:11:26,065 - ERROR - Environment sensor error: [Errno 5] Input/output error
2025-07-12 13:11:26,065 - ERROR - UV sensor error: [Errno 5] Input/output error
2025-07-12 13:11:26,109 - ERROR - Wind speed error: [Errno 5] Input/output error
2025-07-12 13:11:26,109 - ERROR - Wind direction error: [Errno 5] Input/output error
2025-07-12 13:11:26,109 - ERROR - Rainfall sensor error: [Errno 5] Input/output error
2025-07-12 13:11:27,110 - ERROR - Environment sensor error: [Errno 5] Input/output error
2025-07-12 13:11:27,110 - ERROR - UV sensor error: [Errno 5] Input/output error
2025-07-12 13:11:27,174 - ERROR - Wind speed error: [Errno 5] Input/output error
2025-07-12 13:11:27,174 - ERROR - Wind direction error: [Errno 5] Input/output error
2025-07-12 13:11:27,174 - ERROR - Rainfall sensor error: [Errno 5] Input/output error
2025-07-12 13:11:28,175 - ERROR - Environment sensor error: [Errno 5] Input/output error
2025-07-12 13:11:28,178 - ERROR - UV sensor error: [Errno 5] Input/output error
2025-07-12 13:11:28,248 - ERROR - Wind speed error: [Errno 5] Input/output error
2025-07-12 13:11:28,248 - ERROR - Wind direction error: [Errno 5] Input/output error
2025-07-12 13:11:28,248 - ERROR - Rainfall sensor error: [Errno 5] Input/output error
2025-07-12 13:11:29,249 - ERROR - Environment sensor error: [Errno 5] Input/output error
2025-07-12 13:11:29,249 - ERROR - UV sensor error: [Errno 5] Input/output error
2025-07-12 13:11:29,318 - ERROR - Wind speed error: [Errno 5] Input/output error
2025-07-12 13:11:29,319 - ERROR - Wind direction error: [Errno 5] Input/output error
2025-07-12 13:11:29,319 - ERROR - Rainfall sensor error: [Errno 5] Input/output error
2025-07-12 13:11:29,652 - INFO - Switched to GUI-1 (Next toggle in 10s
2025-07-12 13:11:30,319 - ERROR - Environment sensor error: [Errno 5] Input/output error
2025-07-12 13:11:30,319 - ERROR - UV sensor error: [Errno 5] Input/output error
2025-07-12 13:11:30,363 - ERROR - Wind speed error: [Errno 5] Input/output error
2025-07-12 13:11:30,363 - ERROR - Wind direction error: [Errno 5] Input/output error
2025-07-12 13:11:30,363 - ERROR - Rainfall sensor error: [Errno 5] Input/output error
2025-07-12 13:11:31,363 - ERROR - Environment sensor error: [Errno 5] Input/output error
2025-07-12 13:11:31,363 - ERROR - UV sensor error: [Errno 5] Input/output error
2025-07-12 13:11:31,408 - ERROR - Wind speed error: [Errno 5] Input/output error
2025-07-12 13:11:31,408 - ERROR - Wind direction error: [Errno 5] Input/output error
2025-07-12 13:11:31,408 - ERROR - Rainfall sensor error: [Errno 5] Input/output error
2025-07-12 13:11:32,408 - ERROR - Environment sensor error: [Errno 5] Input/output error
2025-07-12 13:11:32,408 - ERROR - UV sensor error: [Errno 5] Input/output error
2025-07-12 13:11:32,452 - ERROR - Wind speed error: [Errno 5] Input/output error
2025-07-12 13:11:32,452 - ERROR - Wind direction error: [Errno 5] Input/output error
2025-07-12 13:11:32,452 - ERROR - Rainfall sensor error: [Errno 5] Input/output error
2025-07-12 13:11:33,452 - ERROR - Environment sensor error: [Errno 5] Input/output error
2025-07-12 13:11:33,452 - ERROR - UV sensor error: [Errno 5] Input/output error
2025-07-12 13:11:33,496 - ERROR - Wind speed error: [Errno 5] Input/output error
2025-07-12 13:11:33,496 - ERROR - Wind direction error: [Errno 5] Input/output error
2025-07-12 13:11:33,496 - ERROR - Rainfall sensor error: [Errno 5] Input/output error
2025-07-12 13:11:34,497 - ERROR - Environment sensor error: [Errno 5] Input/output error
2025-07-12 13:11:34,497 - ERROR - UV sensor error: [Errno 5] Input/output error
2025-07-12 13:11:34,566 - ERROR - Wind speed error: [Errno 5] Input/output error
2025-07-12 13:11:34,566 - ERROR - Wind direction error: [Errno 5] Input/output error
2025-07-12 13:11:34,566 - ERROR - Rainfall sensor error: [Errno 5] Input/output error
2025-07-12 13:11:35,567 - ERROR - Environment sensor error: [Errno 5] Input/output error
2025-07-12 13:11:35,567 - ERROR - UV sensor error: [Errno 5] Input/output error
2025-07-12 13:11:35,637 - ERROR - Wind speed error: [Errno 5] Input/output error
2025-07-12 13:11:35,637 - ERROR - Wind direction error: [Errno 5] Input/output error
2025-07-12 13:11:35,637 - ERROR - Rainfall sensor error: [Errno 5] Input/output error
2025-07-12 13:11:36,637 - ERROR - Environment sensor error: [Errno 5] Input/output error
2025-07-12 13:11:36,637 - ERROR - UV sensor error: [Errno 5] Input/output error
2025-07-12 13:11:36,681 - ERROR - Wind speed error: [Errno 5] Input/output error
2025-07-12 13:11:36,681 - ERROR - Wind direction error: [Errno 5] Input/output error
2025-07-12 13:11:36,682 - ERROR - Rainfall sensor error: [Errno 5] Input/output error
2025-07-12 13:11:37,682 - ERROR - Environment sensor error: [Errno 5] Input/output error
2025-07-12 13:11:37,682 - ERROR - UV sensor error: [Errno 5] Input/output error
2025-07-12 13:11:37,726 - ERROR - Wind speed error: [Errno 5] Input/output error
2025-07-12 13:11:37,726 - ERROR - Wind direction error: [Errno 5] Input/output error
2025-07-12 13:11:37,726 - ERROR - Rainfall sensor error: [Errno 5] Input/output error
2025-07-12 13:11:38,726 - ERROR - Environment sensor error: [Errno 5] Input/output error
2025-07-12 13:11:38,726 - ERROR - UV sensor error: [Errno 5] Input/output error
2025-07-12 13:11:38,770 - ERROR - Wind speed error: [Errno 5] Input/output error
2025-07-12 13:11:38,770 - ERROR - Wind direction error: [Errno 5] Input/output error
2025-07-12 13:11:38,770 - ERROR - Rainfall sensor error: [Errno 5] Input/output error
2025-07-12 13:11:39,653 - INFO - Switched to GUI-2 (Next toggle in 5s
2025-07-12 13:11:39,771 - ERROR - Environment sensor error: [Errno 5] Input/output error
2025-07-12 13:11:39,771 - ERROR - UV sensor error: [Errno 5] Input/output error
2025-07-12 13:11:39,815 - ERROR - Wind speed error: [Errno 5] Input/output error
2025-07-12 13:11:39,815 - ERROR - Wind direction error: [Errno 5] Input/output error
2025-07-12 13:11:39,815 - ERROR - Rainfall sensor error: [Errno 5] Input/output error
2025-07-12 13:11:40,815 - ERROR - Environment sensor error: [Errno 5] Input/output error
2025-07-12 13:11:40,815 - ERROR - UV sensor error: [Errno 5] Input/output error
2025-07-12 13:11:40,876 - ERROR - Wind speed error: [Errno 5] Input/output error
2025-07-12 13:11:40,877 - ERROR - Wind direction error: [Errno 5] Input/output error
2025-07-12 13:11:40,877 - ERROR - Rainfall sensor error: [Errno 5] Input/output error
2025-07-12 13:11:41,877 - ERROR - Environment sensor error: [Errno 5] Input/output error
2025-07-12 13:11:41,877 - ERROR - UV sensor error: [Errno 5] Input/output error
2025-07-12 13:11:41,921 - ERROR - Wind speed error: [Errno 5] Input/output error
2025-07-12 13:11:41,921 - ERROR - Wind direction error: [Errno 5] Input/output error
2025-07-12 13:11:41,921 - ERROR - Rainfall sensor error: [Errno 5] Input/output error
2025-07-12 13:11:42,921 - ERROR - Environment sensor error: [Errno 5] Input/output error
2025-07-12 13:11:42,922 - ERROR - UV sensor error: [Errno 5] Input/output error
2025-07-12 13:11:42,966 - ERROR - Wind speed error: [Errno 5] Input/output error
2025-07-12 13:11:42,966 - ERROR - Wind direction error: [Errno 5] Input/output error
2025-07-12 13:11:42,966 - ERROR - Rainfall sensor error: [Errno 5] Input/output error
2025-07-12 13:11:43,966 - ERROR - Environment sensor error: [Errno 5] Input/output error
2025-07-12 13:11:43,966 - ERROR - UV sensor error: [Errno 5] Input/output error
2025-07-12 13:11:44,010 - ERROR - Wind speed error: [Errno 5] Input/output error
2025-07-12 13:11:44,010 - ERROR - Wind direction error: [Errno 5] Input/output error
2025-07-12 13:11:44,010 - ERROR - Rainfall sensor error: [Errno 5] Input/output error
2025-07-12 13:11:44,653 - INFO - Switched to GUI-1 (Next toggle in 10s
2025-07-12 13:11:45,010 - ERROR - Environment sensor error: [Errno 5] Input/output error
2025-07-12 13:11:45,011 - ERROR - UV sensor error: [Errno 5] Input/output error
2025-07-12 13:11:45,055 - ERROR - Wind speed error: [Errno 5] Input/output error
2025-07-12 13:11:45,055 - ERROR - Wind direction error: [Errno 5] Input/output error
2025-07-12 13:11:45,055 - ERROR - Rainfall sensor error: [Errno 5] Input/output error
2025-07-12 13:11:46,055 - ERROR - Environment sensor error: [Errno 5] Input/output error
2025-07-12 13:11:46,055 - ERROR - UV sensor error: [Errno 5] Input/output error
2025-07-12 13:11:46,122 - ERROR - Wind speed error: [Errno 5] Input/output error
2025-07-12 13:11:46,122 - ERROR - Wind direction error: [Errno 5] Input/output error
2025-07-12 13:11:46,122 - ERROR - Rainfall sensor error: [Errno 5] Input/output error
2025-07-12 13:11:47,122 - ERROR - Environment sensor error: [Errno 5] Input/output error
2025-07-12 13:11:47,122 - ERROR - UV sensor error: [Errno 5] Input/output error
2025-07-12 13:11:47,191 - ERROR - Wind speed error: [Errno 5] Input/output error
2025-07-12 13:11:47,192 - ERROR - Wind direction error: [Errno 5] Input/output error
2025-07-12 13:11:47,192 - ERROR - Rainfall sensor error: [Errno 5] Input/output error
2025-07-12 13:11:48,192 - ERROR - Environment sensor error: [Errno 5] Input/output error
2025-07-12 13:11:48,192 - ERROR - UV sensor error: [Errno 5] Input/output error
2025-07-12 13:11:48,236 - ERROR - Wind speed error: [Errno 5] Input/output error
2025-07-12 13:11:48,236 - ERROR - Wind direction error: [Errno 5] Input/output error
2025-07-12 13:11:48,236 - ERROR - Rainfall sensor error: [Errno 5] Input/output error
2025-07-12 13:11:49,236 - ERROR - Environment sensor error: [Errno 5] Input/output error
2025-07-12 13:11:49,236 - ERROR - UV sensor error: [Errno 5] Input/output error
2025-07-12 13:11:49,280 - ERROR - Wind speed error: [Errno 5] Input/output error
2025-07-12 13:11:49,281 - ERROR - Wind direction error: [Errno 5] Input/output error
2025-07-12 13:11:49,281 - ERROR - Rainfall sensor error: [Errno 5] Input/output error
2025-07-12 13:11:50,281 - ERROR - Environment sensor error: [Errno 5] Input/output error
2025-07-12 13:11:50,281 - ERROR - UV sensor error: [Errno 5] Input/output error
2025-07-12 13:11:50,325 - ERROR - Wind speed error: [Errno 5] Input/output error
2025-07-12 13:11:50,325 - ERROR - Wind direction error: [Errno 5] Input/output error
2025-07-12 13:11:50,325 - ERROR - Rainfall sensor error: [Errno 5] Input/output error
2025-07-12 13:11:51,325 - ERROR - Environment sensor error: [Errno 5] Input/output error
2025-07-12 13:11:51,325 - ERROR - UV sensor error: [Errno 5] Input/output error
2025-07-12 13:11:51,370 - ERROR - Wind speed error: [Errno 5] Input/output error
2025-07-12 13:11:51,370 - ERROR - Wind direction error: [Errno 5] Input/output error
2025-07-12 13:11:51,370 - ERROR - Rainfall sensor error: [Errno 5] Input/output error
2025-07-12 13:11:52,370 - ERROR - Environment sensor error: [Errno 5] Input/output error
2025-07-12 13:11:52,370 - ERROR - UV sensor error: [Errno 5] Input/output error
2025-07-12 13:11:52,435 - ERROR - Wind speed error: [Errno 5] Input/output error
2025-07-12 13:11:52,435 - ERROR - Wind direction error: [Errno 5] Input/output error
2025-07-12 13:11:52,435 - ERROR - Rainfall sensor error: [Errno 5] Input/output error
2025-07-12 13:11:53,435 - ERROR - Environment sensor error: [Errno 5] Input/output error
2025-07-12 13:11:53,436 - ERROR - UV sensor error: [Errno 5] Input/output error
2025-07-12 13:11:53,505 - ERROR - Wind speed error: [Errno 5] Input/output error
2025-07-12 13:11:53,505 - ERROR - Wind direction error: [Errno 5] Input/output error
2025-07-12 13:11:53,505 - ERROR - Rainfall sensor error: [Errno 5] Input/output error
2025-07-12 13:11:54,505 - ERROR - Environment sensor error: [Errno 5] Input/output error
2025-07-12 13:11:54,505 - ERROR - UV sensor error: [Errno 5] Input/output error
2025-07-12 13:11:54,575 - ERROR - Wind speed error: [Errno 5] Input/output error
2025-07-12 13:11:54,575 - ERROR - Wind direction error: [Errno 5] Input/output error
2025-07-12 13:11:54,575 - ERROR - Rainfall sensor error: [Errno 5] Input/output error
2025-07-12 13:11:54,653 - INFO - Switched to GUI-2 (Next toggle in 5s
2025-07-12 13:11:55,280 - INFO - CSV write completed at 2025-07-12T13:11:55.280168
2025-07-12 13:11:55,576 - ERROR - Environment sensor error: [Errno 5] Input/output error
2025-07-12 13:11:55,576 - ERROR - UV sensor error: [Errno 5] Input/output error
2025-07-12 13:11:55,645 - ERROR - Wind speed error: [Errno 5] Input/output error
2025-07-12 13:11:55,645 - ERROR - Wind direction error: [Errno 5] Input/output error
2025-07-12 13:11:55,645 - ERROR - Rainfall sensor error: [Errno 5] Input/output error
2025-07-12 13:11:56,646 - ERROR - Environment sensor error: [Errno 5] Input/output error
2025-07-12 13:11:56,646 - ERROR - UV sensor error: [Errno 5] Input/output error
2025-07-12 13:11:56,715 - ERROR - Wind speed error: [Errno 5] Input/output error
2025-07-12 13:11:56,716 - ERROR - Wind direction error: [Errno 5] Input/output error
2025-07-12 13:11:56,716 - ERROR - Rainfall sensor error: [Errno 5] Input/output error
2025-07-12 13:11:57,716 - ERROR - Environment sensor error: [Errno 5] Input/output error
2025-07-12 13:11:57,716 - ERROR - UV sensor error: [Errno 5] Input/output error
2025-07-12 13:11:57,761 - ERROR - Wind speed error: [Errno 5] Input/output error
2025-07-12 13:11:57,761 - ERROR - Wind direction error: [Errno 5] Input/output error
2025-07-12 13:11:57,761 - ERROR - Rainfall sensor error: [Errno 5] Input/output error
2025-07-12 13:11:58,761 - ERROR - Environment sensor error: [Errno 5] Input/output error
2025-07-12 13:11:58,761 - ERROR - UV sensor error: [Errno 5] Input/output error
2025-07-12 13:11:58,806 - ERROR - Wind speed error: [Errno 5] Input/output error
2025-07-12 13:11:58,806 - ERROR - Wind direction error: [Errno 5] Input/output error
2025-07-12 13:11:58,806 - ERROR - Rainfall sensor error: [Errno 5] Input/output error
2025-07-12 13:11:59,653 - INFO - Switched to GUI-1 (Next toggle in 10s
2025-07-12 13:11:59,806 - ERROR - Environment sensor error: [Errno 5] Input/output error
2025-07-12 13:11:59,806 - ERROR - UV sensor error: [Errno 5] Input/output error
2025-07-12 13:11:59,850 - ERROR - Wind speed error: [Errno 5] Input/output error
2025-07-12 13:11:59,851 - ERROR - Wind direction error: [Errno 5] Input/output error
2025-07-12 13:11:59,851 - ERROR - Rainfall sensor error: [Errno 5] Input/output error
2025-07-12 13:12:00,851 - ERROR - Environment sensor error: [Errno 5] Input/output error
2025-07-12 13:12:00,851 - ERROR - UV sensor error: [Errno 5] Input/output error
2025-07-12 13:12:00,895 - ERROR - Wind speed error: [Errno 5] Input/output error
2025-07-12 13:12:00,895 - ERROR - Wind direction error: [Errno 5] Input/output error
2025-07-12 13:12:00,895 - ERROR - Rainfall sensor error: [Errno 5] Input/output error
2025-07-12 13:12:01,895 - ERROR - Environment sensor error: [Errno 5] Input/output error
2025-07-12 13:12:01,895 - ERROR - UV sensor error: [Errno 5] Input/output error
2025-07-12 13:12:01,962 - ERROR - Wind speed error: [Errno 5] Input/output error
2025-07-12 13:12:01,962 - ERROR - Wind direction error: [Errno 5] Input/output error
2025-07-12 13:12:01,962 - ERROR - Rainfall sensor error: [Errno 5] Input/output error
2025-07-12 13:12:02,962 - ERROR - Environment sensor error: [Errno 5] Input/output error
2025-07-12 13:12:02,962 - ERROR - UV sensor error: [Errno 5] Input/output error
2025-07-12 13:12:03,032 - ERROR - Wind speed error: [Errno 5] Input/output error
2025-07-12 13:12:03,032 - ERROR - Wind direction error: [Errno 5] Input/output error
2025-07-12 13:12:03,032 - ERROR - Rainfall sensor error: [Errno 5] Input/output error
2025-07-12 13:12:04,032 - ERROR - Environment sensor error: [Errno 5] Input/output error
2025-07-12 13:12:04,032 - ERROR - UV sensor error: [Errno 5] Input/output error
2025-07-12 13:12:04,101 - ERROR - Wind speed error: [Errno 5] Input/output error
2025-07-12 13:12:04,101 - ERROR - Wind direction error: [Errno 5] Input/output error
2025-07-12 13:12:04,101 - ERROR - Rainfall sensor error: [Errno 5] Input/output error
2025-07-12 13:12:05,101 - ERROR - Environment sensor error: [Errno 5] Input/output error
2025-07-12 13:12:05,101 - ERROR - UV sensor error: [Errno 5] Input/output error
2025-07-12 13:12:05,170 - ERROR - Wind speed error: [Errno 5] Input/output error
2025-07-12 13:12:05,171 - ERROR - Wind direction error: [Errno 5] Input/output error
2025-07-12 13:12:05,171 - ERROR - Rainfall sensor error: [Errno 5] Input/output error
2025-07-12 13:12:06,171 - ERROR - Environment sensor error: [Errno 5] Input/output error
2025-07-12 13:12:06,171 - ERROR - UV sensor error: [Errno 5] Input/output error
2025-07-12 13:12:06,236 - ERROR - Wind speed error: [Errno 5] Input/output error
2025-07-12 13:12:06,237 - ERROR - Wind direction error: [Errno 5] Input/output error
2025-07-12 13:12:06,237 - ERROR - Rainfall sensor error: [Errno 5] Input/output error
2025-07-12 13:12:07,237 - ERROR - Environment sensor error: [Errno 5] Input/output error
2025-07-12 13:12:07,237 - ERROR - UV sensor error: [Errno 5] Input/output error
2025-07-12 13:12:07,282 - ERROR - Wind speed error: [Errno 5] Input/output error
2025-07-12 13:12:07,282 - ERROR - Wind direction error: [Errno 5] Input/output error
2025-07-12 13:12:07,282 - ERROR - Rainfall sensor error: [Errno 5] Input/output error
2025-07-12 13:12:08,282 - ERROR - Environment sensor error: [Errno 5] Input/output error
2025-07-12 13:12:08,282 - ERROR - UV sensor error: [Errno 5] Input/output error
2025-07-12 13:12:08,326 - ERROR - Wind speed error: [Errno 5] Input/output error
2025-07-12 13:12:08,326 - ERROR - Wind direction error: [Errno 5] Input/output error
2025-07-12 13:12:08,326 - ERROR - Rainfall sensor error: [Errno 5] Input/output error
2025-07-12 13:12:09,327 - ERROR - Environment sensor error: [Errno 5] Input/output error
2025-07-12 13:12:09,327 - ERROR - UV sensor error: [Errno 5] Input/output error
2025-07-12 13:12:09,371 - ERROR - Wind speed error: [Errno 5] Input/output error
2025-07-12 13:12:09,371 - ERROR - Wind direction error: [Errno 5] Input/output error
2025-07-12 13:12:09,371 - ERROR - Rainfall sensor error: [Errno 5] Input/output error
2025-07-12 13:12:09,654 - INFO - Switched to GUI-2 (Next toggle in 5s
2025-07-12 13:12:10,371 - ERROR - Environment sensor error: [Errno 5] Input/output error
2025-07-12 13:12:10,371 - ERROR - UV sensor error: [Errno 5] Input/output error
2025-07-12 13:12:10,416 - ERROR - Wind speed error: [Errno 5] Input/output error
2025-07-12 13:12:10,416 - ERROR - Wind direction error: [Errno 5] Input/output error
2025-07-12 13:12:10,416 - ERROR - Rainfall sensor error: [Errno 5] Input/output error
2025-07-12 13:12:11,416 - ERROR - Environment sensor error: [Errno 5] Input/output error
2025-07-12 13:12:11,416 - ERROR - UV sensor error: [Errno 5] Input/output error
2025-07-12 13:12:11,461 - ERROR - Wind speed error: [Errno 5] Input/output error
2025-07-12 13:12:11,461 - ERROR - Wind direction error: [Errno 5] Input/output error
2025-07-12 13:12:11,461 - ERROR - Rainfall sensor error: [Errno 5] Input/output error
2025-07-12 13:12:12,461 - ERROR - Environment sensor error: [Errno 5] Input/output error
2025-07-12 13:12:12,461 - ERROR - UV sensor error: [Errno 5] Input/output error
2025-07-12 13:12:12,506 - ERROR - Wind speed error: [Errno 5] Input/output error
2025-07-12 13:12:12,506 - ERROR - Wind direction error: [Errno 5] Input/output error
2025-07-12 13:12:12,506 - ERROR - Rainfall sensor error: [Errno 5] Input/output error
2025-07-12 13:12:13,506 - ERROR - Environment sensor error: [Errno 5] Input/output error
2025-07-12 13:12:13,506 - ERROR - UV sensor error: [Errno 5] Input/output error
2025-07-12 13:12:13,551 - ERROR - Wind speed error: [Errno 5] Input/output error
2025-07-12 13:12:13,551 - ERROR - Wind direction error: [Errno 5] Input/output error
2025-07-12 13:12:13,551 - ERROR - Rainfall sensor error: [Errno 5] Input/output error
2025-07-12 13:12:14,551 - ERROR - Environment sensor error: [Errno 5] Input/output error
2025-07-12 13:12:14,551 - ERROR - UV sensor error: [Errno 5] Input/output error
2025-07-12 13:12:14,595 - ERROR - Wind speed error: [Errno 5] Input/output error
2025-07-12 13:12:14,595 - ERROR - Wind direction error: [Errno 5] Input/output error
2025-07-12 13:12:14,595 - ERROR - Rainfall sensor error: [Errno 5] Input/output error
2025-07-12 13:12:14,654 - INFO - Switched to GUI-1 (Next toggle in 10s
2025-07-12 13:12:15,595 - ERROR - Environment sensor error: [Errno 5] Input/output error
2025-07-12 13:12:15,596 - ERROR - UV sensor error: [Errno 5] Input/output error
2025-07-12 13:12:15,640 - ERROR - Wind speed error: [Errno 5] Input/output error
2025-07-12 13:12:15,640 - ERROR - Wind direction error: [Errno 5] Input/output error
2025-07-12 13:12:15,640 - ERROR - Rainfall sensor error: [Errno 5] Input/output error
2025-07-12 13:12:16,640 - ERROR - Environment sensor error: [Errno 5] Input/output error
2025-07-12 13:12:16,640 - ERROR - UV sensor error: [Errno 5] Input/output error
2025-07-12 13:12:16,710 - ERROR - Wind speed error: [Errno 5] Input/output error
2025-07-12 13:12:16,710 - ERROR - Wind direction error: [Errno 5] Input/output error
2025-07-12 13:12:16,710 - ERROR - Rainfall sensor error: [Errno 5] Input/output error
2025-07-12 13:12:17,710 - ERROR - Environment sensor error: [Errno 5] Input/output error
2025-07-12 13:12:17,710 - ERROR - UV sensor error: [Errno 5] Input/output error
2025-07-12 13:12:17,776 - ERROR - Wind speed error: [Errno 5] Input/output error
2025-07-12 13:12:17,777 - ERROR - Wind direction error: [Errno 5] Input/output error
2025-07-12 13:12:17,777 - ERROR - Rainfall sensor error: [Errno 5] Input/output error
2025-07-12 13:12:18,777 - ERROR - Environment sensor error: [Errno 5] Input/output error
2025-07-12 13:12:18,777 - ERROR - UV sensor error: [Errno 5] Input/output error
2025-07-12 13:12:18,842 - ERROR - Wind speed error: [Errno 5] Input/output error
2025-07-12 13:12:18,842 - ERROR - Wind direction error: [Errno 5] Input/output error
2025-07-12 13:12:18,842 - ERROR - Rainfall sensor error: [Errno 5] Input/output error
2025-07-12 13:12:19,842 - ERROR - Environment sensor error: [Errno 5] Input/output error
2025-07-12 13:12:19,842 - ERROR - UV sensor error: [Errno 5] Input/output error
2025-07-12 13:12:19,911 - ERROR - Wind speed error: [Errno 5] Input/output error
2025-07-12 13:12:19,911 - ERROR - Wind direction error: [Errno 5] Input/output error
2025-07-12 13:12:19,912 - ERROR - Rainfall sensor error: [Errno 5] Input/output error
2025-07-12 13:12:20,912 - ERROR - Environment sensor error: [Errno 5] Input/output error
2025-07-12 13:12:20,912 - ERROR - UV sensor error: [Errno 5] Input/output error
2025-07-12 13:12:20,956 - ERROR - Wind speed error: [Errno 5] Input/output error
2025-07-12 13:12:20,956 - ERROR - Wind direction error: [Errno 5] Input/output error
2025-07-12 13:12:20,956 - ERROR - Rainfall sensor error: [Errno 5] Input/output error
2025-07-12 13:12:21,956 - ERROR - Environment sensor error: [Errno 5] Input/output error
2025-07-12 13:12:21,959 - ERROR - UV sensor error: [Errno 5] Input/output error
2025-07-12 13:12:22,003 - ERROR - Wind speed error: [Errno 5] Input/output error
2025-07-12 13:12:22,004 - ERROR - Wind direction error: [Errno 5] Input/output error
2025-07-12 13:12:22,004 - ERROR - Rainfall sensor error: [Errno 5] Input/output error
2025-07-12 13:12:23,004 - ERROR - Environment sensor error: [Errno 5] Input/output error
2025-07-12 13:12:23,004 - ERROR - UV sensor error: [Errno 5] Input/output error
2025-07-12 13:12:23,049 - ERROR - Wind speed error: [Errno 5] Input/output error
2025-07-12 13:12:23,049 - ERROR - Wind direction error: [Errno 5] Input/output error
2025-07-12 13:12:23,049 - ERROR - Rainfall sensor error: [Errno 5] Input/output error
2025-07-12 13:12:24,049 - ERROR - Environment sensor error: [Errno 5] Input/output error
2025-07-12 13:12:24,049 - ERROR - UV sensor error: [Errno 5] Input/output error
2025-07-12 13:12:24,094 - ERROR - Wind speed error: [Errno 5] Input/output error
2025-07-12 13:12:24,094 - ERROR - Wind direction error: [Errno 5] Input/output error
2025-07-12 13:12:24,094 - ERROR - Rainfall sensor error: [Errno 5] Input/output error
2025-07-12 13:12:24,654 - INFO - Switched to GUI-2 (Next toggle in 5s
2025-07-12 13:12:25,094 - ERROR - Environment sensor error: [Errno 5] Input/output error
2025-07-12 13:12:25,095 - ERROR - UV sensor error: [Errno 5] Input/output error
2025-07-12 13:12:25,160 - ERROR - Wind speed error: [Errno 5] Input/output error
2025-07-12 13:12:25,161 - ERROR - Wind direction error: [Errno 5] Input/output error
2025-07-12 13:12:25,161 - ERROR - Rainfall sensor error: [Errno 5] Input/output error
2025-07-12 13:12:25,284 - INFO - CSV write completed at 2025-07-12T13:12:25.283989
2025-07-12 13:12:26,161 - ERROR - Environment sensor error: [Errno 5] Input/output error
2025-07-12 13:12:26,161 - ERROR - UV sensor error: [Errno 5] Input/output error
2025-07-12 13:12:26,225 - ERROR - Wind speed error: [Errno 5] Input/output error
2025-07-12 13:12:26,225 - ERROR - Wind direction error: [Errno 5] Input/output error
2025-07-12 13:12:26,225 - ERROR - Rainfall sensor error: [Errno 5] Input/output error
2025-07-12 13:12:27,226 - ERROR - Environment sensor error: [Errno 5] Input/output error
2025-07-12 13:12:27,226 - ERROR - UV sensor error: [Errno 5] Input/output error
2025-07-12 13:12:27,295 - ERROR - Wind speed error: [Errno 5] Input/output error
2025-07-12 13:12:27,295 - ERROR - Wind direction error: [Errno 5] Input/output error
2025-07-12 13:12:27,296 - ERROR - Rainfall sensor error: [Errno 5] Input/output error
2025-07-12 13:12:28,296 - ERROR - Environment sensor error: [Errno 5] Input/output error
2025-07-12 13:12:28,296 - ERROR - UV sensor error: [Errno 5] Input/output error
2025-07-12 13:12:28,340 - ERROR - Wind speed error: [Errno 5] Input/output error
2025-07-12 13:12:28,340 - ERROR - Wind direction error: [Errno 5] Input/output error
2025-07-12 13:12:28,340 - ERROR - Rainfall sensor error: [Errno 5] Input/output error
2025-07-12 13:12:29,341 - ERROR - Environment sensor error: [Errno 5] Input/output error
2025-07-12 13:12:29,341 - ERROR - UV sensor error: [Errno 5] Input/output error
2025-07-12 13:12:29,385 - ERROR - Wind speed error: [Errno 5] Input/output error
2025-07-12 13:12:29,385 - ERROR - Wind direction error: [Errno 5] Input/output error
2025-07-12 13:12:29,385 - ERROR - Rainfall sensor error: [Errno 5] Input/output error
2025-07-12 13:12:29,655 - INFO - Switched to GUI-1 (Next toggle in 10s
2025-07-12 13:12:30,385 - ERROR - Environment sensor error: [Errno 5] Input/output error
2025-07-12 13:12:30,385 - ERROR - UV sensor error: [Errno 5] Input/output error
2025-07-12 13:12:30,429 - ERROR - Wind speed error: [Errno 5] Input/output error
2025-07-12 13:12:30,429 - ERROR - Wind direction error: [Errno 5] Input/output error
2025-07-12 13:12:30,429 - ERROR - Rainfall sensor error: [Errno 5] Input/output error
2025-07-12 13:12:31,430 - ERROR - Environment sensor error: [Errno 5] Input/output error
2025-07-12 13:12:31,430 - ERROR - UV sensor error: [Errno 5] Input/output error
2025-07-12 13:12:31,474 - ERROR - Wind speed error: [Errno 5] Input/output error
2025-07-12 13:12:31,474 - ERROR - Wind direction error: [Errno 5] Input/output error
2025-07-12 13:12:31,474 - ERROR - Rainfall sensor error: [Errno 5] Input/output error
2025-07-12 13:12:32,474 - ERROR - Environment sensor error: [Errno 5] Input/output error
2025-07-12 13:12:32,474 - ERROR - UV sensor error: [Errno 5] Input/output error
2025-07-12 13:12:32,543 - ERROR - Wind speed error: [Errno 5] Input/output error
2025-07-12 13:12:32,543 - ERROR - Wind direction error: [Errno 5] Input/output error
2025-07-12 13:12:32,544 - ERROR - Rainfall sensor error: [Errno 5] Input/output error
2025-07-12 13:12:33,544 - ERROR - Environment sensor error: [Errno 5] Input/output error
2025-07-12 13:12:33,544 - ERROR - UV sensor error: [Errno 5] Input/output error
2025-07-12 13:12:33,588 - ERROR - Wind speed error: [Errno 5] Input/output error
2025-07-12 13:12:33,588 - ERROR - Wind direction error: [Errno 5] Input/output error
2025-07-12 13:12:33,588 - ERROR - Rainfall sensor error: [Errno 5] Input/output error
2025-07-12 13:12:34,588 - ERROR - Environment sensor error: [Errno 5] Input/output error
2025-07-12 13:12:34,588 - ERROR - UV sensor error: [Errno 5] Input/output error
2025-07-12 13:12:34,633 - ERROR - Wind speed error: [Errno 5] Input/output error
2025-07-12 13:12:34,633 - ERROR - Wind direction error: [Errno 5] Input/output error
2025-07-12 13:12:34,633 - ERROR - Rainfall sensor error: [Errno 5] Input/output error
2025-07-12 13:12:35,633 - ERROR - Environment sensor error: [Errno 5] Input/output error
2025-07-12 13:12:35,633 - ERROR - UV sensor error: [Errno 5] Input/output error
2025-07-12 13:12:35,677 - ERROR - Wind speed error: [Errno 5] Input/output error
2025-07-12 13:12:35,677 - ERROR - Wind direction error: [Errno 5] Input/output error
2025-07-12 13:12:35,677 - ERROR - Rainfall sensor error: [Errno 5] Input/output error
2025-07-12 13:12:36,677 - ERROR - Environment sensor error: [Errno 5] Input/output error
2025-07-12 13:12:36,677 - ERROR - UV sensor error: [Errno 5] Input/output error
2025-07-12 13:12:36,721 - ERROR - Wind speed error: [Errno 5] Input/output error
2025-07-12 13:12:36,721 - ERROR - Wind direction error: [Errno 5] Input/output error
2025-07-12 13:12:36,721 - ERROR - Rainfall sensor error: [Errno 5] Input/output error
2025-07-12 13:12:37,721 - ERROR - Environment sensor error: [Errno 5] Input/output error
2025-07-12 13:12:37,721 - ERROR - UV sensor error: [Errno 5] Input/output error
2025-07-12 13:12:37,766 - ERROR - Wind speed error: [Errno 5] Input/output error
2025-07-12 13:12:37,766 - ERROR - Wind direction error: [Errno 5] Input/output error
2025-07-12 13:12:37,766 - ERROR - Rainfall sensor error: [Errno 5] Input/output error
2025-07-12 13:12:38,766 - ERROR - Environment sensor error: [Errno 5] Input/output error
2025-07-12 13:12:38,766 - ERROR - UV sensor error: [Errno 5] Input/output error
2025-07-12 13:12:38,831 - ERROR - Wind speed error: [Errno 5] Input/output error
2025-07-12 13:12:38,831 - ERROR - Wind direction error: [Errno 5] Input/output error
2025-07-12 13:12:38,831 - ERROR - Rainfall sensor error: [Errno 5] Input/output error
2025-07-12 13:12:39,655 - INFO - Switched to GUI-2 (Next toggle in 5s
2025-07-12 13:12:39,831 - ERROR - Environment sensor error: [Errno 5] Input/output error
2025-07-12 13:12:39,831 - ERROR - UV sensor error: [Errno 5] Input/output error
2025-07-12 13:12:39,889 - ERROR - Wind speed error: [Errno 5] Input/output error
2025-07-12 13:12:39,890 - ERROR - Wind direction error: [Errno 5] Input/output error
2025-07-12 13:12:39,890 - ERROR - Rainfall sensor error: [Errno 5] Input/output error
2025-07-12 13:12:40,890 - ERROR - Environment sensor error: [Errno 5] Input/output error
2025-07-12 13:12:40,890 - ERROR - UV sensor error: [Errno 5] Input/output error
2025-07-12 13:12:40,959 - ERROR - Wind speed error: [Errno 5] Input/output error
2025-07-12 13:12:40,960 - ERROR - Wind direction error: [Errno 5] Input/output error
2025-07-12 13:12:40,960 - ERROR - Rainfall sensor error: [Errno 5] Input/output error
2025-07-12 13:12:41,960 - ERROR - Environment sensor error: [Errno 5] Input/output error
2025-07-12 13:12:41,960 - ERROR - UV sensor error: [Errno 5] Input/output error
2025-07-12 13:12:42,004 - ERROR - Wind speed error: [Errno 5] Input/output error
2025-07-12 13:12:42,004 - ERROR - Wind direction error: [Errno 5] Input/output error
2025-07-12 13:12:42,004 - ERROR - Rainfall sensor error: [Errno 5] Input/output error
2025-07-12 13:12:43,004 - ERROR - Environment sensor error: [Errno 5] Input/output error
2025-07-12 13:12:43,004 - ERROR - UV sensor error: [Errno 5] Input/output error
2025-07-12 13:12:43,049 - ERROR - Wind speed error: [Errno 5] Input/output error
2025-07-12 13:12:43,049 - ERROR - Wind direction error: [Errno 5] Input/output error
2025-07-12 13:12:43,049 - ERROR - Rainfall sensor error: [Errno 5] Input/output error
2025-07-12 13:12:44,049 - ERROR - Environment sensor error: [Errno 5] Input/output error
2025-07-12 13:12:44,049 - ERROR - UV sensor error: [Errno 5] Input/output error
2025-07-12 13:12:44,093 - ERROR - Wind speed error: [Errno 5] Input/output error
2025-07-12 13:12:44,093 - ERROR - Wind direction error: [Errno 5] Input/output error
2025-07-12 13:12:44,093 - ERROR - Rainfall sensor error: [Errno 5] Input/output error
2025-07-12 13:12:44,655 - INFO - Switched to GUI-1 (Next toggle in 10s
2025-07-12 13:12:45,094 - ERROR - Environment sensor error: [Errno 5] Input/output error
2025-07-12 13:12:45,094 - ERROR - UV sensor error: [Errno 5] Input/output error
2025-07-12 13:12:45,138 - ERROR - Wind speed error: [Errno 5] Input/output error
2025-07-12 13:12:45,138 - ERROR - Wind direction error: [Errno 5] Input/output error
2025-07-12 13:12:45,138 - ERROR - Rainfall sensor error: [Errno 5] Input/output error
2025-07-12 13:12:46,138 - ERROR - Environment sensor error: [Errno 5] Input/output error
2025-07-12 13:12:46,138 - ERROR - UV sensor error: [Errno 5] Input/output error
2025-07-12 13:12:46,207 - ERROR - Wind speed error: [Errno 5] Input/output error
2025-07-12 13:12:46,207 - ERROR - Wind direction error: [Errno 5] Input/output error
2025-07-12 13:12:46,207 - ERROR - Rainfall sensor error: [Errno 5] Input/output error
2025-07-12 13:12:47,207 - ERROR - Environment sensor error: [Errno 5] Input/output error
2025-07-12 13:12:47,207 - ERROR - UV sensor error: [Errno 5] Input/output error
2025-07-12 13:12:47,252 - ERROR - Wind speed error: [Errno 5] Input/output error
2025-07-12 13:12:47,252 - ERROR - Wind direction error: [Errno 5] Input/output error
2025-07-12 13:12:47,252 - ERROR - Rainfall sensor error: [Errno 5] Input/output error
2025-07-12 13:12:48,252 - ERROR - Environment sensor error: [Errno 5] Input/output error
2025-07-12 13:12:48,252 - ERROR - UV sensor error: [Errno 5] Input/output error
2025-07-12 13:12:48,296 - ERROR - Wind speed error: [Errno 5] Input/output error
2025-07-12 13:12:48,296 - ERROR - Wind direction error: [Errno 5] Input/output error
2025-07-12 13:12:48,296 - ERROR - Rainfall sensor error: [Errno 5] Input/output error
2025-07-12 13:12:49,296 - ERROR - Environment sensor error: [Errno 5] Input/output error
2025-07-12 13:12:49,296 - ERROR - UV sensor error: [Errno 5] Input/output error
2025-07-12 13:12:49,340 - ERROR - Wind speed error: [Errno 5] Input/output error
2025-07-12 13:12:49,340 - ERROR - Wind direction error: [Errno 5] Input/output error
2025-07-12 13:12:49,340 - ERROR - Rainfall sensor error: [Errno 5] Input/output error
2025-07-12 13:12:50,340 - ERROR - Environment sensor error: [Errno 5] Input/output error
2025-07-12 13:12:50,340 - ERROR - UV sensor error: [Errno 5] Input/output error
2025-07-12 13:12:50,385 - ERROR - Wind speed error: [Errno 5] Input/output error
2025-07-12 13:12:50,385 - ERROR - Wind direction error: [Errno 5] Input/output error
2025-07-12 13:12:50,385 - ERROR - Rainfall sensor error: [Errno 5] Input/output error
2025-07-12 13:12:51,385 - ERROR - Environment sensor error: [Errno 5] Input/output error
2025-07-12 13:12:51,385 - ERROR - UV sensor error: [Errno 5] Input/output error
2025-07-12 13:12:51,449 - ERROR - Wind speed error: [Errno 5] Input/output error
2025-07-12 13:12:51,449 - ERROR - Wind direction error: [Errno 5] Input/output error
2025-07-12 13:12:51,450 - ERROR - Rainfall sensor error: [Errno 5] Input/output error
2025-07-12 13:12:52,450 - ERROR - Environment sensor error: [Errno 5] Input/output error
2025-07-12 13:12:52,450 - ERROR - UV sensor error: [Errno 5] Input/output error
2025-07-12 13:12:52,514 - ERROR - Wind speed error: [Errno 5] Input/output error
2025-07-12 13:12:52,514 - ERROR - Wind direction error: [Errno 5] Input/output error
2025-07-12 13:12:52,514 - ERROR - Rainfall sensor error: [Errno 5] Input/output error
2025-07-12 13:12:53,514 - ERROR - Environment sensor error: [Errno 5] Input/output error
2025-07-12 13:12:53,514 - ERROR - UV sensor error: [Errno 5] Input/output error
2025-07-12 13:12:53,584 - ERROR - Wind speed error: [Errno 5] Input/output error
2025-07-12 13:12:53,584 - ERROR - Wind direction error: [Errno 5] Input/output error
2025-07-12 13:12:53,584 - ERROR - Rainfall sensor error: [Errno 5] Input/output error
2025-07-12 13:12:54,584 - ERROR - Environment sensor error: [Errno 5] Input/output error
2025-07-12 13:12:54,585 - ERROR - UV sensor error: [Errno 5] Input/output error
2025-07-12 13:12:54,654 - ERROR - Wind speed error: [Errno 5] Input/output error
2025-07-12 13:12:54,654 - ERROR - Wind direction error: [Errno 5] Input/output error
2025-07-12 13:12:54,654 - ERROR - Rainfall sensor error: [Errno 5] Input/output error
2025-07-12 13:12:54,655 - INFO - Switched to GUI-2 (Next toggle in 5s
2025-07-12 13:12:55,296 - INFO - CSV write completed at 2025-07-12T13:12:55.296219
2025-07-12 13:12:55,655 - ERROR - Environment sensor error: [Errno 5] Input/output error
2025-07-12 13:12:55,655 - ERROR - UV sensor error: [Errno 5] Input/output error
2025-07-12 13:12:55,699 - ERROR - Wind speed error: [Errno 5] Input/output error
2025-07-12 13:12:55,699 - ERROR - Wind direction error: [Errno 5] Input/output error
2025-07-12 13:12:55,699 - ERROR - Rainfall sensor error: [Errno 5] Input/output error
2025-07-12 13:12:56,699 - ERROR - Environment sensor error: [Errno 5] Input/output error
2025-07-12 13:12:56,699 - ERROR - UV sensor error: [Errno 5] Input/output error
2025-07-12 13:12:56,744 - ERROR - Wind speed error: [Errno 5] Input/output error
2025-07-12 13:12:56,744 - ERROR - Wind direction error: [Errno 5] Input/output error
2025-07-12 13:12:56,744 - ERROR - Rainfall sensor error: [Errno 5] Input/output error
2025-07-12 13:12:57,744 - ERROR - Environment sensor error: [Errno 5] Input/output error
2025-07-12 13:12:57,744 - ERROR - UV sensor error: [Errno 5] Input/output error
2025-07-12 13:12:57,788 - ERROR - Wind speed error: [Errno 5] Input/output error
2025-07-12 13:12:57,789 - ERROR - Wind direction error: [Errno 5] Input/output error
2025-07-12 13:12:57,789 - ERROR - Rainfall sensor error: [Errno 5] Input/output error
2025-07-12 13:12:58,789 - ERROR - Environment sensor error: [Errno 5] Input/output error
2025-07-12 13:12:58,789 - ERROR - UV sensor error: [Errno 5] Input/output error
2025-07-12 13:12:58,833 - ERROR - Wind speed error: [Errno 5] Input/output error
2025-07-12 13:12:58,833 - ERROR - Wind direction error: [Errno 5] Input/output error
2025-07-12 13:12:58,833 - ERROR - Rainfall sensor error: [Errno 5] Input/output error
                                                                                                                                                                                                                                                                                                                                                                                                                                                                                                                                                                                                                                                                                                                                                                                                                                                                                                                                                                                                                                                                                                                                                                                                                                                                                                                                                                                                                                                                              2025-07-12 13:13:18,469 - INFO - Weather Station System Initialized
2025-07-12 13:13:26,299 - ERROR - Modbus connection failed
2025-07-12 13:13:26,300 - INFO - CSV writer thread started. Output directory: /home/asif/Desktop/unified_creek_awos/csv_data
2025-07-12 13:13:26,300 - ERROR - Error updating display: 'day'
2025-07-12 13:13:26,306 - INFO - Switched to GUI-2 (Next toggle in 5s
2025-07-12 13:13:29,762 - INFO - Shutting down weather station system
2025-07-12 13:13:31,300 - INFO - Cleanup completed, exiting application
2025-07-12 14:38:23,141 - INFO - Weather Station System Initialized
2025-07-12 14:38:30,987 - ERROR - Modbus connection failed
2025-07-12 14:38:30,988 - INFO - CSV writer thread started. Output directory: /home/asif/Desktop/unified_creek_awos/csv_data
2025-07-12 14:38:30,988 - ERROR - Error updating display: 'day'
2025-07-12 14:38:30,995 - INFO - Switched to GUI-2 (Next toggle in 5s
2025-07-12 14:38:34,259 - INFO - Shutting down weather station system
2025-07-12 14:38:35,988 - INFO - Cleanup completed, exiting application
2025-07-12 17:14:24,278 - INFO - Weather Station System Initialized
2025-07-12 17:14:32,076 - ERROR - Modbus connection failed
2025-07-12 17:14:32,077 - INFO - CSV writer thread started. Output directory: /home/asif/Desktop/unified_creek_awos/csv_data
2025-07-12 17:14:32,077 - ERROR - Error updating display: 'day'
2025-07-12 17:14:32,078 - INFO - Switched to GUI-2 (Next toggle in 5s
2025-07-12 17:14:35,119 - INFO - Simulation mode ON
2025-07-12 17:14:37,078 - INFO - Switched to GUI-1 (Next toggle in 10s
2025-07-12 17:14:44,936 - INFO - Simulation mode OFF
2025-07-12 17:14:47,079 - INFO - Switched to GUI-2 (Next toggle in 5s
2025-07-12 17:14:48,424 - INFO - Simulation mode ON
2025-07-12 17:14:49,432 - INFO - Simulation mode OFF
2025-07-12 17:14:51,456 - INFO - Simulation mode ON
2025-07-12 17:14:52,079 - INFO - Switched to GUI-1 (Next toggle in 10s
2025-07-12 17:14:52,240 - INFO - Simulation mode OFF
2025-07-12 17:14:53,185 - INFO - Simulation mode ON
2025-07-12 17:15:02,080 - INFO - Switched to GUI-2 (Next toggle in 5s
2025-07-12 17:15:02,082 - INFO - CSV write completed at 2025-07-12T17:15:02.082357
2025-07-12 17:15:04,257 - INFO - Shutting down weather station system
2025-07-12 17:15:05,082 - INFO - Cleanup completed, exiting application
2025-07-12 17:29:36,553 - INFO - Weather Station System Initialized
2025-07-12 17:29:44,344 - ERROR - Modbus connection failed
2025-07-12 17:29:44,345 - INFO - CSV writer thread started. Output directory: /home/asif/Desktop/unified_creek_awos/csv_data
2025-07-12 17:29:44,345 - ERROR - Error updating display: 'day'
2025-07-12 17:29:44,347 - INFO - Switched to GUI-2 (Next toggle in 5s
2025-07-12 17:29:49,347 - INFO - Switched to GUI-1 (Next toggle in 10s
2025-07-12 17:29:52,214 - INFO - Simulation mode ON
2025-07-12 17:29:59,347 - INFO - Switched to GUI-2 (Next toggle in 5s
2025-07-12 17:30:04,348 - INFO - Switched to GUI-1 (Next toggle in 10s
2025-07-12 17:30:10,183 - INFO - Shutting down weather station system
2025-07-12 17:30:10,351 - INFO - Cleanup completed, exiting application
