2025-07-15 11:05:54,118 - INFO - CSV write completed at 2025-07-15T11:05:54.118884
2025-07-15 11:05:56,132 - INFO - Attempting Modbus connection on port /dev/ttyUSB0
2025-07-15 11:05:56,132 - ERROR - Modbus connection failed
2025-07-15 11:05:56,132 - WARNING - Modbus connection failed (Attempt 1/3)
2025-07-15 11:05:57,132 - WARNING - Modbus connection failed (Attempt 2/3)
2025-07-15 11:05:58,132 - WARNING - Modbus connection failed (Attempt 3/3)
2025-07-15 11:05:58,244 - INFO - Switched to GUI-1 (Next toggle in 10s
2025-07-15 11:05:59,133 - CRITICAL - Critical error in sensor read loop: cannot access local variable 'conn_error' where it is not associated with a value
Traceback (most recent call last):
  File "/home/asif/Desktop/unified_creek_awos/awos.py", line 1033, in sensor_reader_loop
    f"Modbus connection failed after {retries} retries. Last error: {str(conn_error)}",
                                                                         ^^^^^^^^^^
UnboundLocalError: cannot access local variable 'conn_error' where it is not associated with a value

2025-07-15 11:06:04,133 - INFO - Attempting Modbus connection on port /dev/ttyUSB0
2025-07-15 11:06:04,134 - ERROR - Modbus connection failed
2025-07-15 11:06:04,134 - WARNING - Modbus connection failed (Attempt 1/3)
2025-07-15 11:06:05,134 - WARNING - Modbus connection failed (Attempt 2/3)
2025-07-15 11:06:06,134 - WARNING - Modbus connection failed (Attempt 3/3)
2025-07-15 11:06:07,135 - CRITICAL - Critical error in sensor read loop: cannot access local variable 'conn_error' where it is not associated with a value
Traceback (most recent call last):
  File "/home/asif/Desktop/unified_creek_awos/awos.py", line 1033, in sensor_reader_loop
    f"Modbus connection failed after {retries} retries. Last error: {str(conn_error)}",
                                                                         ^^^^^^^^^^
UnboundLocalError: cannot access local variable 'conn_error' where it is not associated with a value

2025-07-15 11:06:08,244 - INFO - Switched to GUI-2 (Next toggle in 5s
2025-07-15 11:06:12,135 - INFO - Attempting Modbus connection on port /dev/ttyUSB0
2025-07-15 11:06:12,135 - ERROR - Modbus connection failed
2025-07-15 11:06:12,136 - WARNING - Modbus connection failed (Attempt 1/3)
2025-07-15 11:06:13,136 - WARNING - Modbus connection failed (Attempt 2/3)
2025-07-15 11:06:13,245 - INFO - Switched to GUI-1 (Next toggle in 10s
2025-07-15 11:06:14,136 - WARNING - Modbus connection failed (Attempt 3/3)
2025-07-15 11:06:15,137 - CRITICAL - Critical error in sensor read loop: cannot access local variable 'conn_error' where it is not associated with a value
Traceback (most recent call last):
  File "/home/asif/Desktop/unified_creek_awos/awos.py", line 1033, in sensor_reader_loop
    f"Modbus connection failed after {retries} retries. Last error: {str(conn_error)}",
                                                                         ^^^^^^^^^^
UnboundLocalError: cannot access local variable 'conn_error' where it is not associated with a value

2025-07-15 11:06:20,137 - INFO - Attempting Modbus connection on port /dev/ttyUSB0
2025-07-15 11:06:20,137 - ERROR - Modbus connection failed
2025-07-15 11:06:20,137 - WARNING - Modbus connection failed (Attempt 1/3)
2025-07-15 11:06:21,138 - WARNING - Modbus connection failed (Attempt 2/3)
2025-07-15 11:06:22,138 - WARNING - Modbus connection failed (Attempt 3/3)
2025-07-15 11:06:23,138 - CRITICAL - Critical error in sensor read loop: cannot access local variable 'conn_error' where it is not associated with a value
Traceback (most recent call last):
  File "/home/asif/Desktop/unified_creek_awos/awos.py", line 1033, in sensor_reader_loop
    f"Modbus connection failed after {retries} retries. Last error: {str(conn_error)}",
                                                                         ^^^^^^^^^^
UnboundLocalError: cannot access local variable 'conn_error' where it is not associated with a value

2025-07-15 11:06:23,245 - INFO - Switched to GUI-2 (Next toggle in 5s
2025-07-15 11:06:24,124 - INFO - CSV write completed at 2025-07-15T11:06:24.124867
2025-07-15 11:06:28,139 - INFO - Attempting Modbus connection on port /dev/ttyUSB0
2025-07-15 11:06:28,139 - ERROR - Modbus connection failed
2025-07-15 11:06:28,139 - WARNING - Modbus connection failed (Attempt 1/3)
2025-07-15 11:06:28,246 - INFO - Switched to GUI-1 (Next toggle in 10s
2025-07-15 11:06:29,140 - WARNING - Modbus connection failed (Attempt 2/3)
2025-07-15 11:06:30,140 - WARNING - Modbus connection failed (Attempt 3/3)
2025-07-15 11:06:31,140 - CRITICAL - Critical error in sensor read loop: cannot access local variable 'conn_error' where it is not associated with a value
Traceback (most recent call last):
  File "/home/asif/Desktop/unified_creek_awos/awos.py", line 1033, in sensor_reader_loop
    f"Modbus connection failed after {retries} retries. Last error: {str(conn_error)}",
                                                                         ^^^^^^^^^^
UnboundLocalError: cannot access local variable 'conn_error' where it is not associated with a value

2025-07-15 11:06:34,446 - INFO - Shutting down weather station system
2025-07-15 11:06:36,141 - INFO - Attempting Modbus connection on port /dev/ttyUSB0
2025-07-15 11:06:36,141 - ERROR - Modbus connection failed
2025-07-15 11:06:36,141 - INFO - Cleanup completed, exiting application
2025-07-15 11:08:01,137 - INFO - Starting initialization...
2025-07-15 11:08:08,918 - INFO - Attempting Modbus connection on port /dev/ttyUSB0
2025-07-15 11:08:08,919 - ERROR - Modbus connection failed
2025-07-15 11:08:08,920 - INFO - CSV writer thread started. Output directory: /home/asif/Desktop/unified_creek_awos/csv_data
2025-07-15 11:08:08,920 - WARNING - Modbus connection failed (Attempt 1/3)
2025-07-15 11:08:08,923 - INFO - Switched to GUI-2 (Next toggle in 5s
2025-07-15 11:08:09,921 - WARNING - Modbus connection failed (Attempt 2/3)
2025-07-15 11:08:10,921 - WARNING - Modbus connection failed (Attempt 3/3)
2025-07-15 11:08:11,922 - CRITICAL - Critical error in sensor read loop: cannot access local variable 'conn_error' where it is not associated with a value
Traceback (most recent call last):
  File "/home/asif/Desktop/unified_creek_awos/awos.py", line 1033, in sensor_reader_loop
    f"Modbus connection failed after {retries} retries. Last error: {str(conn_error)}",
                                                                         ^^^^^^^^^^
UnboundLocalError: cannot access local variable 'conn_error' where it is not associated with a value

2025-07-15 11:08:13,923 - INFO - Switched to GUI-1 (Next toggle in 10s
2025-07-15 11:08:16,923 - INFO - Attempting Modbus connection on port /dev/ttyUSB0
2025-07-15 11:08:16,923 - ERROR - Modbus connection failed
2025-07-15 11:08:16,924 - WARNING - Modbus connection failed (Attempt 1/3)
2025-07-15 11:08:17,924 - WARNING - Modbus connection failed (Attempt 2/3)
2025-07-15 11:08:18,925 - WARNING - Modbus connection failed (Attempt 3/3)
2025-07-15 11:08:19,926 - CRITICAL - Critical error in sensor read loop: cannot access local variable 'conn_error' where it is not associated with a value
Traceback (most recent call last):
  File "/home/asif/Desktop/unified_creek_awos/awos.py", line 1033, in sensor_reader_loop
    f"Modbus connection failed after {retries} retries. Last error: {str(conn_error)}",
                                                                         ^^^^^^^^^^
UnboundLocalError: cannot access local variable 'conn_error' where it is not associated with a value

2025-07-15 11:08:23,923 - INFO - Switched to GUI-2 (Next toggle in 5s
2025-07-15 11:08:24,926 - INFO - Attempting Modbus connection on port /dev/ttyUSB0
2025-07-15 11:08:24,926 - ERROR - Modbus connection failed
2025-07-15 11:08:24,926 - WARNING - Modbus connection failed (Attempt 1/3)
2025-07-15 11:08:25,927 - WARNING - Modbus connection failed (Attempt 2/3)
2025-07-15 11:08:26,927 - WARNING - Modbus connection failed (Attempt 3/3)
2025-07-15 11:08:27,928 - CRITICAL - Critical error in sensor read loop: cannot access local variable 'conn_error' where it is not associated with a value
Traceback (most recent call last):
  File "/home/asif/Desktop/unified_creek_awos/awos.py", line 1033, in sensor_reader_loop
    f"Modbus connection failed after {retries} retries. Last error: {str(conn_error)}",
                                                                         ^^^^^^^^^^
UnboundLocalError: cannot access local variable 'conn_error' where it is not associated with a value

2025-07-15 11:08:28,924 - INFO - Switched to GUI-1 (Next toggle in 10s
2025-07-15 11:08:32,928 - INFO - Attempting Modbus connection on port /dev/ttyUSB0
2025-07-15 11:08:32,929 - ERROR - Modbus connection failed
2025-07-15 11:08:32,929 - WARNING - Modbus connection failed (Attempt 1/3)
2025-07-15 11:08:33,929 - WARNING - Modbus connection failed (Attempt 2/3)
2025-07-15 11:08:34,930 - WARNING - Modbus connection failed (Attempt 3/3)
2025-07-15 11:08:35,931 - CRITICAL - Critical error in sensor read loop: cannot access local variable 'conn_error' where it is not associated with a value
Traceback (most recent call last):
  File "/home/asif/Desktop/unified_creek_awos/awos.py", line 1033, in sensor_reader_loop
    f"Modbus connection failed after {retries} retries. Last error: {str(conn_error)}",
                                                                         ^^^^^^^^^^
UnboundLocalError: cannot access local variable 'conn_error' where it is not associated with a value

2025-07-15 11:08:38,924 - INFO - Switched to GUI-2 (Next toggle in 5s
2025-07-15 11:08:38,928 - INFO - CSV write completed at 2025-07-15T11:08:38.928249
2025-07-15 11:08:40,931 - INFO - Attempting Modbus connection on port /dev/ttyUSB0
2025-07-15 11:08:40,931 - ERROR - Modbus connection failed
2025-07-15 11:08:40,931 - WARNING - Modbus connection failed (Attempt 1/3)
2025-07-15 11:08:41,932 - WARNING - Modbus connection failed (Attempt 2/3)
2025-07-15 11:08:42,932 - WARNING - Modbus connection failed (Attempt 3/3)
2025-07-15 11:08:43,925 - INFO - Switched to GUI-1 (Next toggle in 10s
2025-07-15 11:08:43,934 - CRITICAL - Critical error in sensor read loop: cannot access local variable 'conn_error' where it is not associated with a value
Traceback (most recent call last):
  File "/home/asif/Desktop/unified_creek_awos/awos.py", line 1033, in sensor_reader_loop
    f"Modbus connection failed after {retries} retries. Last error: {str(conn_error)}",
                                                                         ^^^^^^^^^^
UnboundLocalError: cannot access local variable 'conn_error' where it is not associated with a value

2025-07-15 11:08:48,935 - INFO - Attempting Modbus connection on port /dev/ttyUSB0
2025-07-15 11:08:48,936 - ERROR - Modbus connection failed
2025-07-15 11:08:48,938 - WARNING - Modbus connection failed (Attempt 1/3)
2025-07-15 11:08:49,938 - WARNING - Modbus connection failed (Attempt 2/3)
2025-07-15 11:08:50,938 - WARNING - Modbus connection failed (Attempt 3/3)
2025-07-15 11:08:51,940 - CRITICAL - Critical error in sensor read loop: cannot access local variable 'conn_error' where it is not associated with a value
Traceback (most recent call last):
  File "/home/asif/Desktop/unified_creek_awos/awos.py", line 1033, in sensor_reader_loop
    f"Modbus connection failed after {retries} retries. Last error: {str(conn_error)}",
                                                                         ^^^^^^^^^^
UnboundLocalError: cannot access local variable 'conn_error' where it is not associated with a value

2025-07-15 11:08:53,925 - INFO - Switched to GUI-2 (Next toggle in 5s
2025-07-15 11:08:56,940 - INFO - Attempting Modbus connection on port /dev/ttyUSB0
2025-07-15 11:08:56,940 - ERROR - Modbus connection failed
2025-07-15 11:08:56,941 - WARNING - Modbus connection failed (Attempt 1/3)
2025-07-15 11:08:57,941 - WARNING - Modbus connection failed (Attempt 2/3)
2025-07-15 11:08:58,926 - INFO - Switched to GUI-1 (Next toggle in 10s
2025-07-15 11:08:58,942 - WARNING - Modbus connection failed (Attempt 3/3)
2025-07-15 11:08:59,944 - CRITICAL - Critical error in sensor read loop: cannot access local variable 'conn_error' where it is not associated with a value
Traceback (most recent call last):
  File "/home/asif/Desktop/unified_creek_awos/awos.py", line 1033, in sensor_reader_loop
    f"Modbus connection failed after {retries} retries. Last error: {str(conn_error)}",
                                                                         ^^^^^^^^^^
UnboundLocalError: cannot access local variable 'conn_error' where it is not associated with a value

2025-07-15 11:09:04,946 - INFO - Attempting Modbus connection on port /dev/ttyUSB0
2025-07-15 11:09:04,947 - ERROR - Modbus connection failed
2025-07-15 11:09:04,947 - WARNING - Modbus connection failed (Attempt 1/3)
2025-07-15 11:09:05,948 - WARNING - Modbus connection failed (Attempt 2/3)
2025-07-15 11:09:06,951 - WARNING - Modbus connection failed (Attempt 3/3)
2025-07-15 11:09:07,954 - CRITICAL - Critical error in sensor read loop: cannot access local variable 'conn_error' where it is not associated with a value
Traceback (most recent call last):
  File "/home/asif/Desktop/unified_creek_awos/awos.py", line 1033, in sensor_reader_loop
    f"Modbus connection failed after {retries} retries. Last error: {str(conn_error)}",
                                                                         ^^^^^^^^^^
UnboundLocalError: cannot access local variable 'conn_error' where it is not associated with a value

2025-07-15 11:09:08,927 - INFO - Switched to GUI-2 (Next toggle in 5s
2025-07-15 11:09:08,935 - INFO - CSV write completed at 2025-07-15T11:09:08.935405
2025-07-15 11:09:12,957 - INFO - Attempting Modbus connection on port /dev/ttyUSB0
2025-07-15 11:09:12,957 - ERROR - Modbus connection failed
2025-07-15 11:09:12,957 - WARNING - Modbus connection failed (Attempt 1/3)
2025-07-15 11:09:13,928 - INFO - Switched to GUI-1 (Next toggle in 10s
2025-07-15 11:09:13,962 - WARNING - Modbus connection failed (Attempt 2/3)
2025-07-15 11:09:14,963 - WARNING - Modbus connection failed (Attempt 3/3)
2025-07-15 11:09:15,964 - CRITICAL - Critical error in sensor read loop: cannot access local variable 'conn_error' where it is not associated with a value
Traceback (most recent call last):
  File "/home/asif/Desktop/unified_creek_awos/awos.py", line 1033, in sensor_reader_loop
    f"Modbus connection failed after {retries} retries. Last error: {str(conn_error)}",
                                                                         ^^^^^^^^^^
UnboundLocalError: cannot access local variable 'conn_error' where it is not associated with a value

2025-07-15 11:09:20,964 - INFO - Attempting Modbus connection on port /dev/ttyUSB0
2025-07-15 11:09:20,965 - ERROR - Modbus connection failed
2025-07-15 11:09:20,965 - WARNING - Modbus connection failed (Attempt 1/3)
2025-07-15 11:09:21,965 - WARNING - Modbus connection failed (Attempt 2/3)
2025-07-15 11:09:22,966 - WARNING - Modbus connection failed (Attempt 3/3)
2025-07-15 11:09:23,929 - INFO - Switched to GUI-2 (Next toggle in 5s
2025-07-15 11:09:23,967 - CRITICAL - Critical error in sensor read loop: cannot access local variable 'conn_error' where it is not associated with a value
Traceback (most recent call last):
  File "/home/asif/Desktop/unified_creek_awos/awos.py", line 1033, in sensor_reader_loop
    f"Modbus connection failed after {retries} retries. Last error: {str(conn_error)}",
                                                                         ^^^^^^^^^^
UnboundLocalError: cannot access local variable 'conn_error' where it is not associated with a value

2025-07-15 11:09:28,929 - INFO - Switched to GUI-1 (Next toggle in 10s
2025-07-15 11:09:28,967 - INFO - Attempting Modbus connection on port /dev/ttyUSB0
2025-07-15 11:09:28,968 - ERROR - Modbus connection failed
2025-07-15 11:09:28,968 - WARNING - Modbus connection failed (Attempt 1/3)
2025-07-15 11:09:29,969 - WARNING - Modbus connection failed (Attempt 2/3)
2025-07-15 11:09:30,969 - WARNING - Modbus connection failed (Attempt 3/3)
2025-07-15 11:09:31,970 - CRITICAL - Critical error in sensor read loop: cannot access local variable 'conn_error' where it is not associated with a value
Traceback (most recent call last):
  File "/home/asif/Desktop/unified_creek_awos/awos.py", line 1033, in sensor_reader_loop
    f"Modbus connection failed after {retries} retries. Last error: {str(conn_error)}",
                                                                         ^^^^^^^^^^
UnboundLocalError: cannot access local variable 'conn_error' where it is not associated with a value

2025-07-15 11:09:36,970 - INFO - Attempting Modbus connection on port /dev/ttyUSB0
2025-07-15 11:09:36,971 - ERROR - Modbus connection failed
2025-07-15 11:09:36,972 - WARNING - Modbus connection failed (Attempt 1/3)
2025-07-15 11:09:37,972 - WARNING - Modbus connection failed (Attempt 2/3)
2025-07-15 11:09:38,930 - INFO - Switched to GUI-2 (Next toggle in 5s
2025-07-15 11:09:38,940 - INFO - CSV write completed at 2025-07-15T11:09:38.940651
2025-07-15 11:09:38,972 - WARNING - Modbus connection failed (Attempt 3/3)
2025-07-15 11:09:51,239 - INFO - Starting initialization...
2025-07-15 11:09:59,018 - INFO - Attempting Modbus connection on port /dev/ttyUSB0
2025-07-15 11:09:59,018 - ERROR - Modbus connection failed
2025-07-15 11:09:59,019 - INFO - CSV writer thread started. Output directory: /home/asif/Desktop/unified_creek_awos/csv_data
2025-07-15 11:09:59,019 - WARNING - Modbus connection failed (Attempt 1/3)
2025-07-15 11:09:59,020 - INFO - Switched to GUI-2 (Next toggle in 5s
2025-07-15 11:10:00,019 - WARNING - Modbus connection failed (Attempt 2/3)
2025-07-15 11:10:01,020 - WARNING - Modbus connection failed (Attempt 3/3)
2025-07-15 11:10:02,021 - CRITICAL - Critical error in sensor read loop: cannot access local variable 'conn_error' where it is not associated with a value
Traceback (most recent call last):
  File "/home/asif/Desktop/unified_creek_awos/awos.py", line 1033, in sensor_reader_loop
    f"Modbus connection failed after {retries} retries. Last error: {str(conn_error)}",
                                                                         ^^^^^^^^^^
UnboundLocalError: cannot access local variable 'conn_error' where it is not associated with a value

2025-07-15 11:10:04,021 - INFO - Switched to GUI-1 (Next toggle in 10s
2025-07-15 11:10:07,021 - INFO - Attempting Modbus connection on port /dev/ttyUSB0
2025-07-15 11:10:07,024 - ERROR - Modbus connection failed
2025-07-15 11:10:07,024 - WARNING - Modbus connection failed (Attempt 1/3)
2025-07-15 11:10:08,024 - WARNING - Modbus connection failed (Attempt 2/3)
2025-07-15 11:10:09,025 - WARNING - Modbus connection failed (Attempt 3/3)
2025-07-15 11:10:10,025 - CRITICAL - Critical error in sensor read loop: cannot access local variable 'conn_error' where it is not associated with a value
Traceback (most recent call last):
  File "/home/asif/Desktop/unified_creek_awos/awos.py", line 1033, in sensor_reader_loop
    f"Modbus connection failed after {retries} retries. Last error: {str(conn_error)}",
                                                                         ^^^^^^^^^^
UnboundLocalError: cannot access local variable 'conn_error' where it is not associated with a value

2025-07-15 11:10:14,021 - INFO - Switched to GUI-2 (Next toggle in 5s
2025-07-15 11:10:15,025 - INFO - Attempting Modbus connection on port /dev/ttyUSB0
2025-07-15 11:10:15,026 - ERROR - Modbus connection failed
2025-07-15 11:10:15,026 - WARNING - Modbus connection failed (Attempt 1/3)
2025-07-15 11:10:16,026 - WARNING - Modbus connection failed (Attempt 2/3)
2025-07-15 11:10:17,027 - WARNING - Modbus connection failed (Attempt 3/3)
2025-07-15 11:10:18,027 - CRITICAL - Critical error in sensor read loop: cannot access local variable 'conn_error' where it is not associated with a value
Traceback (most recent call last):
  File "/home/asif/Desktop/unified_creek_awos/awos.py", line 1033, in sensor_reader_loop
    f"Modbus connection failed after {retries} retries. Last error: {str(conn_error)}",
                                                                         ^^^^^^^^^^
UnboundLocalError: cannot access local variable 'conn_error' where it is not associated with a value

2025-07-15 11:10:19,022 - INFO - Switched to GUI-1 (Next toggle in 10s
2025-07-15 11:10:23,027 - INFO - Attempting Modbus connection on port /dev/ttyUSB0
2025-07-15 11:10:23,028 - ERROR - Modbus connection failed
2025-07-15 11:10:23,028 - WARNING - Modbus connection failed (Attempt 1/3)
2025-07-15 11:10:24,028 - WARNING - Modbus connection failed (Attempt 2/3)
2025-07-15 11:10:25,029 - WARNING - Modbus connection failed (Attempt 3/3)
2025-07-15 11:10:26,029 - CRITICAL - Critical error in sensor read loop: cannot access local variable 'conn_error' where it is not associated with a value
Traceback (most recent call last):
  File "/home/asif/Desktop/unified_creek_awos/awos.py", line 1033, in sensor_reader_loop
    f"Modbus connection failed after {retries} retries. Last error: {str(conn_error)}",
                                                                         ^^^^^^^^^^
UnboundLocalError: cannot access local variable 'conn_error' where it is not associated with a value

2025-07-15 11:10:29,022 - INFO - CSV write completed at 2025-07-15T11:10:29.022594
2025-07-15 11:10:29,022 - INFO - Switched to GUI-2 (Next toggle in 5s
2025-07-15 11:10:31,029 - INFO - Attempting Modbus connection on port /dev/ttyUSB0
2025-07-15 11:10:31,030 - ERROR - Modbus connection failed
2025-07-15 11:10:31,030 - WARNING - Modbus connection failed (Attempt 1/3)
2025-07-15 11:10:32,030 - WARNING - Modbus connection failed (Attempt 2/3)
2025-07-15 11:10:33,031 - WARNING - Modbus connection failed (Attempt 3/3)
2025-07-15 11:10:34,023 - INFO - Switched to GUI-1 (Next toggle in 10s
2025-07-15 11:10:34,035 - CRITICAL - Critical error in sensor read loop: cannot access local variable 'conn_error' where it is not associated with a value
Traceback (most recent call last):
  File "/home/asif/Desktop/unified_creek_awos/awos.py", line 1033, in sensor_reader_loop
    f"Modbus connection failed after {retries} retries. Last error: {str(conn_error)}",
                                                                         ^^^^^^^^^^
UnboundLocalError: cannot access local variable 'conn_error' where it is not associated with a value

2025-07-15 11:10:39,035 - INFO - Attempting Modbus connection on port /dev/ttyUSB0
2025-07-15 11:10:39,035 - ERROR - Modbus connection failed
2025-07-15 11:10:39,036 - WARNING - Modbus connection failed (Attempt 1/3)
2025-07-15 11:10:40,036 - WARNING - Modbus connection failed (Attempt 2/3)
2025-07-15 11:10:41,036 - WARNING - Modbus connection failed (Attempt 3/3)
2025-07-15 11:10:42,038 - CRITICAL - Critical error in sensor read loop: cannot access local variable 'conn_error' where it is not associated with a value
Traceback (most recent call last):
  File "/home/asif/Desktop/unified_creek_awos/awos.py", line 1033, in sensor_reader_loop
    f"Modbus connection failed after {retries} retries. Last error: {str(conn_error)}",
                                                                         ^^^^^^^^^^
UnboundLocalError: cannot access local variable 'conn_error' where it is not associated with a value

2025-07-15 11:10:44,023 - INFO - Switched to GUI-2 (Next toggle in 5s
2025-07-15 11:10:47,039 - INFO - Attempting Modbus connection on port /dev/ttyUSB0
2025-07-15 11:10:47,039 - ERROR - Modbus connection failed
2025-07-15 11:10:47,039 - WARNING - Modbus connection failed (Attempt 1/3)
2025-07-15 11:10:48,040 - WARNING - Modbus connection failed (Attempt 2/3)
2025-07-15 11:10:49,024 - INFO - Switched to GUI-1 (Next toggle in 10s
2025-07-15 11:10:49,041 - WARNING - Modbus connection failed (Attempt 3/3)
2025-07-15 11:10:50,042 - CRITICAL - Critical error in sensor read loop: cannot access local variable 'conn_error' where it is not associated with a value
Traceback (most recent call last):
  File "/home/asif/Desktop/unified_creek_awos/awos.py", line 1033, in sensor_reader_loop
    f"Modbus connection failed after {retries} retries. Last error: {str(conn_error)}",
                                                                         ^^^^^^^^^^
UnboundLocalError: cannot access local variable 'conn_error' where it is not associated with a value

2025-07-15 11:10:55,043 - INFO - Attempting Modbus connection on port /dev/ttyUSB0
2025-07-15 11:10:55,044 - ERROR - Modbus connection failed
2025-07-15 11:10:55,045 - WARNING - Modbus connection failed (Attempt 1/3)
2025-07-15 11:10:56,046 - WARNING - Modbus connection failed (Attempt 2/3)
2025-07-15 11:10:57,051 - WARNING - Modbus connection failed (Attempt 3/3)
2025-07-15 11:10:58,052 - CRITICAL - Critical error in sensor read loop: cannot access local variable 'conn_error' where it is not associated with a value
Traceback (most recent call last):
  File "/home/asif/Desktop/unified_creek_awos/awos.py", line 1033, in sensor_reader_loop
    f"Modbus connection failed after {retries} retries. Last error: {str(conn_error)}",
                                                                         ^^^^^^^^^^
UnboundLocalError: cannot access local variable 'conn_error' where it is not associated with a value

2025-07-15 11:10:59,024 - INFO - Switched to GUI-2 (Next toggle in 5s
2025-07-15 11:10:59,030 - INFO - CSV write completed at 2025-07-15T11:10:59.029938
2025-07-15 11:11:03,713 - INFO - Starting initialization...
2025-07-15 11:11:11,603 - INFO - Attempting Modbus connection on port /dev/ttyUSB0
2025-07-15 11:11:11,604 - ERROR - Modbus connection failed
2025-07-15 11:11:11,605 - WARNING - Modbus connection failed (Attempt 1/3)
2025-07-15 11:11:11,605 - INFO - CSV writer thread started. Output directory: /home/asif/Desktop/unified_creek_awos/csv_data
2025-07-15 11:11:11,608 - INFO - Switched to GUI-2 (Next toggle in 5s
2025-07-15 11:11:12,605 - WARNING - Modbus connection failed (Attempt 2/3)
2025-07-15 11:11:13,606 - WARNING - Modbus connection failed (Attempt 3/3)
2025-07-15 11:11:14,607 - CRITICAL - Critical error in sensor read loop: cannot access local variable 'conn_error' where it is not associated with a value
Traceback (most recent call last):
  File "/home/asif/Desktop/unified_creek_awos/awos.py", line 1033, in sensor_reader_loop
    f"Modbus connection failed after {retries} retries. Last error: {str(conn_error)}",
                                                                         ^^^^^^^^^^
UnboundLocalError: cannot access local variable 'conn_error' where it is not associated with a value

2025-07-15 11:11:16,609 - INFO - Switched to GUI-1 (Next toggle in 10s
2025-07-15 11:11:19,607 - INFO - Attempting Modbus connection on port /dev/ttyUSB0
2025-07-15 11:11:19,610 - ERROR - Modbus connection failed
2025-07-15 11:11:19,610 - WARNING - Modbus connection failed (Attempt 1/3)
2025-07-15 11:11:20,611 - WARNING - Modbus connection failed (Attempt 2/3)
2025-07-15 11:11:21,611 - WARNING - Modbus connection failed (Attempt 3/3)
2025-07-15 11:11:22,612 - CRITICAL - Critical error in sensor read loop: cannot access local variable 'conn_error' where it is not associated with a value
Traceback (most recent call last):
  File "/home/asif/Desktop/unified_creek_awos/awos.py", line 1033, in sensor_reader_loop
    f"Modbus connection failed after {retries} retries. Last error: {str(conn_error)}",
                                                                         ^^^^^^^^^^
UnboundLocalError: cannot access local variable 'conn_error' where it is not associated with a value

2025-07-15 11:11:26,609 - INFO - Switched to GUI-2 (Next toggle in 5s
2025-07-15 11:11:27,613 - INFO - Attempting Modbus connection on port /dev/ttyUSB0
2025-07-15 11:11:27,613 - ERROR - Modbus connection failed
2025-07-15 11:11:27,613 - WARNING - Modbus connection failed (Attempt 1/3)
2025-07-15 11:11:28,614 - WARNING - Modbus connection failed (Attempt 2/3)
2025-07-15 11:11:29,614 - WARNING - Modbus connection failed (Attempt 3/3)
2025-07-15 11:11:30,615 - CRITICAL - Critical error in sensor read loop: cannot access local variable 'conn_error' where it is not associated with a value
Traceback (most recent call last):
  File "/home/asif/Desktop/unified_creek_awos/awos.py", line 1033, in sensor_reader_loop
    f"Modbus connection failed after {retries} retries. Last error: {str(conn_error)}",
                                                                         ^^^^^^^^^^
UnboundLocalError: cannot access local variable 'conn_error' where it is not associated with a value

2025-07-15 11:11:31,610 - INFO - Switched to GUI-1 (Next toggle in 10s
2025-07-15 11:11:35,615 - INFO - Attempting Modbus connection on port /dev/ttyUSB0
2025-07-15 11:11:35,615 - ERROR - Modbus connection failed
2025-07-15 11:11:35,616 - WARNING - Modbus connection failed (Attempt 1/3)
2025-07-15 11:11:36,616 - WARNING - Modbus connection failed (Attempt 2/3)
2025-07-15 11:11:37,617 - WARNING - Modbus connection failed (Attempt 3/3)
2025-07-15 11:11:38,617 - CRITICAL - Critical error in sensor read loop: cannot access local variable 'conn_error' where it is not associated with a value
Traceback (most recent call last):
  File "/home/asif/Desktop/unified_creek_awos/awos.py", line 1033, in sensor_reader_loop
    f"Modbus connection failed after {retries} retries. Last error: {str(conn_error)}",
                                                                         ^^^^^^^^^^
UnboundLocalError: cannot access local variable 'conn_error' where it is not associated with a value

2025-07-15 11:11:41,610 - INFO - Switched to GUI-2 (Next toggle in 5s
2025-07-15 11:11:41,611 - INFO - CSV write completed at 2025-07-15T11:11:41.611343
2025-07-15 11:11:43,618 - INFO - Attempting Modbus connection on port /dev/ttyUSB0
2025-07-15 11:11:43,618 - ERROR - Modbus connection failed
2025-07-15 11:11:43,618 - WARNING - Modbus connection failed (Attempt 1/3)
2025-07-15 11:11:44,619 - WARNING - Modbus connection failed (Attempt 2/3)
2025-07-15 11:11:45,619 - WARNING - Modbus connection failed (Attempt 3/3)
2025-07-15 11:11:46,610 - INFO - Switched to GUI-1 (Next toggle in 10s
2025-07-15 11:11:46,621 - CRITICAL - Critical error in sensor read loop: cannot access local variable 'conn_error' where it is not associated with a value
Traceback (most recent call last):
  File "/home/asif/Desktop/unified_creek_awos/awos.py", line 1033, in sensor_reader_loop
    f"Modbus connection failed after {retries} retries. Last error: {str(conn_error)}",
                                                                         ^^^^^^^^^^
UnboundLocalError: cannot access local variable 'conn_error' where it is not associated with a value

2025-07-15 11:11:51,621 - INFO - Attempting Modbus connection on port /dev/ttyUSB0
2025-07-15 11:11:51,625 - ERROR - Modbus connection failed
2025-07-15 11:11:51,625 - WARNING - Modbus connection failed (Attempt 1/3)
2025-07-15 11:11:52,625 - WARNING - Modbus connection failed (Attempt 2/3)
2025-07-15 11:11:53,626 - WARNING - Modbus connection failed (Attempt 3/3)
2025-07-15 11:11:54,626 - CRITICAL - Critical error in sensor read loop: cannot access local variable 'conn_error' where it is not associated with a value
Traceback (most recent call last):
  File "/home/asif/Desktop/unified_creek_awos/awos.py", line 1033, in sensor_reader_loop
    f"Modbus connection failed after {retries} retries. Last error: {str(conn_error)}",
                                                                         ^^^^^^^^^^
UnboundLocalError: cannot access local variable 'conn_error' where it is not associated with a value

2025-07-15 11:11:56,613 - INFO - Switched to GUI-2 (Next toggle in 5s
2025-07-15 11:11:59,626 - INFO - Attempting Modbus connection on port /dev/ttyUSB0
2025-07-15 11:11:59,627 - ERROR - Modbus connection failed
2025-07-15 11:11:59,627 - WARNING - Modbus connection failed (Attempt 1/3)
2025-07-15 11:12:00,627 - WARNING - Modbus connection failed (Attempt 2/3)
2025-07-15 11:12:01,614 - INFO - Switched to GUI-1 (Next toggle in 10s
2025-07-15 11:12:01,628 - WARNING - Modbus connection failed (Attempt 3/3)
2025-07-15 11:12:02,628 - CRITICAL - Critical error in sensor read loop: cannot access local variable 'conn_error' where it is not associated with a value
Traceback (most recent call last):
  File "/home/asif/Desktop/unified_creek_awos/awos.py", line 1033, in sensor_reader_loop
    f"Modbus connection failed after {retries} retries. Last error: {str(conn_error)}",
                                                                         ^^^^^^^^^^
UnboundLocalError: cannot access local variable 'conn_error' where it is not associated with a value

2025-07-15 11:12:07,629 - INFO - Attempting Modbus connection on port /dev/ttyUSB0
2025-07-15 11:12:07,630 - ERROR - Modbus connection failed
2025-07-15 11:12:07,631 - WARNING - Modbus connection failed (Attempt 1/3)
2025-07-15 11:12:08,631 - WARNING - Modbus connection failed (Attempt 2/3)
2025-07-15 11:12:09,632 - WARNING - Modbus connection failed (Attempt 3/3)
2025-07-15 11:12:10,632 - CRITICAL - Critical error in sensor read loop: cannot access local variable 'conn_error' where it is not associated with a value
Traceback (most recent call last):
  File "/home/asif/Desktop/unified_creek_awos/awos.py", line 1033, in sensor_reader_loop
    f"Modbus connection failed after {retries} retries. Last error: {str(conn_error)}",
                                                                         ^^^^^^^^^^
UnboundLocalError: cannot access local variable 'conn_error' where it is not associated with a value

2025-07-15 11:12:11,614 - INFO - Switched to GUI-2 (Next toggle in 5s
2025-07-15 11:12:11,616 - INFO - CSV write completed at 2025-07-15T11:12:11.615991
2025-07-15 11:12:15,632 - INFO - Attempting Modbus connection on port /dev/ttyUSB0
2025-07-15 11:12:15,633 - ERROR - Modbus connection failed
2025-07-15 11:12:15,633 - WARNING - Modbus connection failed (Attempt 1/3)
2025-07-15 11:12:16,615 - INFO - Switched to GUI-1 (Next toggle in 10s
2025-07-15 11:12:16,634 - WARNING - Modbus connection failed (Attempt 2/3)
2025-07-15 11:12:17,634 - WARNING - Modbus connection failed (Attempt 3/3)
2025-07-15 11:12:18,635 - CRITICAL - Critical error in sensor read loop: cannot access local variable 'conn_error' where it is not associated with a value
Traceback (most recent call last):
  File "/home/asif/Desktop/unified_creek_awos/awos.py", line 1033, in sensor_reader_loop
    f"Modbus connection failed after {retries} retries. Last error: {str(conn_error)}",
                                                                         ^^^^^^^^^^
UnboundLocalError: cannot access local variable 'conn_error' where it is not associated with a value

2025-07-15 11:12:23,636 - INFO - Attempting Modbus connection on port /dev/ttyUSB0
2025-07-15 11:12:23,636 - ERROR - Modbus connection failed
2025-07-15 11:12:23,637 - WARNING - Modbus connection failed (Attempt 1/3)
2025-07-15 11:12:24,638 - WARNING - Modbus connection failed (Attempt 2/3)
2025-07-15 11:12:25,639 - WARNING - Modbus connection failed (Attempt 3/3)
2025-07-15 11:12:26,616 - INFO - Switched to GUI-2 (Next toggle in 5s
2025-07-15 11:12:26,643 - CRITICAL - Critical error in sensor read loop: cannot access local variable 'conn_error' where it is not associated with a value
Traceback (most recent call last):
  File "/home/asif/Desktop/unified_creek_awos/awos.py", line 1033, in sensor_reader_loop
    f"Modbus connection failed after {retries} retries. Last error: {str(conn_error)}",
                                                                         ^^^^^^^^^^
UnboundLocalError: cannot access local variable 'conn_error' where it is not associated with a value

2025-07-15 11:12:31,616 - INFO - Switched to GUI-1 (Next toggle in 10s
2025-07-15 11:12:31,643 - INFO - Attempting Modbus connection on port /dev/ttyUSB0
2025-07-15 11:12:31,644 - ERROR - Modbus connection failed
2025-07-15 11:12:31,644 - WARNING - Modbus connection failed (Attempt 1/3)
2025-07-15 11:12:32,644 - WARNING - Modbus connection failed (Attempt 2/3)
2025-07-15 11:12:33,645 - WARNING - Modbus connection failed (Attempt 3/3)
2025-07-15 11:12:34,646 - CRITICAL - Critical error in sensor read loop: cannot access local variable 'conn_error' where it is not associated with a value
Traceback (most recent call last):
  File "/home/asif/Desktop/unified_creek_awos/awos.py", line 1033, in sensor_reader_loop
    f"Modbus connection failed after {retries} retries. Last error: {str(conn_error)}",
                                                                         ^^^^^^^^^^
UnboundLocalError: cannot access local variable 'conn_error' where it is not associated with a value

2025-07-15 11:12:39,646 - INFO - Attempting Modbus connection on port /dev/ttyUSB0
2025-07-15 11:12:39,647 - ERROR - Modbus connection failed
2025-07-15 11:12:39,647 - WARNING - Modbus connection failed (Attempt 1/3)
2025-07-15 11:12:40,649 - WARNING - Modbus connection failed (Attempt 2/3)
2025-07-15 11:12:41,617 - INFO - Switched to GUI-2 (Next toggle in 5s
2025-07-15 11:12:41,626 - INFO - CSV write completed at 2025-07-15T11:12:41.626460
2025-07-15 11:12:41,650 - WARNING - Modbus connection failed (Attempt 3/3)
2025-07-15 11:12:42,651 - CRITICAL - Critical error in sensor read loop: cannot access local variable 'conn_error' where it is not associated with a value
Traceback (most recent call last):
  File "/home/asif/Desktop/unified_creek_awos/awos.py", line 1033, in sensor_reader_loop
    f"Modbus connection failed after {retries} retries. Last error: {str(conn_error)}",
                                                                         ^^^^^^^^^^
UnboundLocalError: cannot access local variable 'conn_error' where it is not associated with a value

2025-07-15 11:12:46,618 - INFO - Switched to GUI-1 (Next toggle in 10s
2025-07-15 11:12:47,651 - INFO - Attempting Modbus connection on port /dev/ttyUSB0
2025-07-15 11:12:47,652 - ERROR - Modbus connection failed
2025-07-15 11:12:47,652 - WARNING - Modbus connection failed (Attempt 1/3)
2025-07-15 11:12:48,653 - WARNING - Modbus connection failed (Attempt 2/3)
2025-07-15 11:12:49,654 - WARNING - Modbus connection failed (Attempt 3/3)
2025-07-15 11:12:50,654 - CRITICAL - Critical error in sensor read loop: cannot access local variable 'conn_error' where it is not associated with a value
Traceback (most recent call last):
  File "/home/asif/Desktop/unified_creek_awos/awos.py", line 1033, in sensor_reader_loop
    f"Modbus connection failed after {retries} retries. Last error: {str(conn_error)}",
                                                                         ^^^^^^^^^^
UnboundLocalError: cannot access local variable 'conn_error' where it is not associated with a value

2025-07-15 11:12:55,655 - INFO - Attempting Modbus connection on port /dev/ttyUSB0
2025-07-15 11:12:55,655 - ERROR - Modbus connection failed
2025-07-15 11:12:55,655 - WARNING - Modbus connection failed (Attempt 1/3)
2025-07-15 11:12:56,618 - INFO - Switched to GUI-2 (Next toggle in 5s
2025-07-15 11:12:56,656 - WARNING - Modbus connection failed (Attempt 2/3)
2025-07-15 11:12:57,656 - WARNING - Modbus connection failed (Attempt 3/3)
2025-07-15 11:12:58,657 - CRITICAL - Critical error in sensor read loop: cannot access local variable 'conn_error' where it is not associated with a value
Traceback (most recent call last):
  File "/home/asif/Desktop/unified_creek_awos/awos.py", line 1033, in sensor_reader_loop
    f"Modbus connection failed after {retries} retries. Last error: {str(conn_error)}",
                                                                         ^^^^^^^^^^
UnboundLocalError: cannot access local variable 'conn_error' where it is not associated with a value

2025-07-15 11:13:01,619 - INFO - Switched to GUI-1 (Next toggle in 10s
2025-07-15 11:13:03,659 - INFO - Attempting Modbus connection on port /dev/ttyUSB0
2025-07-15 11:13:03,660 - ERROR - Modbus connection failed
2025-07-15 11:13:03,664 - WARNING - Modbus connection failed (Attempt 1/3)
2025-07-15 11:13:04,666 - WARNING - Modbus connection failed (Attempt 2/3)
2025-07-15 11:13:05,667 - WARNING - Modbus connection failed (Attempt 3/3)
2025-07-15 11:13:06,668 - CRITICAL - Critical error in sensor read loop: cannot access local variable 'conn_error' where it is not associated with a value
Traceback (most recent call last):
  File "/home/asif/Desktop/unified_creek_awos/awos.py", line 1033, in sensor_reader_loop
    f"Modbus connection failed after {retries} retries. Last error: {str(conn_error)}",
                                                                         ^^^^^^^^^^
UnboundLocalError: cannot access local variable 'conn_error' where it is not associated with a value

2025-07-15 11:13:11,619 - INFO - Switched to GUI-2 (Next toggle in 5s
2025-07-15 11:13:11,637 - INFO - CSV write completed at 2025-07-15T11:13:11.637773
2025-07-15 11:13:11,668 - INFO - Attempting Modbus connection on port /dev/ttyUSB0
2025-07-15 11:13:11,669 - ERROR - Modbus connection failed
2025-07-15 11:13:11,669 - WARNING - Modbus connection failed (Attempt 1/3)
2025-07-15 11:13:12,670 - WARNING - Modbus connection failed (Attempt 2/3)
2025-07-15 11:13:13,671 - WARNING - Modbus connection failed (Attempt 3/3)
2025-07-15 11:13:14,671 - CRITICAL - Critical error in sensor read loop: cannot access local variable 'conn_error' where it is not associated with a value
Traceback (most recent call last):
  File "/home/asif/Desktop/unified_creek_awos/awos.py", line 1033, in sensor_reader_loop
    f"Modbus connection failed after {retries} retries. Last error: {str(conn_error)}",
                                                                         ^^^^^^^^^^
UnboundLocalError: cannot access local variable 'conn_error' where it is not associated with a value

2025-07-15 11:13:16,620 - INFO - Switched to GUI-1 (Next toggle in 10s
2025-07-15 11:13:19,672 - INFO - Attempting Modbus connection on port /dev/ttyUSB0
2025-07-15 11:13:19,672 - ERROR - Modbus connection failed
2025-07-15 11:13:19,672 - WARNING - Modbus connection failed (Attempt 1/3)
2025-07-15 11:13:20,673 - WARNING - Modbus connection failed (Attempt 2/3)
2025-07-15 11:13:21,674 - WARNING - Modbus connection failed (Attempt 3/3)
2025-07-15 11:13:22,674 - CRITICAL - Critical error in sensor read loop: cannot access local variable 'conn_error' where it is not associated with a value
Traceback (most recent call last):
  File "/home/asif/Desktop/unified_creek_awos/awos.py", line 1033, in sensor_reader_loop
    f"Modbus connection failed after {retries} retries. Last error: {str(conn_error)}",
                                                                         ^^^^^^^^^^
UnboundLocalError: cannot access local variable 'conn_error' where it is not associated with a value

2025-07-15 11:13:26,621 - INFO - Switched to GUI-2 (Next toggle in 5s
2025-07-15 11:13:27,675 - INFO - Attempting Modbus connection on port /dev/ttyUSB0
2025-07-15 11:13:27,675 - ERROR - Modbus connection failed
2025-07-15 11:13:27,675 - WARNING - Modbus connection failed (Attempt 1/3)
2025-07-15 11:13:28,676 - WARNING - Modbus connection failed (Attempt 2/3)
2025-07-15 11:13:29,677 - WARNING - Modbus connection failed (Attempt 3/3)
2025-07-15 11:13:30,678 - CRITICAL - Critical error in sensor read loop: cannot access local variable 'conn_error' where it is not associated with a value
Traceback (most recent call last):
  File "/home/asif/Desktop/unified_creek_awos/awos.py", line 1033, in sensor_reader_loop
    f"Modbus connection failed after {retries} retries. Last error: {str(conn_error)}",
                                                                         ^^^^^^^^^^
UnboundLocalError: cannot access local variable 'conn_error' where it is not associated with a value

2025-07-15 11:13:31,622 - INFO - Switched to GUI-1 (Next toggle in 10s
2025-07-15 11:13:35,679 - INFO - Attempting Modbus connection on port /dev/ttyUSB0
2025-07-15 11:13:35,680 - ERROR - Modbus connection failed
2025-07-15 11:13:35,680 - WARNING - Modbus connection failed (Attempt 1/3)
2025-07-15 11:13:36,682 - WARNING - Modbus connection failed (Attempt 2/3)
2025-07-15 11:13:37,683 - WARNING - Modbus connection failed (Attempt 3/3)
2025-07-15 11:13:38,684 - CRITICAL - Critical error in sensor read loop: cannot access local variable 'conn_error' where it is not associated with a value
Traceback (most recent call last):
  File "/home/asif/Desktop/unified_creek_awos/awos.py", line 1033, in sensor_reader_loop
    f"Modbus connection failed after {retries} retries. Last error: {str(conn_error)}",
                                                                         ^^^^^^^^^^
UnboundLocalError: cannot access local variable 'conn_error' where it is not associated with a value

2025-07-15 11:13:41,623 - INFO - Switched to GUI-2 (Next toggle in 5s
2025-07-15 11:13:41,648 - INFO - CSV write completed at 2025-07-15T11:13:41.647855
2025-07-15 11:13:43,685 - INFO - Attempting Modbus connection on port /dev/ttyUSB0
2025-07-15 11:13:43,686 - ERROR - Modbus connection failed
2025-07-15 11:13:43,686 - WARNING - Modbus connection failed (Attempt 1/3)
2025-07-15 11:13:44,687 - WARNING - Modbus connection failed (Attempt 2/3)
2025-07-15 11:13:45,688 - WARNING - Modbus connection failed (Attempt 3/3)
2025-07-15 11:13:46,624 - INFO - Switched to GUI-1 (Next toggle in 10s
2025-07-15 11:13:46,689 - CRITICAL - Critical error in sensor read loop: cannot access local variable 'conn_error' where it is not associated with a value
Traceback (most recent call last):
  File "/home/asif/Desktop/unified_creek_awos/awos.py", line 1033, in sensor_reader_loop
    f"Modbus connection failed after {retries} retries. Last error: {str(conn_error)}",
                                                                         ^^^^^^^^^^
UnboundLocalError: cannot access local variable 'conn_error' where it is not associated with a value

2025-07-15 11:13:51,690 - INFO - Attempting Modbus connection on port /dev/ttyUSB0
2025-07-15 11:13:51,690 - ERROR - Modbus connection failed
2025-07-15 11:13:51,690 - WARNING - Modbus connection failed (Attempt 1/3)
2025-07-15 11:13:52,691 - WARNING - Modbus connection failed (Attempt 2/3)
2025-07-15 11:13:53,691 - WARNING - Modbus connection failed (Attempt 3/3)
2025-07-15 11:13:54,692 - CRITICAL - Critical error in sensor read loop: cannot access local variable 'conn_error' where it is not associated with a value
Traceback (most recent call last):
  File "/home/asif/Desktop/unified_creek_awos/awos.py", line 1033, in sensor_reader_loop
    f"Modbus connection failed after {retries} retries. Last error: {str(conn_error)}",
                                                                         ^^^^^^^^^^
UnboundLocalError: cannot access local variable 'conn_error' where it is not associated with a value

2025-07-15 11:13:56,624 - INFO - Switched to GUI-2 (Next toggle in 5s
2025-07-15 11:13:59,693 - INFO - Attempting Modbus connection on port /dev/ttyUSB0
2025-07-15 11:13:59,693 - ERROR - Modbus connection failed
2025-07-15 11:13:59,693 - WARNING - Modbus connection failed (Attempt 1/3)
2025-07-15 11:14:00,694 - WARNING - Modbus connection failed (Attempt 2/3)
2025-07-15 11:14:01,625 - INFO - Switched to GUI-1 (Next toggle in 10s
2025-07-15 11:14:01,695 - WARNING - Modbus connection failed (Attempt 3/3)
2025-07-15 11:14:02,696 - CRITICAL - Critical error in sensor read loop: cannot access local variable 'conn_error' where it is not associated with a value
Traceback (most recent call last):
  File "/home/asif/Desktop/unified_creek_awos/awos.py", line 1033, in sensor_reader_loop
    f"Modbus connection failed after {retries} retries. Last error: {str(conn_error)}",
                                                                         ^^^^^^^^^^
UnboundLocalError: cannot access local variable 'conn_error' where it is not associated with a value

2025-07-15 11:14:07,697 - INFO - Attempting Modbus connection on port /dev/ttyUSB0
2025-07-15 11:14:07,698 - ERROR - Modbus connection failed
2025-07-15 11:14:07,698 - WARNING - Modbus connection failed (Attempt 1/3)
2025-07-15 11:14:08,699 - WARNING - Modbus connection failed (Attempt 2/3)
2025-07-15 11:14:09,699 - WARNING - Modbus connection failed (Attempt 3/3)
2025-07-15 11:14:10,701 - CRITICAL - Critical error in sensor read loop: cannot access local variable 'conn_error' where it is not associated with a value
Traceback (most recent call last):
  File "/home/asif/Desktop/unified_creek_awos/awos.py", line 1033, in sensor_reader_loop
    self.log(
              
UnboundLocalError: cannot access local variable 'conn_error' where it is not associated with a value

2025-07-15 11:14:11,626 - INFO - Switched to GUI-2 (Next toggle in 5s
2025-07-15 11:14:11,652 - INFO - CSV write completed at 2025-07-15T11:14:11.652739
2025-07-15 11:14:15,701 - INFO - Attempting Modbus connection on port /dev/ttyUSB0
2025-07-15 11:14:15,701 - ERROR - Modbus connection failed
2025-07-15 11:14:15,702 - WARNING - Modbus connection failed (Attempt 1/3)
2025-07-15 11:14:16,626 - INFO - Switched to GUI-1 (Next toggle in 10s
2025-07-15 11:14:16,703 - WARNING - Modbus connection failed (Attempt 2/3)
2025-07-15 11:14:17,704 - WARNING - Modbus connection failed (Attempt 3/3)
2025-07-15 11:14:18,705 - CRITICAL - Critical error in sensor read loop: cannot access local variable 'conn_error' where it is not associated with a value
Traceback (most recent call last):
  File "/home/asif/Desktop/unified_creek_awos/awos.py", line 1033, in sensor_reader_loop
    self.log(
              
UnboundLocalError: cannot access local variable 'conn_error' where it is not associated with a value

2025-07-15 11:14:23,705 - INFO - Attempting Modbus connection on port /dev/ttyUSB0
2025-07-15 11:14:23,706 - ERROR - Modbus connection failed
2025-07-15 11:14:23,706 - WARNING - Modbus connection failed (Attempt 1/3)
2025-07-15 11:14:24,706 - WARNING - Modbus connection failed (Attempt 2/3)
2025-07-15 11:14:25,707 - WARNING - Modbus connection failed (Attempt 3/3)
2025-07-15 11:14:26,627 - INFO - Switched to GUI-2 (Next toggle in 5s
2025-07-15 11:14:26,708 - CRITICAL - Critical error in sensor read loop: cannot access local variable 'conn_error' where it is not associated with a value
Traceback (most recent call last):
  File "/home/asif/Desktop/unified_creek_awos/awos.py", line 1033, in sensor_reader_loop
    self.log(
              
UnboundLocalError: cannot access local variable 'conn_error' where it is not associated with a value

2025-07-15 11:14:31,628 - INFO - Switched to GUI-1 (Next toggle in 10s
2025-07-15 11:14:31,708 - INFO - Attempting Modbus connection on port /dev/ttyUSB0
2025-07-15 11:14:31,709 - ERROR - Modbus connection failed
2025-07-15 11:14:31,709 - WARNING - Modbus connection failed (Attempt 1/3)
2025-07-15 11:14:32,709 - WARNING - Modbus connection failed (Attempt 2/3)
2025-07-15 11:14:33,710 - WARNING - Modbus connection failed (Attempt 3/3)
2025-07-15 11:14:34,710 - CRITICAL - Critical error in sensor read loop: cannot access local variable 'conn_error' where it is not associated with a value
Traceback (most recent call last):
  File "/home/asif/Desktop/unified_creek_awos/awos.py", line 1033, in sensor_reader_loop
    self.log(
              
UnboundLocalError: cannot access local variable 'conn_error' where it is not associated with a value

2025-07-15 11:14:39,710 - INFO - Attempting Modbus connection on port /dev/ttyUSB0
2025-07-15 11:14:39,711 - ERROR - Modbus connection failed
2025-07-15 11:14:39,711 - WARNING - Modbus connection failed (Attempt 1/3)
2025-07-15 11:14:40,711 - WARNING - Modbus connection failed (Attempt 2/3)
2025-07-15 11:14:41,628 - INFO - Switched to GUI-2 (Next toggle in 5s
2025-07-15 11:14:41,656 - INFO - CSV write completed at 2025-07-15T11:14:41.656542
2025-07-15 11:14:41,712 - WARNING - Modbus connection failed (Attempt 3/3)
2025-07-15 11:14:42,713 - CRITICAL - Critical error in sensor read loop: cannot access local variable 'conn_error' where it is not associated with a value
Traceback (most recent call last):
  File "/home/asif/Desktop/unified_creek_awos/awos.py", line 1033, in sensor_reader_loop
    self.log(
              
UnboundLocalError: cannot access local variable 'conn_error' where it is not associated with a value

2025-07-15 11:14:46,629 - INFO - Switched to GUI-1 (Next toggle in 10s
2025-07-15 11:14:47,713 - INFO - Attempting Modbus connection on port /dev/ttyUSB0
2025-07-15 11:14:47,714 - ERROR - Modbus connection failed
2025-07-15 11:14:47,714 - WARNING - Modbus connection failed (Attempt 1/3)
2025-07-15 11:14:48,714 - WARNING - Modbus connection failed (Attempt 2/3)
2025-07-15 11:14:49,715 - WARNING - Modbus connection failed (Attempt 3/3)
2025-07-15 11:14:50,715 - CRITICAL - Critical error in sensor read loop: cannot access local variable 'conn_error' where it is not associated with a value
Traceback (most recent call last):
  File "/home/asif/Desktop/unified_creek_awos/awos.py", line 1033, in sensor_reader_loop
    self.log(
              
UnboundLocalError: cannot access local variable 'conn_error' where it is not associated with a value

2025-07-15 11:14:55,716 - INFO - Attempting Modbus connection on port /dev/ttyUSB0
2025-07-15 11:14:55,716 - ERROR - Modbus connection failed
2025-07-15 11:14:55,716 - WARNING - Modbus connection failed (Attempt 1/3)
2025-07-15 11:14:56,629 - INFO - Switched to GUI-2 (Next toggle in 5s
2025-07-15 11:14:56,717 - WARNING - Modbus connection failed (Attempt 2/3)
2025-07-15 11:14:57,717 - WARNING - Modbus connection failed (Attempt 3/3)
2025-07-15 11:14:58,718 - CRITICAL - Critical error in sensor read loop: cannot access local variable 'conn_error' where it is not associated with a value
Traceback (most recent call last):
  File "/home/asif/Desktop/unified_creek_awos/awos.py", line 1033, in sensor_reader_loop
    self.log(
              
UnboundLocalError: cannot access local variable 'conn_error' where it is not associated with a value

2025-07-15 11:15:01,629 - INFO - Switched to GUI-1 (Next toggle in 10s
2025-07-15 11:15:03,718 - INFO - Attempting Modbus connection on port /dev/ttyUSB0
2025-07-15 11:15:03,719 - ERROR - Modbus connection failed
2025-07-15 11:15:03,719 - WARNING - Modbus connection failed (Attempt 1/3)
2025-07-15 11:15:04,719 - WARNING - Modbus connection failed (Attempt 2/3)
2025-07-15 11:15:05,720 - WARNING - Modbus connection failed (Attempt 3/3)
2025-07-15 11:15:06,720 - CRITICAL - Critical error in sensor read loop: cannot access local variable 'conn_error' where it is not associated with a value
Traceback (most recent call last):
  File "/home/asif/Desktop/unified_creek_awos/awos.py", line 1033, in sensor_reader_loop
    self.log(
              
UnboundLocalError: cannot access local variable 'conn_error' where it is not associated with a value

2025-07-15 11:15:11,630 - INFO - Switched to GUI-2 (Next toggle in 5s
2025-07-15 11:15:11,660 - INFO - CSV write completed at 2025-07-15T11:15:11.660510
2025-07-15 11:15:11,720 - INFO - Attempting Modbus connection on port /dev/ttyUSB0
2025-07-15 11:15:11,721 - ERROR - Modbus connection failed
2025-07-15 11:15:11,722 - WARNING - Modbus connection failed (Attempt 1/3)
2025-07-15 11:15:12,722 - WARNING - Modbus connection failed (Attempt 2/3)
2025-07-15 11:15:13,723 - WARNING - Modbus connection failed (Attempt 3/3)
2025-07-15 11:15:14,723 - CRITICAL - Critical error in sensor read loop: cannot access local variable 'conn_error' where it is not associated with a value
Traceback (most recent call last):
  File "/home/asif/Desktop/unified_creek_awos/awos.py", line 1033, in sensor_reader_loop
    self.log(
              
UnboundLocalError: cannot access local variable 'conn_error' where it is not associated with a value

2025-07-15 11:15:16,630 - INFO - Switched to GUI-1 (Next toggle in 10s
2025-07-15 11:15:19,723 - INFO - Attempting Modbus connection on port /dev/ttyUSB0
2025-07-15 11:15:19,724 - ERROR - Modbus connection failed
2025-07-15 11:15:19,724 - WARNING - Modbus connection failed (Attempt 1/3)
2025-07-15 11:15:20,724 - WARNING - Modbus connection failed (Attempt 2/3)
2025-07-15 11:15:21,725 - WARNING - Modbus connection failed (Attempt 3/3)
2025-07-15 11:15:22,725 - CRITICAL - Critical error in sensor read loop: cannot access local variable 'conn_error' where it is not associated with a value
Traceback (most recent call last):
  File "/home/asif/Desktop/unified_creek_awos/awos.py", line 1033, in sensor_reader_loop
    self.log(
              
UnboundLocalError: cannot access local variable 'conn_error' where it is not associated with a value

2025-07-15 11:15:26,634 - INFO - Switched to GUI-2 (Next toggle in 5s
2025-07-15 11:15:27,726 - INFO - Attempting Modbus connection on port /dev/ttyUSB0
2025-07-15 11:15:27,726 - ERROR - Modbus connection failed
2025-07-15 11:15:27,729 - WARNING - Modbus connection failed (Attempt 1/3)
2025-07-15 11:15:28,729 - WARNING - Modbus connection failed (Attempt 2/3)
2025-07-15 11:15:29,730 - WARNING - Modbus connection failed (Attempt 3/3)
2025-07-15 11:15:30,730 - CRITICAL - Critical error in sensor read loop: cannot access local variable 'conn_error' where it is not associated with a value
Traceback (most recent call last):
  File "/home/asif/Desktop/unified_creek_awos/awos.py", line 1033, in sensor_reader_loop
    self.log(
              
UnboundLocalError: cannot access local variable 'conn_error' where it is not associated with a value

2025-07-15 11:15:31,634 - INFO - Switched to GUI-1 (Next toggle in 10s
2025-07-15 11:15:35,730 - INFO - Attempting Modbus connection on port /dev/ttyUSB0
2025-07-15 11:15:35,731 - ERROR - Modbus connection failed
2025-07-15 11:15:35,731 - WARNING - Modbus connection failed (Attempt 1/3)
2025-07-15 11:15:36,731 - WARNING - Modbus connection failed (Attempt 2/3)
2025-07-15 11:15:37,732 - WARNING - Modbus connection failed (Attempt 3/3)
2025-07-15 11:15:38,732 - CRITICAL - Critical error in sensor read loop: cannot access local variable 'conn_error' where it is not associated with a value
Traceback (most recent call last):
  File "/home/asif/Desktop/unified_creek_awos/awos.py", line 1033, in sensor_reader_loop
    self.log(
              
UnboundLocalError: cannot access local variable 'conn_error' where it is not associated with a value

2025-07-15 11:15:41,634 - INFO - Switched to GUI-2 (Next toggle in 5s
2025-07-15 11:15:41,665 - INFO - CSV write completed at 2025-07-15T11:15:41.664963
2025-07-15 11:15:43,733 - INFO - Attempting Modbus connection on port /dev/ttyUSB0
2025-07-15 11:15:43,733 - ERROR - Modbus connection failed
2025-07-15 11:15:43,733 - WARNING - Modbus connection failed (Attempt 1/3)
2025-07-15 11:15:44,733 - WARNING - Modbus connection failed (Attempt 2/3)
2025-07-15 11:15:45,734 - WARNING - Modbus connection failed (Attempt 3/3)
2025-07-15 11:15:46,635 - INFO - Switched to GUI-1 (Next toggle in 10s
2025-07-15 11:15:46,734 - CRITICAL - Critical error in sensor read loop: cannot access local variable 'conn_error' where it is not associated with a value
Traceback (most recent call last):
  File "/home/asif/Desktop/unified_creek_awos/awos.py", line 1033, in sensor_reader_loop
    self.log(
              
UnboundLocalError: cannot access local variable 'conn_error' where it is not associated with a value

2025-07-15 11:15:51,735 - INFO - Attempting Modbus connection on port /dev/ttyUSB0
2025-07-15 11:15:51,735 - ERROR - Modbus connection failed
2025-07-15 11:15:51,738 - WARNING - Modbus connection failed (Attempt 1/3)
2025-07-15 11:15:52,738 - WARNING - Modbus connection failed (Attempt 2/3)
2025-07-15 11:15:53,739 - WARNING - Modbus connection failed (Attempt 3/3)
2025-07-15 11:15:54,739 - CRITICAL - Critical error in sensor read loop: cannot access local variable 'conn_error' where it is not associated with a value
Traceback (most recent call last):
  File "/home/asif/Desktop/unified_creek_awos/awos.py", line 1033, in sensor_reader_loop
    self.log(
              
UnboundLocalError: cannot access local variable 'conn_error' where it is not associated with a value

2025-07-15 11:15:56,635 - INFO - Switched to GUI-2 (Next toggle in 5s
2025-07-15 11:15:59,739 - INFO - Attempting Modbus connection on port /dev/ttyUSB0
2025-07-15 11:15:59,740 - ERROR - Modbus connection failed
2025-07-15 11:15:59,740 - WARNING - Modbus connection failed (Attempt 1/3)
2025-07-15 11:16:00,740 - WARNING - Modbus connection failed (Attempt 2/3)
2025-07-15 11:16:01,636 - INFO - Switched to GUI-1 (Next toggle in 10s
2025-07-15 11:16:01,741 - WARNING - Modbus connection failed (Attempt 3/3)
2025-07-15 11:16:02,741 - CRITICAL - Critical error in sensor read loop: cannot access local variable 'conn_error' where it is not associated with a value
Traceback (most recent call last):
  File "/home/asif/Desktop/unified_creek_awos/awos.py", line 1033, in sensor_reader_loop
    self.log(
              
UnboundLocalError: cannot access local variable 'conn_error' where it is not associated with a value

2025-07-15 11:16:03,314 - INFO - Shutting down weather station system
2025-07-15 11:16:05,315 - INFO - Cleanup completed, exiting application
2025-07-15 11:17:17,209 - INFO - Starting initialization...
2025-07-15 11:17:25,402 - INFO - Attempting Modbus connection on port /dev/ttyUSB0
2025-07-15 11:17:25,403 - ERROR - Modbus connection failed
2025-07-15 11:17:25,404 - INFO - CSV writer thread started. Output directory: /home/asif/Desktop/unified_creek_awos/csv_data
2025-07-15 11:17:25,404 - WARNING - Modbus connection failed (Attempt 1/3)
2025-07-15 11:17:25,406 - INFO - Switched to GUI-2 (Next toggle in 5s
2025-07-15 11:17:26,405 - WARNING - Modbus connection failed (Attempt 2/3)
2025-07-15 11:17:27,405 - WARNING - Modbus connection failed (Attempt 3/3)
2025-07-15 11:17:28,406 - CRITICAL - Critical error in sensor read loop: cannot access local variable 'conn_error' where it is not associated with a value
Traceback (most recent call last):
  File "/home/asif/Desktop/unified_creek_awos/awos.py", line 1034, in sensor_reader_loop
    f"Modbus connection failed after {retries} retries. Last error: {str(conn_error)}",
                                                                         ^^^^^^^^^^
UnboundLocalError: cannot access local variable 'conn_error' where it is not associated with a value

2025-07-15 11:17:30,407 - INFO - Switched to GUI-1 (Next toggle in 10s
2025-07-15 11:17:33,407 - INFO - Attempting Modbus connection on port /dev/ttyUSB0
2025-07-15 11:17:33,407 - ERROR - Modbus connection failed
2025-07-15 11:17:33,407 - WARNING - Modbus connection failed (Attempt 1/3)
2025-07-15 11:17:34,408 - WARNING - Modbus connection failed (Attempt 2/3)
2025-07-15 11:17:35,408 - WARNING - Modbus connection failed (Attempt 3/3)
2025-07-15 11:17:36,409 - CRITICAL - Critical error in sensor read loop: cannot access local variable 'conn_error' where it is not associated with a value
Traceback (most recent call last):
  File "/home/asif/Desktop/unified_creek_awos/awos.py", line 1034, in sensor_reader_loop
    f"Modbus connection failed after {retries} retries. Last error: {str(conn_error)}",
                                                                         ^^^^^^^^^^
UnboundLocalError: cannot access local variable 'conn_error' where it is not associated with a value

2025-07-15 11:17:40,408 - INFO - Switched to GUI-2 (Next toggle in 5s
2025-07-15 11:17:41,409 - INFO - Attempting Modbus connection on port /dev/ttyUSB0
2025-07-15 11:17:41,410 - ERROR - Modbus connection failed
2025-07-15 11:17:41,410 - WARNING - Modbus connection failed (Attempt 1/3)
2025-07-15 11:17:42,410 - WARNING - Modbus connection failed (Attempt 2/3)
2025-07-15 11:17:43,410 - WARNING - Modbus connection failed (Attempt 3/3)
2025-07-15 11:17:44,411 - CRITICAL - Critical error in sensor read loop: cannot access local variable 'conn_error' where it is not associated with a value
Traceback (most recent call last):
  File "/home/asif/Desktop/unified_creek_awos/awos.py", line 1034, in sensor_reader_loop
    f"Modbus connection failed after {retries} retries. Last error: {str(conn_error)}",
                                                                         ^^^^^^^^^^
UnboundLocalError: cannot access local variable 'conn_error' where it is not associated with a value

2025-07-15 11:17:45,408 - INFO - Switched to GUI-1 (Next toggle in 10s
2025-07-15 11:17:49,411 - INFO - Attempting Modbus connection on port /dev/ttyUSB0
2025-07-15 11:17:49,412 - ERROR - Modbus connection failed
2025-07-15 11:17:49,412 - WARNING - Modbus connection failed (Attempt 1/3)
2025-07-15 11:17:50,413 - WARNING - Modbus connection failed (Attempt 2/3)
2025-07-15 11:17:51,413 - WARNING - Modbus connection failed (Attempt 3/3)
2025-07-15 11:17:52,413 - CRITICAL - Critical error in sensor read loop: cannot access local variable 'conn_error' where it is not associated with a value
Traceback (most recent call last):
  File "/home/asif/Desktop/unified_creek_awos/awos.py", line 1034, in sensor_reader_loop
    f"Modbus connection failed after {retries} retries. Last error: {str(conn_error)}",
                                                                         ^^^^^^^^^^
UnboundLocalError: cannot access local variable 'conn_error' where it is not associated with a value

2025-07-15 11:17:55,408 - INFO - Switched to GUI-2 (Next toggle in 5s
2025-07-15 11:17:55,409 - INFO - CSV write completed at 2025-07-15T11:17:55.409187
2025-07-15 11:17:57,414 - INFO - Attempting Modbus connection on port /dev/ttyUSB0
2025-07-15 11:17:57,414 - ERROR - Modbus connection failed
2025-07-15 11:17:57,415 - WARNING - Modbus connection failed (Attempt 1/3)
2025-07-15 11:17:58,416 - WARNING - Modbus connection failed (Attempt 2/3)
2025-07-15 11:17:59,417 - WARNING - Modbus connection failed (Attempt 3/3)
2025-07-15 11:18:00,409 - INFO - Switched to GUI-1 (Next toggle in 10s
2025-07-15 11:18:00,418 - CRITICAL - Critical error in sensor read loop: cannot access local variable 'conn_error' where it is not associated with a value
Traceback (most recent call last):
  File "/home/asif/Desktop/unified_creek_awos/awos.py", line 1034, in sensor_reader_loop
    f"Modbus connection failed after {retries} retries. Last error: {str(conn_error)}",
                                                                         ^^^^^^^^^^
UnboundLocalError: cannot access local variable 'conn_error' where it is not associated with a value

2025-07-15 11:18:05,420 - INFO - Attempting Modbus connection on port /dev/ttyUSB0
2025-07-15 11:18:05,420 - ERROR - Modbus connection failed
2025-07-15 11:18:05,420 - WARNING - Modbus connection failed (Attempt 1/3)
2025-07-15 11:18:06,421 - WARNING - Modbus connection failed (Attempt 2/3)
2025-07-15 11:18:07,421 - WARNING - Modbus connection failed (Attempt 3/3)
2025-07-15 11:18:08,422 - CRITICAL - Critical error in sensor read loop: cannot access local variable 'conn_error' where it is not associated with a value
Traceback (most recent call last):
  File "/home/asif/Desktop/unified_creek_awos/awos.py", line 1034, in sensor_reader_loop
    f"Modbus connection failed after {retries} retries. Last error: {str(conn_error)}",
                                                                         ^^^^^^^^^^
UnboundLocalError: cannot access local variable 'conn_error' where it is not associated with a value

2025-07-15 11:18:10,410 - INFO - Switched to GUI-2 (Next toggle in 5s
2025-07-15 11:18:13,422 - INFO - Attempting Modbus connection on port /dev/ttyUSB0
2025-07-15 11:18:13,423 - ERROR - Modbus connection failed
2025-07-15 11:18:13,423 - WARNING - Modbus connection failed (Attempt 1/3)
2025-07-15 11:18:14,423 - WARNING - Modbus connection failed (Attempt 2/3)
2025-07-15 11:18:15,410 - INFO - Switched to GUI-1 (Next toggle in 10s
2025-07-15 11:18:15,424 - WARNING - Modbus connection failed (Attempt 3/3)
2025-07-15 11:18:16,425 - CRITICAL - Critical error in sensor read loop: cannot access local variable 'conn_error' where it is not associated with a value
Traceback (most recent call last):
  File "/home/asif/Desktop/unified_creek_awos/awos.py", line 1034, in sensor_reader_loop
    f"Modbus connection failed after {retries} retries. Last error: {str(conn_error)}",
                                                                         ^^^^^^^^^^
UnboundLocalError: cannot access local variable 'conn_error' where it is not associated with a value

2025-07-15 11:18:21,425 - INFO - Attempting Modbus connection on port /dev/ttyUSB0
2025-07-15 11:18:21,426 - ERROR - Modbus connection failed
2025-07-15 11:18:21,426 - WARNING - Modbus connection failed (Attempt 1/3)
2025-07-15 11:18:22,426 - WARNING - Modbus connection failed (Attempt 2/3)
2025-07-15 11:18:23,427 - WARNING - Modbus connection failed (Attempt 3/3)
2025-07-15 11:18:24,427 - CRITICAL - Critical error in sensor read loop: cannot access local variable 'conn_error' where it is not associated with a value
Traceback (most recent call last):
  File "/home/asif/Desktop/unified_creek_awos/awos.py", line 1034, in sensor_reader_loop
    f"Modbus connection failed after {retries} retries. Last error: {str(conn_error)}",
                                                                         ^^^^^^^^^^
UnboundLocalError: cannot access local variable 'conn_error' where it is not associated with a value

2025-07-15 11:18:25,411 - INFO - Switched to GUI-2 (Next toggle in 5s
2025-07-15 11:18:25,412 - INFO - CSV write completed at 2025-07-15T11:18:25.412916
2025-07-15 11:18:29,428 - INFO - Attempting Modbus connection on port /dev/ttyUSB0
2025-07-15 11:18:29,428 - ERROR - Modbus connection failed
2025-07-15 11:18:29,428 - WARNING - Modbus connection failed (Attempt 1/3)
2025-07-15 11:18:30,411 - INFO - Switched to GUI-1 (Next toggle in 10s
2025-07-15 11:18:30,429 - WARNING - Modbus connection failed (Attempt 2/3)
2025-07-15 11:18:31,430 - WARNING - Modbus connection failed (Attempt 3/3)
2025-07-15 11:18:32,430 - CRITICAL - Critical error in sensor read loop: cannot access local variable 'conn_error' where it is not associated with a value
Traceback (most recent call last):
  File "/home/asif/Desktop/unified_creek_awos/awos.py", line 1034, in sensor_reader_loop
    f"Modbus connection failed after {retries} retries. Last error: {str(conn_error)}",
                                                                         ^^^^^^^^^^
UnboundLocalError: cannot access local variable 'conn_error' where it is not associated with a value

2025-07-15 11:18:37,431 - INFO - Attempting Modbus connection on port /dev/ttyUSB0
2025-07-15 11:18:37,431 - ERROR - Modbus connection failed
2025-07-15 11:18:37,431 - WARNING - Modbus connection failed (Attempt 1/3)
2025-07-15 11:18:38,432 - WARNING - Modbus connection failed (Attempt 2/3)
2025-07-15 11:18:39,432 - WARNING - Modbus connection failed (Attempt 3/3)
2025-07-15 11:18:40,412 - INFO - Switched to GUI-2 (Next toggle in 5s
2025-07-15 11:18:40,434 - CRITICAL - Critical error in sensor read loop: cannot access local variable 'conn_error' where it is not associated with a value
Traceback (most recent call last):
  File "/home/asif/Desktop/unified_creek_awos/awos.py", line 1034, in sensor_reader_loop
    f"Modbus connection failed after {retries} retries. Last error: {str(conn_error)}",
                                                                         ^^^^^^^^^^
UnboundLocalError: cannot access local variable 'conn_error' where it is not associated with a value

2025-07-15 11:18:45,412 - INFO - Switched to GUI-1 (Next toggle in 10s
2025-07-15 11:18:45,434 - INFO - Attempting Modbus connection on port /dev/ttyUSB0
2025-07-15 11:18:45,435 - ERROR - Modbus connection failed
2025-07-15 11:18:45,435 - WARNING - Modbus connection failed (Attempt 1/3)
2025-07-15 11:18:46,435 - WARNING - Modbus connection failed (Attempt 2/3)
2025-07-15 11:18:47,436 - WARNING - Modbus connection failed (Attempt 3/3)
2025-07-15 11:18:48,437 - CRITICAL - Critical error in sensor read loop: cannot access local variable 'conn_error' where it is not associated with a value
Traceback (most recent call last):
  File "/home/asif/Desktop/unified_creek_awos/awos.py", line 1034, in sensor_reader_loop
    f"Modbus connection failed after {retries} retries. Last error: {str(conn_error)}",
                                                                         ^^^^^^^^^^
UnboundLocalError: cannot access local variable 'conn_error' where it is not associated with a value

2025-07-15 11:18:53,438 - INFO - Attempting Modbus connection on port /dev/ttyUSB0
2025-07-15 11:18:53,438 - ERROR - Modbus connection failed
2025-07-15 11:18:53,439 - WARNING - Modbus connection failed (Attempt 1/3)
2025-07-15 11:18:54,439 - WARNING - Modbus connection failed (Attempt 2/3)
2025-07-15 11:18:55,413 - INFO - Switched to GUI-2 (Next toggle in 5s
2025-07-15 11:18:55,419 - INFO - CSV write completed at 2025-07-15T11:18:55.419123
2025-07-15 11:18:55,440 - WARNING - Modbus connection failed (Attempt 3/3)
2025-07-15 11:18:56,441 - CRITICAL - Critical error in sensor read loop: cannot access local variable 'conn_error' where it is not associated with a value
Traceback (most recent call last):
  File "/home/asif/Desktop/unified_creek_awos/awos.py", line 1034, in sensor_reader_loop
    f"Modbus connection failed after {retries} retries. Last error: {str(conn_error)}",
                                                                         ^^^^^^^^^^
UnboundLocalError: cannot access local variable 'conn_error' where it is not associated with a value

2025-07-15 11:19:00,413 - INFO - Switched to GUI-1 (Next toggle in 10s
2025-07-15 11:19:01,441 - INFO - Attempting Modbus connection on port /dev/ttyUSB0
2025-07-15 11:19:01,442 - ERROR - Modbus connection failed
2025-07-15 11:19:01,442 - WARNING - Modbus connection failed (Attempt 1/3)
2025-07-15 11:19:02,442 - WARNING - Modbus connection failed (Attempt 2/3)
2025-07-15 11:19:03,443 - WARNING - Modbus connection failed (Attempt 3/3)
2025-07-15 11:19:04,444 - CRITICAL - Critical error in sensor read loop: cannot access local variable 'conn_error' where it is not associated with a value
Traceback (most recent call last):
  File "/home/asif/Desktop/unified_creek_awos/awos.py", line 1034, in sensor_reader_loop
    f"Modbus connection failed after {retries} retries. Last error: {str(conn_error)}",
                                                                         ^^^^^^^^^^
UnboundLocalError: cannot access local variable 'conn_error' where it is not associated with a value

2025-07-15 11:19:09,444 - INFO - Attempting Modbus connection on port /dev/ttyUSB0
2025-07-15 11:19:09,445 - ERROR - Modbus connection failed
2025-07-15 11:19:09,445 - WARNING - Modbus connection failed (Attempt 1/3)
2025-07-15 11:19:10,414 - INFO - Switched to GUI-2 (Next toggle in 5s
2025-07-15 11:19:10,446 - WARNING - Modbus connection failed (Attempt 2/3)
2025-07-15 11:19:11,448 - WARNING - Modbus connection failed (Attempt 3/3)
2025-07-15 11:19:12,449 - CRITICAL - Critical error in sensor read loop: cannot access local variable 'conn_error' where it is not associated with a value
Traceback (most recent call last):
  File "/home/asif/Desktop/unified_creek_awos/awos.py", line 1034, in sensor_reader_loop
    f"Modbus connection failed after {retries} retries. Last error: {str(conn_error)}",
                                                                         ^^^^^^^^^^
UnboundLocalError: cannot access local variable 'conn_error' where it is not associated with a value

2025-07-15 11:19:15,415 - INFO - Switched to GUI-1 (Next toggle in 10s
2025-07-15 11:19:17,449 - INFO - Attempting Modbus connection on port /dev/ttyUSB0
2025-07-15 11:19:17,450 - ERROR - Modbus connection failed
2025-07-15 11:19:17,450 - WARNING - Modbus connection failed (Attempt 1/3)
2025-07-15 11:19:18,451 - WARNING - Modbus connection failed (Attempt 2/3)
2025-07-15 11:19:19,452 - WARNING - Modbus connection failed (Attempt 3/3)
2025-07-15 11:19:20,453 - CRITICAL - Critical error in sensor read loop: cannot access local variable 'conn_error' where it is not associated with a value
Traceback (most recent call last):
  File "/home/asif/Desktop/unified_creek_awos/awos.py", line 1034, in sensor_reader_loop
    f"Modbus connection failed after {retries} retries. Last error: {str(conn_error)}",
                                                                         ^^^^^^^^^^
UnboundLocalError: cannot access local variable 'conn_error' where it is not associated with a value

2025-07-15 11:19:25,415 - INFO - Switched to GUI-2 (Next toggle in 5s
2025-07-15 11:19:25,428 - INFO - CSV write completed at 2025-07-15T11:19:25.427981
2025-07-15 11:19:25,453 - INFO - Attempting Modbus connection on port /dev/ttyUSB0
2025-07-15 11:19:25,454 - ERROR - Modbus connection failed
2025-07-15 11:19:25,454 - WARNING - Modbus connection failed (Attempt 1/3)
2025-07-15 11:19:26,455 - WARNING - Modbus connection failed (Attempt 2/3)
2025-07-15 11:19:27,455 - WARNING - Modbus connection failed (Attempt 3/3)
2025-07-15 11:19:28,457 - CRITICAL - Critical error in sensor read loop: cannot access local variable 'conn_error' where it is not associated with a value
Traceback (most recent call last):
  File "/home/asif/Desktop/unified_creek_awos/awos.py", line 1034, in sensor_reader_loop
    f"Modbus connection failed after {retries} retries. Last error: {str(conn_error)}",
                                                                         ^^^^^^^^^^
UnboundLocalError: cannot access local variable 'conn_error' where it is not associated with a value

2025-07-15 11:19:36,440 - INFO - Starting initialization...
2025-07-15 11:19:44,340 - INFO - Attempting Modbus connection on port /dev/ttyUSB0
2025-07-15 11:19:44,340 - ERROR - Modbus connection failed
2025-07-15 11:19:44,341 - INFO - CSV writer thread started. Output directory: /home/asif/Desktop/unified_creek_awos/csv_data
2025-07-15 11:19:44,341 - WARNING - Modbus connection failed (Attempt 1/3)
2025-07-15 11:19:44,342 - INFO - Switched to GUI-2 (Next toggle in 5s
2025-07-15 11:19:45,341 - WARNING - Modbus connection failed (Attempt 2/3)
2025-07-15 11:19:46,342 - WARNING - Modbus connection failed (Attempt 3/3)
2025-07-15 11:19:47,343 - CRITICAL - Critical error in sensor read loop: cannot access local variable 'conn_error' where it is not associated with a value
Traceback (most recent call last):
  File "/home/asif/Desktop/unified_creek_awos/awos.py", line 1034, in sensor_reader_loop
    f"Modbus connection failed after {retries} retries. Last error: {str(conn_error)}",
                                                                         ^^^^^^^^^^
UnboundLocalError: cannot access local variable 'conn_error' where it is not associated with a value

2025-07-15 11:19:49,343 - INFO - Switched to GUI-1 (Next toggle in 10s
2025-07-15 11:19:52,343 - INFO - Attempting Modbus connection on port /dev/ttyUSB0
2025-07-15 11:19:52,343 - ERROR - Modbus connection failed
2025-07-15 11:19:52,343 - WARNING - Modbus connection failed (Attempt 1/3)
2025-07-15 11:19:53,344 - WARNING - Modbus connection failed (Attempt 2/3)
2025-07-15 11:19:54,344 - WARNING - Modbus connection failed (Attempt 3/3)
2025-07-15 11:19:55,345 - CRITICAL - Critical error in sensor read loop: cannot access local variable 'conn_error' where it is not associated with a value
Traceback (most recent call last):
  File "/home/asif/Desktop/unified_creek_awos/awos.py", line 1034, in sensor_reader_loop
    f"Modbus connection failed after {retries} retries. Last error: {str(conn_error)}",
                                                                         ^^^^^^^^^^
UnboundLocalError: cannot access local variable 'conn_error' where it is not associated with a value

2025-07-15 11:19:59,343 - INFO - Switched to GUI-2 (Next toggle in 5s
2025-07-15 11:20:00,345 - INFO - Attempting Modbus connection on port /dev/ttyUSB0
2025-07-15 11:20:00,346 - ERROR - Modbus connection failed
2025-07-15 11:20:00,346 - WARNING - Modbus connection failed (Attempt 1/3)
2025-07-15 11:20:01,346 - WARNING - Modbus connection failed (Attempt 2/3)
2025-07-15 11:20:02,347 - WARNING - Modbus connection failed (Attempt 3/3)
2025-07-15 11:20:03,347 - CRITICAL - Critical error in sensor read loop: cannot access local variable 'conn_error' where it is not associated with a value
Traceback (most recent call last):
  File "/home/asif/Desktop/unified_creek_awos/awos.py", line 1034, in sensor_reader_loop
    f"Modbus connection failed after {retries} retries. Last error: {str(conn_error)}",
                                                                         ^^^^^^^^^^
UnboundLocalError: cannot access local variable 'conn_error' where it is not associated with a value

2025-07-15 11:20:04,344 - INFO - Switched to GUI-1 (Next toggle in 10s
2025-07-15 11:20:08,348 - INFO - Attempting Modbus connection on port /dev/ttyUSB0
2025-07-15 11:20:08,348 - ERROR - Modbus connection failed
2025-07-15 11:20:08,348 - WARNING - Modbus connection failed (Attempt 1/3)
2025-07-15 11:20:09,348 - WARNING - Modbus connection failed (Attempt 2/3)
2025-07-15 11:20:10,349 - WARNING - Modbus connection failed (Attempt 3/3)
2025-07-15 11:20:11,350 - CRITICAL - Critical error in sensor read loop: cannot access local variable 'conn_error' where it is not associated with a value
Traceback (most recent call last):
  File "/home/asif/Desktop/unified_creek_awos/awos.py", line 1034, in sensor_reader_loop
    f"Modbus connection failed after {retries} retries. Last error: {str(conn_error)}",
                                                                         ^^^^^^^^^^
UnboundLocalError: cannot access local variable 'conn_error' where it is not associated with a value

2025-07-15 11:20:14,345 - INFO - CSV write completed at 2025-07-15T11:20:14.345823
2025-07-15 11:20:14,346 - INFO - Switched to GUI-2 (Next toggle in 5s
2025-07-15 11:20:16,350 - INFO - Attempting Modbus connection on port /dev/ttyUSB0
2025-07-15 11:20:16,350 - ERROR - Modbus connection failed
2025-07-15 11:20:16,350 - WARNING - Modbus connection failed (Attempt 1/3)
2025-07-15 11:20:17,351 - WARNING - Modbus connection failed (Attempt 2/3)
2025-07-15 11:20:18,351 - WARNING - Modbus connection failed (Attempt 3/3)
2025-07-15 11:20:19,346 - INFO - Switched to GUI-1 (Next toggle in 10s
2025-07-15 11:20:19,352 - CRITICAL - Critical error in sensor read loop: cannot access local variable 'conn_error' where it is not associated with a value
Traceback (most recent call last):
  File "/home/asif/Desktop/unified_creek_awos/awos.py", line 1034, in sensor_reader_loop
    f"Modbus connection failed after {retries} retries. Last error: {str(conn_error)}",
                                                                         ^^^^^^^^^^
UnboundLocalError: cannot access local variable 'conn_error' where it is not associated with a value

2025-07-15 11:20:24,352 - INFO - Attempting Modbus connection on port /dev/ttyUSB0
2025-07-15 11:20:24,352 - ERROR - Modbus connection failed
2025-07-15 11:20:24,352 - WARNING - Modbus connection failed (Attempt 1/3)
2025-07-15 11:20:25,353 - WARNING - Modbus connection failed (Attempt 2/3)
2025-07-15 11:20:26,353 - WARNING - Modbus connection failed (Attempt 3/3)
2025-07-15 11:20:27,354 - CRITICAL - Critical error in sensor read loop: cannot access local variable 'conn_error' where it is not associated with a value
Traceback (most recent call last):
  File "/home/asif/Desktop/unified_creek_awos/awos.py", line 1034, in sensor_reader_loop
    f"Modbus connection failed after {retries} retries. Last error: {str(conn_error)}",
                                                                         ^^^^^^^^^^
UnboundLocalError: cannot access local variable 'conn_error' where it is not associated with a value

2025-07-15 11:20:29,347 - INFO - Switched to GUI-2 (Next toggle in 5s
2025-07-15 11:20:32,354 - INFO - Attempting Modbus connection on port /dev/ttyUSB0
2025-07-15 11:20:32,354 - ERROR - Modbus connection failed
2025-07-15 11:20:32,355 - WARNING - Modbus connection failed (Attempt 1/3)
2025-07-15 11:20:33,355 - WARNING - Modbus connection failed (Attempt 2/3)
2025-07-15 11:20:34,347 - INFO - Switched to GUI-1 (Next toggle in 10s
2025-07-15 11:20:34,358 - WARNING - Modbus connection failed (Attempt 3/3)
2025-07-15 11:20:35,359 - CRITICAL - Critical error in sensor read loop: cannot access local variable 'conn_error' where it is not associated with a value
Traceback (most recent call last):
  File "/home/asif/Desktop/unified_creek_awos/awos.py", line 1034, in sensor_reader_loop
    f"Modbus connection failed after {retries} retries. Last error: {str(conn_error)}",
                                                                         ^^^^^^^^^^
UnboundLocalError: cannot access local variable 'conn_error' where it is not associated with a value

2025-07-15 11:20:40,359 - INFO - Attempting Modbus connection on port /dev/ttyUSB0
2025-07-15 11:20:40,360 - ERROR - Modbus connection failed
2025-07-15 11:20:40,360 - WARNING - Modbus connection failed (Attempt 1/3)
2025-07-15 11:20:41,361 - WARNING - Modbus connection failed (Attempt 2/3)
2025-07-15 11:20:42,361 - WARNING - Modbus connection failed (Attempt 3/3)
2025-07-15 11:20:43,362 - CRITICAL - Critical error in sensor read loop: cannot access local variable 'conn_error' where it is not associated with a value
Traceback (most recent call last):
  File "/home/asif/Desktop/unified_creek_awos/awos.py", line 1034, in sensor_reader_loop
    f"Modbus connection failed after {retries} retries. Last error: {str(conn_error)}",
                                                                         ^^^^^^^^^^
UnboundLocalError: cannot access local variable 'conn_error' where it is not associated with a value

2025-07-15 11:20:44,348 - INFO - Switched to GUI-2 (Next toggle in 5s
2025-07-15 11:20:44,352 - INFO - CSV write completed at 2025-07-15T11:20:44.352926
2025-07-15 11:20:48,362 - INFO - Attempting Modbus connection on port /dev/ttyUSB0
2025-07-15 11:20:48,362 - ERROR - Modbus connection failed
2025-07-15 11:20:48,362 - WARNING - Modbus connection failed (Attempt 1/3)
2025-07-15 11:20:49,348 - INFO - Switched to GUI-1 (Next toggle in 10s
2025-07-15 11:20:49,363 - WARNING - Modbus connection failed (Attempt 2/3)
2025-07-15 11:20:50,363 - WARNING - Modbus connection failed (Attempt 3/3)
2025-07-15 11:20:51,364 - CRITICAL - Critical error in sensor read loop: cannot access local variable 'conn_error' where it is not associated with a value
Traceback (most recent call last):
  File "/home/asif/Desktop/unified_creek_awos/awos.py", line 1034, in sensor_reader_loop
    f"Modbus connection failed after {retries} retries. Last error: {str(conn_error)}",
                                                                         ^^^^^^^^^^
UnboundLocalError: cannot access local variable 'conn_error' where it is not associated with a value

2025-07-15 11:20:56,364 - INFO - Attempting Modbus connection on port /dev/ttyUSB0
2025-07-15 11:20:56,364 - ERROR - Modbus connection failed
2025-07-15 11:20:56,364 - WARNING - Modbus connection failed (Attempt 1/3)
2025-07-15 11:20:57,365 - WARNING - Modbus connection failed (Attempt 2/3)
2025-07-15 11:20:58,365 - WARNING - Modbus connection failed (Attempt 3/3)
2025-07-15 11:20:59,349 - INFO - Switched to GUI-2 (Next toggle in 5s
2025-07-15 11:20:59,366 - CRITICAL - Critical error in sensor read loop: cannot access local variable 'conn_error' where it is not associated with a value
Traceback (most recent call last):
  File "/home/asif/Desktop/unified_creek_awos/awos.py", line 1034, in sensor_reader_loop
    f"Modbus connection failed after {retries} retries. Last error: {str(conn_error)}",
                                                                         ^^^^^^^^^^
UnboundLocalError: cannot access local variable 'conn_error' where it is not associated with a value

2025-07-15 11:21:04,350 - INFO - Switched to GUI-1 (Next toggle in 10s
2025-07-15 11:21:04,367 - INFO - Attempting Modbus connection on port /dev/ttyUSB0
2025-07-15 11:21:04,367 - ERROR - Modbus connection failed
2025-07-15 11:21:04,368 - WARNING - Modbus connection failed (Attempt 1/3)
2025-07-15 11:21:05,370 - WARNING - Modbus connection failed (Attempt 2/3)
2025-07-15 11:21:06,371 - WARNING - Modbus connection failed (Attempt 3/3)
2025-07-15 11:21:07,372 - CRITICAL - Critical error in sensor read loop: cannot access local variable 'conn_error' where it is not associated with a value
Traceback (most recent call last):
  File "/home/asif/Desktop/unified_creek_awos/awos.py", line 1034, in sensor_reader_loop
    f"Modbus connection failed after {retries} retries. Last error: {str(conn_error)}",
                                                                         ^^^^^^^^^^
UnboundLocalError: cannot access local variable 'conn_error' where it is not associated with a value

2025-07-15 11:21:12,373 - INFO - Attempting Modbus connection on port /dev/ttyUSB0
2025-07-15 11:21:12,373 - ERROR - Modbus connection failed
2025-07-15 11:21:12,373 - WARNING - Modbus connection failed (Attempt 1/3)
2025-07-15 11:21:13,374 - WARNING - Modbus connection failed (Attempt 2/3)
2025-07-15 11:21:14,350 - INFO - Switched to GUI-2 (Next toggle in 5s
2025-07-15 11:21:14,361 - INFO - CSV write completed at 2025-07-15T11:21:14.361604
2025-07-15 11:21:14,374 - WARNING - Modbus connection failed (Attempt 3/3)
2025-07-15 11:21:15,375 - CRITICAL - Critical error in sensor read loop: cannot access local variable 'conn_error' where it is not associated with a value
Traceback (most recent call last):
  File "/home/asif/Desktop/unified_creek_awos/awos.py", line 1034, in sensor_reader_loop
    f"Modbus connection failed after {retries} retries. Last error: {str(conn_error)}",
                                                                         ^^^^^^^^^^
UnboundLocalError: cannot access local variable 'conn_error' where it is not associated with a value

2025-07-15 11:21:19,351 - INFO - Switched to GUI-1 (Next toggle in 10s
2025-07-15 11:21:20,378 - INFO - Attempting Modbus connection on port /dev/ttyUSB0
2025-07-15 11:21:20,379 - ERROR - Modbus connection failed
2025-07-15 11:21:20,379 - WARNING - Modbus connection failed (Attempt 1/3)
2025-07-15 11:21:21,379 - WARNING - Modbus connection failed (Attempt 2/3)
2025-07-15 11:21:22,380 - WARNING - Modbus connection failed (Attempt 3/3)
2025-07-15 11:21:23,381 - CRITICAL - Critical error in sensor read loop: cannot access local variable 'conn_error' where it is not associated with a value
Traceback (most recent call last):
  File "/home/asif/Desktop/unified_creek_awos/awos.py", line 1034, in sensor_reader_loop
    f"Modbus connection failed after {retries} retries. Last error: {str(conn_error)}",
                                                                         ^^^^^^^^^^
UnboundLocalError: cannot access local variable 'conn_error' where it is not associated with a value

2025-07-15 11:22:49,625 - INFO - Starting initialization...
2025-07-15 11:22:57,410 - INFO - Attempting Modbus connection on port /dev/ttyUSB0
2025-07-15 11:22:57,411 - ERROR - Modbus connection failed
2025-07-15 11:22:57,412 - INFO - CSV writer thread started. Output directory: /home/asif/Desktop/unified_creek_awos/csv_data
2025-07-15 11:22:57,412 - WARNING - Modbus connection failed (Attempt 1/3)
2025-07-15 11:22:57,414 - INFO - Switched to GUI-2 (Next toggle in 5s
2025-07-15 11:22:58,413 - WARNING - Modbus connection failed (Attempt 2/3)
2025-07-15 11:22:59,413 - WARNING - Modbus connection failed (Attempt 3/3)
2025-07-15 11:23:00,414 - CRITICAL - Critical error in sensor read loop: cannot access local variable 'conn_error' where it is not associated with a value
Traceback (most recent call last):
  File "/home/asif/Desktop/unified_creek_awos/awos.py", line 1034, in sensor_reader_loop
    f"Modbus connection failed after {retries} retries. Last error: {str(conn_error)}",
                                                                         ^^^^^^^^^^
UnboundLocalError: cannot access local variable 'conn_error' where it is not associated with a value

2025-07-15 11:23:02,414 - INFO - Switched to GUI-1 (Next toggle in 10s
2025-07-15 11:23:05,414 - INFO - Attempting Modbus connection on port /dev/ttyUSB0
2025-07-15 11:23:05,415 - ERROR - Modbus connection failed
2025-07-15 11:23:05,415 - WARNING - Modbus connection failed (Attempt 1/3)
2025-07-15 11:23:06,415 - WARNING - Modbus connection failed (Attempt 2/3)
2025-07-15 11:23:07,416 - WARNING - Modbus connection failed (Attempt 3/3)
2025-07-15 11:23:08,416 - CRITICAL - Critical error in sensor read loop: cannot access local variable 'conn_error' where it is not associated with a value
Traceback (most recent call last):
  File "/home/asif/Desktop/unified_creek_awos/awos.py", line 1034, in sensor_reader_loop
    f"Modbus connection failed after {retries} retries. Last error: {str(conn_error)}",
                                                                         ^^^^^^^^^^
UnboundLocalError: cannot access local variable 'conn_error' where it is not associated with a value

2025-07-15 11:23:12,414 - INFO - Switched to GUI-2 (Next toggle in 5s
2025-07-15 11:23:13,416 - INFO - Attempting Modbus connection on port /dev/ttyUSB0
2025-07-15 11:23:13,417 - ERROR - Modbus connection failed
2025-07-15 11:23:13,417 - WARNING - Modbus connection failed (Attempt 1/3)
2025-07-15 11:23:14,417 - WARNING - Modbus connection failed (Attempt 2/3)
2025-07-15 11:23:14,617 - INFO - Shutting down weather station system
2025-07-15 11:23:15,418 - WARNING - Modbus connection failed (Attempt 3/3)
2025-07-15 11:23:16,418 - CRITICAL - Critical error in sensor read loop: cannot access local variable 'conn_error' where it is not associated with a value
Traceback (most recent call last):
  File "/home/asif/Desktop/unified_creek_awos/awos.py", line 1034, in sensor_reader_loop
    f"Modbus connection failed after {retries} retries. Last error: {str(conn_error)}",
                                                                         ^^^^^^^^^^
UnboundLocalError: cannot access local variable 'conn_error' where it is not associated with a value

2025-07-15 11:23:16,617 - INFO - Cleanup completed, exiting application
2025-07-15 11:54:16,912 - INFO - Starting initialization...
2025-07-15 11:54:24,820 - INFO - Attempting Modbus connection on port /dev/ttyUSB0
2025-07-15 11:54:24,821 - ERROR - Modbus connection failed
2025-07-15 11:54:24,822 - INFO - CSV writer thread started. Output directory: /home/asif/Desktop/unified_creek_awos/csv_data
2025-07-15 11:54:24,822 - WARNING - Modbus connection failed (Attempt 1/3)
2025-07-15 11:54:24,826 - INFO - Switched to GUI-2 (Next toggle in 5s
2025-07-15 11:54:25,823 - WARNING - Modbus connection failed (Attempt 2/3)
2025-07-15 11:54:26,823 - WARNING - Modbus connection failed (Attempt 3/3)
2025-07-15 11:54:27,824 - CRITICAL - Critical error in sensor read loop: cannot access local variable 'conn_error' where it is not associated with a value
Traceback (most recent call last):
  File "/home/asif/Desktop/unified_creek_awos/awos.py", line 1088, in sensor_reader_loop
    f"Modbus connection failed after {retries} retries. Last error: {str(conn_error)}",
                                                                         ^^^^^^^^^^
UnboundLocalError: cannot access local variable 'conn_error' where it is not associated with a value

2025-07-15 11:54:29,832 - INFO - Switched to GUI-1 (Next toggle in 10s
2025-07-15 11:54:32,825 - INFO - Attempting Modbus connection on port /dev/ttyUSB0
2025-07-15 11:54:32,825 - ERROR - Modbus connection failed
2025-07-15 11:54:32,825 - WARNING - Modbus connection failed (Attempt 1/3)
2025-07-15 11:54:33,826 - WARNING - Modbus connection failed (Attempt 2/3)
2025-07-15 11:54:34,826 - WARNING - Modbus connection failed (Attempt 3/3)
2025-07-15 11:54:35,827 - CRITICAL - Critical error in sensor read loop: cannot access local variable 'conn_error' where it is not associated with a value
Traceback (most recent call last):
  File "/home/asif/Desktop/unified_creek_awos/awos.py", line 1088, in sensor_reader_loop
    f"Modbus connection failed after {retries} retries. Last error: {str(conn_error)}",
                                                                         ^^^^^^^^^^
UnboundLocalError: cannot access local variable 'conn_error' where it is not associated with a value

2025-07-15 11:54:39,837 - INFO - Switched to GUI-2 (Next toggle in 5s
2025-07-15 11:54:40,827 - INFO - Attempting Modbus connection on port /dev/ttyUSB0
2025-07-15 11:54:40,827 - ERROR - Modbus connection failed
2025-07-15 11:54:40,827 - WARNING - Modbus connection failed (Attempt 1/3)
2025-07-15 11:54:41,828 - WARNING - Modbus connection failed (Attempt 2/3)
2025-07-15 11:54:42,828 - WARNING - Modbus connection failed (Attempt 3/3)
2025-07-15 11:54:43,829 - CRITICAL - Critical error in sensor read loop: cannot access local variable 'conn_error' where it is not associated with a value
Traceback (most recent call last):
  File "/home/asif/Desktop/unified_creek_awos/awos.py", line 1088, in sensor_reader_loop
    f"Modbus connection failed after {retries} retries. Last error: {str(conn_error)}",
                                                                         ^^^^^^^^^^
UnboundLocalError: cannot access local variable 'conn_error' where it is not associated with a value

2025-07-15 11:54:44,840 - INFO - Switched to GUI-1 (Next toggle in 10s
2025-07-15 11:54:48,829 - INFO - Attempting Modbus connection on port /dev/ttyUSB0
2025-07-15 11:54:48,830 - ERROR - Modbus connection failed
2025-07-15 11:54:48,830 - WARNING - Modbus connection failed (Attempt 1/3)
2025-07-15 11:54:49,830 - WARNING - Modbus connection failed (Attempt 2/3)
2025-07-15 11:54:50,831 - WARNING - Modbus connection failed (Attempt 3/3)
2025-07-15 11:54:51,832 - CRITICAL - Critical error in sensor read loop: cannot access local variable 'conn_error' where it is not associated with a value
Traceback (most recent call last):
  File "/home/asif/Desktop/unified_creek_awos/awos.py", line 1088, in sensor_reader_loop
    f"Modbus connection failed after {retries} retries. Last error: {str(conn_error)}",
                                                                         ^^^^^^^^^^
UnboundLocalError: cannot access local variable 'conn_error' where it is not associated with a value

2025-07-15 11:54:54,828 - INFO - CSV write completed at 2025-07-15T11:54:54.828381
2025-07-15 11:54:54,843 - INFO - Switched to GUI-2 (Next toggle in 5s
2025-07-15 11:54:56,832 - INFO - Attempting Modbus connection on port /dev/ttyUSB0
2025-07-15 11:54:56,833 - ERROR - Modbus connection failed
2025-07-15 11:54:56,834 - WARNING - Modbus connection failed (Attempt 1/3)
2025-07-15 11:54:57,834 - WARNING - Modbus connection failed (Attempt 2/3)
2025-07-15 11:54:58,834 - WARNING - Modbus connection failed (Attempt 3/3)
2025-07-15 11:54:59,835 - CRITICAL - Critical error in sensor read loop: cannot access local variable 'conn_error' where it is not associated with a value
Traceback (most recent call last):
  File "/home/asif/Desktop/unified_creek_awos/awos.py", line 1088, in sensor_reader_loop
    f"Modbus connection failed after {retries} retries. Last error: {str(conn_error)}",
                                                                         ^^^^^^^^^^
UnboundLocalError: cannot access local variable 'conn_error' where it is not associated with a value

2025-07-15 11:54:59,847 - INFO - Switched to GUI-1 (Next toggle in 10s
2025-07-15 11:55:01,354 - INFO - Shutting down weather station system
2025-07-15 11:55:03,355 - INFO - Cleanup completed, exiting application
2025-07-15 11:59:01,529 - INFO - Starting initialization...
2025-07-15 11:59:09,425 - INFO - Attempting Modbus connection on port /dev/ttyUSB0
2025-07-15 11:59:09,425 - ERROR - Modbus connection failed
2025-07-15 11:59:09,426 - INFO - CSV writer thread started. Output directory: /home/asif/Desktop/unified_creek_awos/csv_data
2025-07-15 11:59:09,426 - WARNING - Modbus connection failed (Attempt 1/3)
2025-07-15 11:59:09,431 - INFO - Switched to GUI-2 (Next toggle in 5s
2025-07-15 11:59:10,427 - WARNING - Modbus connection failed (Attempt 2/3)
2025-07-15 11:59:11,427 - WARNING - Modbus connection failed (Attempt 3/3)
2025-07-15 11:59:12,428 - CRITICAL - Critical error in sensor read loop: cannot access local variable 'conn_error' where it is not associated with a value
Traceback (most recent call last):
  File "/home/asif/Desktop/unified_creek_awos/awos.py", line 1088, in sensor_reader_loop
    f"Modbus connection failed after {retries} retries. Last error: {str(conn_error)}",
                                                                         ^^^^^^^^^^
UnboundLocalError: cannot access local variable 'conn_error' where it is not associated with a value

2025-07-15 11:59:14,436 - INFO - Switched to GUI-1 (Next toggle in 10s
2025-07-15 11:59:17,437 - INFO - Attempting Modbus connection on port /dev/ttyUSB0
2025-07-15 11:59:17,437 - ERROR - Modbus connection failed
2025-07-15 11:59:17,437 - WARNING - Modbus connection failed (Attempt 1/3)
2025-07-15 11:59:18,440 - WARNING - Modbus connection failed (Attempt 2/3)
2025-07-15 11:59:19,441 - WARNING - Modbus connection failed (Attempt 3/3)
2025-07-15 11:59:20,441 - CRITICAL - Critical error in sensor read loop: cannot access local variable 'conn_error' where it is not associated with a value
Traceback (most recent call last):
  File "/home/asif/Desktop/unified_creek_awos/awos.py", line 1088, in sensor_reader_loop
    f"Modbus connection failed after {retries} retries. Last error: {str(conn_error)}",
                                                                         ^^^^^^^^^^
UnboundLocalError: cannot access local variable 'conn_error' where it is not associated with a value

2025-07-15 11:59:24,438 - INFO - Switched to GUI-2 (Next toggle in 5s
2025-07-15 11:59:25,443 - INFO - Attempting Modbus connection on port /dev/ttyUSB0
2025-07-15 11:59:25,443 - ERROR - Modbus connection failed
2025-07-15 11:59:25,443 - WARNING - Modbus connection failed (Attempt 1/3)
2025-07-15 11:59:26,444 - WARNING - Modbus connection failed (Attempt 2/3)
2025-07-15 11:59:27,447 - WARNING - Modbus connection failed (Attempt 3/3)
2025-07-15 11:59:28,449 - CRITICAL - Critical error in sensor read loop: cannot access local variable 'conn_error' where it is not associated with a value
Traceback (most recent call last):
  File "/home/asif/Desktop/unified_creek_awos/awos.py", line 1088, in sensor_reader_loop
    f"Modbus connection failed after {retries} retries. Last error: {str(conn_error)}",
                                                                         ^^^^^^^^^^
UnboundLocalError: cannot access local variable 'conn_error' where it is not associated with a value

2025-07-15 11:59:29,438 - INFO - Switched to GUI-1 (Next toggle in 10s
2025-07-15 11:59:33,450 - INFO - Attempting Modbus connection on port /dev/ttyUSB0
2025-07-15 11:59:33,450 - ERROR - Modbus connection failed
2025-07-15 11:59:33,450 - WARNING - Modbus connection failed (Attempt 1/3)
2025-07-15 11:59:34,451 - WARNING - Modbus connection failed (Attempt 2/3)
2025-07-15 11:59:35,451 - WARNING - Modbus connection failed (Attempt 3/3)
2025-07-15 11:59:36,452 - CRITICAL - Critical error in sensor read loop: cannot access local variable 'conn_error' where it is not associated with a value
Traceback (most recent call last):
  File "/home/asif/Desktop/unified_creek_awos/awos.py", line 1088, in sensor_reader_loop
    f"Modbus connection failed after {retries} retries. Last error: {str(conn_error)}",
                                                                         ^^^^^^^^^^
UnboundLocalError: cannot access local variable 'conn_error' where it is not associated with a value

2025-07-15 11:59:39,439 - INFO - Switched to GUI-2 (Next toggle in 5s
2025-07-15 11:59:39,457 - INFO - CSV write completed at 2025-07-15T11:59:39.457465
2025-07-15 11:59:41,452 - INFO - Attempting Modbus connection on port /dev/ttyUSB0
2025-07-15 11:59:41,453 - ERROR - Modbus connection failed
2025-07-15 11:59:41,453 - WARNING - Modbus connection failed (Attempt 1/3)
2025-07-15 11:59:42,453 - WARNING - Modbus connection failed (Attempt 2/3)
2025-07-15 11:59:43,454 - WARNING - Modbus connection failed (Attempt 3/3)
2025-07-15 11:59:44,439 - INFO - Switched to GUI-1 (Next toggle in 10s
2025-07-15 11:59:44,455 - CRITICAL - Critical error in sensor read loop: cannot access local variable 'conn_error' where it is not associated with a value
Traceback (most recent call last):
  File "/home/asif/Desktop/unified_creek_awos/awos.py", line 1088, in sensor_reader_loop
    f"Modbus connection failed after {retries} retries. Last error: {str(conn_error)}",
                                                                         ^^^^^^^^^^
UnboundLocalError: cannot access local variable 'conn_error' where it is not associated with a value

2025-07-15 11:59:49,457 - INFO - Attempting Modbus connection on port /dev/ttyUSB0
2025-07-15 11:59:49,458 - ERROR - Modbus connection failed
2025-07-15 11:59:49,458 - WARNING - Modbus connection failed (Attempt 1/3)
2025-07-15 11:59:50,459 - WARNING - Modbus connection failed (Attempt 2/3)
2025-07-15 11:59:51,460 - WARNING - Modbus connection failed (Attempt 3/3)
2025-07-15 11:59:52,461 - CRITICAL - Critical error in sensor read loop: cannot access local variable 'conn_error' where it is not associated with a value
Traceback (most recent call last):
  File "/home/asif/Desktop/unified_creek_awos/awos.py", line 1088, in sensor_reader_loop
    f"Modbus connection failed after {retries} retries. Last error: {str(conn_error)}",
                                                                         ^^^^^^^^^^
UnboundLocalError: cannot access local variable 'conn_error' where it is not associated with a value

2025-07-15 11:59:54,440 - INFO - Switched to GUI-2 (Next toggle in 5s
2025-07-15 11:59:57,462 - INFO - Attempting Modbus connection on port /dev/ttyUSB0
2025-07-15 11:59:57,462 - ERROR - Modbus connection failed
2025-07-15 11:59:57,462 - WARNING - Modbus connection failed (Attempt 1/3)
2025-07-15 11:59:58,463 - WARNING - Modbus connection failed (Attempt 2/3)
2025-07-15 11:59:59,442 - INFO - Switched to GUI-1 (Next toggle in 10s
2025-07-15 11:59:59,464 - WARNING - Modbus connection failed (Attempt 3/3)
2025-07-15 12:00:00,465 - CRITICAL - Critical error in sensor read loop: cannot access local variable 'conn_error' where it is not associated with a value
Traceback (most recent call last):
  File "/home/asif/Desktop/unified_creek_awos/awos.py", line 1088, in sensor_reader_loop
    f"Modbus connection failed after {retries} retries. Last error: {str(conn_error)}",
                                                                         ^^^^^^^^^^
UnboundLocalError: cannot access local variable 'conn_error' where it is not associated with a value

2025-07-15 12:00:05,466 - INFO - Attempting Modbus connection on port /dev/ttyUSB0
2025-07-15 12:00:05,466 - ERROR - Modbus connection failed
2025-07-15 12:00:05,466 - WARNING - Modbus connection failed (Attempt 1/3)
2025-07-15 12:00:06,467 - WARNING - Modbus connection failed (Attempt 2/3)
2025-07-15 12:00:07,468 - WARNING - Modbus connection failed (Attempt 3/3)
2025-07-15 12:00:08,468 - CRITICAL - Critical error in sensor read loop: cannot access local variable 'conn_error' where it is not associated with a value
Traceback (most recent call last):
  File "/home/asif/Desktop/unified_creek_awos/awos.py", line 1088, in sensor_reader_loop
    f"Modbus connection failed after {retries} retries. Last error: {str(conn_error)}",
                                                                         ^^^^^^^^^^
UnboundLocalError: cannot access local variable 'conn_error' where it is not associated with a value

2025-07-15 12:00:09,442 - INFO - Switched to GUI-2 (Next toggle in 5s
2025-07-15 12:00:09,468 - INFO - CSV write completed at 2025-07-15T12:00:09.468732
2025-07-15 12:00:13,469 - INFO - Attempting Modbus connection on port /dev/ttyUSB0
2025-07-15 12:00:13,469 - ERROR - Modbus connection failed
2025-07-15 12:00:13,469 - WARNING - Modbus connection failed (Attempt 1/3)
2025-07-15 12:00:14,443 - INFO - Switched to GUI-1 (Next toggle in 10s
2025-07-15 12:00:14,470 - WARNING - Modbus connection failed (Attempt 2/3)
2025-07-15 12:00:15,470 - WARNING - Modbus connection failed (Attempt 3/3)
2025-07-15 12:00:16,471 - CRITICAL - Critical error in sensor read loop: cannot access local variable 'conn_error' where it is not associated with a value
Traceback (most recent call last):
  File "/home/asif/Desktop/unified_creek_awos/awos.py", line 1088, in sensor_reader_loop
    f"Modbus connection failed after {retries} retries. Last error: {str(conn_error)}",
                                                                         ^^^^^^^^^^
UnboundLocalError: cannot access local variable 'conn_error' where it is not associated with a value

2025-07-15 12:00:21,471 - INFO - Attempting Modbus connection on port /dev/ttyUSB0
2025-07-15 12:00:21,472 - ERROR - Modbus connection failed
2025-07-15 12:00:21,472 - WARNING - Modbus connection failed (Attempt 1/3)
2025-07-15 12:00:22,472 - WARNING - Modbus connection failed (Attempt 2/3)
2025-07-15 12:00:23,472 - WARNING - Modbus connection failed (Attempt 3/3)
2025-07-15 12:00:24,443 - INFO - Switched to GUI-2 (Next toggle in 5s
2025-07-15 12:00:24,477 - CRITICAL - Critical error in sensor read loop: cannot access local variable 'conn_error' where it is not associated with a value
Traceback (most recent call last):
  File "/home/asif/Desktop/unified_creek_awos/awos.py", line 1088, in sensor_reader_loop
    f"Modbus connection failed after {retries} retries. Last error: {str(conn_error)}",
                                                                         ^^^^^^^^^^
UnboundLocalError: cannot access local variable 'conn_error' where it is not associated with a value

2025-07-15 12:00:29,443 - INFO - Switched to GUI-1 (Next toggle in 10s
2025-07-15 12:00:29,478 - INFO - Attempting Modbus connection on port /dev/ttyUSB0
2025-07-15 12:00:29,480 - ERROR - Modbus connection failed
2025-07-15 12:00:29,480 - WARNING - Modbus connection failed (Attempt 1/3)
2025-07-15 12:00:30,481 - WARNING - Modbus connection failed (Attempt 2/3)
2025-07-15 12:00:31,481 - WARNING - Modbus connection failed (Attempt 3/3)
2025-07-15 12:00:32,482 - CRITICAL - Critical error in sensor read loop: cannot access local variable 'conn_error' where it is not associated with a value
Traceback (most recent call last):
  File "/home/asif/Desktop/unified_creek_awos/awos.py", line 1088, in sensor_reader_loop
    f"Modbus connection failed after {retries} retries. Last error: {str(conn_error)}",
                                                                         ^^^^^^^^^^
UnboundLocalError: cannot access local variable 'conn_error' where it is not associated with a value

2025-07-15 12:00:37,482 - INFO - Attempting Modbus connection on port /dev/ttyUSB0
2025-07-15 12:00:37,482 - ERROR - Modbus connection failed
2025-07-15 12:00:37,482 - WARNING - Modbus connection failed (Attempt 1/3)
2025-07-15 12:00:38,483 - WARNING - Modbus connection failed (Attempt 2/3)
2025-07-15 12:00:39,444 - INFO - Switched to GUI-2 (Next toggle in 5s
2025-07-15 12:00:39,473 - INFO - CSV write completed at 2025-07-15T12:00:39.473664
2025-07-15 12:00:39,484 - WARNING - Modbus connection failed (Attempt 3/3)
2025-07-15 12:00:40,484 - CRITICAL - Critical error in sensor read loop: cannot access local variable 'conn_error' where it is not associated with a value
Traceback (most recent call last):
  File "/home/asif/Desktop/unified_creek_awos/awos.py", line 1088, in sensor_reader_loop
    f"Modbus connection failed after {retries} retries. Last error: {str(conn_error)}",
                                                                         ^^^^^^^^^^
UnboundLocalError: cannot access local variable 'conn_error' where it is not associated with a value

2025-07-15 12:00:44,444 - INFO - Switched to GUI-1 (Next toggle in 10s
2025-07-15 12:00:45,485 - INFO - Attempting Modbus connection on port /dev/ttyUSB0
2025-07-15 12:00:45,485 - ERROR - Modbus connection failed
2025-07-15 12:00:45,485 - WARNING - Modbus connection failed (Attempt 1/3)
2025-07-15 12:00:46,485 - WARNING - Modbus connection failed (Attempt 2/3)
2025-07-15 12:00:47,486 - WARNING - Modbus connection failed (Attempt 3/3)
2025-07-15 12:00:48,486 - CRITICAL - Critical error in sensor read loop: cannot access local variable 'conn_error' where it is not associated with a value
Traceback (most recent call last):
  File "/home/asif/Desktop/unified_creek_awos/awos.py", line 1088, in sensor_reader_loop
    f"Modbus connection failed after {retries} retries. Last error: {str(conn_error)}",
                                                                         ^^^^^^^^^^
UnboundLocalError: cannot access local variable 'conn_error' where it is not associated with a value

2025-07-15 12:00:53,487 - INFO - Attempting Modbus connection on port /dev/ttyUSB0
2025-07-15 12:00:53,487 - ERROR - Modbus connection failed
2025-07-15 12:00:53,487 - WARNING - Modbus connection failed (Attempt 1/3)
2025-07-15 12:00:54,445 - INFO - Switched to GUI-2 (Next toggle in 5s
2025-07-15 12:00:54,487 - WARNING - Modbus connection failed (Attempt 2/3)
2025-07-15 12:00:55,488 - WARNING - Modbus connection failed (Attempt 3/3)
2025-07-15 12:00:56,488 - CRITICAL - Critical error in sensor read loop: cannot access local variable 'conn_error' where it is not associated with a value
Traceback (most recent call last):
  File "/home/asif/Desktop/unified_creek_awos/awos.py", line 1088, in sensor_reader_loop
    f"Modbus connection failed after {retries} retries. Last error: {str(conn_error)}",
                                                                         ^^^^^^^^^^
UnboundLocalError: cannot access local variable 'conn_error' where it is not associated with a value

2025-07-15 12:00:59,445 - INFO - Switched to GUI-1 (Next toggle in 10s
2025-07-15 12:01:01,489 - INFO - Attempting Modbus connection on port /dev/ttyUSB0
2025-07-15 12:01:01,489 - ERROR - Modbus connection failed
2025-07-15 12:01:01,489 - WARNING - Modbus connection failed (Attempt 1/3)
2025-07-15 12:01:02,490 - WARNING - Modbus connection failed (Attempt 2/3)
2025-07-15 12:01:03,490 - WARNING - Modbus connection failed (Attempt 3/3)
2025-07-15 12:01:04,490 - CRITICAL - Critical error in sensor read loop: cannot access local variable 'conn_error' where it is not associated with a value
Traceback (most recent call last):
  File "/home/asif/Desktop/unified_creek_awos/awos.py", line 1088, in sensor_reader_loop
    f"Modbus connection failed after {retries} retries. Last error: {str(conn_error)}",
                                                                         ^^^^^^^^^^
UnboundLocalError: cannot access local variable 'conn_error' where it is not associated with a value

2025-07-15 12:01:09,445 - INFO - Switched to GUI-2 (Next toggle in 5s
2025-07-15 12:01:09,486 - INFO - CSV write completed at 2025-07-15T12:01:09.486087
2025-07-15 12:01:09,491 - INFO - Attempting Modbus connection on port /dev/ttyUSB0
2025-07-15 12:01:09,491 - ERROR - Modbus connection failed
2025-07-15 12:01:09,491 - WARNING - Modbus connection failed (Attempt 1/3)
2025-07-15 12:01:10,492 - WARNING - Modbus connection failed (Attempt 2/3)
2025-07-15 12:01:11,492 - WARNING - Modbus connection failed (Attempt 3/3)
2025-07-15 12:01:12,493 - CRITICAL - Critical error in sensor read loop: cannot access local variable 'conn_error' where it is not associated with a value
Traceback (most recent call last):
  File "/home/asif/Desktop/unified_creek_awos/awos.py", line 1088, in sensor_reader_loop
    f"Modbus connection failed after {retries} retries. Last error: {str(conn_error)}",
                                                                         ^^^^^^^^^^
UnboundLocalError: cannot access local variable 'conn_error' where it is not associated with a value

2025-07-15 12:01:14,446 - INFO - Switched to GUI-1 (Next toggle in 10s
2025-07-15 12:01:17,493 - INFO - Attempting Modbus connection on port /dev/ttyUSB0
2025-07-15 12:01:17,493 - ERROR - Modbus connection failed
2025-07-15 12:01:17,493 - WARNING - Modbus connection failed (Attempt 1/3)
2025-07-15 12:01:18,494 - WARNING - Modbus connection failed (Attempt 2/3)
2025-07-15 12:01:19,494 - WARNING - Modbus connection failed (Attempt 3/3)
2025-07-15 12:01:20,497 - CRITICAL - Critical error in sensor read loop: cannot access local variable 'conn_error' where it is not associated with a value
Traceback (most recent call last):
  File "/home/asif/Desktop/unified_creek_awos/awos.py", line 1088, in sensor_reader_loop
    f"Modbus connection failed after {retries} retries. Last error: {str(conn_error)}",
                                                                         ^^^^^^^^^^
UnboundLocalError: cannot access local variable 'conn_error' where it is not associated with a value

2025-07-15 12:01:24,446 - INFO - Switched to GUI-2 (Next toggle in 5s
2025-07-15 12:01:25,497 - INFO - Attempting Modbus connection on port /dev/ttyUSB0
2025-07-15 12:01:25,497 - ERROR - Modbus connection failed
2025-07-15 12:01:25,497 - WARNING - Modbus connection failed (Attempt 1/3)
2025-07-15 12:01:26,498 - WARNING - Modbus connection failed (Attempt 2/3)
2025-07-15 12:01:27,498 - WARNING - Modbus connection failed (Attempt 3/3)
2025-07-15 12:01:28,498 - CRITICAL - Critical error in sensor read loop: cannot access local variable 'conn_error' where it is not associated with a value
Traceback (most recent call last):
  File "/home/asif/Desktop/unified_creek_awos/awos.py", line 1088, in sensor_reader_loop
    f"Modbus connection failed after {retries} retries. Last error: {str(conn_error)}",
                                                                         ^^^^^^^^^^
UnboundLocalError: cannot access local variable 'conn_error' where it is not associated with a value

2025-07-15 12:01:29,447 - INFO - Switched to GUI-1 (Next toggle in 10s
2025-07-15 12:01:33,499 - INFO - Attempting Modbus connection on port /dev/ttyUSB0
2025-07-15 12:01:33,499 - ERROR - Modbus connection failed
2025-07-15 12:01:33,499 - WARNING - Modbus connection failed (Attempt 1/3)
2025-07-15 12:01:34,499 - WARNING - Modbus connection failed (Attempt 2/3)
2025-07-15 12:01:35,500 - WARNING - Modbus connection failed (Attempt 3/3)
2025-07-15 12:01:36,500 - CRITICAL - Critical error in sensor read loop: cannot access local variable 'conn_error' where it is not associated with a value
Traceback (most recent call last):
  File "/home/asif/Desktop/unified_creek_awos/awos.py", line 1088, in sensor_reader_loop
    f"Modbus connection failed after {retries} retries. Last error: {str(conn_error)}",
                                                                         ^^^^^^^^^^
UnboundLocalError: cannot access local variable 'conn_error' where it is not associated with a value

2025-07-15 12:01:39,447 - INFO - Switched to GUI-2 (Next toggle in 5s
2025-07-15 12:01:39,492 - INFO - CSV write completed at 2025-07-15T12:01:39.491955
2025-07-15 12:01:41,501 - INFO - Attempting Modbus connection on port /dev/ttyUSB0
2025-07-15 12:01:41,501 - ERROR - Modbus connection failed
2025-07-15 12:01:41,501 - WARNING - Modbus connection failed (Attempt 1/3)
2025-07-15 12:01:42,501 - WARNING - Modbus connection failed (Attempt 2/3)
2025-07-15 12:01:43,501 - WARNING - Modbus connection failed (Attempt 3/3)
2025-07-15 12:01:44,447 - INFO - Switched to GUI-1 (Next toggle in 10s
2025-07-15 12:01:44,502 - CRITICAL - Critical error in sensor read loop: cannot access local variable 'conn_error' where it is not associated with a value
Traceback (most recent call last):
  File "/home/asif/Desktop/unified_creek_awos/awos.py", line 1088, in sensor_reader_loop
    f"Modbus connection failed after {retries} retries. Last error: {str(conn_error)}",
                                                                         ^^^^^^^^^^
UnboundLocalError: cannot access local variable 'conn_error' where it is not associated with a value

2025-07-15 12:01:49,503 - INFO - Attempting Modbus connection on port /dev/ttyUSB0
2025-07-15 12:01:49,505 - ERROR - Modbus connection failed
2025-07-15 12:01:49,505 - WARNING - Modbus connection failed (Attempt 1/3)
2025-07-15 12:01:50,505 - WARNING - Modbus connection failed (Attempt 2/3)
2025-07-15 12:01:51,506 - WARNING - Modbus connection failed (Attempt 3/3)
2025-07-15 12:01:52,506 - CRITICAL - Critical error in sensor read loop: cannot access local variable 'conn_error' where it is not associated with a value
Traceback (most recent call last):
  File "/home/asif/Desktop/unified_creek_awos/awos.py", line 1088, in sensor_reader_loop
    f"Modbus connection failed after {retries} retries. Last error: {str(conn_error)}",
                                                                         ^^^^^^^^^^
UnboundLocalError: cannot access local variable 'conn_error' where it is not associated with a value

2025-07-15 12:01:54,447 - INFO - Switched to GUI-2 (Next toggle in 5s
2025-07-15 12:01:57,506 - INFO - Attempting Modbus connection on port /dev/ttyUSB0
2025-07-15 12:01:57,507 - ERROR - Modbus connection failed
2025-07-15 12:01:57,507 - WARNING - Modbus connection failed (Attempt 1/3)
2025-07-15 12:01:58,507 - WARNING - Modbus connection failed (Attempt 2/3)
2025-07-15 12:01:59,448 - INFO - Switched to GUI-1 (Next toggle in 10s
2025-07-15 12:01:59,508 - WARNING - Modbus connection failed (Attempt 3/3)
2025-07-15 12:02:00,508 - CRITICAL - Critical error in sensor read loop: cannot access local variable 'conn_error' where it is not associated with a value
Traceback (most recent call last):
  File "/home/asif/Desktop/unified_creek_awos/awos.py", line 1088, in sensor_reader_loop
    f"Modbus connection failed after {retries} retries. Last error: {str(conn_error)}",
                                                                         ^^^^^^^^^^
UnboundLocalError: cannot access local variable 'conn_error' where it is not associated with a value

2025-07-15 12:02:05,509 - INFO - Attempting Modbus connection on port /dev/ttyUSB0
2025-07-15 12:02:05,509 - ERROR - Modbus connection failed
2025-07-15 12:02:05,509 - WARNING - Modbus connection failed (Attempt 1/3)
2025-07-15 12:02:06,509 - WARNING - Modbus connection failed (Attempt 2/3)
2025-07-15 12:02:07,509 - WARNING - Modbus connection failed (Attempt 3/3)
2025-07-15 12:02:08,510 - CRITICAL - Critical error in sensor read loop: cannot access local variable 'conn_error' where it is not associated with a value
Traceback (most recent call last):
  File "/home/asif/Desktop/unified_creek_awos/awos.py", line 1088, in sensor_reader_loop
    f"Modbus connection failed after {retries} retries. Last error: {str(conn_error)}",
                                                                         ^^^^^^^^^^
UnboundLocalError: cannot access local variable 'conn_error' where it is not associated with a value

2025-07-15 12:02:09,448 - INFO - Switched to GUI-2 (Next toggle in 5s
2025-07-15 12:02:09,495 - INFO - CSV write completed at 2025-07-15T12:02:09.495431
2025-07-15 12:02:13,510 - INFO - Attempting Modbus connection on port /dev/ttyUSB0
2025-07-15 12:02:13,510 - ERROR - Modbus connection failed
2025-07-15 12:02:13,511 - WARNING - Modbus connection failed (Attempt 1/3)
2025-07-15 12:02:14,449 - INFO - Switched to GUI-1 (Next toggle in 10s
2025-07-15 12:02:14,511 - WARNING - Modbus connection failed (Attempt 2/3)
2025-07-15 12:02:15,512 - WARNING - Modbus connection failed (Attempt 3/3)
2025-07-15 12:02:16,512 - CRITICAL - Critical error in sensor read loop: cannot access local variable 'conn_error' where it is not associated with a value
Traceback (most recent call last):
  File "/home/asif/Desktop/unified_creek_awos/awos.py", line 1088, in sensor_reader_loop
    f"Modbus connection failed after {retries} retries. Last error: {str(conn_error)}",
                                                                         ^^^^^^^^^^
UnboundLocalError: cannot access local variable 'conn_error' where it is not associated with a value

2025-07-15 12:02:21,512 - INFO - Attempting Modbus connection on port /dev/ttyUSB0
2025-07-15 12:02:21,513 - ERROR - Modbus connection failed
2025-07-15 12:02:21,513 - WARNING - Modbus connection failed (Attempt 1/3)
2025-07-15 12:02:22,513 - WARNING - Modbus connection failed (Attempt 2/3)
2025-07-15 12:02:23,513 - WARNING - Modbus connection failed (Attempt 3/3)
2025-07-15 12:02:24,449 - INFO - Switched to GUI-2 (Next toggle in 5s
2025-07-15 12:02:24,514 - CRITICAL - Critical error in sensor read loop: cannot access local variable 'conn_error' where it is not associated with a value
Traceback (most recent call last):
  File "/home/asif/Desktop/unified_creek_awos/awos.py", line 1088, in sensor_reader_loop
    f"Modbus connection failed after {retries} retries. Last error: {str(conn_error)}",
                                                                         ^^^^^^^^^^
UnboundLocalError: cannot access local variable 'conn_error' where it is not associated with a value

2025-07-15 12:02:29,449 - INFO - Switched to GUI-1 (Next toggle in 10s
2025-07-15 12:02:29,514 - INFO - Attempting Modbus connection on port /dev/ttyUSB0
2025-07-15 12:02:29,515 - ERROR - Modbus connection failed
2025-07-15 12:02:29,515 - WARNING - Modbus connection failed (Attempt 1/3)
2025-07-15 12:02:30,515 - WARNING - Modbus connection failed (Attempt 2/3)
2025-07-15 12:02:31,515 - WARNING - Modbus connection failed (Attempt 3/3)
2025-07-15 12:02:32,516 - CRITICAL - Critical error in sensor read loop: cannot access local variable 'conn_error' where it is not associated with a value
Traceback (most recent call last):
  File "/home/asif/Desktop/unified_creek_awos/awos.py", line 1088, in sensor_reader_loop
    f"Modbus connection failed after {retries} retries. Last error: {str(conn_error)}",
                                                                         ^^^^^^^^^^
UnboundLocalError: cannot access local variable 'conn_error' where it is not associated with a value

2025-07-15 12:02:37,516 - INFO - Attempting Modbus connection on port /dev/ttyUSB0
2025-07-15 12:02:37,516 - ERROR - Modbus connection failed
2025-07-15 12:02:37,516 - WARNING - Modbus connection failed (Attempt 1/3)
2025-07-15 12:02:38,517 - WARNING - Modbus connection failed (Attempt 2/3)
2025-07-15 12:02:39,452 - INFO - Switched to GUI-2 (Next toggle in 5s
2025-07-15 12:02:39,499 - INFO - CSV write completed at 2025-07-15T12:02:39.499191
2025-07-15 12:02:39,517 - WARNING - Modbus connection failed (Attempt 3/3)
2025-07-15 12:02:40,518 - CRITICAL - Critical error in sensor read loop: cannot access local variable 'conn_error' where it is not associated with a value
Traceback (most recent call last):
  File "/home/asif/Desktop/unified_creek_awos/awos.py", line 1088, in sensor_reader_loop
    f"Modbus connection failed after {retries} retries. Last error: {str(conn_error)}",
                                                                         ^^^^^^^^^^
UnboundLocalError: cannot access local variable 'conn_error' where it is not associated with a value

2025-07-15 12:02:44,452 - INFO - Switched to GUI-1 (Next toggle in 10s
2025-07-15 12:02:45,518 - INFO - Attempting Modbus connection on port /dev/ttyUSB0
2025-07-15 12:02:45,518 - ERROR - Modbus connection failed
2025-07-15 12:02:45,518 - WARNING - Modbus connection failed (Attempt 1/3)
2025-07-15 12:02:46,519 - WARNING - Modbus connection failed (Attempt 2/3)
2025-07-15 12:02:47,519 - WARNING - Modbus connection failed (Attempt 3/3)
2025-07-15 12:02:48,520 - CRITICAL - Critical error in sensor read loop: cannot access local variable 'conn_error' where it is not associated with a value
Traceback (most recent call last):
  File "/home/asif/Desktop/unified_creek_awos/awos.py", line 1088, in sensor_reader_loop
    f"Modbus connection failed after {retries} retries. Last error: {str(conn_error)}",
                                                                         ^^^^^^^^^^
UnboundLocalError: cannot access local variable 'conn_error' where it is not associated with a value

2025-07-15 12:02:53,520 - INFO - Attempting Modbus connection on port /dev/ttyUSB0
2025-07-15 12:02:53,520 - ERROR - Modbus connection failed
2025-07-15 12:02:53,520 - WARNING - Modbus connection failed (Attempt 1/3)
2025-07-15 12:02:54,453 - INFO - Switched to GUI-2 (Next toggle in 5s
2025-07-15 12:02:54,521 - WARNING - Modbus connection failed (Attempt 2/3)
2025-07-15 12:02:55,521 - WARNING - Modbus connection failed (Attempt 3/3)
2025-07-15 12:02:56,522 - CRITICAL - Critical error in sensor read loop: cannot access local variable 'conn_error' where it is not associated with a value
Traceback (most recent call last):
  File "/home/asif/Desktop/unified_creek_awos/awos.py", line 1088, in sensor_reader_loop
    f"Modbus connection failed after {retries} retries. Last error: {str(conn_error)}",
                                                                         ^^^^^^^^^^
UnboundLocalError: cannot access local variable 'conn_error' where it is not associated with a value

2025-07-15 12:02:59,453 - INFO - Switched to GUI-1 (Next toggle in 10s
2025-07-15 12:03:01,522 - INFO - Attempting Modbus connection on port /dev/ttyUSB0
2025-07-15 12:03:01,522 - ERROR - Modbus connection failed
2025-07-15 12:03:01,522 - WARNING - Modbus connection failed (Attempt 1/3)
2025-07-15 12:03:02,523 - WARNING - Modbus connection failed (Attempt 2/3)
2025-07-15 12:03:03,523 - WARNING - Modbus connection failed (Attempt 3/3)
2025-07-15 12:03:04,523 - CRITICAL - Critical error in sensor read loop: cannot access local variable 'conn_error' where it is not associated with a value
Traceback (most recent call last):
  File "/home/asif/Desktop/unified_creek_awos/awos.py", line 1088, in sensor_reader_loop
    f"Modbus connection failed after {retries} retries. Last error: {str(conn_error)}",
                                                                         ^^^^^^^^^^
UnboundLocalError: cannot access local variable 'conn_error' where it is not associated with a value

2025-07-15 12:03:09,454 - INFO - Switched to GUI-2 (Next toggle in 5s
2025-07-15 12:03:09,503 - INFO - CSV write completed at 2025-07-15T12:03:09.503795
2025-07-15 12:03:09,526 - INFO - Attempting Modbus connection on port /dev/ttyUSB0
2025-07-15 12:03:09,526 - ERROR - Modbus connection failed
2025-07-15 12:03:09,528 - WARNING - Modbus connection failed (Attempt 1/3)
2025-07-15 12:03:10,529 - WARNING - Modbus connection failed (Attempt 2/3)
2025-07-15 12:03:11,529 - WARNING - Modbus connection failed (Attempt 3/3)
2025-07-15 12:03:12,530 - CRITICAL - Critical error in sensor read loop: cannot access local variable 'conn_error' where it is not associated with a value
Traceback (most recent call last):
  File "/home/asif/Desktop/unified_creek_awos/awos.py", line 1088, in sensor_reader_loop
    f"Modbus connection failed after {retries} retries. Last error: {str(conn_error)}",
                                                                         ^^^^^^^^^^
UnboundLocalError: cannot access local variable 'conn_error' where it is not associated with a value

2025-07-15 12:03:14,454 - INFO - Switched to GUI-1 (Next toggle in 10s
2025-07-15 12:03:17,530 - INFO - Attempting Modbus connection on port /dev/ttyUSB0
2025-07-15 12:03:17,530 - ERROR - Modbus connection failed
2025-07-15 12:03:17,530 - WARNING - Modbus connection failed (Attempt 1/3)
2025-07-15 12:03:18,530 - WARNING - Modbus connection failed (Attempt 2/3)
2025-07-15 12:03:19,531 - WARNING - Modbus connection failed (Attempt 3/3)
2025-07-15 12:03:20,531 - CRITICAL - Critical error in sensor read loop: cannot access local variable 'conn_error' where it is not associated with a value
Traceback (most recent call last):
  File "/home/asif/Desktop/unified_creek_awos/awos.py", line 1088, in sensor_reader_loop
    f"Modbus connection failed after {retries} retries. Last error: {str(conn_error)}",
                                                                         ^^^^^^^^^^
UnboundLocalError: cannot access local variable 'conn_error' where it is not associated with a value

2025-07-15 12:03:24,454 - INFO - Switched to GUI-2 (Next toggle in 5s
2025-07-15 12:03:25,532 - INFO - Attempting Modbus connection on port /dev/ttyUSB0
2025-07-15 12:03:25,532 - ERROR - Modbus connection failed
2025-07-15 12:03:25,532 - WARNING - Modbus connection failed (Attempt 1/3)
2025-07-15 12:03:26,532 - WARNING - Modbus connection failed (Attempt 2/3)
2025-07-15 12:03:27,533 - WARNING - Modbus connection failed (Attempt 3/3)
2025-07-15 12:03:28,533 - CRITICAL - Critical error in sensor read loop: cannot access local variable 'conn_error' where it is not associated with a value
Traceback (most recent call last):
  File "/home/asif/Desktop/unified_creek_awos/awos.py", line 1088, in sensor_reader_loop
    f"Modbus connection failed after {retries} retries. Last error: {str(conn_error)}",
                                                                         ^^^^^^^^^^
UnboundLocalError: cannot access local variable 'conn_error' where it is not associated with a value

2025-07-15 12:03:29,455 - INFO - Switched to GUI-1 (Next toggle in 10s
2025-07-15 12:03:33,533 - INFO - Attempting Modbus connection on port /dev/ttyUSB0
2025-07-15 12:03:33,534 - ERROR - Modbus connection failed
2025-07-15 12:03:33,534 - WARNING - Modbus connection failed (Attempt 1/3)
2025-07-15 12:03:34,534 - WARNING - Modbus connection failed (Attempt 2/3)
2025-07-15 12:03:35,534 - WARNING - Modbus connection failed (Attempt 3/3)
2025-07-15 12:03:36,535 - CRITICAL - Critical error in sensor read loop: cannot access local variable 'conn_error' where it is not associated with a value
Traceback (most recent call last):
  File "/home/asif/Desktop/unified_creek_awos/awos.py", line 1088, in sensor_reader_loop
    f"Modbus connection failed after {retries} retries. Last error: {str(conn_error)}",
                                                                         ^^^^^^^^^^
UnboundLocalError: cannot access local variable 'conn_error' where it is not associated with a value

2025-07-15 12:03:39,455 - INFO - Switched to GUI-2 (Next toggle in 5s
2025-07-15 12:03:39,508 - INFO - CSV write completed at 2025-07-15T12:03:39.508163
2025-07-15 12:03:41,535 - INFO - Attempting Modbus connection on port /dev/ttyUSB0
2025-07-15 12:03:41,535 - ERROR - Modbus connection failed
2025-07-15 12:03:41,536 - WARNING - Modbus connection failed (Attempt 1/3)
2025-07-15 12:03:42,536 - WARNING - Modbus connection failed (Attempt 2/3)
2025-07-15 12:03:43,536 - WARNING - Modbus connection failed (Attempt 3/3)
2025-07-15 12:03:44,455 - INFO - Switched to GUI-1 (Next toggle in 10s
2025-07-15 12:03:44,537 - CRITICAL - Critical error in sensor read loop: cannot access local variable 'conn_error' where it is not associated with a value
Traceback (most recent call last):
  File "/home/asif/Desktop/unified_creek_awos/awos.py", line 1088, in sensor_reader_loop
    f"Modbus connection failed after {retries} retries. Last error: {str(conn_error)}",
                                                                         ^^^^^^^^^^
UnboundLocalError: cannot access local variable 'conn_error' where it is not associated with a value

2025-07-15 12:03:49,537 - INFO - Attempting Modbus connection on port /dev/ttyUSB0
2025-07-15 12:03:49,538 - ERROR - Modbus connection failed
2025-07-15 12:03:49,538 - WARNING - Modbus connection failed (Attempt 1/3)
2025-07-15 12:03:50,538 - WARNING - Modbus connection failed (Attempt 2/3)
2025-07-15 12:03:51,538 - WARNING - Modbus connection failed (Attempt 3/3)
2025-07-15 12:03:52,539 - CRITICAL - Critical error in sensor read loop: cannot access local variable 'conn_error' where it is not associated with a value
Traceback (most recent call last):
  File "/home/asif/Desktop/unified_creek_awos/awos.py", line 1088, in sensor_reader_loop
    f"Modbus connection failed after {retries} retries. Last error: {str(conn_error)}",
                                                                         ^^^^^^^^^^
UnboundLocalError: cannot access local variable 'conn_error' where it is not associated with a value

2025-07-15 12:03:54,456 - INFO - Switched to GUI-2 (Next toggle in 5s
2025-07-15 12:03:57,539 - INFO - Attempting Modbus connection on port /dev/ttyUSB0
2025-07-15 12:03:57,539 - ERROR - Modbus connection failed
2025-07-15 12:03:57,539 - WARNING - Modbus connection failed (Attempt 1/3)
2025-07-15 12:03:58,540 - WARNING - Modbus connection failed (Attempt 2/3)
2025-07-15 12:03:59,456 - INFO - Switched to GUI-1 (Next toggle in 10s
2025-07-15 12:03:59,540 - WARNING - Modbus connection failed (Attempt 3/3)
2025-07-15 12:04:00,541 - CRITICAL - Critical error in sensor read loop: cannot access local variable 'conn_error' where it is not associated with a value
Traceback (most recent call last):
  File "/home/asif/Desktop/unified_creek_awos/awos.py", line 1088, in sensor_reader_loop
    f"Modbus connection failed after {retries} retries. Last error: {str(conn_error)}",
                                                                         ^^^^^^^^^^
UnboundLocalError: cannot access local variable 'conn_error' where it is not associated with a value

2025-07-15 12:04:05,541 - INFO - Attempting Modbus connection on port /dev/ttyUSB0
2025-07-15 12:04:05,541 - ERROR - Modbus connection failed
2025-07-15 12:04:05,541 - WARNING - Modbus connection failed (Attempt 1/3)
2025-07-15 12:04:06,541 - WARNING - Modbus connection failed (Attempt 2/3)
2025-07-15 12:04:07,545 - WARNING - Modbus connection failed (Attempt 3/3)
2025-07-15 12:04:08,545 - CRITICAL - Critical error in sensor read loop: cannot access local variable 'conn_error' where it is not associated with a value
Traceback (most recent call last):
  File "/home/asif/Desktop/unified_creek_awos/awos.py", line 1088, in sensor_reader_loop
    f"Modbus connection failed after {retries} retries. Last error: {str(conn_error)}",
                                                                         ^^^^^^^^^^
UnboundLocalError: cannot access local variable 'conn_error' where it is not associated with a value

2025-07-15 12:04:09,456 - INFO - Switched to GUI-2 (Next toggle in 5s
2025-07-15 12:04:09,511 - INFO - CSV write completed at 2025-07-15T12:04:09.511267
2025-07-15 12:04:13,546 - INFO - Attempting Modbus connection on port /dev/ttyUSB0
2025-07-15 12:04:13,546 - ERROR - Modbus connection failed
2025-07-15 12:04:13,546 - WARNING - Modbus connection failed (Attempt 1/3)
2025-07-15 12:04:14,457 - INFO - Switched to GUI-1 (Next toggle in 10s
2025-07-15 12:04:14,547 - WARNING - Modbus connection failed (Attempt 2/3)
2025-07-15 12:04:15,547 - WARNING - Modbus connection failed (Attempt 3/3)
2025-07-15 12:04:16,547 - CRITICAL - Critical error in sensor read loop: cannot access local variable 'conn_error' where it is not associated with a value
Traceback (most recent call last):
  File "/home/asif/Desktop/unified_creek_awos/awos.py", line 1088, in sensor_reader_loop
    f"Modbus connection failed after {retries} retries. Last error: {str(conn_error)}",
                                                                         ^^^^^^^^^^
UnboundLocalError: cannot access local variable 'conn_error' where it is not associated with a value

2025-07-15 12:04:21,548 - INFO - Attempting Modbus connection on port /dev/ttyUSB0
2025-07-15 12:04:21,548 - ERROR - Modbus connection failed
2025-07-15 12:04:21,548 - WARNING - Modbus connection failed (Attempt 1/3)
2025-07-15 12:04:22,548 - WARNING - Modbus connection failed (Attempt 2/3)
2025-07-15 12:04:23,549 - WARNING - Modbus connection failed (Attempt 3/3)
2025-07-15 12:04:24,457 - INFO - Switched to GUI-2 (Next toggle in 5s
2025-07-15 12:04:24,549 - CRITICAL - Critical error in sensor read loop: cannot access local variable 'conn_error' where it is not associated with a value
Traceback (most recent call last):
  File "/home/asif/Desktop/unified_creek_awos/awos.py", line 1088, in sensor_reader_loop
    f"Modbus connection failed after {retries} retries. Last error: {str(conn_error)}",
                                                                         ^^^^^^^^^^
UnboundLocalError: cannot access local variable 'conn_error' where it is not associated with a value

2025-07-15 12:04:29,457 - INFO - Switched to GUI-1 (Next toggle in 10s
2025-07-15 12:04:29,550 - INFO - Attempting Modbus connection on port /dev/ttyUSB0
2025-07-15 12:04:29,550 - ERROR - Modbus connection failed
2025-07-15 12:04:29,550 - WARNING - Modbus connection failed (Attempt 1/3)
2025-07-15 12:04:30,551 - WARNING - Modbus connection failed (Attempt 2/3)
2025-07-15 12:04:31,551 - WARNING - Modbus connection failed (Attempt 3/3)
2025-07-15 12:04:32,551 - CRITICAL - Critical error in sensor read loop: cannot access local variable 'conn_error' where it is not associated with a value
Traceback (most recent call last):
  File "/home/asif/Desktop/unified_creek_awos/awos.py", line 1088, in sensor_reader_loop
    f"Modbus connection failed after {retries} retries. Last error: {str(conn_error)}",
                                                                         ^^^^^^^^^^
UnboundLocalError: cannot access local variable 'conn_error' where it is not associated with a value

2025-07-15 12:04:37,552 - INFO - Attempting Modbus connection on port /dev/ttyUSB0
2025-07-15 12:04:37,552 - ERROR - Modbus connection failed
2025-07-15 12:04:37,552 - WARNING - Modbus connection failed (Attempt 1/3)
2025-07-15 12:04:38,552 - WARNING - Modbus connection failed (Attempt 2/3)
2025-07-15 12:04:39,458 - INFO - Switched to GUI-2 (Next toggle in 5s
2025-07-15 12:04:39,517 - INFO - CSV write completed at 2025-07-15T12:04:39.517040
2025-07-15 12:04:39,553 - WARNING - Modbus connection failed (Attempt 3/3)
2025-07-15 12:04:40,553 - CRITICAL - Critical error in sensor read loop: cannot access local variable 'conn_error' where it is not associated with a value
Traceback (most recent call last):
  File "/home/asif/Desktop/unified_creek_awos/awos.py", line 1088, in sensor_reader_loop
    f"Modbus connection failed after {retries} retries. Last error: {str(conn_error)}",
                                                                         ^^^^^^^^^^
UnboundLocalError: cannot access local variable 'conn_error' where it is not associated with a value

2025-07-15 12:04:44,458 - INFO - Switched to GUI-1 (Next toggle in 10s
2025-07-15 12:04:45,553 - INFO - Attempting Modbus connection on port /dev/ttyUSB0
2025-07-15 12:04:45,554 - ERROR - Modbus connection failed
2025-07-15 12:04:45,554 - WARNING - Modbus connection failed (Attempt 1/3)
2025-07-15 12:04:46,554 - WARNING - Modbus connection failed (Attempt 2/3)
2025-07-15 12:04:47,555 - WARNING - Modbus connection failed (Attempt 3/3)
2025-07-15 12:04:48,555 - CRITICAL - Critical error in sensor read loop: cannot access local variable 'conn_error' where it is not associated with a value
Traceback (most recent call last):
  File "/home/asif/Desktop/unified_creek_awos/awos.py", line 1088, in sensor_reader_loop
    f"Modbus connection failed after {retries} retries. Last error: {str(conn_error)}",
                                                                         ^^^^^^^^^^
UnboundLocalError: cannot access local variable 'conn_error' where it is not associated with a value

2025-07-15 12:04:53,555 - INFO - Attempting Modbus connection on port /dev/ttyUSB0
2025-07-15 12:04:53,556 - ERROR - Modbus connection failed
2025-07-15 12:04:53,556 - WARNING - Modbus connection failed (Attempt 1/3)
2025-07-15 12:04:54,458 - INFO - Switched to GUI-2 (Next toggle in 5s
2025-07-15 12:04:54,556 - WARNING - Modbus connection failed (Attempt 2/3)
2025-07-15 12:04:55,557 - WARNING - Modbus connection failed (Attempt 3/3)
2025-07-15 12:04:56,557 - CRITICAL - Critical error in sensor read loop: cannot access local variable 'conn_error' where it is not associated with a value
Traceback (most recent call last):
  File "/home/asif/Desktop/unified_creek_awos/awos.py", line 1088, in sensor_reader_loop
    f"Modbus connection failed after {retries} retries. Last error: {str(conn_error)}",
                                                                         ^^^^^^^^^^
UnboundLocalError: cannot access local variable 'conn_error' where it is not associated with a value

2025-07-15 12:04:59,459 - INFO - Switched to GUI-1 (Next toggle in 10s
2025-07-15 12:05:01,557 - INFO - Attempting Modbus connection on port /dev/ttyUSB0
2025-07-15 12:05:01,558 - ERROR - Modbus connection failed
2025-07-15 12:05:01,558 - WARNING - Modbus connection failed (Attempt 1/3)
2025-07-15 12:05:02,558 - WARNING - Modbus connection failed (Attempt 2/3)
2025-07-15 12:05:03,558 - WARNING - Modbus connection failed (Attempt 3/3)
2025-07-15 12:05:04,559 - CRITICAL - Critical error in sensor read loop: cannot access local variable 'conn_error' where it is not associated with a value
Traceback (most recent call last):
  File "/home/asif/Desktop/unified_creek_awos/awos.py", line 1088, in sensor_reader_loop
    f"Modbus connection failed after {retries} retries. Last error: {str(conn_error)}",
                                                                         ^^^^^^^^^^
UnboundLocalError: cannot access local variable 'conn_error' where it is not associated with a value

2025-07-15 12:05:09,459 - INFO - Switched to GUI-2 (Next toggle in 5s
2025-07-15 12:05:09,520 - INFO - CSV write completed at 2025-07-15T12:05:09.520634
2025-07-15 12:05:09,559 - INFO - Attempting Modbus connection on port /dev/ttyUSB0
2025-07-15 12:05:09,559 - ERROR - Modbus connection failed
2025-07-15 12:05:09,559 - WARNING - Modbus connection failed (Attempt 1/3)
2025-07-15 12:05:10,559 - WARNING - Modbus connection failed (Attempt 2/3)
2025-07-15 12:05:11,560 - WARNING - Modbus connection failed (Attempt 3/3)
2025-07-15 12:05:12,563 - CRITICAL - Critical error in sensor read loop: cannot access local variable 'conn_error' where it is not associated with a value
Traceback (most recent call last):
  File "/home/asif/Desktop/unified_creek_awos/awos.py", line 1088, in sensor_reader_loop
    f"Modbus connection failed after {retries} retries. Last error: {str(conn_error)}",
                                                                         ^^^^^^^^^^
UnboundLocalError: cannot access local variable 'conn_error' where it is not associated with a value

2025-07-15 12:05:14,460 - INFO - Switched to GUI-1 (Next toggle in 10s
2025-07-15 12:05:17,563 - INFO - Attempting Modbus connection on port /dev/ttyUSB0
2025-07-15 12:05:17,563 - ERROR - Modbus connection failed
2025-07-15 12:05:17,563 - WARNING - Modbus connection failed (Attempt 1/3)
2025-07-15 12:05:18,564 - WARNING - Modbus connection failed (Attempt 2/3)
2025-07-15 12:05:19,564 - WARNING - Modbus connection failed (Attempt 3/3)
2025-07-15 12:05:20,565 - CRITICAL - Critical error in sensor read loop: cannot access local variable 'conn_error' where it is not associated with a value
Traceback (most recent call last):
  File "/home/asif/Desktop/unified_creek_awos/awos.py", line 1088, in sensor_reader_loop
    f"Modbus connection failed after {retries} retries. Last error: {str(conn_error)}",
                                                                         ^^^^^^^^^^
UnboundLocalError: cannot access local variable 'conn_error' where it is not associated with a value

2025-07-15 12:05:24,460 - INFO - Switched to GUI-2 (Next toggle in 5s
2025-07-15 12:05:25,565 - INFO - Attempting Modbus connection on port /dev/ttyUSB0
2025-07-15 12:05:25,565 - ERROR - Modbus connection failed
2025-07-15 12:05:25,565 - WARNING - Modbus connection failed (Attempt 1/3)
2025-07-15 12:05:26,565 - WARNING - Modbus connection failed (Attempt 2/3)
2025-07-15 12:05:27,566 - WARNING - Modbus connection failed (Attempt 3/3)
2025-07-15 12:05:28,566 - CRITICAL - Critical error in sensor read loop: cannot access local variable 'conn_error' where it is not associated with a value
Traceback (most recent call last):
  File "/home/asif/Desktop/unified_creek_awos/awos.py", line 1088, in sensor_reader_loop
    f"Modbus connection failed after {retries} retries. Last error: {str(conn_error)}",
                                                                         ^^^^^^^^^^
UnboundLocalError: cannot access local variable 'conn_error' where it is not associated with a value

2025-07-15 12:05:29,460 - INFO - Switched to GUI-1 (Next toggle in 10s
2025-07-15 12:05:33,566 - INFO - Attempting Modbus connection on port /dev/ttyUSB0
2025-07-15 12:05:33,567 - ERROR - Modbus connection failed
2025-07-15 12:05:33,567 - WARNING - Modbus connection failed (Attempt 1/3)
2025-07-15 12:05:34,567 - WARNING - Modbus connection failed (Attempt 2/3)
2025-07-15 12:05:35,567 - WARNING - Modbus connection failed (Attempt 3/3)
2025-07-15 12:05:36,568 - CRITICAL - Critical error in sensor read loop: cannot access local variable 'conn_error' where it is not associated with a value
Traceback (most recent call last):
  File "/home/asif/Desktop/unified_creek_awos/awos.py", line 1088, in sensor_reader_loop
    f"Modbus connection failed after {retries} retries. Last error: {str(conn_error)}",
                                                                         ^^^^^^^^^^
UnboundLocalError: cannot access local variable 'conn_error' where it is not associated with a value

2025-07-15 12:05:39,461 - INFO - Switched to GUI-2 (Next toggle in 5s
2025-07-15 12:05:39,527 - INFO - CSV write completed at 2025-07-15T12:05:39.527565
2025-07-15 12:05:41,568 - INFO - Attempting Modbus connection on port /dev/ttyUSB0
2025-07-15 12:05:41,568 - ERROR - Modbus connection failed
2025-07-15 12:05:41,568 - WARNING - Modbus connection failed (Attempt 1/3)
2025-07-15 12:05:42,569 - WARNING - Modbus connection failed (Attempt 2/3)
2025-07-15 12:05:43,569 - WARNING - Modbus connection failed (Attempt 3/3)
2025-07-15 12:05:44,461 - INFO - Switched to GUI-1 (Next toggle in 10s
2025-07-15 12:05:44,570 - CRITICAL - Critical error in sensor read loop: cannot access local variable 'conn_error' where it is not associated with a value
Traceback (most recent call last):
  File "/home/asif/Desktop/unified_creek_awos/awos.py", line 1088, in sensor_reader_loop
    f"Modbus connection failed after {retries} retries. Last error: {str(conn_error)}",
                                                                         ^^^^^^^^^^
UnboundLocalError: cannot access local variable 'conn_error' where it is not associated with a value

2025-07-15 12:05:49,570 - INFO - Attempting Modbus connection on port /dev/ttyUSB0
2025-07-15 12:05:49,570 - ERROR - Modbus connection failed
2025-07-15 12:05:49,570 - WARNING - Modbus connection failed (Attempt 1/3)
2025-07-15 12:05:50,570 - WARNING - Modbus connection failed (Attempt 2/3)
2025-07-15 12:05:51,571 - WARNING - Modbus connection failed (Attempt 3/3)
2025-07-15 12:05:52,571 - CRITICAL - Critical error in sensor read loop: cannot access local variable 'conn_error' where it is not associated with a value
Traceback (most recent call last):
  File "/home/asif/Desktop/unified_creek_awos/awos.py", line 1088, in sensor_reader_loop
    f"Modbus connection failed after {retries} retries. Last error: {str(conn_error)}",
                                                                         ^^^^^^^^^^
UnboundLocalError: cannot access local variable 'conn_error' where it is not associated with a value

2025-07-15 12:05:54,464 - INFO - Switched to GUI-2 (Next toggle in 5s
2025-07-15 12:05:57,571 - INFO - Attempting Modbus connection on port /dev/ttyUSB0
2025-07-15 12:05:57,572 - ERROR - Modbus connection failed
2025-07-15 12:05:57,572 - WARNING - Modbus connection failed (Attempt 1/3)
2025-07-15 12:05:58,572 - WARNING - Modbus connection failed (Attempt 2/3)
2025-07-15 12:05:59,465 - INFO - Switched to GUI-1 (Next toggle in 10s
2025-07-15 12:05:59,576 - WARNING - Modbus connection failed (Attempt 3/3)
2025-07-15 12:06:00,577 - CRITICAL - Critical error in sensor read loop: cannot access local variable 'conn_error' where it is not associated with a value
Traceback (most recent call last):
  File "/home/asif/Desktop/unified_creek_awos/awos.py", line 1088, in sensor_reader_loop
    f"Modbus connection failed after {retries} retries. Last error: {str(conn_error)}",
                                                                         ^^^^^^^^^^
UnboundLocalError: cannot access local variable 'conn_error' where it is not associated with a value

2025-07-15 12:06:05,577 - INFO - Attempting Modbus connection on port /dev/ttyUSB0
2025-07-15 12:06:05,577 - ERROR - Modbus connection failed
2025-07-15 12:06:05,577 - WARNING - Modbus connection failed (Attempt 1/3)
2025-07-15 12:06:06,578 - WARNING - Modbus connection failed (Attempt 2/3)
2025-07-15 12:06:07,578 - WARNING - Modbus connection failed (Attempt 3/3)
2025-07-15 12:06:08,578 - CRITICAL - Critical error in sensor read loop: cannot access local variable 'conn_error' where it is not associated with a value
Traceback (most recent call last):
  File "/home/asif/Desktop/unified_creek_awos/awos.py", line 1088, in sensor_reader_loop
    f"Modbus connection failed after {retries} retries. Last error: {str(conn_error)}",
                                                                         ^^^^^^^^^^
UnboundLocalError: cannot access local variable 'conn_error' where it is not associated with a value

2025-07-15 12:06:09,465 - INFO - Switched to GUI-2 (Next toggle in 5s
2025-07-15 12:06:09,535 - INFO - CSV write completed at 2025-07-15T12:06:09.535131
2025-07-15 12:06:13,579 - INFO - Attempting Modbus connection on port /dev/ttyUSB0
2025-07-15 12:06:13,579 - ERROR - Modbus connection failed
2025-07-15 12:06:13,579 - WARNING - Modbus connection failed (Attempt 1/3)
2025-07-15 12:06:14,465 - INFO - Switched to GUI-1 (Next toggle in 10s
2025-07-15 12:06:14,579 - WARNING - Modbus connection failed (Attempt 2/3)
2025-07-15 12:06:15,580 - WARNING - Modbus connection failed (Attempt 3/3)
2025-07-15 12:06:16,580 - CRITICAL - Critical error in sensor read loop: cannot access local variable 'conn_error' where it is not associated with a value
Traceback (most recent call last):
  File "/home/asif/Desktop/unified_creek_awos/awos.py", line 1088, in sensor_reader_loop
    f"Modbus connection failed after {retries} retries. Last error: {str(conn_error)}",
                                                                         ^^^^^^^^^^
UnboundLocalError: cannot access local variable 'conn_error' where it is not associated with a value

2025-07-15 12:06:21,581 - INFO - Attempting Modbus connection on port /dev/ttyUSB0
2025-07-15 12:06:21,581 - ERROR - Modbus connection failed
2025-07-15 12:06:21,581 - WARNING - Modbus connection failed (Attempt 1/3)
2025-07-15 12:06:22,581 - WARNING - Modbus connection failed (Attempt 2/3)
2025-07-15 12:06:23,582 - WARNING - Modbus connection failed (Attempt 3/3)
2025-07-15 12:06:24,466 - INFO - Switched to GUI-2 (Next toggle in 5s
2025-07-15 12:06:24,582 - CRITICAL - Critical error in sensor read loop: cannot access local variable 'conn_error' where it is not associated with a value
Traceback (most recent call last):
  File "/home/asif/Desktop/unified_creek_awos/awos.py", line 1088, in sensor_reader_loop
    f"Modbus connection failed after {retries} retries. Last error: {str(conn_error)}",
                                                                         ^^^^^^^^^^
UnboundLocalError: cannot access local variable 'conn_error' where it is not associated with a value

2025-07-15 12:06:29,466 - INFO - Switched to GUI-1 (Next toggle in 10s
2025-07-15 12:06:29,582 - INFO - Attempting Modbus connection on port /dev/ttyUSB0
2025-07-15 12:06:29,582 - ERROR - Modbus connection failed
2025-07-15 12:06:29,583 - WARNING - Modbus connection failed (Attempt 1/3)
2025-07-15 12:06:30,583 - WARNING - Modbus connection failed (Attempt 2/3)
2025-07-15 12:06:31,583 - WARNING - Modbus connection failed (Attempt 3/3)
2025-07-15 12:06:32,584 - CRITICAL - Critical error in sensor read loop: cannot access local variable 'conn_error' where it is not associated with a value
Traceback (most recent call last):
  File "/home/asif/Desktop/unified_creek_awos/awos.py", line 1088, in sensor_reader_loop
    f"Modbus connection failed after {retries} retries. Last error: {str(conn_error)}",
                                                                         ^^^^^^^^^^
UnboundLocalError: cannot access local variable 'conn_error' where it is not associated with a value

2025-07-15 12:06:37,584 - INFO - Attempting Modbus connection on port /dev/ttyUSB0
2025-07-15 12:06:37,584 - ERROR - Modbus connection failed
2025-07-15 12:06:37,584 - WARNING - Modbus connection failed (Attempt 1/3)
2025-07-15 12:06:38,585 - WARNING - Modbus connection failed (Attempt 2/3)
2025-07-15 12:06:39,466 - INFO - Switched to GUI-2 (Next toggle in 5s
2025-07-15 12:06:39,539 - INFO - CSV write completed at 2025-07-15T12:06:39.538934
2025-07-15 12:06:39,585 - WARNING - Modbus connection failed (Attempt 3/3)
2025-07-15 12:06:40,585 - CRITICAL - Critical error in sensor read loop: cannot access local variable 'conn_error' where it is not associated with a value
Traceback (most recent call last):
  File "/home/asif/Desktop/unified_creek_awos/awos.py", line 1088, in sensor_reader_loop
    f"Modbus connection failed after {retries} retries. Last error: {str(conn_error)}",
                                                                         ^^^^^^^^^^
UnboundLocalError: cannot access local variable 'conn_error' where it is not associated with a value

2025-07-15 12:06:44,467 - INFO - Switched to GUI-1 (Next toggle in 10s
2025-07-15 12:06:45,586 - INFO - Attempting Modbus connection on port /dev/ttyUSB0
2025-07-15 12:06:45,586 - ERROR - Modbus connection failed
2025-07-15 12:06:45,586 - WARNING - Modbus connection failed (Attempt 1/3)
2025-07-15 12:06:46,587 - WARNING - Modbus connection failed (Attempt 2/3)
2025-07-15 12:06:47,587 - WARNING - Modbus connection failed (Attempt 3/3)
2025-07-15 12:06:48,587 - CRITICAL - Critical error in sensor read loop: cannot access local variable 'conn_error' where it is not associated with a value
Traceback (most recent call last):
  File "/home/asif/Desktop/unified_creek_awos/awos.py", line 1088, in sensor_reader_loop
    f"Modbus connection failed after {retries} retries. Last error: {str(conn_error)}",
                                                                         ^^^^^^^^^^
UnboundLocalError: cannot access local variable 'conn_error' where it is not associated with a value

2025-07-15 12:06:53,588 - INFO - Attempting Modbus connection on port /dev/ttyUSB0
2025-07-15 12:06:53,588 - ERROR - Modbus connection failed
2025-07-15 12:06:53,590 - WARNING - Modbus connection failed (Attempt 1/3)
2025-07-15 12:06:54,467 - INFO - Switched to GUI-2 (Next toggle in 5s
2025-07-15 12:06:54,590 - WARNING - Modbus connection failed (Attempt 2/3)
2025-07-15 12:06:55,591 - WARNING - Modbus connection failed (Attempt 3/3)
2025-07-15 12:06:56,591 - CRITICAL - Critical error in sensor read loop: cannot access local variable 'conn_error' where it is not associated with a value
Traceback (most recent call last):
  File "/home/asif/Desktop/unified_creek_awos/awos.py", line 1088, in sensor_reader_loop
    f"Modbus connection failed after {retries} retries. Last error: {str(conn_error)}",
                                                                         ^^^^^^^^^^
UnboundLocalError: cannot access local variable 'conn_error' where it is not associated with a value

2025-07-15 12:06:59,467 - INFO - Switched to GUI-1 (Next toggle in 10s
2025-07-15 12:07:01,591 - INFO - Attempting Modbus connection on port /dev/ttyUSB0
2025-07-15 12:07:01,592 - ERROR - Modbus connection failed
2025-07-15 12:07:01,592 - WARNING - Modbus connection failed (Attempt 1/3)
2025-07-15 12:07:02,592 - WARNING - Modbus connection failed (Attempt 2/3)
2025-07-15 12:07:03,592 - WARNING - Modbus connection failed (Attempt 3/3)
2025-07-15 12:07:04,593 - CRITICAL - Critical error in sensor read loop: cannot access local variable 'conn_error' where it is not associated with a value
Traceback (most recent call last):
  File "/home/asif/Desktop/unified_creek_awos/awos.py", line 1088, in sensor_reader_loop
    f"Modbus connection failed after {retries} retries. Last error: {str(conn_error)}",
                                                                         ^^^^^^^^^^
UnboundLocalError: cannot access local variable 'conn_error' where it is not associated with a value

2025-07-15 12:07:09,468 - INFO - Switched to GUI-2 (Next toggle in 5s
2025-07-15 12:07:09,542 - INFO - CSV write completed at 2025-07-15T12:07:09.542850
2025-07-15 12:07:09,593 - INFO - Attempting Modbus connection on port /dev/ttyUSB0
2025-07-15 12:07:09,593 - ERROR - Modbus connection failed
2025-07-15 12:07:09,595 - WARNING - Modbus connection failed (Attempt 1/3)
2025-07-15 12:07:10,596 - WARNING - Modbus connection failed (Attempt 2/3)
2025-07-15 12:07:11,596 - WARNING - Modbus connection failed (Attempt 3/3)
2025-07-15 12:07:12,596 - CRITICAL - Critical error in sensor read loop: cannot access local variable 'conn_error' where it is not associated with a value
Traceback (most recent call last):
  File "/home/asif/Desktop/unified_creek_awos/awos.py", line 1088, in sensor_reader_loop
    f"Modbus connection failed after {retries} retries. Last error: {str(conn_error)}",
                                                                         ^^^^^^^^^^
UnboundLocalError: cannot access local variable 'conn_error' where it is not associated with a value

2025-07-15 12:07:14,468 - INFO - Switched to GUI-1 (Next toggle in 10s
2025-07-15 12:07:17,597 - INFO - Attempting Modbus connection on port /dev/ttyUSB0
2025-07-15 12:07:17,597 - ERROR - Modbus connection failed
2025-07-15 12:07:17,597 - WARNING - Modbus connection failed (Attempt 1/3)
2025-07-15 12:07:18,597 - WARNING - Modbus connection failed (Attempt 2/3)
2025-07-15 12:07:19,598 - WARNING - Modbus connection failed (Attempt 3/3)
2025-07-15 12:07:20,598 - CRITICAL - Critical error in sensor read loop: cannot access local variable 'conn_error' where it is not associated with a value
Traceback (most recent call last):
  File "/home/asif/Desktop/unified_creek_awos/awos.py", line 1088, in sensor_reader_loop
    f"Modbus connection failed after {retries} retries. Last error: {str(conn_error)}",
                                                                         ^^^^^^^^^^
UnboundLocalError: cannot access local variable 'conn_error' where it is not associated with a value

2025-07-15 12:07:24,468 - INFO - Switched to GUI-2 (Next toggle in 5s
2025-07-15 12:07:25,599 - INFO - Attempting Modbus connection on port /dev/ttyUSB0
2025-07-15 12:07:25,599 - ERROR - Modbus connection failed
2025-07-15 12:07:25,599 - WARNING - Modbus connection failed (Attempt 1/3)
2025-07-15 12:07:26,599 - WARNING - Modbus connection failed (Attempt 2/3)
2025-07-15 12:07:27,599 - WARNING - Modbus connection failed (Attempt 3/3)
2025-07-15 12:07:28,603 - CRITICAL - Critical error in sensor read loop: cannot access local variable 'conn_error' where it is not associated with a value
Traceback (most recent call last):
  File "/home/asif/Desktop/unified_creek_awos/awos.py", line 1088, in sensor_reader_loop
    f"Modbus connection failed after {retries} retries. Last error: {str(conn_error)}",
                                                                         ^^^^^^^^^^
UnboundLocalError: cannot access local variable 'conn_error' where it is not associated with a value

2025-07-15 12:07:29,469 - INFO - Switched to GUI-1 (Next toggle in 10s
2025-07-15 12:07:33,603 - INFO - Attempting Modbus connection on port /dev/ttyUSB0
2025-07-15 12:07:33,604 - ERROR - Modbus connection failed
2025-07-15 12:07:33,604 - WARNING - Modbus connection failed (Attempt 1/3)
2025-07-15 12:07:34,604 - WARNING - Modbus connection failed (Attempt 2/3)
2025-07-15 12:07:35,604 - WARNING - Modbus connection failed (Attempt 3/3)
2025-07-15 12:07:36,605 - CRITICAL - Critical error in sensor read loop: cannot access local variable 'conn_error' where it is not associated with a value
Traceback (most recent call last):
  File "/home/asif/Desktop/unified_creek_awos/awos.py", line 1088, in sensor_reader_loop
    f"Modbus connection failed after {retries} retries. Last error: {str(conn_error)}",
                                                                         ^^^^^^^^^^
UnboundLocalError: cannot access local variable 'conn_error' where it is not associated with a value

2025-07-15 12:07:39,469 - INFO - Switched to GUI-2 (Next toggle in 5s
2025-07-15 12:07:39,547 - INFO - CSV write completed at 2025-07-15T12:07:39.547302
2025-07-15 12:07:41,605 - INFO - Attempting Modbus connection on port /dev/ttyUSB0
2025-07-15 12:07:41,605 - ERROR - Modbus connection failed
2025-07-15 12:07:41,605 - WARNING - Modbus connection failed (Attempt 1/3)
2025-07-15 12:07:42,606 - WARNING - Modbus connection failed (Attempt 2/3)
2025-07-15 12:07:43,606 - WARNING - Modbus connection failed (Attempt 3/3)
2025-07-15 12:07:44,470 - INFO - Switched to GUI-1 (Next toggle in 10s
2025-07-15 12:07:44,607 - CRITICAL - Critical error in sensor read loop: cannot access local variable 'conn_error' where it is not associated with a value
Traceback (most recent call last):
  File "/home/asif/Desktop/unified_creek_awos/awos.py", line 1088, in sensor_reader_loop
    f"Modbus connection failed after {retries} retries. Last error: {str(conn_error)}",
                                                                         ^^^^^^^^^^
UnboundLocalError: cannot access local variable 'conn_error' where it is not associated with a value

2025-07-15 12:07:49,607 - INFO - Attempting Modbus connection on port /dev/ttyUSB0
2025-07-15 12:07:49,607 - ERROR - Modbus connection failed
2025-07-15 12:07:49,607 - WARNING - Modbus connection failed (Attempt 1/3)
2025-07-15 12:07:50,608 - WARNING - Modbus connection failed (Attempt 2/3)
2025-07-15 12:07:51,608 - WARNING - Modbus connection failed (Attempt 3/3)
2025-07-15 12:07:52,608 - CRITICAL - Critical error in sensor read loop: cannot access local variable 'conn_error' where it is not associated with a value
Traceback (most recent call last):
  File "/home/asif/Desktop/unified_creek_awos/awos.py", line 1088, in sensor_reader_loop
    f"Modbus connection failed after {retries} retries. Last error: {str(conn_error)}",
                                                                         ^^^^^^^^^^
UnboundLocalError: cannot access local variable 'conn_error' where it is not associated with a value

2025-07-15 12:07:54,470 - INFO - Switched to GUI-2 (Next toggle in 5s
2025-07-15 12:07:57,609 - INFO - Attempting Modbus connection on port /dev/ttyUSB0
2025-07-15 12:07:57,609 - ERROR - Modbus connection failed
2025-07-15 12:07:57,609 - WARNING - Modbus connection failed (Attempt 1/3)
2025-07-15 12:07:58,609 - WARNING - Modbus connection failed (Attempt 2/3)
2025-07-15 12:07:59,470 - INFO - Switched to GUI-1 (Next toggle in 10s
2025-07-15 12:07:59,610 - WARNING - Modbus connection failed (Attempt 3/3)
2025-07-15 12:08:00,610 - CRITICAL - Critical error in sensor read loop: cannot access local variable 'conn_error' where it is not associated with a value
Traceback (most recent call last):
  File "/home/asif/Desktop/unified_creek_awos/awos.py", line 1088, in sensor_reader_loop
    f"Modbus connection failed after {retries} retries. Last error: {str(conn_error)}",
                                                                         ^^^^^^^^^^
UnboundLocalError: cannot access local variable 'conn_error' where it is not associated with a value

2025-07-15 12:08:05,610 - INFO - Attempting Modbus connection on port /dev/ttyUSB0
2025-07-15 12:08:05,611 - ERROR - Modbus connection failed
2025-07-15 12:08:05,611 - WARNING - Modbus connection failed (Attempt 1/3)
2025-07-15 12:08:06,611 - WARNING - Modbus connection failed (Attempt 2/3)
2025-07-15 12:08:07,611 - WARNING - Modbus connection failed (Attempt 3/3)
2025-07-15 12:08:08,612 - CRITICAL - Critical error in sensor read loop: cannot access local variable 'conn_error' where it is not associated with a value
Traceback (most recent call last):
  File "/home/asif/Desktop/unified_creek_awos/awos.py", line 1088, in sensor_reader_loop
    f"Modbus connection failed after {retries} retries. Last error: {str(conn_error)}",
                                                                         ^^^^^^^^^^
UnboundLocalError: cannot access local variable 'conn_error' where it is not associated with a value

2025-07-15 12:08:09,471 - INFO - Switched to GUI-2 (Next toggle in 5s
2025-07-15 12:08:09,550 - INFO - CSV write completed at 2025-07-15T12:08:09.550808
2025-07-15 12:08:13,612 - INFO - Attempting Modbus connection on port /dev/ttyUSB0
2025-07-15 12:08:13,612 - ERROR - Modbus connection failed
2025-07-15 12:08:13,613 - WARNING - Modbus connection failed (Attempt 1/3)
2025-07-15 12:08:14,471 - INFO - Switched to GUI-1 (Next toggle in 10s
2025-07-15 12:08:14,613 - WARNING - Modbus connection failed (Attempt 2/3)
2025-07-15 12:08:15,613 - WARNING - Modbus connection failed (Attempt 3/3)
2025-07-15 12:08:16,614 - CRITICAL - Critical error in sensor read loop: cannot access local variable 'conn_error' where it is not associated with a value
Traceback (most recent call last):
  File "/home/asif/Desktop/unified_creek_awos/awos.py", line 1088, in sensor_reader_loop
    f"Modbus connection failed after {retries} retries. Last error: {str(conn_error)}",
                                                                         ^^^^^^^^^^
UnboundLocalError: cannot access local variable 'conn_error' where it is not associated with a value

2025-07-15 12:08:21,614 - INFO - Attempting Modbus connection on port /dev/ttyUSB0
2025-07-15 12:08:21,614 - ERROR - Modbus connection failed
2025-07-15 12:08:21,614 - WARNING - Modbus connection failed (Attempt 1/3)
2025-07-15 12:08:22,615 - WARNING - Modbus connection failed (Attempt 2/3)
2025-07-15 12:08:23,615 - WARNING - Modbus connection failed (Attempt 3/3)
2025-07-15 12:08:24,471 - INFO - Switched to GUI-2 (Next toggle in 5s
2025-07-15 12:08:24,615 - CRITICAL - Critical error in sensor read loop: cannot access local variable 'conn_error' where it is not associated with a value
Traceback (most recent call last):
  File "/home/asif/Desktop/unified_creek_awos/awos.py", line 1088, in sensor_reader_loop
    f"Modbus connection failed after {retries} retries. Last error: {str(conn_error)}",
                                                                         ^^^^^^^^^^
UnboundLocalError: cannot access local variable 'conn_error' where it is not associated with a value

2025-07-15 12:08:29,472 - INFO - Switched to GUI-1 (Next toggle in 10s
2025-07-15 12:08:29,616 - INFO - Attempting Modbus connection on port /dev/ttyUSB0
2025-07-15 12:08:29,616 - ERROR - Modbus connection failed
2025-07-15 12:08:29,616 - WARNING - Modbus connection failed (Attempt 1/3)
2025-07-15 12:08:30,616 - WARNING - Modbus connection failed (Attempt 2/3)
2025-07-15 12:08:31,617 - WARNING - Modbus connection failed (Attempt 3/3)
2025-07-15 12:08:32,617 - CRITICAL - Critical error in sensor read loop: cannot access local variable 'conn_error' where it is not associated with a value
Traceback (most recent call last):
  File "/home/asif/Desktop/unified_creek_awos/awos.py", line 1088, in sensor_reader_loop
    f"Modbus connection failed after {retries} retries. Last error: {str(conn_error)}",
                                                                         ^^^^^^^^^^
UnboundLocalError: cannot access local variable 'conn_error' where it is not associated with a value

2025-07-15 12:08:37,617 - INFO - Attempting Modbus connection on port /dev/ttyUSB0
2025-07-15 12:08:37,618 - ERROR - Modbus connection failed
2025-07-15 12:08:37,618 - WARNING - Modbus connection failed (Attempt 1/3)
2025-07-15 12:08:38,618 - WARNING - Modbus connection failed (Attempt 2/3)
2025-07-15 12:08:39,472 - INFO - Switched to GUI-2 (Next toggle in 5s
2025-07-15 12:08:39,554 - INFO - CSV write completed at 2025-07-15T12:08:39.554491
2025-07-15 12:08:39,618 - WARNING - Modbus connection failed (Attempt 3/3)
2025-07-15 12:08:40,619 - CRITICAL - Critical error in sensor read loop: cannot access local variable 'conn_error' where it is not associated with a value
Traceback (most recent call last):
  File "/home/asif/Desktop/unified_creek_awos/awos.py", line 1088, in sensor_reader_loop
    f"Modbus connection failed after {retries} retries. Last error: {str(conn_error)}",
                                                                         ^^^^^^^^^^
UnboundLocalError: cannot access local variable 'conn_error' where it is not associated with a value

2025-07-15 12:08:44,472 - INFO - Switched to GUI-1 (Next toggle in 10s
2025-07-15 12:08:45,619 - INFO - Attempting Modbus connection on port /dev/ttyUSB0
2025-07-15 12:08:45,619 - ERROR - Modbus connection failed
2025-07-15 12:08:45,619 - WARNING - Modbus connection failed (Attempt 1/3)
2025-07-15 12:08:46,620 - WARNING - Modbus connection failed (Attempt 2/3)
2025-07-15 12:08:47,620 - WARNING - Modbus connection failed (Attempt 3/3)
2025-07-15 12:08:48,620 - CRITICAL - Critical error in sensor read loop: cannot access local variable 'conn_error' where it is not associated with a value
Traceback (most recent call last):
  File "/home/asif/Desktop/unified_creek_awos/awos.py", line 1088, in sensor_reader_loop
    f"Modbus connection failed after {retries} retries. Last error: {str(conn_error)}",
                                                                         ^^^^^^^^^^
UnboundLocalError: cannot access local variable 'conn_error' where it is not associated with a value

2025-07-15 12:08:53,621 - INFO - Attempting Modbus connection on port /dev/ttyUSB0
2025-07-15 12:08:53,621 - ERROR - Modbus connection failed
2025-07-15 12:08:53,621 - WARNING - Modbus connection failed (Attempt 1/3)
2025-07-15 12:08:54,473 - INFO - Switched to GUI-2 (Next toggle in 5s
2025-07-15 12:08:54,621 - WARNING - Modbus connection failed (Attempt 2/3)
2025-07-15 12:08:55,622 - WARNING - Modbus connection failed (Attempt 3/3)
2025-07-15 12:08:56,622 - CRITICAL - Critical error in sensor read loop: cannot access local variable 'conn_error' where it is not associated with a value
Traceback (most recent call last):
  File "/home/asif/Desktop/unified_creek_awos/awos.py", line 1088, in sensor_reader_loop
    f"Modbus connection failed after {retries} retries. Last error: {str(conn_error)}",
                                                                         ^^^^^^^^^^
UnboundLocalError: cannot access local variable 'conn_error' where it is not associated with a value

2025-07-15 12:08:59,473 - INFO - Switched to GUI-1 (Next toggle in 10s
2025-07-15 12:09:01,623 - INFO - Attempting Modbus connection on port /dev/ttyUSB0
2025-07-15 12:09:01,623 - ERROR - Modbus connection failed
2025-07-15 12:09:01,623 - WARNING - Modbus connection failed (Attempt 1/3)
2025-07-15 12:09:02,623 - WARNING - Modbus connection failed (Attempt 2/3)
2025-07-15 12:09:03,624 - WARNING - Modbus connection failed (Attempt 3/3)
2025-07-15 12:09:04,624 - CRITICAL - Critical error in sensor read loop: cannot access local variable 'conn_error' where it is not associated with a value
Traceback (most recent call last):
  File "/home/asif/Desktop/unified_creek_awos/awos.py", line 1088, in sensor_reader_loop
    f"Modbus connection failed after {retries} retries. Last error: {str(conn_error)}",
                                                                         ^^^^^^^^^^
UnboundLocalError: cannot access local variable 'conn_error' where it is not associated with a value

2025-07-15 12:09:09,473 - INFO - Switched to GUI-2 (Next toggle in 5s
2025-07-15 12:09:09,558 - INFO - CSV write completed at 2025-07-15T12:09:09.558186
2025-07-15 12:09:09,625 - INFO - Attempting Modbus connection on port /dev/ttyUSB0
2025-07-15 12:09:09,625 - ERROR - Modbus connection failed
2025-07-15 12:09:09,625 - WARNING - Modbus connection failed (Attempt 1/3)
2025-07-15 12:09:10,625 - WARNING - Modbus connection failed (Attempt 2/3)
2025-07-15 12:09:11,625 - WARNING - Modbus connection failed (Attempt 3/3)
2025-07-15 12:09:12,626 - CRITICAL - Critical error in sensor read loop: cannot access local variable 'conn_error' where it is not associated with a value
Traceback (most recent call last):
  File "/home/asif/Desktop/unified_creek_awos/awos.py", line 1088, in sensor_reader_loop
    f"Modbus connection failed after {retries} retries. Last error: {str(conn_error)}",
                                                                         ^^^^^^^^^^
UnboundLocalError: cannot access local variable 'conn_error' where it is not associated with a value

2025-07-15 12:09:14,474 - INFO - Switched to GUI-1 (Next toggle in 10s
2025-07-15 12:09:17,626 - INFO - Attempting Modbus connection on port /dev/ttyUSB0
2025-07-15 12:09:17,626 - ERROR - Modbus connection failed
2025-07-15 12:09:17,627 - WARNING - Modbus connection failed (Attempt 1/3)
2025-07-15 12:09:18,627 - WARNING - Modbus connection failed (Attempt 2/3)
2025-07-15 12:09:19,627 - WARNING - Modbus connection failed (Attempt 3/3)
2025-07-15 12:09:20,630 - CRITICAL - Critical error in sensor read loop: cannot access local variable 'conn_error' where it is not associated with a value
Traceback (most recent call last):
  File "/home/asif/Desktop/unified_creek_awos/awos.py", line 1088, in sensor_reader_loop
    f"Modbus connection failed after {retries} retries. Last error: {str(conn_error)}",
                                                                         ^^^^^^^^^^
UnboundLocalError: cannot access local variable 'conn_error' where it is not associated with a value

2025-07-15 12:09:24,474 - INFO - Switched to GUI-2 (Next toggle in 5s
2025-07-15 12:09:25,630 - INFO - Attempting Modbus connection on port /dev/ttyUSB0
2025-07-15 12:09:25,630 - ERROR - Modbus connection failed
2025-07-15 12:09:25,633 - WARNING - Modbus connection failed (Attempt 1/3)
2025-07-15 12:09:26,633 - WARNING - Modbus connection failed (Attempt 2/3)
2025-07-15 12:09:27,634 - WARNING - Modbus connection failed (Attempt 3/3)
2025-07-15 12:09:28,634 - CRITICAL - Critical error in sensor read loop: cannot access local variable 'conn_error' where it is not associated with a value
Traceback (most recent call last):
  File "/home/asif/Desktop/unified_creek_awos/awos.py", line 1088, in sensor_reader_loop
    f"Modbus connection failed after {retries} retries. Last error: {str(conn_error)}",
                                                                         ^^^^^^^^^^
UnboundLocalError: cannot access local variable 'conn_error' where it is not associated with a value

2025-07-15 12:09:29,474 - INFO - Switched to GUI-1 (Next toggle in 10s
2025-07-15 12:09:33,634 - INFO - Attempting Modbus connection on port /dev/ttyUSB0
2025-07-15 12:09:33,635 - ERROR - Modbus connection failed
2025-07-15 12:09:33,635 - WARNING - Modbus connection failed (Attempt 1/3)
2025-07-15 12:09:34,635 - WARNING - Modbus connection failed (Attempt 2/3)
2025-07-15 12:09:35,635 - WARNING - Modbus connection failed (Attempt 3/3)
2025-07-15 12:09:36,636 - CRITICAL - Critical error in sensor read loop: cannot access local variable 'conn_error' where it is not associated with a value
Traceback (most recent call last):
  File "/home/asif/Desktop/unified_creek_awos/awos.py", line 1088, in sensor_reader_loop
    f"Modbus connection failed after {retries} retries. Last error: {str(conn_error)}",
                                                                         ^^^^^^^^^^
UnboundLocalError: cannot access local variable 'conn_error' where it is not associated with a value

2025-07-15 12:09:39,475 - INFO - Switched to GUI-2 (Next toggle in 5s
2025-07-15 12:09:39,561 - INFO - CSV write completed at 2025-07-15T12:09:39.561791
2025-07-15 12:09:41,636 - INFO - Attempting Modbus connection on port /dev/ttyUSB0
2025-07-15 12:09:41,636 - ERROR - Modbus connection failed
2025-07-15 12:09:41,637 - WARNING - Modbus connection failed (Attempt 1/3)
2025-07-15 12:09:42,637 - WARNING - Modbus connection failed (Attempt 2/3)
2025-07-15 12:09:43,637 - WARNING - Modbus connection failed (Attempt 3/3)
2025-07-15 12:09:44,475 - INFO - Switched to GUI-1 (Next toggle in 10s
2025-07-15 12:09:44,638 - CRITICAL - Critical error in sensor read loop: cannot access local variable 'conn_error' where it is not associated with a value
Traceback (most recent call last):
  File "/home/asif/Desktop/unified_creek_awos/awos.py", line 1088, in sensor_reader_loop
    f"Modbus connection failed after {retries} retries. Last error: {str(conn_error)}",
                                                                         ^^^^^^^^^^
UnboundLocalError: cannot access local variable 'conn_error' where it is not associated with a value

2025-07-15 12:09:49,638 - INFO - Attempting Modbus connection on port /dev/ttyUSB0
2025-07-15 12:09:49,638 - ERROR - Modbus connection failed
2025-07-15 12:09:49,638 - WARNING - Modbus connection failed (Attempt 1/3)
2025-07-15 12:09:50,639 - WARNING - Modbus connection failed (Attempt 2/3)
2025-07-15 12:09:51,639 - WARNING - Modbus connection failed (Attempt 3/3)
2025-07-15 12:09:52,639 - CRITICAL - Critical error in sensor read loop: cannot access local variable 'conn_error' where it is not associated with a value
Traceback (most recent call last):
  File "/home/asif/Desktop/unified_creek_awos/awos.py", line 1088, in sensor_reader_loop
    f"Modbus connection failed after {retries} retries. Last error: {str(conn_error)}",
                                                                         ^^^^^^^^^^
UnboundLocalError: cannot access local variable 'conn_error' where it is not associated with a value

2025-07-15 12:09:54,475 - INFO - Switched to GUI-2 (Next toggle in 5s
2025-07-15 12:09:57,640 - INFO - Attempting Modbus connection on port /dev/ttyUSB0
2025-07-15 12:09:57,640 - ERROR - Modbus connection failed
2025-07-15 12:09:57,640 - WARNING - Modbus connection failed (Attempt 1/3)
2025-07-15 12:09:58,640 - WARNING - Modbus connection failed (Attempt 2/3)
2025-07-15 12:09:59,476 - INFO - Switched to GUI-1 (Next toggle in 10s
2025-07-15 12:09:59,641 - WARNING - Modbus connection failed (Attempt 3/3)
2025-07-15 12:10:00,641 - CRITICAL - Critical error in sensor read loop: cannot access local variable 'conn_error' where it is not associated with a value
Traceback (most recent call last):
  File "/home/asif/Desktop/unified_creek_awos/awos.py", line 1088, in sensor_reader_loop
    f"Modbus connection failed after {retries} retries. Last error: {str(conn_error)}",
                                                                         ^^^^^^^^^^
UnboundLocalError: cannot access local variable 'conn_error' where it is not associated with a value

2025-07-15 12:10:05,641 - INFO - Attempting Modbus connection on port /dev/ttyUSB0
2025-07-15 12:10:05,644 - ERROR - Modbus connection failed
2025-07-15 12:10:05,645 - WARNING - Modbus connection failed (Attempt 1/3)
2025-07-15 12:10:06,645 - WARNING - Modbus connection failed (Attempt 2/3)
2025-07-15 12:10:07,645 - WARNING - Modbus connection failed (Attempt 3/3)
2025-07-15 12:10:08,646 - CRITICAL - Critical error in sensor read loop: cannot access local variable 'conn_error' where it is not associated with a value
Traceback (most recent call last):
  File "/home/asif/Desktop/unified_creek_awos/awos.py", line 1088, in sensor_reader_loop
    f"Modbus connection failed after {retries} retries. Last error: {str(conn_error)}",
                                                                         ^^^^^^^^^^
UnboundLocalError: cannot access local variable 'conn_error' where it is not associated with a value

2025-07-15 12:10:09,476 - INFO - Switched to GUI-2 (Next toggle in 5s
2025-07-15 12:10:09,565 - INFO - CSV write completed at 2025-07-15T12:10:09.565584
2025-07-15 12:10:13,646 - INFO - Attempting Modbus connection on port /dev/ttyUSB0
2025-07-15 12:10:13,646 - ERROR - Modbus connection failed
2025-07-15 12:10:13,646 - WARNING - Modbus connection failed (Attempt 1/3)
2025-07-15 12:10:14,477 - INFO - Switched to GUI-1 (Next toggle in 10s
2025-07-15 12:10:14,647 - WARNING - Modbus connection failed (Attempt 2/3)
2025-07-15 12:10:15,647 - WARNING - Modbus connection failed (Attempt 3/3)
2025-07-15 12:10:16,648 - CRITICAL - Critical error in sensor read loop: cannot access local variable 'conn_error' where it is not associated with a value
Traceback (most recent call last):
  File "/home/asif/Desktop/unified_creek_awos/awos.py", line 1088, in sensor_reader_loop
    f"Modbus connection failed after {retries} retries. Last error: {str(conn_error)}",
                                                                         ^^^^^^^^^^
UnboundLocalError: cannot access local variable 'conn_error' where it is not associated with a value

2025-07-15 12:10:21,648 - INFO - Attempting Modbus connection on port /dev/ttyUSB0
2025-07-15 12:10:21,648 - ERROR - Modbus connection failed
2025-07-15 12:10:21,648 - WARNING - Modbus connection failed (Attempt 1/3)
2025-07-15 12:10:22,648 - WARNING - Modbus connection failed (Attempt 2/3)
2025-07-15 12:10:23,649 - WARNING - Modbus connection failed (Attempt 3/3)
2025-07-15 12:10:24,477 - INFO - Switched to GUI-2 (Next toggle in 5s
2025-07-15 12:10:24,649 - CRITICAL - Critical error in sensor read loop: cannot access local variable 'conn_error' where it is not associated with a value
Traceback (most recent call last):
  File "/home/asif/Desktop/unified_creek_awos/awos.py", line 1088, in sensor_reader_loop
    f"Modbus connection failed after {retries} retries. Last error: {str(conn_error)}",
                                                                         ^^^^^^^^^^
UnboundLocalError: cannot access local variable 'conn_error' where it is not associated with a value

2025-07-15 12:10:29,477 - INFO - Switched to GUI-1 (Next toggle in 10s
2025-07-15 12:10:29,650 - INFO - Attempting Modbus connection on port /dev/ttyUSB0
2025-07-15 12:10:29,650 - ERROR - Modbus connection failed
2025-07-15 12:10:29,650 - WARNING - Modbus connection failed (Attempt 1/3)
2025-07-15 12:10:30,650 - WARNING - Modbus connection failed (Attempt 2/3)
2025-07-15 12:10:31,651 - WARNING - Modbus connection failed (Attempt 3/3)
2025-07-15 12:10:32,651 - CRITICAL - Critical error in sensor read loop: cannot access local variable 'conn_error' where it is not associated with a value
Traceback (most recent call last):
  File "/home/asif/Desktop/unified_creek_awos/awos.py", line 1088, in sensor_reader_loop
    f"Modbus connection failed after {retries} retries. Last error: {str(conn_error)}",
                                                                         ^^^^^^^^^^
UnboundLocalError: cannot access local variable 'conn_error' where it is not associated with a value

2025-07-15 12:10:37,651 - INFO - Attempting Modbus connection on port /dev/ttyUSB0
2025-07-15 12:10:37,652 - ERROR - Modbus connection failed
2025-07-15 12:10:37,652 - WARNING - Modbus connection failed (Attempt 1/3)
2025-07-15 12:10:38,652 - WARNING - Modbus connection failed (Attempt 2/3)
2025-07-15 12:10:39,478 - INFO - Switched to GUI-2 (Next toggle in 5s
2025-07-15 12:10:39,569 - INFO - CSV write completed at 2025-07-15T12:10:39.569336
2025-07-15 12:10:39,652 - WARNING - Modbus connection failed (Attempt 3/3)
2025-07-15 12:10:40,653 - CRITICAL - Critical error in sensor read loop: cannot access local variable 'conn_error' where it is not associated with a value
Traceback (most recent call last):
  File "/home/asif/Desktop/unified_creek_awos/awos.py", line 1088, in sensor_reader_loop
    f"Modbus connection failed after {retries} retries. Last error: {str(conn_error)}",
                                                                         ^^^^^^^^^^
UnboundLocalError: cannot access local variable 'conn_error' where it is not associated with a value

2025-07-15 12:10:44,478 - INFO - Switched to GUI-1 (Next toggle in 10s
2025-07-15 12:10:45,653 - INFO - Attempting Modbus connection on port /dev/ttyUSB0
2025-07-15 12:10:45,653 - ERROR - Modbus connection failed
2025-07-15 12:10:45,653 - WARNING - Modbus connection failed (Attempt 1/3)
2025-07-15 12:10:46,654 - WARNING - Modbus connection failed (Attempt 2/3)
2025-07-15 12:10:47,654 - WARNING - Modbus connection failed (Attempt 3/3)
2025-07-15 12:10:48,655 - CRITICAL - Critical error in sensor read loop: cannot access local variable 'conn_error' where it is not associated with a value
Traceback (most recent call last):
  File "/home/asif/Desktop/unified_creek_awos/awos.py", line 1088, in sensor_reader_loop
    f"Modbus connection failed after {retries} retries. Last error: {str(conn_error)}",
                                                                         ^^^^^^^^^^
UnboundLocalError: cannot access local variable 'conn_error' where it is not associated with a value

2025-07-15 12:10:53,655 - INFO - Attempting Modbus connection on port /dev/ttyUSB0
2025-07-15 12:10:53,655 - ERROR - Modbus connection failed
2025-07-15 12:10:53,655 - WARNING - Modbus connection failed (Attempt 1/3)
2025-07-15 12:10:54,478 - INFO - Switched to GUI-2 (Next toggle in 5s
2025-07-15 12:10:54,656 - WARNING - Modbus connection failed (Attempt 2/3)
2025-07-15 12:10:55,656 - WARNING - Modbus connection failed (Attempt 3/3)
2025-07-15 12:10:56,656 - CRITICAL - Critical error in sensor read loop: cannot access local variable 'conn_error' where it is not associated with a value
Traceback (most recent call last):
  File "/home/asif/Desktop/unified_creek_awos/awos.py", line 1088, in sensor_reader_loop
    f"Modbus connection failed after {retries} retries. Last error: {str(conn_error)}",
                                                                         ^^^^^^^^^^
UnboundLocalError: cannot access local variable 'conn_error' where it is not associated with a value

2025-07-15 12:10:59,479 - INFO - Switched to GUI-1 (Next toggle in 10s
2025-07-15 12:11:01,657 - INFO - Attempting Modbus connection on port /dev/ttyUSB0
2025-07-15 12:11:01,657 - ERROR - Modbus connection failed
2025-07-15 12:11:01,657 - WARNING - Modbus connection failed (Attempt 1/3)
2025-07-15 12:11:02,657 - WARNING - Modbus connection failed (Attempt 2/3)
2025-07-15 12:11:03,658 - WARNING - Modbus connection failed (Attempt 3/3)
2025-07-15 12:11:04,658 - CRITICAL - Critical error in sensor read loop: cannot access local variable 'conn_error' where it is not associated with a value
Traceback (most recent call last):
  File "/home/asif/Desktop/unified_creek_awos/awos.py", line 1088, in sensor_reader_loop
    f"Modbus connection failed after {retries} retries. Last error: {str(conn_error)}",
                                                                         ^^^^^^^^^^
UnboundLocalError: cannot access local variable 'conn_error' where it is not associated with a value

2025-07-15 12:11:09,479 - INFO - Switched to GUI-2 (Next toggle in 5s
2025-07-15 12:11:09,573 - INFO - CSV write completed at 2025-07-15T12:11:09.573321
2025-07-15 12:11:09,661 - INFO - Attempting Modbus connection on port /dev/ttyUSB0
2025-07-15 12:11:09,661 - ERROR - Modbus connection failed
2025-07-15 12:11:09,664 - WARNING - Modbus connection failed (Attempt 1/3)
2025-07-15 12:11:10,664 - WARNING - Modbus connection failed (Attempt 2/3)
2025-07-15 12:11:11,665 - WARNING - Modbus connection failed (Attempt 3/3)
2025-07-15 12:11:12,665 - CRITICAL - Critical error in sensor read loop: cannot access local variable 'conn_error' where it is not associated with a value
Traceback (most recent call last):
  File "/home/asif/Desktop/unified_creek_awos/awos.py", line 1088, in sensor_reader_loop
    f"Modbus connection failed after {retries} retries. Last error: {str(conn_error)}",
                                                                         ^^^^^^^^^^
UnboundLocalError: cannot access local variable 'conn_error' where it is not associated with a value

2025-07-15 12:11:14,480 - INFO - Switched to GUI-1 (Next toggle in 10s
2025-07-15 12:11:17,665 - INFO - Attempting Modbus connection on port /dev/ttyUSB0
2025-07-15 12:11:17,666 - ERROR - Modbus connection failed
2025-07-15 12:11:17,666 - WARNING - Modbus connection failed (Attempt 1/3)
2025-07-15 12:11:18,666 - WARNING - Modbus connection failed (Attempt 2/3)
2025-07-15 12:11:19,666 - WARNING - Modbus connection failed (Attempt 3/3)
2025-07-15 12:11:20,667 - CRITICAL - Critical error in sensor read loop: cannot access local variable 'conn_error' where it is not associated with a value
Traceback (most recent call last):
  File "/home/asif/Desktop/unified_creek_awos/awos.py", line 1088, in sensor_reader_loop
    f"Modbus connection failed after {retries} retries. Last error: {str(conn_error)}",
                                                                         ^^^^^^^^^^
UnboundLocalError: cannot access local variable 'conn_error' where it is not associated with a value

2025-07-15 12:11:24,480 - INFO - Switched to GUI-2 (Next toggle in 5s
2025-07-15 12:11:25,667 - INFO - Attempting Modbus connection on port /dev/ttyUSB0
2025-07-15 12:11:25,667 - ERROR - Modbus connection failed
2025-07-15 12:11:25,667 - WARNING - Modbus connection failed (Attempt 1/3)
2025-07-15 12:11:26,668 - WARNING - Modbus connection failed (Attempt 2/3)
2025-07-15 12:11:27,668 - WARNING - Modbus connection failed (Attempt 3/3)
2025-07-15 12:11:28,669 - CRITICAL - Critical error in sensor read loop: cannot access local variable 'conn_error' where it is not associated with a value
Traceback (most recent call last):
  File "/home/asif/Desktop/unified_creek_awos/awos.py", line 1088, in sensor_reader_loop
    f"Modbus connection failed after {retries} retries. Last error: {str(conn_error)}",
                                                                         ^^^^^^^^^^
UnboundLocalError: cannot access local variable 'conn_error' where it is not associated with a value

2025-07-15 12:11:29,480 - INFO - Switched to GUI-1 (Next toggle in 10s
2025-07-15 12:11:33,669 - INFO - Attempting Modbus connection on port /dev/ttyUSB0
2025-07-15 12:11:33,669 - ERROR - Modbus connection failed
2025-07-15 12:11:33,669 - WARNING - Modbus connection failed (Attempt 1/3)
2025-07-15 12:11:34,670 - WARNING - Modbus connection failed (Attempt 2/3)
2025-07-15 12:11:35,670 - WARNING - Modbus connection failed (Attempt 3/3)
2025-07-15 12:11:36,670 - CRITICAL - Critical error in sensor read loop: cannot access local variable 'conn_error' where it is not associated with a value
Traceback (most recent call last):
  File "/home/asif/Desktop/unified_creek_awos/awos.py", line 1088, in sensor_reader_loop
    f"Modbus connection failed after {retries} retries. Last error: {str(conn_error)}",
                                                                         ^^^^^^^^^^
UnboundLocalError: cannot access local variable 'conn_error' where it is not associated with a value

2025-07-15 12:11:39,481 - INFO - Switched to GUI-2 (Next toggle in 5s
2025-07-15 12:11:39,577 - INFO - CSV write completed at 2025-07-15T12:11:39.577196
2025-07-15 12:11:41,671 - INFO - Attempting Modbus connection on port /dev/ttyUSB0
2025-07-15 12:11:41,671 - ERROR - Modbus connection failed
2025-07-15 12:11:41,671 - WARNING - Modbus connection failed (Attempt 1/3)
2025-07-15 12:11:42,671 - WARNING - Modbus connection failed (Attempt 2/3)
2025-07-15 12:11:43,672 - WARNING - Modbus connection failed (Attempt 3/3)
2025-07-15 12:11:44,481 - INFO - Switched to GUI-1 (Next toggle in 10s
2025-07-15 12:11:44,672 - CRITICAL - Critical error in sensor read loop: cannot access local variable 'conn_error' where it is not associated with a value
Traceback (most recent call last):
  File "/home/asif/Desktop/unified_creek_awos/awos.py", line 1088, in sensor_reader_loop
    f"Modbus connection failed after {retries} retries. Last error: {str(conn_error)}",
                                                                         ^^^^^^^^^^
UnboundLocalError: cannot access local variable 'conn_error' where it is not associated with a value

2025-07-15 12:11:49,672 - INFO - Attempting Modbus connection on port /dev/ttyUSB0
2025-07-15 12:11:49,673 - ERROR - Modbus connection failed
2025-07-15 12:11:49,673 - WARNING - Modbus connection failed (Attempt 1/3)
2025-07-15 12:11:50,673 - WARNING - Modbus connection failed (Attempt 2/3)
2025-07-15 12:11:51,674 - WARNING - Modbus connection failed (Attempt 3/3)
2025-07-15 12:11:52,674 - CRITICAL - Critical error in sensor read loop: cannot access local variable 'conn_error' where it is not associated with a value
Traceback (most recent call last):
  File "/home/asif/Desktop/unified_creek_awos/awos.py", line 1088, in sensor_reader_loop
    f"Modbus connection failed after {retries} retries. Last error: {str(conn_error)}",
                                                                         ^^^^^^^^^^
UnboundLocalError: cannot access local variable 'conn_error' where it is not associated with a value

2025-07-15 12:11:54,481 - INFO - Switched to GUI-2 (Next toggle in 5s
2025-07-15 12:11:57,674 - INFO - Attempting Modbus connection on port /dev/ttyUSB0
2025-07-15 12:11:57,675 - ERROR - Modbus connection failed
2025-07-15 12:11:57,675 - WARNING - Modbus connection failed (Attempt 1/3)
2025-07-15 12:11:58,675 - WARNING - Modbus connection failed (Attempt 2/3)
2025-07-15 12:11:59,482 - INFO - Switched to GUI-1 (Next toggle in 10s
2025-07-15 12:11:59,675 - WARNING - Modbus connection failed (Attempt 3/3)
2025-07-15 12:12:00,676 - CRITICAL - Critical error in sensor read loop: cannot access local variable 'conn_error' where it is not associated with a value
Traceback (most recent call last):
  File "/home/asif/Desktop/unified_creek_awos/awos.py", line 1088, in sensor_reader_loop
    f"Modbus connection failed after {retries} retries. Last error: {str(conn_error)}",
                                                                         ^^^^^^^^^^
UnboundLocalError: cannot access local variable 'conn_error' where it is not associated with a value

2025-07-15 12:12:05,676 - INFO - Attempting Modbus connection on port /dev/ttyUSB0
2025-07-15 12:12:05,676 - ERROR - Modbus connection failed
2025-07-15 12:12:05,677 - WARNING - Modbus connection failed (Attempt 1/3)
2025-07-15 12:12:06,679 - WARNING - Modbus connection failed (Attempt 2/3)
2025-07-15 12:12:07,679 - WARNING - Modbus connection failed (Attempt 3/3)
2025-07-15 12:12:08,680 - CRITICAL - Critical error in sensor read loop: cannot access local variable 'conn_error' where it is not associated with a value
Traceback (most recent call last):
  File "/home/asif/Desktop/unified_creek_awos/awos.py", line 1088, in sensor_reader_loop
    f"Modbus connection failed after {retries} retries. Last error: {str(conn_error)}",
                                                                         ^^^^^^^^^^
UnboundLocalError: cannot access local variable 'conn_error' where it is not associated with a value

2025-07-15 12:12:09,482 - INFO - Switched to GUI-2 (Next toggle in 5s
2025-07-15 12:12:09,581 - INFO - CSV write completed at 2025-07-15T12:12:09.581252
2025-07-15 12:12:13,680 - INFO - Attempting Modbus connection on port /dev/ttyUSB0
2025-07-15 12:12:13,680 - ERROR - Modbus connection failed
2025-07-15 12:12:13,680 - WARNING - Modbus connection failed (Attempt 1/3)
2025-07-15 12:12:14,482 - INFO - Switched to GUI-1 (Next toggle in 10s
2025-07-15 12:12:14,681 - WARNING - Modbus connection failed (Attempt 2/3)
2025-07-15 12:12:15,681 - WARNING - Modbus connection failed (Attempt 3/3)
2025-07-15 12:12:16,681 - CRITICAL - Critical error in sensor read loop: cannot access local variable 'conn_error' where it is not associated with a value
Traceback (most recent call last):
  File "/home/asif/Desktop/unified_creek_awos/awos.py", line 1088, in sensor_reader_loop
    f"Modbus connection failed after {retries} retries. Last error: {str(conn_error)}",
                                                                         ^^^^^^^^^^
UnboundLocalError: cannot access local variable 'conn_error' where it is not associated with a value

2025-07-15 12:12:21,682 - INFO - Attempting Modbus connection on port /dev/ttyUSB0
2025-07-15 12:12:21,682 - ERROR - Modbus connection failed
2025-07-15 12:12:21,682 - WARNING - Modbus connection failed (Attempt 1/3)
2025-07-15 12:12:22,683 - WARNING - Modbus connection failed (Attempt 2/3)
2025-07-15 12:12:23,683 - WARNING - Modbus connection failed (Attempt 3/3)
2025-07-15 12:12:24,483 - INFO - Switched to GUI-2 (Next toggle in 5s
2025-07-15 12:12:24,683 - CRITICAL - Critical error in sensor read loop: cannot access local variable 'conn_error' where it is not associated with a value
Traceback (most recent call last):
  File "/home/asif/Desktop/unified_creek_awos/awos.py", line 1088, in sensor_reader_loop
    f"Modbus connection failed after {retries} retries. Last error: {str(conn_error)}",
                                                                         ^^^^^^^^^^
UnboundLocalError: cannot access local variable 'conn_error' where it is not associated with a value

2025-07-15 12:12:29,483 - INFO - Switched to GUI-1 (Next toggle in 10s
2025-07-15 12:12:29,684 - INFO - Attempting Modbus connection on port /dev/ttyUSB0
2025-07-15 12:12:29,684 - ERROR - Modbus connection failed
2025-07-15 12:12:29,684 - WARNING - Modbus connection failed (Attempt 1/3)
2025-07-15 12:12:30,684 - WARNING - Modbus connection failed (Attempt 2/3)
2025-07-15 12:12:31,685 - WARNING - Modbus connection failed (Attempt 3/3)
2025-07-15 12:12:32,685 - CRITICAL - Critical error in sensor read loop: cannot access local variable 'conn_error' where it is not associated with a value
Traceback (most recent call last):
  File "/home/asif/Desktop/unified_creek_awos/awos.py", line 1088, in sensor_reader_loop
    f"Modbus connection failed after {retries} retries. Last error: {str(conn_error)}",
                                                                         ^^^^^^^^^^
UnboundLocalError: cannot access local variable 'conn_error' where it is not associated with a value

2025-07-15 12:12:37,686 - INFO - Attempting Modbus connection on port /dev/ttyUSB0
2025-07-15 12:12:37,688 - ERROR - Modbus connection failed
2025-07-15 12:12:37,688 - WARNING - Modbus connection failed (Attempt 1/3)
2025-07-15 12:12:38,688 - WARNING - Modbus connection failed (Attempt 2/3)
2025-07-15 12:12:39,483 - INFO - Switched to GUI-2 (Next toggle in 5s
2025-07-15 12:12:39,585 - INFO - CSV write completed at 2025-07-15T12:12:39.585325
2025-07-15 12:12:39,689 - WARNING - Modbus connection failed (Attempt 3/3)
2025-07-15 12:12:40,689 - CRITICAL - Critical error in sensor read loop: cannot access local variable 'conn_error' where it is not associated with a value
Traceback (most recent call last):
  File "/home/asif/Desktop/unified_creek_awos/awos.py", line 1088, in sensor_reader_loop
    f"Modbus connection failed after {retries} retries. Last error: {str(conn_error)}",
                                                                         ^^^^^^^^^^
UnboundLocalError: cannot access local variable 'conn_error' where it is not associated with a value

2025-07-15 12:12:44,484 - INFO - Switched to GUI-1 (Next toggle in 10s
2025-07-15 12:12:45,689 - INFO - Attempting Modbus connection on port /dev/ttyUSB0
2025-07-15 12:12:45,690 - ERROR - Modbus connection failed
2025-07-15 12:12:45,690 - WARNING - Modbus connection failed (Attempt 1/3)
2025-07-15 12:12:46,690 - WARNING - Modbus connection failed (Attempt 2/3)
2025-07-15 12:12:47,691 - WARNING - Modbus connection failed (Attempt 3/3)
2025-07-15 12:12:48,691 - CRITICAL - Critical error in sensor read loop: cannot access local variable 'conn_error' where it is not associated with a value
Traceback (most recent call last):
  File "/home/asif/Desktop/unified_creek_awos/awos.py", line 1088, in sensor_reader_loop
    f"Modbus connection failed after {retries} retries. Last error: {str(conn_error)}",
                                                                         ^^^^^^^^^^
UnboundLocalError: cannot access local variable 'conn_error' where it is not associated with a value

2025-07-15 12:12:53,691 - INFO - Attempting Modbus connection on port /dev/ttyUSB0
2025-07-15 12:12:53,692 - ERROR - Modbus connection failed
2025-07-15 12:12:53,692 - WARNING - Modbus connection failed (Attempt 1/3)
2025-07-15 12:12:54,484 - INFO - Switched to GUI-2 (Next toggle in 5s
2025-07-15 12:12:54,692 - WARNING - Modbus connection failed (Attempt 2/3)
2025-07-15 12:12:55,692 - WARNING - Modbus connection failed (Attempt 3/3)
2025-07-15 12:12:56,693 - CRITICAL - Critical error in sensor read loop: cannot access local variable 'conn_error' where it is not associated with a value
Traceback (most recent call last):
  File "/home/asif/Desktop/unified_creek_awos/awos.py", line 1088, in sensor_reader_loop
    f"Modbus connection failed after {retries} retries. Last error: {str(conn_error)}",
                                                                         ^^^^^^^^^^
UnboundLocalError: cannot access local variable 'conn_error' where it is not associated with a value

2025-07-15 12:12:59,484 - INFO - Switched to GUI-1 (Next toggle in 10s
2025-07-15 12:13:01,693 - INFO - Attempting Modbus connection on port /dev/ttyUSB0
2025-07-15 12:13:01,693 - ERROR - Modbus connection failed
2025-07-15 12:13:01,694 - WARNING - Modbus connection failed (Attempt 1/3)
2025-07-15 12:13:02,694 - WARNING - Modbus connection failed (Attempt 2/3)
2025-07-15 12:13:03,694 - WARNING - Modbus connection failed (Attempt 3/3)
2025-07-15 12:13:04,695 - CRITICAL - Critical error in sensor read loop: cannot access local variable 'conn_error' where it is not associated with a value
Traceback (most recent call last):
  File "/home/asif/Desktop/unified_creek_awos/awos.py", line 1088, in sensor_reader_loop
    f"Modbus connection failed after {retries} retries. Last error: {str(conn_error)}",
                                                                         ^^^^^^^^^^
UnboundLocalError: cannot access local variable 'conn_error' where it is not associated with a value

2025-07-15 12:13:09,485 - INFO - Switched to GUI-2 (Next toggle in 5s
2025-07-15 12:13:09,589 - INFO - CSV write completed at 2025-07-15T12:13:09.589278
2025-07-15 12:13:09,695 - INFO - Attempting Modbus connection on port /dev/ttyUSB0
2025-07-15 12:13:09,695 - ERROR - Modbus connection failed
2025-07-15 12:13:09,695 - WARNING - Modbus connection failed (Attempt 1/3)
2025-07-15 12:13:10,696 - WARNING - Modbus connection failed (Attempt 2/3)
2025-07-15 12:13:11,696 - WARNING - Modbus connection failed (Attempt 3/3)
2025-07-15 12:13:12,697 - CRITICAL - Critical error in sensor read loop: cannot access local variable 'conn_error' where it is not associated with a value
Traceback (most recent call last):
  File "/home/asif/Desktop/unified_creek_awos/awos.py", line 1088, in sensor_reader_loop
    f"Modbus connection failed after {retries} retries. Last error: {str(conn_error)}",
                                                                         ^^^^^^^^^^
UnboundLocalError: cannot access local variable 'conn_error' where it is not associated with a value

2025-07-15 12:13:14,485 - INFO - Switched to GUI-1 (Next toggle in 10s
2025-07-15 12:13:17,697 - INFO - Attempting Modbus connection on port /dev/ttyUSB0
2025-07-15 12:13:17,697 - ERROR - Modbus connection failed
2025-07-15 12:13:17,697 - WARNING - Modbus connection failed (Attempt 1/3)
2025-07-15 12:13:18,697 - WARNING - Modbus connection failed (Attempt 2/3)
2025-07-15 12:13:19,698 - WARNING - Modbus connection failed (Attempt 3/3)
2025-07-15 12:13:20,698 - CRITICAL - Critical error in sensor read loop: cannot access local variable 'conn_error' where it is not associated with a value
Traceback (most recent call last):
  File "/home/asif/Desktop/unified_creek_awos/awos.py", line 1088, in sensor_reader_loop
    f"Modbus connection failed after {retries} retries. Last error: {str(conn_error)}",
                                                                         ^^^^^^^^^^
UnboundLocalError: cannot access local variable 'conn_error' where it is not associated with a value

2025-07-15 12:13:24,486 - INFO - Switched to GUI-2 (Next toggle in 5s
2025-07-15 12:13:25,699 - INFO - Attempting Modbus connection on port /dev/ttyUSB0
2025-07-15 12:13:25,699 - ERROR - Modbus connection failed
2025-07-15 12:13:25,699 - WARNING - Modbus connection failed (Attempt 1/3)
2025-07-15 12:13:26,699 - WARNING - Modbus connection failed (Attempt 2/3)
2025-07-15 12:13:27,700 - WARNING - Modbus connection failed (Attempt 3/3)
2025-07-15 12:13:28,700 - CRITICAL - Critical error in sensor read loop: cannot access local variable 'conn_error' where it is not associated with a value
Traceback (most recent call last):
  File "/home/asif/Desktop/unified_creek_awos/awos.py", line 1088, in sensor_reader_loop
    f"Modbus connection failed after {retries} retries. Last error: {str(conn_error)}",
                                                                         ^^^^^^^^^^
UnboundLocalError: cannot access local variable 'conn_error' where it is not associated with a value

2025-07-15 12:13:29,486 - INFO - Switched to GUI-1 (Next toggle in 10s
2025-07-15 12:13:33,700 - INFO - Attempting Modbus connection on port /dev/ttyUSB0
2025-07-15 12:13:33,701 - ERROR - Modbus connection failed
2025-07-15 12:13:33,701 - WARNING - Modbus connection failed (Attempt 1/3)
2025-07-15 12:13:34,701 - WARNING - Modbus connection failed (Attempt 2/3)
2025-07-15 12:13:35,701 - WARNING - Modbus connection failed (Attempt 3/3)
2025-07-15 12:13:36,702 - CRITICAL - Critical error in sensor read loop: cannot access local variable 'conn_error' where it is not associated with a value
Traceback (most recent call last):
  File "/home/asif/Desktop/unified_creek_awos/awos.py", line 1088, in sensor_reader_loop
    f"Modbus connection failed after {retries} retries. Last error: {str(conn_error)}",
                                                                         ^^^^^^^^^^
UnboundLocalError: cannot access local variable 'conn_error' where it is not associated with a value

2025-07-15 12:13:39,486 - INFO - Switched to GUI-2 (Next toggle in 5s
2025-07-15 12:13:39,593 - INFO - CSV write completed at 2025-07-15T12:13:39.593456
2025-07-15 12:13:41,702 - INFO - Attempting Modbus connection on port /dev/ttyUSB0
2025-07-15 12:13:41,702 - ERROR - Modbus connection failed
2025-07-15 12:13:41,702 - WARNING - Modbus connection failed (Attempt 1/3)
2025-07-15 12:13:42,703 - WARNING - Modbus connection failed (Attempt 2/3)
2025-07-15 12:13:43,703 - WARNING - Modbus connection failed (Attempt 3/3)
2025-07-15 12:13:44,487 - INFO - Switched to GUI-1 (Next toggle in 10s
2025-07-15 12:13:44,703 - CRITICAL - Critical error in sensor read loop: cannot access local variable 'conn_error' where it is not associated with a value
Traceback (most recent call last):
  File "/home/asif/Desktop/unified_creek_awos/awos.py", line 1088, in sensor_reader_loop
    f"Modbus connection failed after {retries} retries. Last error: {str(conn_error)}",
                                                                         ^^^^^^^^^^
UnboundLocalError: cannot access local variable 'conn_error' where it is not associated with a value

2025-07-15 12:13:49,704 - INFO - Attempting Modbus connection on port /dev/ttyUSB0
2025-07-15 12:13:49,704 - ERROR - Modbus connection failed
2025-07-15 12:13:49,704 - WARNING - Modbus connection failed (Attempt 1/3)
2025-07-15 12:13:50,705 - WARNING - Modbus connection failed (Attempt 2/3)
2025-07-15 12:13:51,705 - WARNING - Modbus connection failed (Attempt 3/3)
2025-07-15 12:13:52,705 - CRITICAL - Critical error in sensor read loop: cannot access local variable 'conn_error' where it is not associated with a value
Traceback (most recent call last):
  File "/home/asif/Desktop/unified_creek_awos/awos.py", line 1088, in sensor_reader_loop
    f"Modbus connection failed after {retries} retries. Last error: {str(conn_error)}",
                                                                         ^^^^^^^^^^
UnboundLocalError: cannot access local variable 'conn_error' where it is not associated with a value

2025-07-15 12:13:54,487 - INFO - Switched to GUI-2 (Next toggle in 5s
2025-07-15 12:13:57,706 - INFO - Attempting Modbus connection on port /dev/ttyUSB0
2025-07-15 12:13:57,706 - ERROR - Modbus connection failed
2025-07-15 12:13:57,706 - WARNING - Modbus connection failed (Attempt 1/3)
2025-07-15 12:13:58,706 - WARNING - Modbus connection failed (Attempt 2/3)
2025-07-15 12:13:59,487 - INFO - Switched to GUI-1 (Next toggle in 10s
2025-07-15 12:13:59,707 - WARNING - Modbus connection failed (Attempt 3/3)
2025-07-15 12:14:00,707 - CRITICAL - Critical error in sensor read loop: cannot access local variable 'conn_error' where it is not associated with a value
Traceback (most recent call last):
  File "/home/asif/Desktop/unified_creek_awos/awos.py", line 1088, in sensor_reader_loop
    f"Modbus connection failed after {retries} retries. Last error: {str(conn_error)}",
                                                                         ^^^^^^^^^^
UnboundLocalError: cannot access local variable 'conn_error' where it is not associated with a value

2025-07-15 12:14:05,708 - INFO - Attempting Modbus connection on port /dev/ttyUSB0
2025-07-15 12:14:05,708 - ERROR - Modbus connection failed
2025-07-15 12:14:05,708 - WARNING - Modbus connection failed (Attempt 1/3)
2025-07-15 12:14:06,708 - WARNING - Modbus connection failed (Attempt 2/3)
2025-07-15 12:14:07,709 - WARNING - Modbus connection failed (Attempt 3/3)
2025-07-15 12:14:08,709 - CRITICAL - Critical error in sensor read loop: cannot access local variable 'conn_error' where it is not associated with a value
Traceback (most recent call last):
  File "/home/asif/Desktop/unified_creek_awos/awos.py", line 1088, in sensor_reader_loop
    f"Modbus connection failed after {retries} retries. Last error: {str(conn_error)}",
                                                                         ^^^^^^^^^^
UnboundLocalError: cannot access local variable 'conn_error' where it is not associated with a value

2025-07-15 12:14:09,488 - INFO - Switched to GUI-2 (Next toggle in 5s
2025-07-15 12:14:09,597 - INFO - CSV write completed at 2025-07-15T12:14:09.597214
2025-07-15 12:14:13,709 - INFO - Attempting Modbus connection on port /dev/ttyUSB0
2025-07-15 12:14:13,710 - ERROR - Modbus connection failed
2025-07-15 12:14:13,710 - WARNING - Modbus connection failed (Attempt 1/3)
2025-07-15 12:14:14,488 - INFO - Switched to GUI-1 (Next toggle in 10s
2025-07-15 12:14:14,710 - WARNING - Modbus connection failed (Attempt 2/3)
2025-07-15 12:14:15,711 - WARNING - Modbus connection failed (Attempt 3/3)
2025-07-15 12:14:16,711 - CRITICAL - Critical error in sensor read loop: cannot access local variable 'conn_error' where it is not associated with a value
Traceback (most recent call last):
  File "/home/asif/Desktop/unified_creek_awos/awos.py", line 1088, in sensor_reader_loop
    f"Modbus connection failed after {retries} retries. Last error: {str(conn_error)}",
                                                                         ^^^^^^^^^^
UnboundLocalError: cannot access local variable 'conn_error' where it is not associated with a value

2025-07-15 12:14:21,711 - INFO - Attempting Modbus connection on port /dev/ttyUSB0
2025-07-15 12:14:21,712 - ERROR - Modbus connection failed
2025-07-15 12:14:21,712 - WARNING - Modbus connection failed (Attempt 1/3)
2025-07-15 12:14:22,712 - WARNING - Modbus connection failed (Attempt 2/3)
2025-07-15 12:14:23,712 - WARNING - Modbus connection failed (Attempt 3/3)
2025-07-15 12:14:24,488 - INFO - Switched to GUI-2 (Next toggle in 5s
2025-07-15 12:14:24,713 - CRITICAL - Critical error in sensor read loop: cannot access local variable 'conn_error' where it is not associated with a value
Traceback (most recent call last):
  File "/home/asif/Desktop/unified_creek_awos/awos.py", line 1088, in sensor_reader_loop
    f"Modbus connection failed after {retries} retries. Last error: {str(conn_error)}",
                                                                         ^^^^^^^^^^
UnboundLocalError: cannot access local variable 'conn_error' where it is not associated with a value

2025-07-15 12:14:29,489 - INFO - Switched to GUI-1 (Next toggle in 10s
2025-07-15 12:14:29,713 - INFO - Attempting Modbus connection on port /dev/ttyUSB0
2025-07-15 12:14:29,713 - ERROR - Modbus connection failed
2025-07-15 12:14:29,714 - WARNING - Modbus connection failed (Attempt 1/3)
2025-07-15 12:14:30,714 - WARNING - Modbus connection failed (Attempt 2/3)
2025-07-15 12:14:31,714 - WARNING - Modbus connection failed (Attempt 3/3)
2025-07-15 12:14:32,715 - CRITICAL - Critical error in sensor read loop: cannot access local variable 'conn_error' where it is not associated with a value
Traceback (most recent call last):
  File "/home/asif/Desktop/unified_creek_awos/awos.py", line 1088, in sensor_reader_loop
    f"Modbus connection failed after {retries} retries. Last error: {str(conn_error)}",
                                                                         ^^^^^^^^^^
UnboundLocalError: cannot access local variable 'conn_error' where it is not associated with a value

2025-07-15 12:14:37,715 - INFO - Attempting Modbus connection on port /dev/ttyUSB0
2025-07-15 12:14:37,715 - ERROR - Modbus connection failed
2025-07-15 12:14:37,715 - WARNING - Modbus connection failed (Attempt 1/3)
2025-07-15 12:14:38,716 - WARNING - Modbus connection failed (Attempt 2/3)
2025-07-15 12:14:39,489 - INFO - Switched to GUI-2 (Next toggle in 5s
2025-07-15 12:14:39,601 - INFO - CSV write completed at 2025-07-15T12:14:39.601061
2025-07-15 12:14:39,716 - WARNING - Modbus connection failed (Attempt 3/3)
2025-07-15 12:14:40,716 - CRITICAL - Critical error in sensor read loop: cannot access local variable 'conn_error' where it is not associated with a value
Traceback (most recent call last):
  File "/home/asif/Desktop/unified_creek_awos/awos.py", line 1088, in sensor_reader_loop
    f"Modbus connection failed after {retries} retries. Last error: {str(conn_error)}",
                                                                         ^^^^^^^^^^
UnboundLocalError: cannot access local variable 'conn_error' where it is not associated with a value

2025-07-15 12:14:44,489 - INFO - Switched to GUI-1 (Next toggle in 10s
2025-07-15 12:14:45,717 - INFO - Attempting Modbus connection on port /dev/ttyUSB0
2025-07-15 12:14:45,717 - ERROR - Modbus connection failed
2025-07-15 12:14:45,717 - WARNING - Modbus connection failed (Attempt 1/3)
2025-07-15 12:14:46,717 - WARNING - Modbus connection failed (Attempt 2/3)
2025-07-15 12:14:47,718 - WARNING - Modbus connection failed (Attempt 3/3)
2025-07-15 12:14:48,718 - CRITICAL - Critical error in sensor read loop: cannot access local variable 'conn_error' where it is not associated with a value
Traceback (most recent call last):
  File "/home/asif/Desktop/unified_creek_awos/awos.py", line 1088, in sensor_reader_loop
    f"Modbus connection failed after {retries} retries. Last error: {str(conn_error)}",
                                                                         ^^^^^^^^^^
UnboundLocalError: cannot access local variable 'conn_error' where it is not associated with a value

2025-07-15 12:14:53,718 - INFO - Attempting Modbus connection on port /dev/ttyUSB0
2025-07-15 12:14:53,719 - ERROR - Modbus connection failed
2025-07-15 12:14:53,719 - WARNING - Modbus connection failed (Attempt 1/3)
2025-07-15 12:14:54,490 - INFO - Switched to GUI-2 (Next toggle in 5s
2025-07-15 12:14:54,719 - WARNING - Modbus connection failed (Attempt 2/3)
2025-07-15 12:14:55,720 - WARNING - Modbus connection failed (Attempt 3/3)
2025-07-15 12:14:56,720 - CRITICAL - Critical error in sensor read loop: cannot access local variable 'conn_error' where it is not associated with a value
Traceback (most recent call last):
  File "/home/asif/Desktop/unified_creek_awos/awos.py", line 1088, in sensor_reader_loop
    f"Modbus connection failed after {retries} retries. Last error: {str(conn_error)}",
                                                                         ^^^^^^^^^^
UnboundLocalError: cannot access local variable 'conn_error' where it is not associated with a value

2025-07-15 12:14:59,490 - INFO - Switched to GUI-1 (Next toggle in 10s
2025-07-15 12:15:01,720 - INFO - Attempting Modbus connection on port /dev/ttyUSB0
2025-07-15 12:15:01,721 - ERROR - Modbus connection failed
2025-07-15 12:15:01,721 - WARNING - Modbus connection failed (Attempt 1/3)
2025-07-15 12:15:02,721 - WARNING - Modbus connection failed (Attempt 2/3)
2025-07-15 12:15:03,721 - WARNING - Modbus connection failed (Attempt 3/3)
2025-07-15 12:15:04,722 - CRITICAL - Critical error in sensor read loop: cannot access local variable 'conn_error' where it is not associated with a value
Traceback (most recent call last):
  File "/home/asif/Desktop/unified_creek_awos/awos.py", line 1088, in sensor_reader_loop
    f"Modbus connection failed after {retries} retries. Last error: {str(conn_error)}",
                                                                         ^^^^^^^^^^
UnboundLocalError: cannot access local variable 'conn_error' where it is not associated with a value

2025-07-15 12:15:09,490 - INFO - Switched to GUI-2 (Next toggle in 5s
2025-07-15 12:15:09,604 - INFO - CSV write completed at 2025-07-15T12:15:09.604934
2025-07-15 12:15:09,722 - INFO - Attempting Modbus connection on port /dev/ttyUSB0
2025-07-15 12:15:09,722 - ERROR - Modbus connection failed
2025-07-15 12:15:09,722 - WARNING - Modbus connection failed (Attempt 1/3)
2025-07-15 12:15:10,723 - WARNING - Modbus connection failed (Attempt 2/3)
2025-07-15 12:15:11,723 - WARNING - Modbus connection failed (Attempt 3/3)
2025-07-15 12:15:12,723 - CRITICAL - Critical error in sensor read loop: cannot access local variable 'conn_error' where it is not associated with a value
Traceback (most recent call last):
  File "/home/asif/Desktop/unified_creek_awos/awos.py", line 1088, in sensor_reader_loop
    f"Modbus connection failed after {retries} retries. Last error: {str(conn_error)}",
                                                                         ^^^^^^^^^^
UnboundLocalError: cannot access local variable 'conn_error' where it is not associated with a value

2025-07-15 12:15:14,491 - INFO - Switched to GUI-1 (Next toggle in 10s
2025-07-15 12:15:17,724 - INFO - Attempting Modbus connection on port /dev/ttyUSB0
2025-07-15 12:15:17,724 - ERROR - Modbus connection failed
2025-07-15 12:15:17,724 - WARNING - Modbus connection failed (Attempt 1/3)
2025-07-15 12:15:18,724 - WARNING - Modbus connection failed (Attempt 2/3)
2025-07-15 12:15:19,725 - WARNING - Modbus connection failed (Attempt 3/3)
2025-07-15 12:15:20,725 - CRITICAL - Critical error in sensor read loop: cannot access local variable 'conn_error' where it is not associated with a value
Traceback (most recent call last):
  File "/home/asif/Desktop/unified_creek_awos/awos.py", line 1088, in sensor_reader_loop
    f"Modbus connection failed after {retries} retries. Last error: {str(conn_error)}",
                                                                         ^^^^^^^^^^
UnboundLocalError: cannot access local variable 'conn_error' where it is not associated with a value

2025-07-15 12:15:24,491 - INFO - Switched to GUI-2 (Next toggle in 5s
2025-07-15 12:15:25,726 - INFO - Attempting Modbus connection on port /dev/ttyUSB0
2025-07-15 12:15:25,726 - ERROR - Modbus connection failed
2025-07-15 12:15:25,726 - WARNING - Modbus connection failed (Attempt 1/3)
2025-07-15 12:15:26,726 - WARNING - Modbus connection failed (Attempt 2/3)
2025-07-15 12:15:27,727 - WARNING - Modbus connection failed (Attempt 3/3)
2025-07-15 12:15:28,727 - CRITICAL - Critical error in sensor read loop: cannot access local variable 'conn_error' where it is not associated with a value
Traceback (most recent call last):
  File "/home/asif/Desktop/unified_creek_awos/awos.py", line 1088, in sensor_reader_loop
    f"Modbus connection failed after {retries} retries. Last error: {str(conn_error)}",
                                                                         ^^^^^^^^^^
UnboundLocalError: cannot access local variable 'conn_error' where it is not associated with a value

2025-07-15 12:15:29,492 - INFO - Switched to GUI-1 (Next toggle in 10s
2025-07-15 12:15:33,727 - INFO - Attempting Modbus connection on port /dev/ttyUSB0
2025-07-15 12:15:33,728 - ERROR - Modbus connection failed
2025-07-15 12:15:33,728 - WARNING - Modbus connection failed (Attempt 1/3)
2025-07-15 12:15:34,728 - WARNING - Modbus connection failed (Attempt 2/3)
2025-07-15 12:15:35,728 - WARNING - Modbus connection failed (Attempt 3/3)
2025-07-15 12:15:36,729 - CRITICAL - Critical error in sensor read loop: cannot access local variable 'conn_error' where it is not associated with a value
Traceback (most recent call last):
  File "/home/asif/Desktop/unified_creek_awos/awos.py", line 1088, in sensor_reader_loop
    f"Modbus connection failed after {retries} retries. Last error: {str(conn_error)}",
                                                                         ^^^^^^^^^^
UnboundLocalError: cannot access local variable 'conn_error' where it is not associated with a value

2025-07-15 12:15:39,492 - INFO - Switched to GUI-2 (Next toggle in 5s
2025-07-15 12:15:39,608 - INFO - CSV write completed at 2025-07-15T12:15:39.608687
2025-07-15 12:15:41,729 - INFO - Attempting Modbus connection on port /dev/ttyUSB0
2025-07-15 12:15:41,729 - ERROR - Modbus connection failed
2025-07-15 12:15:41,730 - WARNING - Modbus connection failed (Attempt 1/3)
2025-07-15 12:15:42,730 - WARNING - Modbus connection failed (Attempt 2/3)
2025-07-15 12:15:43,730 - WARNING - Modbus connection failed (Attempt 3/3)
2025-07-15 12:15:44,492 - INFO - Switched to GUI-1 (Next toggle in 10s
2025-07-15 12:15:44,731 - CRITICAL - Critical error in sensor read loop: cannot access local variable 'conn_error' where it is not associated with a value
Traceback (most recent call last):
  File "/home/asif/Desktop/unified_creek_awos/awos.py", line 1088, in sensor_reader_loop
    f"Modbus connection failed after {retries} retries. Last error: {str(conn_error)}",
                                                                         ^^^^^^^^^^
UnboundLocalError: cannot access local variable 'conn_error' where it is not associated with a value

2025-07-15 12:15:49,731 - INFO - Attempting Modbus connection on port /dev/ttyUSB0
2025-07-15 12:15:49,731 - ERROR - Modbus connection failed
2025-07-15 12:15:49,731 - WARNING - Modbus connection failed (Attempt 1/3)
2025-07-15 12:15:50,732 - WARNING - Modbus connection failed (Attempt 2/3)
2025-07-15 12:15:51,732 - WARNING - Modbus connection failed (Attempt 3/3)
2025-07-15 12:15:52,732 - CRITICAL - Critical error in sensor read loop: cannot access local variable 'conn_error' where it is not associated with a value
Traceback (most recent call last):
  File "/home/asif/Desktop/unified_creek_awos/awos.py", line 1088, in sensor_reader_loop
    f"Modbus connection failed after {retries} retries. Last error: {str(conn_error)}",
                                                                         ^^^^^^^^^^
UnboundLocalError: cannot access local variable 'conn_error' where it is not associated with a value

2025-07-15 12:15:54,493 - INFO - Switched to GUI-2 (Next toggle in 5s
2025-07-15 12:15:57,733 - INFO - Attempting Modbus connection on port /dev/ttyUSB0
2025-07-15 12:15:57,733 - ERROR - Modbus connection failed
2025-07-15 12:15:57,733 - WARNING - Modbus connection failed (Attempt 1/3)
2025-07-15 12:15:58,734 - WARNING - Modbus connection failed (Attempt 2/3)
2025-07-15 12:15:59,493 - INFO - Switched to GUI-1 (Next toggle in 10s
2025-07-15 12:15:59,734 - WARNING - Modbus connection failed (Attempt 3/3)
2025-07-15 12:16:00,734 - CRITICAL - Critical error in sensor read loop: cannot access local variable 'conn_error' where it is not associated with a value
Traceback (most recent call last):
  File "/home/asif/Desktop/unified_creek_awos/awos.py", line 1088, in sensor_reader_loop
    f"Modbus connection failed after {retries} retries. Last error: {str(conn_error)}",
                                                                         ^^^^^^^^^^
UnboundLocalError: cannot access local variable 'conn_error' where it is not associated with a value

2025-07-15 12:16:05,735 - INFO - Attempting Modbus connection on port /dev/ttyUSB0
2025-07-15 12:16:05,735 - ERROR - Modbus connection failed
2025-07-15 12:16:05,735 - WARNING - Modbus connection failed (Attempt 1/3)
2025-07-15 12:16:06,736 - WARNING - Modbus connection failed (Attempt 2/3)
2025-07-15 12:16:07,736 - WARNING - Modbus connection failed (Attempt 3/3)
2025-07-15 12:16:08,736 - CRITICAL - Critical error in sensor read loop: cannot access local variable 'conn_error' where it is not associated with a value
Traceback (most recent call last):
  File "/home/asif/Desktop/unified_creek_awos/awos.py", line 1088, in sensor_reader_loop
    f"Modbus connection failed after {retries} retries. Last error: {str(conn_error)}",
                                                                         ^^^^^^^^^^
UnboundLocalError: cannot access local variable 'conn_error' where it is not associated with a value

2025-07-15 12:16:09,493 - INFO - Switched to GUI-2 (Next toggle in 5s
2025-07-15 12:16:09,612 - INFO - CSV write completed at 2025-07-15T12:16:09.612623
2025-07-15 12:16:13,737 - INFO - Attempting Modbus connection on port /dev/ttyUSB0
2025-07-15 12:16:13,737 - ERROR - Modbus connection failed
2025-07-15 12:16:13,737 - WARNING - Modbus connection failed (Attempt 1/3)
2025-07-15 12:16:14,494 - INFO - Switched to GUI-1 (Next toggle in 10s
2025-07-15 12:16:14,737 - WARNING - Modbus connection failed (Attempt 2/3)
2025-07-15 12:16:15,738 - WARNING - Modbus connection failed (Attempt 3/3)
2025-07-15 12:16:16,738 - CRITICAL - Critical error in sensor read loop: cannot access local variable 'conn_error' where it is not associated with a value
Traceback (most recent call last):
  File "/home/asif/Desktop/unified_creek_awos/awos.py", line 1088, in sensor_reader_loop
    f"Modbus connection failed after {retries} retries. Last error: {str(conn_error)}",
                                                                         ^^^^^^^^^^
UnboundLocalError: cannot access local variable 'conn_error' where it is not associated with a value

2025-07-15 12:16:21,738 - INFO - Attempting Modbus connection on port /dev/ttyUSB0
2025-07-15 12:16:21,739 - ERROR - Modbus connection failed
2025-07-15 12:16:21,739 - WARNING - Modbus connection failed (Attempt 1/3)
2025-07-15 12:16:22,739 - WARNING - Modbus connection failed (Attempt 2/3)
2025-07-15 12:16:23,739 - WARNING - Modbus connection failed (Attempt 3/3)
2025-07-15 12:16:24,494 - INFO - Switched to GUI-2 (Next toggle in 5s
2025-07-15 12:16:24,740 - CRITICAL - Critical error in sensor read loop: cannot access local variable 'conn_error' where it is not associated with a value
Traceback (most recent call last):
  File "/home/asif/Desktop/unified_creek_awos/awos.py", line 1088, in sensor_reader_loop
    f"Modbus connection failed after {retries} retries. Last error: {str(conn_error)}",
                                                                         ^^^^^^^^^^
UnboundLocalError: cannot access local variable 'conn_error' where it is not associated with a value

2025-07-15 12:16:29,494 - INFO - Switched to GUI-1 (Next toggle in 10s
2025-07-15 12:16:29,740 - INFO - Attempting Modbus connection on port /dev/ttyUSB0
2025-07-15 12:16:29,740 - ERROR - Modbus connection failed
2025-07-15 12:16:29,741 - WARNING - Modbus connection failed (Attempt 1/3)
2025-07-15 12:16:30,741 - WARNING - Modbus connection failed (Attempt 2/3)
2025-07-15 12:16:31,741 - WARNING - Modbus connection failed (Attempt 3/3)
2025-07-15 12:16:32,742 - CRITICAL - Critical error in sensor read loop: cannot access local variable 'conn_error' where it is not associated with a value
Traceback (most recent call last):
  File "/home/asif/Desktop/unified_creek_awos/awos.py", line 1088, in sensor_reader_loop
    f"Modbus connection failed after {retries} retries. Last error: {str(conn_error)}",
                                                                         ^^^^^^^^^^
UnboundLocalError: cannot access local variable 'conn_error' where it is not associated with a value

2025-07-15 12:16:37,742 - INFO - Attempting Modbus connection on port /dev/ttyUSB0
2025-07-15 12:16:37,742 - ERROR - Modbus connection failed
2025-07-15 12:16:37,742 - WARNING - Modbus connection failed (Attempt 1/3)
2025-07-15 12:16:38,743 - WARNING - Modbus connection failed (Attempt 2/3)
2025-07-15 12:16:39,494 - INFO - Switched to GUI-2 (Next toggle in 5s
2025-07-15 12:16:39,615 - INFO - CSV write completed at 2025-07-15T12:16:39.615900
2025-07-15 12:16:39,743 - WARNING - Modbus connection failed (Attempt 3/3)
2025-07-15 12:16:40,743 - CRITICAL - Critical error in sensor read loop: cannot access local variable 'conn_error' where it is not associated with a value
Traceback (most recent call last):
  File "/home/asif/Desktop/unified_creek_awos/awos.py", line 1088, in sensor_reader_loop
    f"Modbus connection failed after {retries} retries. Last error: {str(conn_error)}",
                                                                         ^^^^^^^^^^
UnboundLocalError: cannot access local variable 'conn_error' where it is not associated with a value

2025-07-15 12:16:44,495 - INFO - Switched to GUI-1 (Next toggle in 10s
2025-07-15 12:16:45,744 - INFO - Attempting Modbus connection on port /dev/ttyUSB0
2025-07-15 12:16:45,744 - ERROR - Modbus connection failed
2025-07-15 12:16:45,744 - WARNING - Modbus connection failed (Attempt 1/3)
2025-07-15 12:16:46,744 - WARNING - Modbus connection failed (Attempt 2/3)
2025-07-15 12:16:47,745 - WARNING - Modbus connection failed (Attempt 3/3)
2025-07-15 12:16:48,745 - CRITICAL - Critical error in sensor read loop: cannot access local variable 'conn_error' where it is not associated with a value
Traceback (most recent call last):
  File "/home/asif/Desktop/unified_creek_awos/awos.py", line 1088, in sensor_reader_loop
    f"Modbus connection failed after {retries} retries. Last error: {str(conn_error)}",
                                                                         ^^^^^^^^^^
UnboundLocalError: cannot access local variable 'conn_error' where it is not associated with a value

2025-07-15 12:16:53,745 - INFO - Attempting Modbus connection on port /dev/ttyUSB0
2025-07-15 12:16:53,746 - ERROR - Modbus connection failed
2025-07-15 12:16:53,746 - WARNING - Modbus connection failed (Attempt 1/3)
2025-07-15 12:16:54,495 - INFO - Switched to GUI-2 (Next toggle in 5s
2025-07-15 12:16:54,746 - WARNING - Modbus connection failed (Attempt 2/3)
2025-07-15 12:16:55,746 - WARNING - Modbus connection failed (Attempt 3/3)
2025-07-15 12:16:56,747 - CRITICAL - Critical error in sensor read loop: cannot access local variable 'conn_error' where it is not associated with a value
Traceback (most recent call last):
  File "/home/asif/Desktop/unified_creek_awos/awos.py", line 1088, in sensor_reader_loop
    f"Modbus connection failed after {retries} retries. Last error: {str(conn_error)}",
                                                                         ^^^^^^^^^^
UnboundLocalError: cannot access local variable 'conn_error' where it is not associated with a value

2025-07-15 12:16:59,495 - INFO - Switched to GUI-1 (Next toggle in 10s
2025-07-15 12:17:01,747 - INFO - Attempting Modbus connection on port /dev/ttyUSB0
2025-07-15 12:17:01,747 - ERROR - Modbus connection failed
2025-07-15 12:17:01,748 - WARNING - Modbus connection failed (Attempt 1/3)
2025-07-15 12:17:02,748 - WARNING - Modbus connection failed (Attempt 2/3)
2025-07-15 12:17:03,748 - WARNING - Modbus connection failed (Attempt 3/3)
2025-07-15 12:17:04,749 - CRITICAL - Critical error in sensor read loop: cannot access local variable 'conn_error' where it is not associated with a value
Traceback (most recent call last):
  File "/home/asif/Desktop/unified_creek_awos/awos.py", line 1088, in sensor_reader_loop
    f"Modbus connection failed after {retries} retries. Last error: {str(conn_error)}",
                                                                         ^^^^^^^^^^
UnboundLocalError: cannot access local variable 'conn_error' where it is not associated with a value

2025-07-15 12:17:09,496 - INFO - Switched to GUI-2 (Next toggle in 5s
2025-07-15 12:17:09,618 - INFO - CSV write completed at 2025-07-15T12:17:09.618865
2025-07-15 12:17:09,749 - INFO - Attempting Modbus connection on port /dev/ttyUSB0
2025-07-15 12:17:09,749 - ERROR - Modbus connection failed
2025-07-15 12:17:09,749 - WARNING - Modbus connection failed (Attempt 1/3)
2025-07-15 12:17:10,750 - WARNING - Modbus connection failed (Attempt 2/3)
2025-07-15 12:17:11,750 - WARNING - Modbus connection failed (Attempt 3/3)
2025-07-15 12:17:12,750 - CRITICAL - Critical error in sensor read loop: cannot access local variable 'conn_error' where it is not associated with a value
Traceback (most recent call last):
  File "/home/asif/Desktop/unified_creek_awos/awos.py", line 1088, in sensor_reader_loop
    f"Modbus connection failed after {retries} retries. Last error: {str(conn_error)}",
                                                                         ^^^^^^^^^^
UnboundLocalError: cannot access local variable 'conn_error' where it is not associated with a value

2025-07-15 12:17:14,496 - INFO - Switched to GUI-1 (Next toggle in 10s
2025-07-15 12:17:17,751 - INFO - Attempting Modbus connection on port /dev/ttyUSB0
2025-07-15 12:17:17,751 - ERROR - Modbus connection failed
2025-07-15 12:17:17,751 - WARNING - Modbus connection failed (Attempt 1/3)
2025-07-15 12:17:18,751 - WARNING - Modbus connection failed (Attempt 2/3)
2025-07-15 12:17:19,752 - WARNING - Modbus connection failed (Attempt 3/3)
2025-07-15 12:17:20,752 - CRITICAL - Critical error in sensor read loop: cannot access local variable 'conn_error' where it is not associated with a value
Traceback (most recent call last):
  File "/home/asif/Desktop/unified_creek_awos/awos.py", line 1088, in sensor_reader_loop
    f"Modbus connection failed after {retries} retries. Last error: {str(conn_error)}",
                                                                         ^^^^^^^^^^
UnboundLocalError: cannot access local variable 'conn_error' where it is not associated with a value

2025-07-15 12:17:24,496 - INFO - Switched to GUI-2 (Next toggle in 5s
2025-07-15 12:17:25,752 - INFO - Attempting Modbus connection on port /dev/ttyUSB0
2025-07-15 12:17:25,753 - ERROR - Modbus connection failed
2025-07-15 12:17:25,753 - WARNING - Modbus connection failed (Attempt 1/3)
2025-07-15 12:17:26,753 - WARNING - Modbus connection failed (Attempt 2/3)
2025-07-15 12:17:27,753 - WARNING - Modbus connection failed (Attempt 3/3)
2025-07-15 12:17:28,754 - CRITICAL - Critical error in sensor read loop: cannot access local variable 'conn_error' where it is not associated with a value
Traceback (most recent call last):
  File "/home/asif/Desktop/unified_creek_awos/awos.py", line 1088, in sensor_reader_loop
    f"Modbus connection failed after {retries} retries. Last error: {str(conn_error)}",
                                                                         ^^^^^^^^^^
UnboundLocalError: cannot access local variable 'conn_error' where it is not associated with a value

2025-07-15 12:17:29,497 - INFO - Switched to GUI-1 (Next toggle in 10s
2025-07-15 12:17:33,754 - INFO - Attempting Modbus connection on port /dev/ttyUSB0
2025-07-15 12:17:33,754 - ERROR - Modbus connection failed
2025-07-15 12:17:33,754 - WARNING - Modbus connection failed (Attempt 1/3)
2025-07-15 12:17:34,755 - WARNING - Modbus connection failed (Attempt 2/3)
2025-07-15 12:17:35,758 - WARNING - Modbus connection failed (Attempt 3/3)
2025-07-15 12:17:36,758 - CRITICAL - Critical error in sensor read loop: cannot access local variable 'conn_error' where it is not associated with a value
Traceback (most recent call last):
  File "/home/asif/Desktop/unified_creek_awos/awos.py", line 1088, in sensor_reader_loop
    f"Modbus connection failed after {retries} retries. Last error: {str(conn_error)}",
                                                                         ^^^^^^^^^^
UnboundLocalError: cannot access local variable 'conn_error' where it is not associated with a value

2025-07-15 12:17:39,499 - INFO - Switched to GUI-2 (Next toggle in 5s
2025-07-15 12:17:39,621 - INFO - CSV write completed at 2025-07-15T12:17:39.621731
2025-07-15 12:17:41,758 - INFO - Attempting Modbus connection on port /dev/ttyUSB0
2025-07-15 12:17:41,759 - ERROR - Modbus connection failed
2025-07-15 12:17:41,759 - WARNING - Modbus connection failed (Attempt 1/3)
2025-07-15 12:17:42,759 - WARNING - Modbus connection failed (Attempt 2/3)
2025-07-15 12:17:43,759 - WARNING - Modbus connection failed (Attempt 3/3)
2025-07-15 12:17:44,500 - INFO - Switched to GUI-1 (Next toggle in 10s
2025-07-15 12:17:44,760 - CRITICAL - Critical error in sensor read loop: cannot access local variable 'conn_error' where it is not associated with a value
Traceback (most recent call last):
  File "/home/asif/Desktop/unified_creek_awos/awos.py", line 1088, in sensor_reader_loop
    f"Modbus connection failed after {retries} retries. Last error: {str(conn_error)}",
                                                                         ^^^^^^^^^^
UnboundLocalError: cannot access local variable 'conn_error' where it is not associated with a value

2025-07-15 12:17:49,760 - INFO - Attempting Modbus connection on port /dev/ttyUSB0
2025-07-15 12:17:49,760 - ERROR - Modbus connection failed
2025-07-15 12:17:49,760 - WARNING - Modbus connection failed (Attempt 1/3)
2025-07-15 12:17:50,761 - WARNING - Modbus connection failed (Attempt 2/3)
2025-07-15 12:17:51,761 - WARNING - Modbus connection failed (Attempt 3/3)
2025-07-15 12:17:52,762 - CRITICAL - Critical error in sensor read loop: cannot access local variable 'conn_error' where it is not associated with a value
Traceback (most recent call last):
  File "/home/asif/Desktop/unified_creek_awos/awos.py", line 1088, in sensor_reader_loop
    f"Modbus connection failed after {retries} retries. Last error: {str(conn_error)}",
                                                                         ^^^^^^^^^^
UnboundLocalError: cannot access local variable 'conn_error' where it is not associated with a value

2025-07-15 12:17:54,500 - INFO - Switched to GUI-2 (Next toggle in 5s
2025-07-15 12:17:57,762 - INFO - Attempting Modbus connection on port /dev/ttyUSB0
2025-07-15 12:17:57,762 - ERROR - Modbus connection failed
2025-07-15 12:17:57,762 - WARNING - Modbus connection failed (Attempt 1/3)
2025-07-15 12:17:58,762 - WARNING - Modbus connection failed (Attempt 2/3)
2025-07-15 12:17:59,500 - INFO - Switched to GUI-1 (Next toggle in 10s
2025-07-15 12:17:59,763 - WARNING - Modbus connection failed (Attempt 3/3)
2025-07-15 12:18:00,763 - CRITICAL - Critical error in sensor read loop: cannot access local variable 'conn_error' where it is not associated with a value
Traceback (most recent call last):
  File "/home/asif/Desktop/unified_creek_awos/awos.py", line 1088, in sensor_reader_loop
    f"Modbus connection failed after {retries} retries. Last error: {str(conn_error)}",
                                                                         ^^^^^^^^^^
UnboundLocalError: cannot access local variable 'conn_error' where it is not associated with a value

2025-07-15 12:18:05,763 - INFO - Attempting Modbus connection on port /dev/ttyUSB0
2025-07-15 12:18:05,764 - ERROR - Modbus connection failed
2025-07-15 12:18:05,764 - WARNING - Modbus connection failed (Attempt 1/3)
2025-07-15 12:18:06,764 - WARNING - Modbus connection failed (Attempt 2/3)
2025-07-15 12:18:07,764 - WARNING - Modbus connection failed (Attempt 3/3)
2025-07-15 12:18:08,765 - CRITICAL - Critical error in sensor read loop: cannot access local variable 'conn_error' where it is not associated with a value
Traceback (most recent call last):
  File "/home/asif/Desktop/unified_creek_awos/awos.py", line 1088, in sensor_reader_loop
    f"Modbus connection failed after {retries} retries. Last error: {str(conn_error)}",
                                                                         ^^^^^^^^^^
UnboundLocalError: cannot access local variable 'conn_error' where it is not associated with a value

2025-07-15 12:18:09,501 - INFO - Switched to GUI-2 (Next toggle in 5s
2025-07-15 12:18:09,624 - INFO - CSV write completed at 2025-07-15T12:18:09.624588
2025-07-15 12:18:13,765 - INFO - Attempting Modbus connection on port /dev/ttyUSB0
2025-07-15 12:18:13,765 - ERROR - Modbus connection failed
2025-07-15 12:18:13,766 - WARNING - Modbus connection failed (Attempt 1/3)
2025-07-15 12:18:14,501 - INFO - Switched to GUI-1 (Next toggle in 10s
2025-07-15 12:18:14,766 - WARNING - Modbus connection failed (Attempt 2/3)
2025-07-15 12:18:15,766 - WARNING - Modbus connection failed (Attempt 3/3)
2025-07-15 12:18:16,767 - CRITICAL - Critical error in sensor read loop: cannot access local variable 'conn_error' where it is not associated with a value
Traceback (most recent call last):
  File "/home/asif/Desktop/unified_creek_awos/awos.py", line 1088, in sensor_reader_loop
    f"Modbus connection failed after {retries} retries. Last error: {str(conn_error)}",
                                                                         ^^^^^^^^^^
UnboundLocalError: cannot access local variable 'conn_error' where it is not associated with a value

2025-07-15 12:18:21,767 - INFO - Attempting Modbus connection on port /dev/ttyUSB0
2025-07-15 12:18:21,767 - ERROR - Modbus connection failed
2025-07-15 12:18:21,767 - WARNING - Modbus connection failed (Attempt 1/3)
2025-07-15 12:18:22,767 - WARNING - Modbus connection failed (Attempt 2/3)
2025-07-15 12:18:23,768 - WARNING - Modbus connection failed (Attempt 3/3)
2025-07-15 12:18:24,501 - INFO - Switched to GUI-2 (Next toggle in 5s
2025-07-15 12:18:24,768 - CRITICAL - Critical error in sensor read loop: cannot access local variable 'conn_error' where it is not associated with a value
Traceback (most recent call last):
  File "/home/asif/Desktop/unified_creek_awos/awos.py", line 1088, in sensor_reader_loop
    f"Modbus connection failed after {retries} retries. Last error: {str(conn_error)}",
                                                                         ^^^^^^^^^^
UnboundLocalError: cannot access local variable 'conn_error' where it is not associated with a value

2025-07-15 12:18:29,501 - INFO - Switched to GUI-1 (Next toggle in 10s
2025-07-15 12:18:29,768 - INFO - Attempting Modbus connection on port /dev/ttyUSB0
2025-07-15 12:18:29,769 - ERROR - Modbus connection failed
2025-07-15 12:18:29,769 - WARNING - Modbus connection failed (Attempt 1/3)
2025-07-15 12:18:30,769 - WARNING - Modbus connection failed (Attempt 2/3)
2025-07-15 12:18:31,769 - WARNING - Modbus connection failed (Attempt 3/3)
2025-07-15 12:18:32,770 - CRITICAL - Critical error in sensor read loop: cannot access local variable 'conn_error' where it is not associated with a value
Traceback (most recent call last):
  File "/home/asif/Desktop/unified_creek_awos/awos.py", line 1088, in sensor_reader_loop
    f"Modbus connection failed after {retries} retries. Last error: {str(conn_error)}",
                                                                         ^^^^^^^^^^
UnboundLocalError: cannot access local variable 'conn_error' where it is not associated with a value

2025-07-15 12:18:37,770 - INFO - Attempting Modbus connection on port /dev/ttyUSB0
2025-07-15 12:18:37,771 - ERROR - Modbus connection failed
2025-07-15 12:18:37,771 - WARNING - Modbus connection failed (Attempt 1/3)
2025-07-15 12:18:38,771 - WARNING - Modbus connection failed (Attempt 2/3)
2025-07-15 12:18:39,502 - INFO - Switched to GUI-2 (Next toggle in 5s
2025-07-15 12:18:39,627 - INFO - CSV write completed at 2025-07-15T12:18:39.627407
2025-07-15 12:18:39,771 - WARNING - Modbus connection failed (Attempt 3/3)
2025-07-15 12:18:40,772 - CRITICAL - Critical error in sensor read loop: cannot access local variable 'conn_error' where it is not associated with a value
Traceback (most recent call last):
  File "/home/asif/Desktop/unified_creek_awos/awos.py", line 1088, in sensor_reader_loop
    f"Modbus connection failed after {retries} retries. Last error: {str(conn_error)}",
                                                                         ^^^^^^^^^^
UnboundLocalError: cannot access local variable 'conn_error' where it is not associated with a value

2025-07-15 12:18:44,502 - INFO - Switched to GUI-1 (Next toggle in 10s
2025-07-15 12:18:45,772 - INFO - Attempting Modbus connection on port /dev/ttyUSB0
2025-07-15 12:18:45,772 - ERROR - Modbus connection failed
2025-07-15 12:18:45,772 - WARNING - Modbus connection failed (Attempt 1/3)
2025-07-15 12:18:46,773 - WARNING - Modbus connection failed (Attempt 2/3)
2025-07-15 12:18:47,773 - WARNING - Modbus connection failed (Attempt 3/3)
2025-07-15 12:18:48,773 - CRITICAL - Critical error in sensor read loop: cannot access local variable 'conn_error' where it is not associated with a value
Traceback (most recent call last):
  File "/home/asif/Desktop/unified_creek_awos/awos.py", line 1088, in sensor_reader_loop
    f"Modbus connection failed after {retries} retries. Last error: {str(conn_error)}",
                                                                         ^^^^^^^^^^
UnboundLocalError: cannot access local variable 'conn_error' where it is not associated with a value

2025-07-15 12:18:53,774 - INFO - Attempting Modbus connection on port /dev/ttyUSB0
2025-07-15 12:18:53,774 - ERROR - Modbus connection failed
2025-07-15 12:18:53,774 - WARNING - Modbus connection failed (Attempt 1/3)
2025-07-15 12:18:54,502 - INFO - Switched to GUI-2 (Next toggle in 5s
2025-07-15 12:18:54,774 - WARNING - Modbus connection failed (Attempt 2/3)
2025-07-15 12:18:55,775 - WARNING - Modbus connection failed (Attempt 3/3)
2025-07-15 12:18:56,775 - CRITICAL - Critical error in sensor read loop: cannot access local variable 'conn_error' where it is not associated with a value
Traceback (most recent call last):
  File "/home/asif/Desktop/unified_creek_awos/awos.py", line 1088, in sensor_reader_loop
    f"Modbus connection failed after {retries} retries. Last error: {str(conn_error)}",
                                                                         ^^^^^^^^^^
UnboundLocalError: cannot access local variable 'conn_error' where it is not associated with a value

2025-07-15 12:18:59,503 - INFO - Switched to GUI-1 (Next toggle in 10s
2025-07-15 12:19:01,775 - INFO - Attempting Modbus connection on port /dev/ttyUSB0
2025-07-15 12:19:01,776 - ERROR - Modbus connection failed
2025-07-15 12:19:01,776 - WARNING - Modbus connection failed (Attempt 1/3)
2025-07-15 12:19:02,776 - WARNING - Modbus connection failed (Attempt 2/3)
2025-07-15 12:19:03,776 - WARNING - Modbus connection failed (Attempt 3/3)
2025-07-15 12:19:04,777 - CRITICAL - Critical error in sensor read loop: cannot access local variable 'conn_error' where it is not associated with a value
Traceback (most recent call last):
  File "/home/asif/Desktop/unified_creek_awos/awos.py", line 1088, in sensor_reader_loop
    f"Modbus connection failed after {retries} retries. Last error: {str(conn_error)}",
                                                                         ^^^^^^^^^^
UnboundLocalError: cannot access local variable 'conn_error' where it is not associated with a value

2025-07-15 12:19:09,503 - INFO - Switched to GUI-2 (Next toggle in 5s
2025-07-15 12:19:09,630 - INFO - CSV write completed at 2025-07-15T12:19:09.630085
2025-07-15 12:19:09,777 - INFO - Attempting Modbus connection on port /dev/ttyUSB0
2025-07-15 12:19:09,777 - ERROR - Modbus connection failed
2025-07-15 12:19:09,777 - WARNING - Modbus connection failed (Attempt 1/3)
2025-07-15 12:19:10,778 - WARNING - Modbus connection failed (Attempt 2/3)
2025-07-15 12:19:11,778 - WARNING - Modbus connection failed (Attempt 3/3)
2025-07-15 12:19:12,778 - CRITICAL - Critical error in sensor read loop: cannot access local variable 'conn_error' where it is not associated with a value
Traceback (most recent call last):
  File "/home/asif/Desktop/unified_creek_awos/awos.py", line 1088, in sensor_reader_loop
    f"Modbus connection failed after {retries} retries. Last error: {str(conn_error)}",
                                                                         ^^^^^^^^^^
UnboundLocalError: cannot access local variable 'conn_error' where it is not associated with a value

2025-07-15 12:19:14,503 - INFO - Switched to GUI-1 (Next toggle in 10s
2025-07-15 12:19:17,779 - INFO - Attempting Modbus connection on port /dev/ttyUSB0
2025-07-15 12:19:17,779 - ERROR - Modbus connection failed
2025-07-15 12:19:17,779 - WARNING - Modbus connection failed (Attempt 1/3)
2025-07-15 12:19:18,779 - WARNING - Modbus connection failed (Attempt 2/3)
2025-07-15 12:19:19,780 - WARNING - Modbus connection failed (Attempt 3/3)
2025-07-15 12:19:20,780 - CRITICAL - Critical error in sensor read loop: cannot access local variable 'conn_error' where it is not associated with a value
Traceback (most recent call last):
  File "/home/asif/Desktop/unified_creek_awos/awos.py", line 1088, in sensor_reader_loop
    f"Modbus connection failed after {retries} retries. Last error: {str(conn_error)}",
                                                                         ^^^^^^^^^^
UnboundLocalError: cannot access local variable 'conn_error' where it is not associated with a value

2025-07-15 12:19:24,504 - INFO - Switched to GUI-2 (Next toggle in 5s
2025-07-15 12:19:25,780 - INFO - Attempting Modbus connection on port /dev/ttyUSB0
2025-07-15 12:19:25,781 - ERROR - Modbus connection failed
2025-07-15 12:19:25,781 - WARNING - Modbus connection failed (Attempt 1/3)
2025-07-15 12:19:26,781 - WARNING - Modbus connection failed (Attempt 2/3)
2025-07-15 12:19:27,781 - WARNING - Modbus connection failed (Attempt 3/3)
2025-07-15 12:19:28,782 - CRITICAL - Critical error in sensor read loop: cannot access local variable 'conn_error' where it is not associated with a value
Traceback (most recent call last):
  File "/home/asif/Desktop/unified_creek_awos/awos.py", line 1088, in sensor_reader_loop
    f"Modbus connection failed after {retries} retries. Last error: {str(conn_error)}",
                                                                         ^^^^^^^^^^
UnboundLocalError: cannot access local variable 'conn_error' where it is not associated with a value

2025-07-15 12:19:29,504 - INFO - Switched to GUI-1 (Next toggle in 10s
2025-07-15 12:19:33,782 - INFO - Attempting Modbus connection on port /dev/ttyUSB0
2025-07-15 12:19:33,782 - ERROR - Modbus connection failed
2025-07-15 12:19:33,782 - WARNING - Modbus connection failed (Attempt 1/3)
2025-07-15 12:19:34,783 - WARNING - Modbus connection failed (Attempt 2/3)
2025-07-15 12:19:35,783 - WARNING - Modbus connection failed (Attempt 3/3)
2025-07-15 12:19:36,783 - CRITICAL - Critical error in sensor read loop: cannot access local variable 'conn_error' where it is not associated with a value
Traceback (most recent call last):
  File "/home/asif/Desktop/unified_creek_awos/awos.py", line 1088, in sensor_reader_loop
    f"Modbus connection failed after {retries} retries. Last error: {str(conn_error)}",
                                                                         ^^^^^^^^^^
UnboundLocalError: cannot access local variable 'conn_error' where it is not associated with a value

2025-07-15 12:19:39,504 - INFO - Switched to GUI-2 (Next toggle in 5s
2025-07-15 12:19:39,632 - INFO - CSV write completed at 2025-07-15T12:19:39.632581
2025-07-15 12:19:41,783 - INFO - Attempting Modbus connection on port /dev/ttyUSB0
2025-07-15 12:19:41,784 - ERROR - Modbus connection failed
2025-07-15 12:19:41,784 - WARNING - Modbus connection failed (Attempt 1/3)
2025-07-15 12:19:42,784 - WARNING - Modbus connection failed (Attempt 2/3)
2025-07-15 12:19:43,785 - WARNING - Modbus connection failed (Attempt 3/3)
2025-07-15 12:19:44,508 - INFO - Switched to GUI-1 (Next toggle in 10s
2025-07-15 12:19:44,785 - CRITICAL - Critical error in sensor read loop: cannot access local variable 'conn_error' where it is not associated with a value
Traceback (most recent call last):
  File "/home/asif/Desktop/unified_creek_awos/awos.py", line 1088, in sensor_reader_loop
    f"Modbus connection failed after {retries} retries. Last error: {str(conn_error)}",
                                                                         ^^^^^^^^^^
UnboundLocalError: cannot access local variable 'conn_error' where it is not associated with a value

2025-07-15 12:19:49,785 - INFO - Attempting Modbus connection on port /dev/ttyUSB0
2025-07-15 12:19:49,788 - ERROR - Modbus connection failed
2025-07-15 12:19:49,788 - WARNING - Modbus connection failed (Attempt 1/3)
2025-07-15 12:19:50,788 - WARNING - Modbus connection failed (Attempt 2/3)
2025-07-15 12:19:51,788 - WARNING - Modbus connection failed (Attempt 3/3)
2025-07-15 12:19:52,789 - CRITICAL - Critical error in sensor read loop: cannot access local variable 'conn_error' where it is not associated with a value
Traceback (most recent call last):
  File "/home/asif/Desktop/unified_creek_awos/awos.py", line 1088, in sensor_reader_loop
    f"Modbus connection failed after {retries} retries. Last error: {str(conn_error)}",
                                                                         ^^^^^^^^^^
UnboundLocalError: cannot access local variable 'conn_error' where it is not associated with a value

2025-07-15 12:19:54,508 - INFO - Switched to GUI-2 (Next toggle in 5s
2025-07-15 12:19:57,789 - INFO - Attempting Modbus connection on port /dev/ttyUSB0
2025-07-15 12:19:57,789 - ERROR - Modbus connection failed
2025-07-15 12:19:57,790 - WARNING - Modbus connection failed (Attempt 1/3)
2025-07-15 12:19:58,790 - WARNING - Modbus connection failed (Attempt 2/3)
2025-07-15 12:19:59,509 - INFO - Switched to GUI-1 (Next toggle in 10s
2025-07-15 12:19:59,790 - WARNING - Modbus connection failed (Attempt 3/3)
2025-07-15 12:20:00,791 - CRITICAL - Critical error in sensor read loop: cannot access local variable 'conn_error' where it is not associated with a value
Traceback (most recent call last):
  File "/home/asif/Desktop/unified_creek_awos/awos.py", line 1088, in sensor_reader_loop
    f"Modbus connection failed after {retries} retries. Last error: {str(conn_error)}",
                                                                         ^^^^^^^^^^
UnboundLocalError: cannot access local variable 'conn_error' where it is not associated with a value

2025-07-15 12:20:05,791 - INFO - Attempting Modbus connection on port /dev/ttyUSB0
2025-07-15 12:20:05,791 - ERROR - Modbus connection failed
2025-07-15 12:20:05,791 - WARNING - Modbus connection failed (Attempt 1/3)
2025-07-15 12:20:06,792 - WARNING - Modbus connection failed (Attempt 2/3)
2025-07-15 12:20:07,792 - WARNING - Modbus connection failed (Attempt 3/3)
2025-07-15 12:20:08,792 - CRITICAL - Critical error in sensor read loop: cannot access local variable 'conn_error' where it is not associated with a value
Traceback (most recent call last):
  File "/home/asif/Desktop/unified_creek_awos/awos.py", line 1088, in sensor_reader_loop
    f"Modbus connection failed after {retries} retries. Last error: {str(conn_error)}",
                                                                         ^^^^^^^^^^
UnboundLocalError: cannot access local variable 'conn_error' where it is not associated with a value

2025-07-15 12:20:09,509 - INFO - Switched to GUI-2 (Next toggle in 5s
2025-07-15 12:20:09,635 - INFO - CSV write completed at 2025-07-15T12:20:09.635545
2025-07-15 12:20:13,793 - INFO - Attempting Modbus connection on port /dev/ttyUSB0
2025-07-15 12:20:13,793 - ERROR - Modbus connection failed
2025-07-15 12:20:13,793 - WARNING - Modbus connection failed (Attempt 1/3)
2025-07-15 12:20:14,509 - INFO - Switched to GUI-1 (Next toggle in 10s
2025-07-15 12:20:14,794 - WARNING - Modbus connection failed (Attempt 2/3)
2025-07-15 12:20:15,794 - WARNING - Modbus connection failed (Attempt 3/3)
2025-07-15 12:20:16,794 - CRITICAL - Critical error in sensor read loop: cannot access local variable 'conn_error' where it is not associated with a value
Traceback (most recent call last):
  File "/home/asif/Desktop/unified_creek_awos/awos.py", line 1088, in sensor_reader_loop
    f"Modbus connection failed after {retries} retries. Last error: {str(conn_error)}",
                                                                         ^^^^^^^^^^
UnboundLocalError: cannot access local variable 'conn_error' where it is not associated with a value

2025-07-15 12:20:21,795 - INFO - Attempting Modbus connection on port /dev/ttyUSB0
2025-07-15 12:20:21,795 - ERROR - Modbus connection failed
2025-07-15 12:20:21,795 - WARNING - Modbus connection failed (Attempt 1/3)
2025-07-15 12:20:22,795 - WARNING - Modbus connection failed (Attempt 2/3)
2025-07-15 12:20:23,796 - WARNING - Modbus connection failed (Attempt 3/3)
2025-07-15 12:20:24,510 - INFO - Switched to GUI-2 (Next toggle in 5s
2025-07-15 12:20:24,796 - CRITICAL - Critical error in sensor read loop: cannot access local variable 'conn_error' where it is not associated with a value
Traceback (most recent call last):
  File "/home/asif/Desktop/unified_creek_awos/awos.py", line 1088, in sensor_reader_loop
    f"Modbus connection failed after {retries} retries. Last error: {str(conn_error)}",
                                                                         ^^^^^^^^^^
UnboundLocalError: cannot access local variable 'conn_error' where it is not associated with a value

2025-07-15 12:20:29,510 - INFO - Switched to GUI-1 (Next toggle in 10s
2025-07-15 12:20:29,796 - INFO - Attempting Modbus connection on port /dev/ttyUSB0
2025-07-15 12:20:29,797 - ERROR - Modbus connection failed
2025-07-15 12:20:29,797 - WARNING - Modbus connection failed (Attempt 1/3)
2025-07-15 12:20:30,797 - WARNING - Modbus connection failed (Attempt 2/3)
2025-07-15 12:20:31,798 - WARNING - Modbus connection failed (Attempt 3/3)
2025-07-15 12:20:32,798 - CRITICAL - Critical error in sensor read loop: cannot access local variable 'conn_error' where it is not associated with a value
Traceback (most recent call last):
  File "/home/asif/Desktop/unified_creek_awos/awos.py", line 1088, in sensor_reader_loop
    f"Modbus connection failed after {retries} retries. Last error: {str(conn_error)}",
                                                                         ^^^^^^^^^^
UnboundLocalError: cannot access local variable 'conn_error' where it is not associated with a value

2025-07-15 12:20:37,798 - INFO - Attempting Modbus connection on port /dev/ttyUSB0
2025-07-15 12:20:37,799 - ERROR - Modbus connection failed
2025-07-15 12:20:37,799 - WARNING - Modbus connection failed (Attempt 1/3)
2025-07-15 12:20:38,799 - WARNING - Modbus connection failed (Attempt 2/3)
2025-07-15 12:20:39,510 - INFO - Switched to GUI-2 (Next toggle in 5s
2025-07-15 12:20:39,638 - INFO - CSV write completed at 2025-07-15T12:20:39.638736
2025-07-15 12:20:39,799 - WARNING - Modbus connection failed (Attempt 3/3)
2025-07-15 12:20:40,800 - CRITICAL - Critical error in sensor read loop: cannot access local variable 'conn_error' where it is not associated with a value
Traceback (most recent call last):
  File "/home/asif/Desktop/unified_creek_awos/awos.py", line 1088, in sensor_reader_loop
    f"Modbus connection failed after {retries} retries. Last error: {str(conn_error)}",
                                                                         ^^^^^^^^^^
UnboundLocalError: cannot access local variable 'conn_error' where it is not associated with a value

2025-07-15 12:20:44,511 - INFO - Switched to GUI-1 (Next toggle in 10s
2025-07-15 12:20:44,646 - INFO - Shutting down weather station system
2025-07-15 12:20:45,800 - INFO - Attempting Modbus connection on port /dev/ttyUSB0
2025-07-15 12:20:45,800 - ERROR - Modbus connection failed
2025-07-15 12:20:45,800 - INFO - Cleanup completed, exiting application
2025-07-15 12:21:12,437 - INFO - Starting initialization...
2025-07-15 12:21:20,293 - INFO - Attempting Modbus connection on port /dev/ttyUSB0
2025-07-15 12:21:20,306 - INFO - Modbus connection successful
2025-07-15 12:21:20,307 - INFO - Modbus connection successful (Attempt 1/3)
2025-07-15 12:21:20,307 - INFO - CSV writer thread started. Output directory: /home/asif/Desktop/unified_creek_awos/csv_data
2025-07-15 12:21:20,313 - INFO - Switched to GUI-2 (Next toggle in 5s
2025-07-15 12:21:25,319 - INFO - Switched to GUI-1 (Next toggle in 10s
2025-07-15 12:21:28,316 - ERROR - Environment sensor error: Modbus Error: [Input/Output] No response received after 3 retries, continue with next request
2025-07-15 12:21:28,316 - INFO - environment read successfully in 8.01s: {'temperature': None, 'humidity': None, 'pressure': None}
2025-07-15 12:21:35,319 - INFO - Switched to GUI-2 (Next toggle in 5s
2025-07-15 12:21:36,327 - ERROR - UV sensor error: Modbus Error: [Input/Output] No response received after 3 retries, continue with next request
2025-07-15 12:21:36,327 - INFO - uv read successfully in 8.01s: {'uv_index': 0.0}
2025-07-15 12:21:36,397 - INFO - aqi read successfully in 0.07s: {'co2': nan, 'pm2_5': 37.3, 'pm10': 221.7, 'carbon_monoxide': 228.0, 'nitrogen_dioxide': 8.2, 'sulphur_dioxide': 11.9, 'ozone': 107.0}
2025-07-15 12:21:40,300 - ERROR - Wind speed error: [Errno 5] Input/output error
2025-07-15 12:21:40,301 - INFO - wind_speed read successfully in 3.90s: {'wind_speed': 0.0}
2025-07-15 12:21:40,301 - ERROR - Wind direction error: [Errno 5] Input/output error
2025-07-15 12:21:40,301 - WARNING - No valid data returned from wind_direction (took 0.00s)
2025-07-15 12:21:40,301 - ERROR - Rainfall sensor error: [Errno 5] Input/output error
2025-07-15 12:21:40,301 - WARNING - No valid data returned from rainfall (took 0.00s)
2025-07-15 12:21:40,301 - INFO - Read cycle complete. Successful: 4, Errors: 2
2025-07-15 12:21:40,301 - INFO - Current sensor data: {'timestamp': '2025-07-15T12:21:20.307358', 'temperature': None, 'humidity': None, 'pressure': None, 'uv_index': 0.0, 'co2': nan, 'pm2_5': 37.3, 'pm10': 221.7, 'carbon_monoxide': 228.0, 'nitrogen_dioxide': 8.2, 'sulphur_dioxide': 11.9, 'ozone': 107.0, 'wind_speed': 0.0}
2025-07-15 12:21:40,340 - INFO - Switched to GUI-1 (Next toggle in 10s
2025-07-15 12:21:42,301 - INFO - Modbus connection successful (Attempt 1/3)
2025-07-15 12:21:42,301 - ERROR - Environment sensor error: [Errno 5] Input/output error
2025-07-15 12:21:42,301 - INFO - environment read successfully in 0.00s: {'temperature': None, 'humidity': None, 'pressure': None}
2025-07-15 12:21:42,301 - ERROR - UV sensor error: [Errno 5] Input/output error
2025-07-15 12:21:42,301 - INFO - uv read successfully in 0.00s: {'uv_index': 0.0}
2025-07-15 12:21:42,347 - INFO - aqi read successfully in 0.05s: {'co2': nan, 'pm2_5': 37.3, 'pm10': 221.7, 'carbon_monoxide': 228.0, 'nitrogen_dioxide': 8.2, 'sulphur_dioxide': 11.9, 'ozone': 107.0}
2025-07-15 12:21:42,347 - ERROR - Wind speed error: [Errno 5] Input/output error
2025-07-15 12:21:42,347 - INFO - wind_speed read successfully in 0.00s: {'wind_speed': 0.0}
2025-07-15 12:21:42,347 - ERROR - Wind direction error: [Errno 5] Input/output error
2025-07-15 12:21:42,347 - WARNING - No valid data returned from wind_direction (took 0.00s)
2025-07-15 12:21:42,347 - ERROR - Rainfall sensor error: [Errno 5] Input/output error
2025-07-15 12:21:42,347 - WARNING - No valid data returned from rainfall (took 0.00s)
2025-07-15 12:21:42,347 - INFO - Read cycle complete. Successful: 4, Errors: 2
2025-07-15 12:21:42,347 - INFO - Current sensor data: {'timestamp': '2025-07-15T12:21:42.301481', 'temperature': None, 'humidity': None, 'pressure': None, 'uv_index': 0.0, 'co2': nan, 'pm2_5': 37.3, 'pm10': 221.7, 'carbon_monoxide': 228.0, 'nitrogen_dioxide': 8.2, 'sulphur_dioxide': 11.9, 'ozone': 107.0, 'wind_speed': 0.0}
2025-07-15 12:21:44,348 - INFO - Modbus connection successful (Attempt 1/3)
2025-07-15 12:21:44,348 - ERROR - Environment sensor error: [Errno 5] Input/output error
2025-07-15 12:21:44,348 - INFO - environment read successfully in 0.00s: {'temperature': None, 'humidity': None, 'pressure': None}
2025-07-15 12:21:44,348 - ERROR - UV sensor error: [Errno 5] Input/output error
2025-07-15 12:21:44,348 - INFO - uv read successfully in 0.00s: {'uv_index': 0.0}
2025-07-15 12:21:44,394 - INFO - aqi read successfully in 0.05s: {'co2': nan, 'pm2_5': 37.3, 'pm10': 221.7, 'carbon_monoxide': 228.0, 'nitrogen_dioxide': 8.2, 'sulphur_dioxide': 11.9, 'ozone': 107.0}
2025-07-15 12:21:44,394 - ERROR - Wind speed error: [Errno 5] Input/output error
2025-07-15 12:21:44,394 - INFO - wind_speed read successfully in 0.00s: {'wind_speed': 0.0}
2025-07-15 12:21:44,394 - ERROR - Wind direction error: [Errno 5] Input/output error
2025-07-15 12:21:44,394 - WARNING - No valid data returned from wind_direction (took 0.00s)
2025-07-15 12:21:44,394 - ERROR - Rainfall sensor error: [Errno 5] Input/output error
2025-07-15 12:21:44,394 - WARNING - No valid data returned from rainfall (took 0.00s)
2025-07-15 12:21:44,394 - INFO - Read cycle complete. Successful: 4, Errors: 2
2025-07-15 12:21:44,394 - INFO - Current sensor data: {'timestamp': '2025-07-15T12:21:44.348412', 'temperature': None, 'humidity': None, 'pressure': None, 'uv_index': 0.0, 'co2': nan, 'pm2_5': 37.3, 'pm10': 221.7, 'carbon_monoxide': 228.0, 'nitrogen_dioxide': 8.2, 'sulphur_dioxide': 11.9, 'ozone': 107.0, 'wind_speed': 0.0}
2025-07-15 12:21:46,394 - INFO - Modbus connection successful (Attempt 1/3)
2025-07-15 12:21:46,395 - ERROR - Environment sensor error: [Errno 5] Input/output error
2025-07-15 12:21:46,395 - INFO - environment read successfully in 0.00s: {'temperature': None, 'humidity': None, 'pressure': None}
2025-07-15 12:21:46,395 - ERROR - UV sensor error: [Errno 5] Input/output error
2025-07-15 12:21:46,395 - INFO - uv read successfully in 0.00s: {'uv_index': 0.0}
2025-07-15 12:21:46,439 - INFO - aqi read successfully in 0.04s: {'co2': nan, 'pm2_5': 37.3, 'pm10': 221.7, 'carbon_monoxide': 228.0, 'nitrogen_dioxide': 8.2, 'sulphur_dioxide': 11.9, 'ozone': 107.0}
2025-07-15 12:21:46,439 - ERROR - Wind speed error: [Errno 5] Input/output error
2025-07-15 12:21:46,439 - INFO - wind_speed read successfully in 0.00s: {'wind_speed': 0.0}
2025-07-15 12:21:46,439 - ERROR - Wind direction error: [Errno 5] Input/output error
2025-07-15 12:21:46,439 - WARNING - No valid data returned from wind_direction (took 0.00s)
2025-07-15 12:21:46,439 - ERROR - Rainfall sensor error: [Errno 5] Input/output error
2025-07-15 12:21:46,439 - WARNING - No valid data returned from rainfall (took 0.00s)
2025-07-15 12:21:46,439 - INFO - Read cycle complete. Successful: 4, Errors: 2
2025-07-15 12:21:46,439 - INFO - Current sensor data: {'timestamp': '2025-07-15T12:21:46.394948', 'temperature': None, 'humidity': None, 'pressure': None, 'uv_index': 0.0, 'co2': nan, 'pm2_5': 37.3, 'pm10': 221.7, 'carbon_monoxide': 228.0, 'nitrogen_dioxide': 8.2, 'sulphur_dioxide': 11.9, 'ozone': 107.0, 'wind_speed': 0.0}
2025-07-15 12:21:48,439 - INFO - Modbus connection successful (Attempt 1/3)
2025-07-15 12:21:48,440 - ERROR - Environment sensor error: [Errno 5] Input/output error
2025-07-15 12:21:48,440 - INFO - environment read successfully in 0.00s: {'temperature': None, 'humidity': None, 'pressure': None}
2025-07-15 12:21:48,440 - ERROR - UV sensor error: [Errno 5] Input/output error
2025-07-15 12:21:48,440 - INFO - uv read successfully in 0.00s: {'uv_index': 0.0}
2025-07-15 12:21:48,484 - INFO - aqi read successfully in 0.04s: {'co2': nan, 'pm2_5': 37.3, 'pm10': 221.7, 'carbon_monoxide': 228.0, 'nitrogen_dioxide': 8.2, 'sulphur_dioxide': 11.9, 'ozone': 107.0}
2025-07-15 12:21:48,484 - ERROR - Wind speed error: [Errno 5] Input/output error
2025-07-15 12:21:48,484 - INFO - wind_speed read successfully in 0.00s: {'wind_speed': 0.0}
2025-07-15 12:21:48,484 - ERROR - Wind direction error: [Errno 5] Input/output error
2025-07-15 12:21:48,484 - WARNING - No valid data returned from wind_direction (took 0.00s)
2025-07-15 12:21:48,484 - ERROR - Rainfall sensor error: [Errno 5] Input/output error
2025-07-15 12:21:48,484 - WARNING - No valid data returned from rainfall (took 0.00s)
2025-07-15 12:21:48,484 - INFO - Read cycle complete. Successful: 4, Errors: 2
2025-07-15 12:21:48,484 - INFO - Current sensor data: {'timestamp': '2025-07-15T12:21:48.440058', 'temperature': None, 'humidity': None, 'pressure': None, 'uv_index': 0.0, 'co2': nan, 'pm2_5': 37.3, 'pm10': 221.7, 'carbon_monoxide': 228.0, 'nitrogen_dioxide': 8.2, 'sulphur_dioxide': 11.9, 'ozone': 107.0, 'wind_speed': 0.0}
2025-07-15 12:21:50,340 - INFO - Switched to GUI-2 (Next toggle in 5s
2025-07-15 12:21:50,348 - INFO - CSV write completed at 2025-07-15T12:21:50.348419
2025-07-15 12:21:50,484 - INFO - Modbus connection successful (Attempt 1/3)
2025-07-15 12:21:50,484 - ERROR - Environment sensor error: [Errno 5] Input/output error
2025-07-15 12:21:50,485 - INFO - environment read successfully in 0.00s: {'temperature': None, 'humidity': None, 'pressure': None}
2025-07-15 12:21:50,485 - ERROR - UV sensor error: [Errno 5] Input/output error
2025-07-15 12:21:50,485 - INFO - uv read successfully in 0.00s: {'uv_index': 0.0}
2025-07-15 12:21:50,531 - INFO - aqi read successfully in 0.05s: {'co2': nan, 'pm2_5': 37.3, 'pm10': 221.7, 'carbon_monoxide': 228.0, 'nitrogen_dioxide': 8.2, 'sulphur_dioxide': 11.9, 'ozone': 107.0}
2025-07-15 12:21:50,531 - ERROR - Wind speed error: [Errno 5] Input/output error
2025-07-15 12:21:50,532 - INFO - wind_speed read successfully in 0.00s: {'wind_speed': 0.0}
2025-07-15 12:21:50,532 - ERROR - Wind direction error: [Errno 5] Input/output error
2025-07-15 12:21:50,532 - WARNING - No valid data returned from wind_direction (took 0.00s)
2025-07-15 12:21:50,532 - ERROR - Rainfall sensor error: [Errno 5] Input/output error
2025-07-15 12:21:50,532 - WARNING - No valid data returned from rainfall (took 0.00s)
2025-07-15 12:21:50,532 - INFO - Read cycle complete. Successful: 4, Errors: 2
2025-07-15 12:21:50,532 - INFO - Current sensor data: {'timestamp': '2025-07-15T12:21:50.484824', 'temperature': None, 'humidity': None, 'pressure': None, 'uv_index': 0.0, 'co2': nan, 'pm2_5': 37.3, 'pm10': 221.7, 'carbon_monoxide': 228.0, 'nitrogen_dioxide': 8.2, 'sulphur_dioxide': 11.9, 'ozone': 107.0, 'wind_speed': 0.0}
2025-07-15 12:21:50,532 - INFO - Sensor data queued for CSV write
2025-07-15 12:21:52,532 - INFO - Modbus connection successful (Attempt 1/3)
2025-07-15 12:21:52,532 - ERROR - Environment sensor error: [Errno 5] Input/output error
2025-07-15 12:21:52,532 - INFO - environment read successfully in 0.00s: {'temperature': None, 'humidity': None, 'pressure': None}
2025-07-15 12:21:52,532 - ERROR - UV sensor error: [Errno 5] Input/output error
2025-07-15 12:21:52,532 - INFO - uv read successfully in 0.00s: {'uv_index': 0.0}
2025-07-15 12:21:52,603 - INFO - aqi read successfully in 0.07s: {'co2': nan, 'pm2_5': 37.3, 'pm10': 221.7, 'carbon_monoxide': 228.0, 'nitrogen_dioxide': 8.2, 'sulphur_dioxide': 11.9, 'ozone': 107.0}
2025-07-15 12:21:52,603 - ERROR - Wind speed error: [Errno 5] Input/output error
2025-07-15 12:21:52,603 - INFO - wind_speed read successfully in 0.00s: {'wind_speed': 0.0}
2025-07-15 12:21:52,603 - ERROR - Wind direction error: [Errno 5] Input/output error
2025-07-15 12:21:52,603 - WARNING - No valid data returned from wind_direction (took 0.00s)
2025-07-15 12:21:52,603 - ERROR - Rainfall sensor error: [Errno 5] Input/output error
2025-07-15 12:21:52,603 - WARNING - No valid data returned from rainfall (took 0.00s)
2025-07-15 12:21:52,603 - INFO - Read cycle complete. Successful: 4, Errors: 2
2025-07-15 12:21:52,603 - INFO - Current sensor data: {'timestamp': '2025-07-15T12:21:52.532439', 'temperature': None, 'humidity': None, 'pressure': None, 'uv_index': 0.0, 'co2': nan, 'pm2_5': 37.3, 'pm10': 221.7, 'carbon_monoxide': 228.0, 'nitrogen_dioxide': 8.2, 'sulphur_dioxide': 11.9, 'ozone': 107.0, 'wind_speed': 0.0}
2025-07-15 12:21:54,603 - INFO - Modbus connection successful (Attempt 1/3)
2025-07-15 12:21:54,603 - ERROR - Environment sensor error: [Errno 5] Input/output error
2025-07-15 12:21:54,604 - INFO - environment read successfully in 0.00s: {'temperature': None, 'humidity': None, 'pressure': None}
2025-07-15 12:21:54,604 - ERROR - UV sensor error: [Errno 5] Input/output error
2025-07-15 12:21:54,604 - INFO - uv read successfully in 0.00s: {'uv_index': 0.0}
2025-07-15 12:21:54,648 - INFO - aqi read successfully in 0.04s: {'co2': nan, 'pm2_5': 37.3, 'pm10': 221.7, 'carbon_monoxide': 228.0, 'nitrogen_dioxide': 8.2, 'sulphur_dioxide': 11.9, 'ozone': 107.0}
2025-07-15 12:21:54,648 - ERROR - Wind speed error: [Errno 5] Input/output error
2025-07-15 12:21:54,648 - INFO - wind_speed read successfully in 0.00s: {'wind_speed': 0.0}
2025-07-15 12:21:54,648 - ERROR - Wind direction error: [Errno 5] Input/output error
2025-07-15 12:21:54,648 - WARNING - No valid data returned from wind_direction (took 0.00s)
2025-07-15 12:21:54,648 - ERROR - Rainfall sensor error: [Errno 5] Input/output error
2025-07-15 12:21:54,648 - WARNING - No valid data returned from rainfall (took 0.00s)
2025-07-15 12:21:54,648 - INFO - Read cycle complete. Successful: 4, Errors: 2
2025-07-15 12:21:54,648 - INFO - Current sensor data: {'timestamp': '2025-07-15T12:21:54.603901', 'temperature': None, 'humidity': None, 'pressure': None, 'uv_index': 0.0, 'co2': nan, 'pm2_5': 37.3, 'pm10': 221.7, 'carbon_monoxide': 228.0, 'nitrogen_dioxide': 8.2, 'sulphur_dioxide': 11.9, 'ozone': 107.0, 'wind_speed': 0.0}
2025-07-15 12:21:55,341 - INFO - Switched to GUI-1 (Next toggle in 10s
2025-07-15 12:21:56,648 - INFO - Modbus connection successful (Attempt 1/3)
2025-07-15 12:21:56,648 - ERROR - Environment sensor error: [Errno 5] Input/output error
2025-07-15 12:21:56,648 - INFO - environment read successfully in 0.00s: {'temperature': None, 'humidity': None, 'pressure': None}
2025-07-15 12:21:56,648 - ERROR - UV sensor error: [Errno 5] Input/output error
2025-07-15 12:21:56,648 - INFO - uv read successfully in 0.00s: {'uv_index': 0.0}
2025-07-15 12:21:56,692 - INFO - aqi read successfully in 0.04s: {'co2': nan, 'pm2_5': 37.3, 'pm10': 221.7, 'carbon_monoxide': 228.0, 'nitrogen_dioxide': 8.2, 'sulphur_dioxide': 11.9, 'ozone': 107.0}
2025-07-15 12:21:56,692 - ERROR - Wind speed error: [Errno 5] Input/output error
2025-07-15 12:21:56,693 - INFO - wind_speed read successfully in 0.00s: {'wind_speed': 0.0}
2025-07-15 12:21:56,693 - ERROR - Wind direction error: [Errno 5] Input/output error
2025-07-15 12:21:56,693 - WARNING - No valid data returned from wind_direction (took 0.00s)
2025-07-15 12:21:56,693 - ERROR - Rainfall sensor error: [Errno 5] Input/output error
2025-07-15 12:21:56,693 - WARNING - No valid data returned from rainfall (took 0.00s)
2025-07-15 12:21:56,693 - INFO - Read cycle complete. Successful: 4, Errors: 2
2025-07-15 12:21:56,693 - INFO - Current sensor data: {'timestamp': '2025-07-15T12:21:56.648778', 'temperature': None, 'humidity': None, 'pressure': None, 'uv_index': 0.0, 'co2': nan, 'pm2_5': 37.3, 'pm10': 221.7, 'carbon_monoxide': 228.0, 'nitrogen_dioxide': 8.2, 'sulphur_dioxide': 11.9, 'ozone': 107.0, 'wind_speed': 0.0}
2025-07-15 12:21:58,693 - INFO - Modbus connection successful (Attempt 1/3)
2025-07-15 12:21:58,693 - ERROR - Environment sensor error: [Errno 5] Input/output error
2025-07-15 12:21:58,693 - INFO - environment read successfully in 0.00s: {'temperature': None, 'humidity': None, 'pressure': None}
2025-07-15 12:21:58,693 - ERROR - UV sensor error: [Errno 5] Input/output error
2025-07-15 12:21:58,693 - INFO - uv read successfully in 0.00s: {'uv_index': 0.0}
2025-07-15 12:21:58,737 - INFO - aqi read successfully in 0.04s: {'co2': nan, 'pm2_5': 37.3, 'pm10': 221.7, 'carbon_monoxide': 228.0, 'nitrogen_dioxide': 8.2, 'sulphur_dioxide': 11.9, 'ozone': 107.0}
2025-07-15 12:21:58,737 - ERROR - Wind speed error: [Errno 5] Input/output error
2025-07-15 12:21:58,737 - INFO - wind_speed read successfully in 0.00s: {'wind_speed': 0.0}
2025-07-15 12:21:58,737 - ERROR - Wind direction error: [Errno 5] Input/output error
2025-07-15 12:21:58,737 - WARNING - No valid data returned from wind_direction (took 0.00s)
2025-07-15 12:21:58,737 - ERROR - Rainfall sensor error: [Errno 5] Input/output error
2025-07-15 12:21:58,737 - WARNING - No valid data returned from rainfall (took 0.00s)
2025-07-15 12:21:58,737 - INFO - Read cycle complete. Successful: 4, Errors: 2
2025-07-15 12:21:58,737 - INFO - Current sensor data: {'timestamp': '2025-07-15T12:21:58.693375', 'temperature': None, 'humidity': None, 'pressure': None, 'uv_index': 0.0, 'co2': nan, 'pm2_5': 37.3, 'pm10': 221.7, 'carbon_monoxide': 228.0, 'nitrogen_dioxide': 8.2, 'sulphur_dioxide': 11.9, 'ozone': 107.0, 'wind_speed': 0.0}
2025-07-15 12:22:00,737 - INFO - Modbus connection successful (Attempt 1/3)
2025-07-15 12:22:00,737 - ERROR - Environment sensor error: [Errno 5] Input/output error
2025-07-15 12:22:00,738 - INFO - environment read successfully in 0.00s: {'temperature': None, 'humidity': None, 'pressure': None}
2025-07-15 12:22:00,738 - ERROR - UV sensor error: [Errno 5] Input/output error
2025-07-15 12:22:00,738 - INFO - uv read successfully in 0.00s: {'uv_index': 0.0}
2025-07-15 12:22:00,806 - INFO - aqi read successfully in 0.07s: {'co2': nan, 'pm2_5': 37.3, 'pm10': 221.7, 'carbon_monoxide': 228.0, 'nitrogen_dioxide': 8.2, 'sulphur_dioxide': 11.9, 'ozone': 107.0}
2025-07-15 12:22:00,806 - ERROR - Wind speed error: [Errno 5] Input/output error
2025-07-15 12:22:00,806 - INFO - wind_speed read successfully in 0.00s: {'wind_speed': 0.0}
2025-07-15 12:22:00,807 - ERROR - Wind direction error: [Errno 5] Input/output error
2025-07-15 12:22:00,807 - WARNING - No valid data returned from wind_direction (took 0.00s)
2025-07-15 12:22:00,807 - ERROR - Rainfall sensor error: [Errno 5] Input/output error
2025-07-15 12:22:00,807 - WARNING - No valid data returned from rainfall (took 0.00s)
2025-07-15 12:22:00,807 - INFO - Read cycle complete. Successful: 4, Errors: 2
2025-07-15 12:22:00,807 - INFO - Current sensor data: {'timestamp': '2025-07-15T12:22:00.737892', 'temperature': None, 'humidity': None, 'pressure': None, 'uv_index': 0.0, 'co2': nan, 'pm2_5': 37.3, 'pm10': 221.7, 'carbon_monoxide': 228.0, 'nitrogen_dioxide': 8.2, 'sulphur_dioxide': 11.9, 'ozone': 107.0, 'wind_speed': 0.0}
2025-07-15 12:22:02,807 - INFO - Modbus connection successful (Attempt 1/3)
2025-07-15 12:22:02,807 - ERROR - Environment sensor error: [Errno 5] Input/output error
2025-07-15 12:22:02,807 - INFO - environment read successfully in 0.00s: {'temperature': None, 'humidity': None, 'pressure': None}
2025-07-15 12:22:02,807 - ERROR - UV sensor error: [Errno 5] Input/output error
2025-07-15 12:22:02,807 - INFO - uv read successfully in 0.00s: {'uv_index': 0.0}
2025-07-15 12:22:02,851 - INFO - aqi read successfully in 0.04s: {'co2': nan, 'pm2_5': 37.3, 'pm10': 221.7, 'carbon_monoxide': 228.0, 'nitrogen_dioxide': 8.2, 'sulphur_dioxide': 11.9, 'ozone': 107.0}
2025-07-15 12:22:02,851 - ERROR - Wind speed error: [Errno 5] Input/output error
2025-07-15 12:22:02,851 - INFO - wind_speed read successfully in 0.00s: {'wind_speed': 0.0}
2025-07-15 12:22:02,851 - ERROR - Wind direction error: [Errno 5] Input/output error
2025-07-15 12:22:02,851 - WARNING - No valid data returned from wind_direction (took 0.00s)
2025-07-15 12:22:02,851 - ERROR - Rainfall sensor error: [Errno 5] Input/output error
2025-07-15 12:22:02,851 - WARNING - No valid data returned from rainfall (took 0.00s)
2025-07-15 12:22:02,851 - INFO - Read cycle complete. Successful: 4, Errors: 2
2025-07-15 12:22:02,851 - INFO - Current sensor data: {'timestamp': '2025-07-15T12:22:02.807373', 'temperature': None, 'humidity': None, 'pressure': None, 'uv_index': 0.0, 'co2': nan, 'pm2_5': 37.3, 'pm10': 221.7, 'carbon_monoxide': 228.0, 'nitrogen_dioxide': 8.2, 'sulphur_dioxide': 11.9, 'ozone': 107.0, 'wind_speed': 0.0}
2025-07-15 12:22:04,851 - INFO - Modbus connection successful (Attempt 1/3)
2025-07-15 12:22:04,851 - ERROR - Environment sensor error: [Errno 5] Input/output error
2025-07-15 12:22:04,851 - INFO - environment read successfully in 0.00s: {'temperature': None, 'humidity': None, 'pressure': None}
2025-07-15 12:22:04,851 - ERROR - UV sensor error: [Errno 5] Input/output error
2025-07-15 12:22:04,851 - INFO - uv read successfully in 0.00s: {'uv_index': 0.0}
2025-07-15 12:22:04,895 - INFO - aqi read successfully in 0.04s: {'co2': nan, 'pm2_5': 37.3, 'pm10': 221.7, 'carbon_monoxide': 228.0, 'nitrogen_dioxide': 8.2, 'sulphur_dioxide': 11.9, 'ozone': 107.0}
2025-07-15 12:22:04,895 - ERROR - Wind speed error: [Errno 5] Input/output error
2025-07-15 12:22:04,895 - INFO - wind_speed read successfully in 0.00s: {'wind_speed': 0.0}
2025-07-15 12:22:04,895 - ERROR - Wind direction error: [Errno 5] Input/output error
2025-07-15 12:22:04,895 - WARNING - No valid data returned from wind_direction (took 0.00s)
2025-07-15 12:22:04,895 - ERROR - Rainfall sensor error: [Errno 5] Input/output error
2025-07-15 12:22:04,895 - WARNING - No valid data returned from rainfall (took 0.00s)
2025-07-15 12:22:04,895 - INFO - Read cycle complete. Successful: 4, Errors: 2
2025-07-15 12:22:04,895 - INFO - Current sensor data: {'timestamp': '2025-07-15T12:22:04.851623', 'temperature': None, 'humidity': None, 'pressure': None, 'uv_index': 0.0, 'co2': nan, 'pm2_5': 37.3, 'pm10': 221.7, 'carbon_monoxide': 228.0, 'nitrogen_dioxide': 8.2, 'sulphur_dioxide': 11.9, 'ozone': 107.0, 'wind_speed': 0.0}
2025-07-15 12:22:05,341 - INFO - Switched to GUI-2 (Next toggle in 5s
2025-07-15 12:22:06,895 - INFO - Modbus connection successful (Attempt 1/3)
2025-07-15 12:22:06,895 - ERROR - Environment sensor error: [Errno 5] Input/output error
2025-07-15 12:22:06,896 - INFO - environment read successfully in 0.00s: {'temperature': None, 'humidity': None, 'pressure': None}
2025-07-15 12:22:06,896 - ERROR - UV sensor error: [Errno 5] Input/output error
2025-07-15 12:22:06,896 - INFO - uv read successfully in 0.00s: {'uv_index': 0.0}
2025-07-15 12:22:06,939 - INFO - aqi read successfully in 0.04s: {'co2': nan, 'pm2_5': 37.3, 'pm10': 221.7, 'carbon_monoxide': 228.0, 'nitrogen_dioxide': 8.2, 'sulphur_dioxide': 11.9, 'ozone': 107.0}
2025-07-15 12:22:06,939 - ERROR - Wind speed error: [Errno 5] Input/output error
2025-07-15 12:22:06,939 - INFO - wind_speed read successfully in 0.00s: {'wind_speed': 0.0}
2025-07-15 12:22:06,939 - ERROR - Wind direction error: [Errno 5] Input/output error
2025-07-15 12:22:06,939 - WARNING - No valid data returned from wind_direction (took 0.00s)
2025-07-15 12:22:06,939 - ERROR - Rainfall sensor error: [Errno 5] Input/output error
2025-07-15 12:22:06,939 - WARNING - No valid data returned from rainfall (took 0.00s)
2025-07-15 12:22:06,939 - INFO - Read cycle complete. Successful: 4, Errors: 2
2025-07-15 12:22:06,940 - INFO - Current sensor data: {'timestamp': '2025-07-15T12:22:06.895912', 'temperature': None, 'humidity': None, 'pressure': None, 'uv_index': 0.0, 'co2': nan, 'pm2_5': 37.3, 'pm10': 221.7, 'carbon_monoxide': 228.0, 'nitrogen_dioxide': 8.2, 'sulphur_dioxide': 11.9, 'ozone': 107.0, 'wind_speed': 0.0}
2025-07-15 12:22:08,940 - INFO - Modbus connection successful (Attempt 1/3)
2025-07-15 12:22:08,940 - ERROR - Environment sensor error: [Errno 5] Input/output error
2025-07-15 12:22:08,940 - INFO - environment read successfully in 0.00s: {'temperature': None, 'humidity': None, 'pressure': None}
2025-07-15 12:22:08,940 - ERROR - UV sensor error: [Errno 5] Input/output error
2025-07-15 12:22:08,940 - INFO - uv read successfully in 0.00s: {'uv_index': 0.0}
2025-07-15 12:22:08,983 - INFO - aqi read successfully in 0.04s: {'co2': nan, 'pm2_5': 37.3, 'pm10': 221.7, 'carbon_monoxide': 228.0, 'nitrogen_dioxide': 8.2, 'sulphur_dioxide': 11.9, 'ozone': 107.0}
2025-07-15 12:22:08,983 - ERROR - Wind speed error: [Errno 5] Input/output error
2025-07-15 12:22:08,984 - INFO - wind_speed read successfully in 0.00s: {'wind_speed': 0.0}
2025-07-15 12:22:08,984 - ERROR - Wind direction error: [Errno 5] Input/output error
2025-07-15 12:22:08,984 - WARNING - No valid data returned from wind_direction (took 0.00s)
2025-07-15 12:22:08,984 - ERROR - Rainfall sensor error: [Errno 5] Input/output error
2025-07-15 12:22:08,984 - WARNING - No valid data returned from rainfall (took 0.00s)
2025-07-15 12:22:08,984 - INFO - Read cycle complete. Successful: 4, Errors: 2
2025-07-15 12:22:08,984 - INFO - Current sensor data: {'timestamp': '2025-07-15T12:22:08.940221', 'temperature': None, 'humidity': None, 'pressure': None, 'uv_index': 0.0, 'co2': nan, 'pm2_5': 37.3, 'pm10': 221.7, 'carbon_monoxide': 228.0, 'nitrogen_dioxide': 8.2, 'sulphur_dioxide': 11.9, 'ozone': 107.0, 'wind_speed': 0.0}
2025-07-15 12:22:10,341 - INFO - Switched to GUI-1 (Next toggle in 10s
2025-07-15 12:22:10,984 - INFO - Modbus connection successful (Attempt 1/3)
2025-07-15 12:22:10,984 - ERROR - Environment sensor error: [Errno 5] Input/output error
2025-07-15 12:22:10,984 - INFO - environment read successfully in 0.00s: {'temperature': None, 'humidity': None, 'pressure': None}
2025-07-15 12:22:10,984 - ERROR - UV sensor error: [Errno 5] Input/output error
2025-07-15 12:22:10,984 - INFO - uv read successfully in 0.00s: {'uv_index': 0.0}
2025-07-15 12:22:11,047 - INFO - aqi read successfully in 0.06s: {'co2': nan, 'pm2_5': 37.3, 'pm10': 221.7, 'carbon_monoxide': 228.0, 'nitrogen_dioxide': 8.2, 'sulphur_dioxide': 11.9, 'ozone': 107.0}
2025-07-15 12:22:11,047 - ERROR - Wind speed error: [Errno 5] Input/output error
2025-07-15 12:22:11,047 - INFO - wind_speed read successfully in 0.00s: {'wind_speed': 0.0}
2025-07-15 12:22:11,047 - ERROR - Wind direction error: [Errno 5] Input/output error
2025-07-15 12:22:11,047 - WARNING - No valid data returned from wind_direction (took 0.00s)
2025-07-15 12:22:11,047 - ERROR - Rainfall sensor error: [Errno 5] Input/output error
2025-07-15 12:22:11,047 - WARNING - No valid data returned from rainfall (took 0.00s)
2025-07-15 12:22:11,047 - INFO - Read cycle complete. Successful: 4, Errors: 2
2025-07-15 12:22:11,047 - INFO - Current sensor data: {'timestamp': '2025-07-15T12:22:10.984405', 'temperature': None, 'humidity': None, 'pressure': None, 'uv_index': 0.0, 'co2': nan, 'pm2_5': 37.3, 'pm10': 221.7, 'carbon_monoxide': 228.0, 'nitrogen_dioxide': 8.2, 'sulphur_dioxide': 11.9, 'ozone': 107.0, 'wind_speed': 0.0}
2025-07-15 12:22:13,047 - INFO - Modbus connection successful (Attempt 1/3)
2025-07-15 12:22:13,047 - ERROR - Environment sensor error: [Errno 5] Input/output error
2025-07-15 12:22:13,047 - INFO - environment read successfully in 0.00s: {'temperature': None, 'humidity': None, 'pressure': None}
2025-07-15 12:22:13,048 - ERROR - UV sensor error: [Errno 5] Input/output error
2025-07-15 12:22:13,048 - INFO - uv read successfully in 0.00s: {'uv_index': 0.0}
2025-07-15 12:22:13,116 - INFO - aqi read successfully in 0.07s: {'co2': nan, 'pm2_5': 37.3, 'pm10': 221.7, 'carbon_monoxide': 228.0, 'nitrogen_dioxide': 8.2, 'sulphur_dioxide': 11.9, 'ozone': 107.0}
2025-07-15 12:22:13,117 - ERROR - Wind speed error: [Errno 5] Input/output error
2025-07-15 12:22:13,117 - INFO - wind_speed read successfully in 0.00s: {'wind_speed': 0.0}
2025-07-15 12:22:13,117 - ERROR - Wind direction error: [Errno 5] Input/output error
2025-07-15 12:22:13,117 - WARNING - No valid data returned from wind_direction (took 0.00s)
2025-07-15 12:22:13,117 - ERROR - Rainfall sensor error: [Errno 5] Input/output error
2025-07-15 12:22:13,117 - WARNING - No valid data returned from rainfall (took 0.00s)
2025-07-15 12:22:13,117 - INFO - Read cycle complete. Successful: 4, Errors: 2
2025-07-15 12:22:13,117 - INFO - Current sensor data: {'timestamp': '2025-07-15T12:22:13.047778', 'temperature': None, 'humidity': None, 'pressure': None, 'uv_index': 0.0, 'co2': nan, 'pm2_5': 37.3, 'pm10': 221.7, 'carbon_monoxide': 228.0, 'nitrogen_dioxide': 8.2, 'sulphur_dioxide': 11.9, 'ozone': 107.0, 'wind_speed': 0.0}
2025-07-15 12:22:15,117 - INFO - Modbus connection successful (Attempt 1/3)
2025-07-15 12:22:15,117 - ERROR - Environment sensor error: [Errno 5] Input/output error
2025-07-15 12:22:15,117 - INFO - environment read successfully in 0.00s: {'temperature': None, 'humidity': None, 'pressure': None}
2025-07-15 12:22:15,117 - ERROR - UV sensor error: [Errno 5] Input/output error
2025-07-15 12:22:15,117 - INFO - uv read successfully in 0.00s: {'uv_index': 0.0}
2025-07-15 12:22:15,161 - INFO - aqi read successfully in 0.04s: {'co2': nan, 'pm2_5': 37.3, 'pm10': 221.7, 'carbon_monoxide': 228.0, 'nitrogen_dioxide': 8.2, 'sulphur_dioxide': 11.9, 'ozone': 107.0}
2025-07-15 12:22:15,161 - ERROR - Wind speed error: [Errno 5] Input/output error
2025-07-15 12:22:15,161 - INFO - wind_speed read successfully in 0.00s: {'wind_speed': 0.0}
2025-07-15 12:22:15,161 - ERROR - Wind direction error: [Errno 5] Input/output error
2025-07-15 12:22:15,161 - WARNING - No valid data returned from wind_direction (took 0.00s)
2025-07-15 12:22:15,161 - ERROR - Rainfall sensor error: [Errno 5] Input/output error
2025-07-15 12:22:15,161 - WARNING - No valid data returned from rainfall (took 0.00s)
2025-07-15 12:22:15,161 - INFO - Read cycle complete. Successful: 4, Errors: 2
2025-07-15 12:22:15,162 - INFO - Current sensor data: {'timestamp': '2025-07-15T12:22:15.117681', 'temperature': None, 'humidity': None, 'pressure': None, 'uv_index': 0.0, 'co2': nan, 'pm2_5': 37.3, 'pm10': 221.7, 'carbon_monoxide': 228.0, 'nitrogen_dioxide': 8.2, 'sulphur_dioxide': 11.9, 'ozone': 107.0, 'wind_speed': 0.0}
2025-07-15 12:22:17,162 - INFO - Modbus connection successful (Attempt 1/3)
2025-07-15 12:22:17,162 - ERROR - Environment sensor error: [Errno 5] Input/output error
2025-07-15 12:22:17,162 - INFO - environment read successfully in 0.00s: {'temperature': None, 'humidity': None, 'pressure': None}
2025-07-15 12:22:17,162 - ERROR - UV sensor error: [Errno 5] Input/output error
2025-07-15 12:22:17,162 - INFO - uv read successfully in 0.00s: {'uv_index': 0.0}
2025-07-15 12:22:17,206 - INFO - aqi read successfully in 0.04s: {'co2': nan, 'pm2_5': 37.3, 'pm10': 221.7, 'carbon_monoxide': 228.0, 'nitrogen_dioxide': 8.2, 'sulphur_dioxide': 11.9, 'ozone': 107.0}
2025-07-15 12:22:17,206 - ERROR - Wind speed error: [Errno 5] Input/output error
2025-07-15 12:22:17,206 - INFO - wind_speed read successfully in 0.00s: {'wind_speed': 0.0}
2025-07-15 12:22:17,206 - ERROR - Wind direction error: [Errno 5] Input/output error
2025-07-15 12:22:17,206 - WARNING - No valid data returned from wind_direction (took 0.00s)
2025-07-15 12:22:17,206 - ERROR - Rainfall sensor error: [Errno 5] Input/output error
2025-07-15 12:22:17,206 - WARNING - No valid data returned from rainfall (took 0.00s)
2025-07-15 12:22:17,206 - INFO - Read cycle complete. Successful: 4, Errors: 2
2025-07-15 12:22:17,206 - INFO - Current sensor data: {'timestamp': '2025-07-15T12:22:17.162235', 'temperature': None, 'humidity': None, 'pressure': None, 'uv_index': 0.0, 'co2': nan, 'pm2_5': 37.3, 'pm10': 221.7, 'carbon_monoxide': 228.0, 'nitrogen_dioxide': 8.2, 'sulphur_dioxide': 11.9, 'ozone': 107.0, 'wind_speed': 0.0}
2025-07-15 12:22:19,207 - INFO - Modbus connection successful (Attempt 1/3)
2025-07-15 12:22:19,207 - ERROR - Environment sensor error: [Errno 5] Input/output error
2025-07-15 12:22:19,207 - INFO - environment read successfully in 0.00s: {'temperature': None, 'humidity': None, 'pressure': None}
2025-07-15 12:22:19,207 - ERROR - UV sensor error: [Errno 5] Input/output error
2025-07-15 12:22:19,207 - INFO - uv read successfully in 0.00s: {'uv_index': 0.0}
2025-07-15 12:22:19,250 - INFO - aqi read successfully in 0.04s: {'co2': nan, 'pm2_5': 37.3, 'pm10': 221.7, 'carbon_monoxide': 228.0, 'nitrogen_dioxide': 8.2, 'sulphur_dioxide': 11.9, 'ozone': 107.0}
2025-07-15 12:22:19,251 - ERROR - Wind speed error: [Errno 5] Input/output error
2025-07-15 12:22:19,251 - INFO - wind_speed read successfully in 0.00s: {'wind_speed': 0.0}
2025-07-15 12:22:19,251 - ERROR - Wind direction error: [Errno 5] Input/output error
2025-07-15 12:22:19,251 - WARNING - No valid data returned from wind_direction (took 0.00s)
2025-07-15 12:22:19,251 - ERROR - Rainfall sensor error: [Errno 5] Input/output error
2025-07-15 12:22:19,251 - WARNING - No valid data returned from rainfall (took 0.00s)
2025-07-15 12:22:19,251 - INFO - Read cycle complete. Successful: 4, Errors: 2
2025-07-15 12:22:19,251 - INFO - Current sensor data: {'timestamp': '2025-07-15T12:22:19.207142', 'temperature': None, 'humidity': None, 'pressure': None, 'uv_index': 0.0, 'co2': nan, 'pm2_5': 37.3, 'pm10': 221.7, 'carbon_monoxide': 228.0, 'nitrogen_dioxide': 8.2, 'sulphur_dioxide': 11.9, 'ozone': 107.0, 'wind_speed': 0.0}
2025-07-15 12:22:20,341 - INFO - Switched to GUI-2 (Next toggle in 5s
2025-07-15 12:22:20,354 - INFO - CSV write completed at 2025-07-15T12:22:20.354773
2025-07-15 12:22:21,251 - INFO - Modbus connection successful (Attempt 1/3)
2025-07-15 12:22:21,251 - ERROR - Environment sensor error: [Errno 5] Input/output error
2025-07-15 12:22:21,251 - INFO - environment read successfully in 0.00s: {'temperature': None, 'humidity': None, 'pressure': None}
2025-07-15 12:22:21,251 - ERROR - UV sensor error: [Errno 5] Input/output error
2025-07-15 12:22:21,251 - INFO - uv read successfully in 0.00s: {'uv_index': 0.0}
2025-07-15 12:22:21,295 - INFO - aqi read successfully in 0.04s: {'co2': nan, 'pm2_5': 37.3, 'pm10': 221.7, 'carbon_monoxide': 228.0, 'nitrogen_dioxide': 8.2, 'sulphur_dioxide': 11.9, 'ozone': 107.0}
2025-07-15 12:22:21,295 - ERROR - Wind speed error: [Errno 5] Input/output error
2025-07-15 12:22:21,295 - INFO - wind_speed read successfully in 0.00s: {'wind_speed': 0.0}
2025-07-15 12:22:21,295 - ERROR - Wind direction error: [Errno 5] Input/output error
2025-07-15 12:22:21,295 - WARNING - No valid data returned from wind_direction (took 0.00s)
2025-07-15 12:22:21,295 - ERROR - Rainfall sensor error: [Errno 5] Input/output error
2025-07-15 12:22:21,295 - WARNING - No valid data returned from rainfall (took 0.00s)
2025-07-15 12:22:21,295 - INFO - Read cycle complete. Successful: 4, Errors: 2
2025-07-15 12:22:21,295 - INFO - Current sensor data: {'timestamp': '2025-07-15T12:22:21.251414', 'temperature': None, 'humidity': None, 'pressure': None, 'uv_index': 0.0, 'co2': nan, 'pm2_5': 37.3, 'pm10': 221.7, 'carbon_monoxide': 228.0, 'nitrogen_dioxide': 8.2, 'sulphur_dioxide': 11.9, 'ozone': 107.0, 'wind_speed': 0.0}
2025-07-15 12:22:21,295 - INFO - Sensor data queued for CSV write
2025-07-15 12:22:23,295 - INFO - Modbus connection successful (Attempt 1/3)
2025-07-15 12:22:23,295 - ERROR - Environment sensor error: [Errno 5] Input/output error
2025-07-15 12:22:23,295 - INFO - environment read successfully in 0.00s: {'temperature': None, 'humidity': None, 'pressure': None}
2025-07-15 12:22:23,296 - ERROR - UV sensor error: [Errno 5] Input/output error
2025-07-15 12:22:23,296 - INFO - uv read successfully in 0.00s: {'uv_index': 0.0}
2025-07-15 12:22:23,360 - INFO - aqi read successfully in 0.06s: {'co2': nan, 'pm2_5': 37.3, 'pm10': 221.7, 'carbon_monoxide': 228.0, 'nitrogen_dioxide': 8.2, 'sulphur_dioxide': 11.9, 'ozone': 107.0}
2025-07-15 12:22:23,360 - ERROR - Wind speed error: [Errno 5] Input/output error
2025-07-15 12:22:23,360 - INFO - wind_speed read successfully in 0.00s: {'wind_speed': 0.0}
2025-07-15 12:22:23,360 - ERROR - Wind direction error: [Errno 5] Input/output error
2025-07-15 12:22:23,360 - WARNING - No valid data returned from wind_direction (took 0.00s)
2025-07-15 12:22:23,361 - ERROR - Rainfall sensor error: [Errno 5] Input/output error
2025-07-15 12:22:23,361 - WARNING - No valid data returned from rainfall (took 0.00s)
2025-07-15 12:22:23,361 - INFO - Read cycle complete. Successful: 4, Errors: 2
2025-07-15 12:22:23,361 - INFO - Current sensor data: {'timestamp': '2025-07-15T12:22:23.295840', 'temperature': None, 'humidity': None, 'pressure': None, 'uv_index': 0.0, 'co2': nan, 'pm2_5': 37.3, 'pm10': 221.7, 'carbon_monoxide': 228.0, 'nitrogen_dioxide': 8.2, 'sulphur_dioxide': 11.9, 'ozone': 107.0, 'wind_speed': 0.0}
2025-07-15 12:22:25,342 - INFO - Switched to GUI-1 (Next toggle in 10s
2025-07-15 12:22:25,361 - INFO - Modbus connection successful (Attempt 1/3)
2025-07-15 12:22:25,362 - ERROR - Environment sensor error: [Errno 5] Input/output error
2025-07-15 12:22:25,362 - INFO - environment read successfully in 0.00s: {'temperature': None, 'humidity': None, 'pressure': None}
2025-07-15 12:22:25,363 - ERROR - UV sensor error: [Errno 5] Input/output error
2025-07-15 12:22:25,363 - INFO - uv read successfully in 0.00s: {'uv_index': 0.0}
2025-07-15 12:22:25,434 - INFO - aqi read successfully in 0.07s: {'co2': nan, 'pm2_5': 37.3, 'pm10': 221.7, 'carbon_monoxide': 228.0, 'nitrogen_dioxide': 8.2, 'sulphur_dioxide': 11.9, 'ozone': 107.0}
2025-07-15 12:22:25,434 - ERROR - Wind speed error: [Errno 5] Input/output error
2025-07-15 12:22:25,435 - INFO - wind_speed read successfully in 0.00s: {'wind_speed': 0.0}
2025-07-15 12:22:25,435 - ERROR - Wind direction error: [Errno 5] Input/output error
2025-07-15 12:22:25,435 - WARNING - No valid data returned from wind_direction (took 0.00s)
2025-07-15 12:22:25,435 - ERROR - Rainfall sensor error: [Errno 5] Input/output error
2025-07-15 12:22:25,435 - WARNING - No valid data returned from rainfall (took 0.00s)
2025-07-15 12:22:25,435 - INFO - Read cycle complete. Successful: 4, Errors: 2
2025-07-15 12:22:25,435 - INFO - Current sensor data: {'timestamp': '2025-07-15T12:22:25.361986', 'temperature': None, 'humidity': None, 'pressure': None, 'uv_index': 0.0, 'co2': nan, 'pm2_5': 37.3, 'pm10': 221.7, 'carbon_monoxide': 228.0, 'nitrogen_dioxide': 8.2, 'sulphur_dioxide': 11.9, 'ozone': 107.0, 'wind_speed': 0.0}
2025-07-15 12:22:27,435 - INFO - Modbus connection successful (Attempt 1/3)
2025-07-15 12:22:27,435 - ERROR - Environment sensor error: [Errno 5] Input/output error
2025-07-15 12:22:27,435 - INFO - environment read successfully in 0.00s: {'temperature': None, 'humidity': None, 'pressure': None}
2025-07-15 12:22:27,435 - ERROR - UV sensor error: [Errno 5] Input/output error
2025-07-15 12:22:27,435 - INFO - uv read successfully in 0.00s: {'uv_index': 0.0}
2025-07-15 12:22:27,482 - INFO - aqi read successfully in 0.05s: {'co2': nan, 'pm2_5': 37.3, 'pm10': 221.7, 'carbon_monoxide': 228.0, 'nitrogen_dioxide': 8.2, 'sulphur_dioxide': 11.9, 'ozone': 107.0}
2025-07-15 12:22:27,482 - ERROR - Wind speed error: [Errno 5] Input/output error
2025-07-15 12:22:27,482 - INFO - wind_speed read successfully in 0.00s: {'wind_speed': 0.0}
2025-07-15 12:22:27,482 - ERROR - Wind direction error: [Errno 5] Input/output error
2025-07-15 12:22:27,482 - WARNING - No valid data returned from wind_direction (took 0.00s)
2025-07-15 12:22:27,482 - ERROR - Rainfall sensor error: [Errno 5] Input/output error
2025-07-15 12:22:27,482 - WARNING - No valid data returned from rainfall (took 0.00s)
2025-07-15 12:22:27,482 - INFO - Read cycle complete. Successful: 4, Errors: 2
2025-07-15 12:22:27,482 - INFO - Current sensor data: {'timestamp': '2025-07-15T12:22:27.435479', 'temperature': None, 'humidity': None, 'pressure': None, 'uv_index': 0.0, 'co2': nan, 'pm2_5': 37.3, 'pm10': 221.7, 'carbon_monoxide': 228.0, 'nitrogen_dioxide': 8.2, 'sulphur_dioxide': 11.9, 'ozone': 107.0, 'wind_speed': 0.0}
2025-07-15 12:22:29,482 - INFO - Modbus connection successful (Attempt 1/3)
2025-07-15 12:22:29,482 - ERROR - Environment sensor error: [Errno 5] Input/output error
2025-07-15 12:22:29,482 - INFO - environment read successfully in 0.00s: {'temperature': None, 'humidity': None, 'pressure': None}
2025-07-15 12:22:29,482 - ERROR - UV sensor error: [Errno 5] Input/output error
2025-07-15 12:22:29,482 - INFO - uv read successfully in 0.00s: {'uv_index': 0.0}
2025-07-15 12:22:29,526 - INFO - aqi read successfully in 0.04s: {'co2': nan, 'pm2_5': 37.3, 'pm10': 221.7, 'carbon_monoxide': 228.0, 'nitrogen_dioxide': 8.2, 'sulphur_dioxide': 11.9, 'ozone': 107.0}
2025-07-15 12:22:29,526 - ERROR - Wind speed error: [Errno 5] Input/output error
2025-07-15 12:22:29,526 - INFO - wind_speed read successfully in 0.00s: {'wind_speed': 0.0}
2025-07-15 12:22:29,526 - ERROR - Wind direction error: [Errno 5] Input/output error
2025-07-15 12:22:29,526 - WARNING - No valid data returned from wind_direction (took 0.00s)
2025-07-15 12:22:29,526 - ERROR - Rainfall sensor error: [Errno 5] Input/output error
2025-07-15 12:22:29,526 - WARNING - No valid data returned from rainfall (took 0.00s)
2025-07-15 12:22:29,526 - INFO - Read cycle complete. Successful: 4, Errors: 2
2025-07-15 12:22:29,526 - INFO - Current sensor data: {'timestamp': '2025-07-15T12:22:29.482572', 'temperature': None, 'humidity': None, 'pressure': None, 'uv_index': 0.0, 'co2': nan, 'pm2_5': 37.3, 'pm10': 221.7, 'carbon_monoxide': 228.0, 'nitrogen_dioxide': 8.2, 'sulphur_dioxide': 11.9, 'ozone': 107.0, 'wind_speed': 0.0}
2025-07-15 12:22:31,526 - INFO - Modbus connection successful (Attempt 1/3)
2025-07-15 12:22:31,526 - ERROR - Environment sensor error: [Errno 5] Input/output error
2025-07-15 12:22:31,526 - INFO - environment read successfully in 0.00s: {'temperature': None, 'humidity': None, 'pressure': None}
2025-07-15 12:22:31,526 - ERROR - UV sensor error: [Errno 5] Input/output error
2025-07-15 12:22:31,526 - INFO - uv read successfully in 0.00s: {'uv_index': 0.0}
2025-07-15 12:22:31,570 - INFO - aqi read successfully in 0.04s: {'co2': nan, 'pm2_5': 37.3, 'pm10': 221.7, 'carbon_monoxide': 228.0, 'nitrogen_dioxide': 8.2, 'sulphur_dioxide': 11.9, 'ozone': 107.0}
2025-07-15 12:22:31,570 - ERROR - Wind speed error: [Errno 5] Input/output error
2025-07-15 12:22:31,570 - INFO - wind_speed read successfully in 0.00s: {'wind_speed': 0.0}
2025-07-15 12:22:31,570 - ERROR - Wind direction error: [Errno 5] Input/output error
2025-07-15 12:22:31,570 - WARNING - No valid data returned from wind_direction (took 0.00s)
2025-07-15 12:22:31,570 - ERROR - Rainfall sensor error: [Errno 5] Input/output error
2025-07-15 12:22:31,570 - WARNING - No valid data returned from rainfall (took 0.00s)
2025-07-15 12:22:31,570 - INFO - Read cycle complete. Successful: 4, Errors: 2
2025-07-15 12:22:31,570 - INFO - Current sensor data: {'timestamp': '2025-07-15T12:22:31.526673', 'temperature': None, 'humidity': None, 'pressure': None, 'uv_index': 0.0, 'co2': nan, 'pm2_5': 37.3, 'pm10': 221.7, 'carbon_monoxide': 228.0, 'nitrogen_dioxide': 8.2, 'sulphur_dioxide': 11.9, 'ozone': 107.0, 'wind_speed': 0.0}
2025-07-15 12:22:33,570 - INFO - Modbus connection successful (Attempt 1/3)
2025-07-15 12:22:33,570 - ERROR - Environment sensor error: [Errno 5] Input/output error
2025-07-15 12:22:33,570 - INFO - environment read successfully in 0.00s: {'temperature': None, 'humidity': None, 'pressure': None}
2025-07-15 12:22:33,571 - ERROR - UV sensor error: [Errno 5] Input/output error
2025-07-15 12:22:33,571 - INFO - uv read successfully in 0.00s: {'uv_index': 0.0}
2025-07-15 12:22:33,614 - INFO - aqi read successfully in 0.04s: {'co2': nan, 'pm2_5': 37.3, 'pm10': 221.7, 'carbon_monoxide': 228.0, 'nitrogen_dioxide': 8.2, 'sulphur_dioxide': 11.9, 'ozone': 107.0}
2025-07-15 12:22:33,614 - ERROR - Wind speed error: [Errno 5] Input/output error
2025-07-15 12:22:33,614 - INFO - wind_speed read successfully in 0.00s: {'wind_speed': 0.0}
2025-07-15 12:22:33,614 - ERROR - Wind direction error: [Errno 5] Input/output error
2025-07-15 12:22:33,614 - WARNING - No valid data returned from wind_direction (took 0.00s)
2025-07-15 12:22:33,614 - ERROR - Rainfall sensor error: [Errno 5] Input/output error
2025-07-15 12:22:33,614 - WARNING - No valid data returned from rainfall (took 0.00s)
2025-07-15 12:22:33,614 - INFO - Read cycle complete. Successful: 4, Errors: 2
2025-07-15 12:22:33,614 - INFO - Current sensor data: {'timestamp': '2025-07-15T12:22:33.570874', 'temperature': None, 'humidity': None, 'pressure': None, 'uv_index': 0.0, 'co2': nan, 'pm2_5': 37.3, 'pm10': 221.7, 'carbon_monoxide': 228.0, 'nitrogen_dioxide': 8.2, 'sulphur_dioxide': 11.9, 'ozone': 107.0, 'wind_speed': 0.0}
2025-07-15 12:22:35,342 - INFO - Switched to GUI-2 (Next toggle in 5s
2025-07-15 12:22:35,615 - INFO - Modbus connection successful (Attempt 1/3)
2025-07-15 12:22:35,615 - ERROR - Environment sensor error: [Errno 5] Input/output error
2025-07-15 12:22:35,615 - INFO - environment read successfully in 0.00s: {'temperature': None, 'humidity': None, 'pressure': None}
2025-07-15 12:22:35,615 - ERROR - UV sensor error: [Errno 5] Input/output error
2025-07-15 12:22:35,615 - INFO - uv read successfully in 0.00s: {'uv_index': 0.0}
2025-07-15 12:22:35,680 - INFO - aqi read successfully in 0.07s: {'co2': nan, 'pm2_5': 37.3, 'pm10': 221.7, 'carbon_monoxide': 228.0, 'nitrogen_dioxide': 8.2, 'sulphur_dioxide': 11.9, 'ozone': 107.0}
2025-07-15 12:22:35,680 - ERROR - Wind speed error: [Errno 5] Input/output error
2025-07-15 12:22:35,680 - INFO - wind_speed read successfully in 0.00s: {'wind_speed': 0.0}
2025-07-15 12:22:35,681 - ERROR - Wind direction error: [Errno 5] Input/output error
2025-07-15 12:22:35,681 - WARNING - No valid data returned from wind_direction (took 0.00s)
2025-07-15 12:22:35,681 - ERROR - Rainfall sensor error: [Errno 5] Input/output error
2025-07-15 12:22:35,681 - WARNING - No valid data returned from rainfall (took 0.00s)
2025-07-15 12:22:35,681 - INFO - Read cycle complete. Successful: 4, Errors: 2
2025-07-15 12:22:35,681 - INFO - Current sensor data: {'timestamp': '2025-07-15T12:22:35.615197', 'temperature': None, 'humidity': None, 'pressure': None, 'uv_index': 0.0, 'co2': nan, 'pm2_5': 37.3, 'pm10': 221.7, 'carbon_monoxide': 228.0, 'nitrogen_dioxide': 8.2, 'sulphur_dioxide': 11.9, 'ozone': 107.0, 'wind_speed': 0.0}
2025-07-15 12:22:37,681 - INFO - Modbus connection successful (Attempt 1/3)
2025-07-15 12:22:37,681 - ERROR - Environment sensor error: [Errno 5] Input/output error
2025-07-15 12:22:37,681 - INFO - environment read successfully in 0.00s: {'temperature': None, 'humidity': None, 'pressure': None}
2025-07-15 12:22:37,681 - ERROR - UV sensor error: [Errno 5] Input/output error
2025-07-15 12:22:37,681 - INFO - uv read successfully in 0.00s: {'uv_index': 0.0}
2025-07-15 12:22:37,725 - INFO - aqi read successfully in 0.04s: {'co2': nan, 'pm2_5': 37.3, 'pm10': 221.7, 'carbon_monoxide': 228.0, 'nitrogen_dioxide': 8.2, 'sulphur_dioxide': 11.9, 'ozone': 107.0}
2025-07-15 12:22:37,725 - ERROR - Wind speed error: [Errno 5] Input/output error
2025-07-15 12:22:37,725 - INFO - wind_speed read successfully in 0.00s: {'wind_speed': 0.0}
2025-07-15 12:22:37,725 - ERROR - Wind direction error: [Errno 5] Input/output error
2025-07-15 12:22:37,725 - WARNING - No valid data returned from wind_direction (took 0.00s)
2025-07-15 12:22:37,725 - ERROR - Rainfall sensor error: [Errno 5] Input/output error
2025-07-15 12:22:37,725 - WARNING - No valid data returned from rainfall (took 0.00s)
2025-07-15 12:22:37,725 - INFO - Read cycle complete. Successful: 4, Errors: 2
2025-07-15 12:22:37,725 - INFO - Current sensor data: {'timestamp': '2025-07-15T12:22:37.681399', 'temperature': None, 'humidity': None, 'pressure': None, 'uv_index': 0.0, 'co2': nan, 'pm2_5': 37.3, 'pm10': 221.7, 'carbon_monoxide': 228.0, 'nitrogen_dioxide': 8.2, 'sulphur_dioxide': 11.9, 'ozone': 107.0, 'wind_speed': 0.0}
2025-07-15 12:22:39,725 - INFO - Modbus connection successful (Attempt 1/3)
2025-07-15 12:22:39,726 - ERROR - Environment sensor error: [Errno 5] Input/output error
2025-07-15 12:22:39,726 - INFO - environment read successfully in 0.00s: {'temperature': None, 'humidity': None, 'pressure': None}
2025-07-15 12:22:39,726 - ERROR - UV sensor error: [Errno 5] Input/output error
2025-07-15 12:22:39,726 - INFO - uv read successfully in 0.00s: {'uv_index': 0.0}
2025-07-15 12:22:39,769 - INFO - aqi read successfully in 0.04s: {'co2': nan, 'pm2_5': 37.3, 'pm10': 221.7, 'carbon_monoxide': 228.0, 'nitrogen_dioxide': 8.2, 'sulphur_dioxide': 11.9, 'ozone': 107.0}
2025-07-15 12:22:39,769 - ERROR - Wind speed error: [Errno 5] Input/output error
2025-07-15 12:22:39,769 - INFO - wind_speed read successfully in 0.00s: {'wind_speed': 0.0}
2025-07-15 12:22:39,770 - ERROR - Wind direction error: [Errno 5] Input/output error
2025-07-15 12:22:39,770 - WARNING - No valid data returned from wind_direction (took 0.00s)
2025-07-15 12:22:39,770 - ERROR - Rainfall sensor error: [Errno 5] Input/output error
2025-07-15 12:22:39,770 - WARNING - No valid data returned from rainfall (took 0.00s)
2025-07-15 12:22:39,770 - INFO - Read cycle complete. Successful: 4, Errors: 2
2025-07-15 12:22:39,770 - INFO - Current sensor data: {'timestamp': '2025-07-15T12:22:39.725933', 'temperature': None, 'humidity': None, 'pressure': None, 'uv_index': 0.0, 'co2': nan, 'pm2_5': 37.3, 'pm10': 221.7, 'carbon_monoxide': 228.0, 'nitrogen_dioxide': 8.2, 'sulphur_dioxide': 11.9, 'ozone': 107.0, 'wind_speed': 0.0}
2025-07-15 12:22:40,342 - INFO - Switched to GUI-1 (Next toggle in 10s
2025-07-15 12:22:41,770 - INFO - Modbus connection successful (Attempt 1/3)
2025-07-15 12:22:41,770 - ERROR - Environment sensor error: [Errno 5] Input/output error
2025-07-15 12:22:41,770 - INFO - environment read successfully in 0.00s: {'temperature': None, 'humidity': None, 'pressure': None}
2025-07-15 12:22:41,770 - ERROR - UV sensor error: [Errno 5] Input/output error
2025-07-15 12:22:41,770 - INFO - uv read successfully in 0.00s: {'uv_index': 0.0}
2025-07-15 12:22:41,813 - INFO - aqi read successfully in 0.04s: {'co2': nan, 'pm2_5': 37.3, 'pm10': 221.7, 'carbon_monoxide': 228.0, 'nitrogen_dioxide': 8.2, 'sulphur_dioxide': 11.9, 'ozone': 107.0}
2025-07-15 12:22:41,813 - ERROR - Wind speed error: [Errno 5] Input/output error
2025-07-15 12:22:41,813 - INFO - wind_speed read successfully in 0.00s: {'wind_speed': 0.0}
2025-07-15 12:22:41,814 - ERROR - Wind direction error: [Errno 5] Input/output error
2025-07-15 12:22:41,814 - WARNING - No valid data returned from wind_direction (took 0.00s)
2025-07-15 12:22:41,814 - ERROR - Rainfall sensor error: [Errno 5] Input/output error
2025-07-15 12:22:41,814 - WARNING - No valid data returned from rainfall (took 0.00s)
2025-07-15 12:22:41,814 - INFO - Read cycle complete. Successful: 4, Errors: 2
2025-07-15 12:22:41,814 - INFO - Current sensor data: {'timestamp': '2025-07-15T12:22:41.770345', 'temperature': None, 'humidity': None, 'pressure': None, 'uv_index': 0.0, 'co2': nan, 'pm2_5': 37.3, 'pm10': 221.7, 'carbon_monoxide': 228.0, 'nitrogen_dioxide': 8.2, 'sulphur_dioxide': 11.9, 'ozone': 107.0, 'wind_speed': 0.0}
2025-07-15 12:22:43,814 - INFO - Modbus connection successful (Attempt 1/3)
2025-07-15 12:22:43,814 - ERROR - Environment sensor error: [Errno 5] Input/output error
2025-07-15 12:22:43,814 - INFO - environment read successfully in 0.00s: {'temperature': None, 'humidity': None, 'pressure': None}
2025-07-15 12:22:43,814 - ERROR - UV sensor error: [Errno 5] Input/output error
2025-07-15 12:22:43,814 - INFO - uv read successfully in 0.00s: {'uv_index': 0.0}
2025-07-15 12:22:43,857 - INFO - aqi read successfully in 0.04s: {'co2': nan, 'pm2_5': 37.3, 'pm10': 221.7, 'carbon_monoxide': 228.0, 'nitrogen_dioxide': 8.2, 'sulphur_dioxide': 11.9, 'ozone': 107.0}
2025-07-15 12:22:43,857 - ERROR - Wind speed error: [Errno 5] Input/output error
2025-07-15 12:22:43,857 - INFO - wind_speed read successfully in 0.00s: {'wind_speed': 0.0}
2025-07-15 12:22:43,858 - ERROR - Wind direction error: [Errno 5] Input/output error
2025-07-15 12:22:43,858 - WARNING - No valid data returned from wind_direction (took 0.00s)
2025-07-15 12:22:43,858 - ERROR - Rainfall sensor error: [Errno 5] Input/output error
2025-07-15 12:22:43,858 - WARNING - No valid data returned from rainfall (took 0.00s)
2025-07-15 12:22:43,858 - INFO - Read cycle complete. Successful: 4, Errors: 2
2025-07-15 12:22:43,858 - INFO - Current sensor data: {'timestamp': '2025-07-15T12:22:43.814349', 'temperature': None, 'humidity': None, 'pressure': None, 'uv_index': 0.0, 'co2': nan, 'pm2_5': 37.3, 'pm10': 221.7, 'carbon_monoxide': 228.0, 'nitrogen_dioxide': 8.2, 'sulphur_dioxide': 11.9, 'ozone': 107.0, 'wind_speed': 0.0}
2025-07-15 12:22:45,858 - INFO - Modbus connection successful (Attempt 1/3)
2025-07-15 12:22:45,858 - ERROR - Environment sensor error: [Errno 5] Input/output error
2025-07-15 12:22:45,858 - INFO - environment read successfully in 0.00s: {'temperature': None, 'humidity': None, 'pressure': None}
2025-07-15 12:22:45,858 - ERROR - UV sensor error: [Errno 5] Input/output error
2025-07-15 12:22:45,858 - INFO - uv read successfully in 0.00s: {'uv_index': 0.0}
2025-07-15 12:22:45,902 - INFO - aqi read successfully in 0.04s: {'co2': nan, 'pm2_5': 37.3, 'pm10': 221.7, 'carbon_monoxide': 228.0, 'nitrogen_dioxide': 8.2, 'sulphur_dioxide': 11.9, 'ozone': 107.0}
2025-07-15 12:22:45,902 - ERROR - Wind speed error: [Errno 5] Input/output error
2025-07-15 12:22:45,902 - INFO - wind_speed read successfully in 0.00s: {'wind_speed': 0.0}
2025-07-15 12:22:45,902 - ERROR - Wind direction error: [Errno 5] Input/output error
2025-07-15 12:22:45,902 - WARNING - No valid data returned from wind_direction (took 0.00s)
2025-07-15 12:22:45,902 - ERROR - Rainfall sensor error: [Errno 5] Input/output error
2025-07-15 12:22:45,902 - WARNING - No valid data returned from rainfall (took 0.00s)
2025-07-15 12:22:45,902 - INFO - Read cycle complete. Successful: 4, Errors: 2
2025-07-15 12:22:45,902 - INFO - Current sensor data: {'timestamp': '2025-07-15T12:22:45.858324', 'temperature': None, 'humidity': None, 'pressure': None, 'uv_index': 0.0, 'co2': nan, 'pm2_5': 37.3, 'pm10': 221.7, 'carbon_monoxide': 228.0, 'nitrogen_dioxide': 8.2, 'sulphur_dioxide': 11.9, 'ozone': 107.0, 'wind_speed': 0.0}
2025-07-15 12:22:47,902 - INFO - Modbus connection successful (Attempt 1/3)
2025-07-15 12:22:47,902 - ERROR - Environment sensor error: [Errno 5] Input/output error
2025-07-15 12:22:47,902 - INFO - environment read successfully in 0.00s: {'temperature': None, 'humidity': None, 'pressure': None}
2025-07-15 12:22:47,903 - ERROR - UV sensor error: [Errno 5] Input/output error
2025-07-15 12:22:47,903 - INFO - uv read successfully in 0.00s: {'uv_index': 0.0}
2025-07-15 12:22:47,966 - INFO - aqi read successfully in 0.06s: {'co2': nan, 'pm2_5': 37.3, 'pm10': 221.7, 'carbon_monoxide': 228.0, 'nitrogen_dioxide': 8.2, 'sulphur_dioxide': 11.9, 'ozone': 107.0}
2025-07-15 12:22:47,966 - ERROR - Wind speed error: [Errno 5] Input/output error
2025-07-15 12:22:47,966 - INFO - wind_speed read successfully in 0.00s: {'wind_speed': 0.0}
2025-07-15 12:22:47,966 - ERROR - Wind direction error: [Errno 5] Input/output error
2025-07-15 12:22:47,966 - WARNING - No valid data returned from wind_direction (took 0.00s)
2025-07-15 12:22:47,966 - ERROR - Rainfall sensor error: [Errno 5] Input/output error
2025-07-15 12:22:47,966 - WARNING - No valid data returned from rainfall (took 0.00s)
2025-07-15 12:22:47,966 - INFO - Read cycle complete. Successful: 4, Errors: 2
2025-07-15 12:22:47,966 - INFO - Current sensor data: {'timestamp': '2025-07-15T12:22:47.902838', 'temperature': None, 'humidity': None, 'pressure': None, 'uv_index': 0.0, 'co2': nan, 'pm2_5': 37.3, 'pm10': 221.7, 'carbon_monoxide': 228.0, 'nitrogen_dioxide': 8.2, 'sulphur_dioxide': 11.9, 'ozone': 107.0, 'wind_speed': 0.0}
2025-07-15 12:22:49,966 - INFO - Modbus connection successful (Attempt 1/3)
2025-07-15 12:22:49,967 - ERROR - Environment sensor error: [Errno 5] Input/output error
2025-07-15 12:22:49,967 - INFO - environment read successfully in 0.00s: {'temperature': None, 'humidity': None, 'pressure': None}
2025-07-15 12:22:49,967 - ERROR - UV sensor error: [Errno 5] Input/output error
2025-07-15 12:22:49,967 - INFO - uv read successfully in 0.00s: {'uv_index': 0.0}
2025-07-15 12:22:50,036 - INFO - aqi read successfully in 0.07s: {'co2': nan, 'pm2_5': 37.3, 'pm10': 221.7, 'carbon_monoxide': 228.0, 'nitrogen_dioxide': 8.2, 'sulphur_dioxide': 11.9, 'ozone': 107.0}
2025-07-15 12:22:50,036 - ERROR - Wind speed error: [Errno 5] Input/output error
2025-07-15 12:22:50,036 - INFO - wind_speed read successfully in 0.00s: {'wind_speed': 0.0}
2025-07-15 12:22:50,036 - ERROR - Wind direction error: [Errno 5] Input/output error
2025-07-15 12:22:50,036 - WARNING - No valid data returned from wind_direction (took 0.00s)
2025-07-15 12:22:50,036 - ERROR - Rainfall sensor error: [Errno 5] Input/output error
2025-07-15 12:22:50,036 - WARNING - No valid data returned from rainfall (took 0.00s)
2025-07-15 12:22:50,036 - INFO - Read cycle complete. Successful: 4, Errors: 2
2025-07-15 12:22:50,036 - INFO - Current sensor data: {'timestamp': '2025-07-15T12:22:49.966915', 'temperature': None, 'humidity': None, 'pressure': None, 'uv_index': 0.0, 'co2': nan, 'pm2_5': 37.3, 'pm10': 221.7, 'carbon_monoxide': 228.0, 'nitrogen_dioxide': 8.2, 'sulphur_dioxide': 11.9, 'ozone': 107.0, 'wind_speed': 0.0}
2025-07-15 12:22:50,343 - INFO - Switched to GUI-2 (Next toggle in 5s
2025-07-15 12:22:50,361 - INFO - CSV write completed at 2025-07-15T12:22:50.361860
                                                                                                                                                                                                                                                                                                                                                                                                                                                                                                                                                                                                                                                                                                                                                                                                                                                                                                                                                                                                                                                                                                                                      2025-07-15 12:23:12,211 - INFO - Starting initialization...
2025-07-15 12:23:20,048 - INFO - Attempting Modbus connection on port /dev/ttyUSB0
2025-07-15 12:23:20,062 - INFO - Modbus connection successful
2025-07-15 12:23:20,063 - INFO - Modbus connection successful (Attempt 1/3)
2025-07-15 12:23:20,063 - INFO - CSV writer thread started. Output directory: /home/asif/Desktop/unified_creek_awos/csv_data
2025-07-15 12:23:20,069 - INFO - Switched to GUI-2 (Next toggle in 5s
2025-07-15 12:23:20,098 - INFO - environment read successfully in 0.03s: {'temperature': 38.2, 'humidity': 48.0, 'pressure': 1009.2}
2025-07-15 12:23:22,141 - INFO - uv read successfully in 2.04s: {'uv_index': 15.89}
2025-07-15 12:23:22,206 - INFO - aqi read successfully in 0.06s: {'co2': nan, 'pm2_5': 37.3, 'pm10': 221.7, 'carbon_monoxide': 228.0, 'nitrogen_dioxide': 8.2, 'sulphur_dioxide': 11.9, 'ozone': 107.0}
2025-07-15 12:23:22,236 - INFO - wind_speed read successfully in 0.03s: {'wind_speed': 2.1}
2025-07-15 12:23:22,270 - INFO - wind_direction read successfully in 0.03s: {'wind_dir_degrees': 127, 'wind_dir_cardinal': 'SE'}
2025-07-15 12:23:22,300 - INFO - rainfall read successfully in 0.03s: {'rainfall': 0.0}
2025-07-15 12:23:22,300 - INFO - Read cycle complete. Successful: 6, Errors: 0
2025-07-15 12:23:22,300 - INFO - Current sensor data: {'timestamp': '2025-07-15T12:23:20.063216', 'temperature': 38.2, 'humidity': 48.0, 'pressure': 1009.2, 'uv_index': 15.89, 'co2': nan, 'pm2_5': 37.3, 'pm10': 221.7, 'carbon_monoxide': 228.0, 'nitrogen_dioxide': 8.2, 'sulphur_dioxide': 11.9, 'ozone': 107.0, 'wind_speed': 2.1, 'wind_dir_degrees': 127, 'wind_dir_cardinal': 'SE', 'rainfall': 0.0}
2025-07-15 12:23:24,300 - INFO - Modbus connection successful (Attempt 1/3)
2025-07-15 12:23:24,334 - INFO - environment read successfully in 0.03s: {'temperature': 38.2, 'humidity': 47.9, 'pressure': 1009.2}
2025-07-15 12:23:25,074 - INFO - Switched to GUI-1 (Next toggle in 10s
2025-07-15 12:23:26,379 - INFO - uv read successfully in 2.05s: {'uv_index': 16.24}
2025-07-15 12:23:26,424 - INFO - aqi read successfully in 0.04s: {'co2': nan, 'pm2_5': 37.3, 'pm10': 221.7, 'carbon_monoxide': 228.0, 'nitrogen_dioxide': 8.2, 'sulphur_dioxide': 11.9, 'ozone': 107.0}
2025-07-15 12:23:26,454 - INFO - wind_speed read successfully in 0.03s: {'wind_speed': 2.4}
2025-07-15 12:23:26,488 - INFO - wind_direction read successfully in 0.03s: {'wind_dir_degrees': 78, 'wind_dir_cardinal': 'E'}
2025-07-15 12:23:26,518 - INFO - rainfall read successfully in 0.03s: {'rainfall': 0.0}
2025-07-15 12:23:26,518 - INFO - Read cycle complete. Successful: 6, Errors: 0
2025-07-15 12:23:26,518 - INFO - Current sensor data: {'timestamp': '2025-07-15T12:23:24.300320', 'temperature': 38.2, 'humidity': 47.9, 'pressure': 1009.2, 'uv_index': 16.24, 'co2': nan, 'pm2_5': 37.3, 'pm10': 221.7, 'carbon_monoxide': 228.0, 'nitrogen_dioxide': 8.2, 'sulphur_dioxide': 11.9, 'ozone': 107.0, 'wind_speed': 2.4, 'wind_dir_degrees': 78, 'wind_dir_cardinal': 'E', 'rainfall': 0.0}
2025-07-15 12:23:28,518 - INFO - Modbus connection successful (Attempt 1/3)
2025-07-15 12:23:28,552 - INFO - environment read successfully in 0.03s: {'temperature': 38.2, 'humidity': 47.9, 'pressure': 1009.2}
2025-07-15 12:23:30,597 - INFO - uv read successfully in 2.04s: {'uv_index': 16.04}
2025-07-15 12:23:30,641 - INFO - aqi read successfully in 0.04s: {'co2': nan, 'pm2_5': 37.3, 'pm10': 221.7, 'carbon_monoxide': 228.0, 'nitrogen_dioxide': 8.2, 'sulphur_dioxide': 11.9, 'ozone': 107.0}
2025-07-15 12:23:30,671 - INFO - wind_speed read successfully in 0.03s: {'wind_speed': 2.3}
2025-07-15 12:23:30,705 - INFO - wind_direction read successfully in 0.03s: {'wind_dir_degrees': 164, 'wind_dir_cardinal': 'S'}
2025-07-15 12:23:30,735 - INFO - rainfall read successfully in 0.03s: {'rainfall': 0.0}
2025-07-15 12:23:30,735 - INFO - Read cycle complete. Successful: 6, Errors: 0
2025-07-15 12:23:30,735 - INFO - Current sensor data: {'timestamp': '2025-07-15T12:23:28.518693', 'temperature': 38.2, 'humidity': 47.9, 'pressure': 1009.2, 'uv_index': 16.04, 'co2': nan, 'pm2_5': 37.3, 'pm10': 221.7, 'carbon_monoxide': 228.0, 'nitrogen_dioxide': 8.2, 'sulphur_dioxide': 11.9, 'ozone': 107.0, 'wind_speed': 2.3, 'wind_dir_degrees': 164, 'wind_dir_cardinal': 'S', 'rainfall': 0.0}
2025-07-15 12:23:32,735 - INFO - Modbus connection successful (Attempt 1/3)
2025-07-15 12:23:32,769 - INFO - environment read successfully in 0.03s: {'temperature': 38.3, 'humidity': 47.8, 'pressure': 1009.2}
2025-07-15 12:23:34,814 - INFO - uv read successfully in 2.04s: {'uv_index': 15.84}
2025-07-15 12:23:34,858 - INFO - aqi read successfully in 0.04s: {'co2': nan, 'pm2_5': 37.3, 'pm10': 221.7, 'carbon_monoxide': 228.0, 'nitrogen_dioxide': 8.2, 'sulphur_dioxide': 11.9, 'ozone': 107.0}
2025-07-15 12:23:34,888 - INFO - wind_speed read successfully in 0.03s: {'wind_speed': 2.0}
2025-07-15 12:23:34,922 - INFO - wind_direction read successfully in 0.03s: {'wind_dir_degrees': 236, 'wind_dir_cardinal': 'SW'}
2025-07-15 12:23:34,952 - INFO - rainfall read successfully in 0.03s: {'rainfall': 0.0}
2025-07-15 12:23:34,952 - INFO - Read cycle complete. Successful: 6, Errors: 0
2025-07-15 12:23:34,952 - INFO - Current sensor data: {'timestamp': '2025-07-15T12:23:32.735450', 'temperature': 38.3, 'humidity': 47.8, 'pressure': 1009.2, 'uv_index': 15.84, 'co2': nan, 'pm2_5': 37.3, 'pm10': 221.7, 'carbon_monoxide': 228.0, 'nitrogen_dioxide': 8.2, 'sulphur_dioxide': 11.9, 'ozone': 107.0, 'wind_speed': 2.0, 'wind_dir_degrees': 236, 'wind_dir_cardinal': 'SW', 'rainfall': 0.0}
2025-07-15 12:23:35,097 - INFO - Switched to GUI-2 (Next toggle in 5s
2025-07-15 12:23:36,952 - INFO - Modbus connection successful (Attempt 1/3)
2025-07-15 12:23:36,986 - INFO - environment read successfully in 0.03s: {'temperature': 38.3, 'humidity': 47.9, 'pressure': 1009.2}
2025-07-15 12:23:39,031 - INFO - uv read successfully in 2.04s: {'uv_index': 15.99}
2025-07-15 12:23:39,076 - INFO - aqi read successfully in 0.04s: {'co2': nan, 'pm2_5': 37.3, 'pm10': 221.7, 'carbon_monoxide': 228.0, 'nitrogen_dioxide': 8.2, 'sulphur_dioxide': 11.9, 'ozone': 107.0}
2025-07-15 12:23:39,106 - INFO - wind_speed read successfully in 0.03s: {'wind_speed': 1.8}
2025-07-15 12:23:39,140 - INFO - wind_direction read successfully in 0.03s: {'wind_dir_degrees': 73, 'wind_dir_cardinal': 'E'}
2025-07-15 12:23:39,170 - INFO - rainfall read successfully in 0.03s: {'rainfall': 0.0}
2025-07-15 12:23:39,170 - INFO - Read cycle complete. Successful: 6, Errors: 0
2025-07-15 12:23:39,170 - INFO - Current sensor data: {'timestamp': '2025-07-15T12:23:36.952662', 'temperature': 38.3, 'humidity': 47.9, 'pressure': 1009.2, 'uv_index': 15.99, 'co2': nan, 'pm2_5': 37.3, 'pm10': 221.7, 'carbon_monoxide': 228.0, 'nitrogen_dioxide': 8.2, 'sulphur_dioxide': 11.9, 'ozone': 107.0, 'wind_speed': 1.8, 'wind_dir_degrees': 73, 'wind_dir_cardinal': 'E', 'rainfall': 0.0}
2025-07-15 12:23:40,097 - INFO - Switched to GUI-1 (Next toggle in 10s
2025-07-15 12:23:41,170 - INFO - Modbus connection successful (Attempt 1/3)
2025-07-15 12:23:41,204 - INFO - environment read successfully in 0.03s: {'temperature': 38.3, 'humidity': 47.8, 'pressure': 1009.3}
2025-07-15 12:23:43,250 - INFO - uv read successfully in 2.05s: {'uv_index': 16.09}
2025-07-15 12:23:43,294 - INFO - aqi read successfully in 0.04s: {'co2': nan, 'pm2_5': 37.3, 'pm10': 221.7, 'carbon_monoxide': 228.0, 'nitrogen_dioxide': 8.2, 'sulphur_dioxide': 11.9, 'ozone': 107.0}
2025-07-15 12:23:43,324 - INFO - wind_speed read successfully in 0.03s: {'wind_speed': 1.8}
2025-07-15 12:23:43,358 - INFO - wind_direction read successfully in 0.03s: {'wind_dir_degrees': 50, 'wind_dir_cardinal': 'NE'}
2025-07-15 12:23:43,388 - INFO - rainfall read successfully in 0.03s: {'rainfall': 0.0}
2025-07-15 12:23:43,388 - INFO - Read cycle complete. Successful: 6, Errors: 0
2025-07-15 12:23:43,388 - INFO - Current sensor data: {'timestamp': '2025-07-15T12:23:41.170691', 'temperature': 38.3, 'humidity': 47.8, 'pressure': 1009.3, 'uv_index': 16.09, 'co2': nan, 'pm2_5': 37.3, 'pm10': 221.7, 'carbon_monoxide': 228.0, 'nitrogen_dioxide': 8.2, 'sulphur_dioxide': 11.9, 'ozone': 107.0, 'wind_speed': 1.8, 'wind_dir_degrees': 50, 'wind_dir_cardinal': 'NE', 'rainfall': 0.0}
2025-07-15 12:23:45,388 - INFO - Modbus connection successful (Attempt 1/3)
2025-07-15 12:23:45,422 - INFO - environment read successfully in 0.03s: {'temperature': 38.4, 'humidity': 47.8, 'pressure': 1009.3}
2025-07-15 12:23:47,467 - INFO - uv read successfully in 2.04s: {'uv_index': 16.18}
2025-07-15 12:23:47,511 - INFO - aqi read successfully in 0.04s: {'co2': nan, 'pm2_5': 37.3, 'pm10': 221.7, 'carbon_monoxide': 228.0, 'nitrogen_dioxide': 8.2, 'sulphur_dioxide': 11.9, 'ozone': 107.0}
2025-07-15 12:23:47,541 - INFO - wind_speed read successfully in 0.03s: {'wind_speed': 1.8}
2025-07-15 12:23:47,575 - INFO - wind_direction read successfully in 0.03s: {'wind_dir_degrees': 66, 'wind_dir_cardinal': 'NE'}
2025-07-15 12:23:47,604 - INFO - rainfall read successfully in 0.03s: {'rainfall': 0.0}
2025-07-15 12:23:47,605 - INFO - Read cycle complete. Successful: 6, Errors: 0
2025-07-15 12:23:47,605 - INFO - Current sensor data: {'timestamp': '2025-07-15T12:23:45.388473', 'temperature': 38.4, 'humidity': 47.8, 'pressure': 1009.3, 'uv_index': 16.18, 'co2': nan, 'pm2_5': 37.3, 'pm10': 221.7, 'carbon_monoxide': 228.0, 'nitrogen_dioxide': 8.2, 'sulphur_dioxide': 11.9, 'ozone': 107.0, 'wind_speed': 1.8, 'wind_dir_degrees': 66, 'wind_dir_cardinal': 'NE', 'rainfall': 0.0}
2025-07-15 12:23:49,605 - INFO - Modbus connection successful (Attempt 1/3)
2025-07-15 12:23:49,639 - INFO - environment read successfully in 0.03s: {'temperature': 38.4, 'humidity': 47.8, 'pressure': 1009.3}
2025-07-15 12:23:50,079 - INFO - CSV write completed at 2025-07-15T12:23:50.079172
2025-07-15 12:23:50,098 - INFO - Switched to GUI-2 (Next toggle in 5s
2025-07-15 12:23:51,684 - INFO - uv read successfully in 2.04s: {'uv_index': 16.22}
2025-07-15 12:23:51,729 - INFO - aqi read successfully in 0.04s: {'co2': nan, 'pm2_5': 37.3, 'pm10': 221.7, 'carbon_monoxide': 228.0, 'nitrogen_dioxide': 8.2, 'sulphur_dioxide': 11.9, 'ozone': 107.0}
2025-07-15 12:23:51,759 - INFO - wind_speed read successfully in 0.03s: {'wind_speed': 1.8}
2025-07-15 12:23:51,793 - INFO - wind_direction read successfully in 0.03s: {'wind_dir_degrees': 164, 'wind_dir_cardinal': 'S'}
2025-07-15 12:23:51,822 - INFO - rainfall read successfully in 0.03s: {'rainfall': 0.0}
2025-07-15 12:23:51,822 - INFO - Read cycle complete. Successful: 6, Errors: 0
2025-07-15 12:23:51,822 - INFO - Current sensor data: {'timestamp': '2025-07-15T12:23:49.605300', 'temperature': 38.4, 'humidity': 47.8, 'pressure': 1009.3, 'uv_index': 16.22, 'co2': nan, 'pm2_5': 37.3, 'pm10': 221.7, 'carbon_monoxide': 228.0, 'nitrogen_dioxide': 8.2, 'sulphur_dioxide': 11.9, 'ozone': 107.0, 'wind_speed': 1.8, 'wind_dir_degrees': 164, 'wind_dir_cardinal': 'S', 'rainfall': 0.0}
2025-07-15 12:23:51,823 - INFO - Sensor data queued for CSV write
2025-07-15 12:23:53,823 - INFO - Modbus connection successful (Attempt 1/3)
2025-07-15 12:23:53,857 - INFO - environment read successfully in 0.03s: {'temperature': 38.4, 'humidity': 47.7, 'pressure': 1009.3}
2025-07-15 12:23:55,099 - INFO - Switched to GUI-1 (Next toggle in 10s
2025-07-15 12:23:55,902 - INFO - uv read successfully in 2.05s: {'uv_index': 16.16}
2025-07-15 12:23:55,946 - INFO - aqi read successfully in 0.04s: {'co2': nan, 'pm2_5': 37.3, 'pm10': 221.7, 'carbon_monoxide': 228.0, 'nitrogen_dioxide': 8.2, 'sulphur_dioxide': 11.9, 'ozone': 107.0}
2025-07-15 12:23:55,976 - INFO - wind_speed read successfully in 0.03s: {'wind_speed': 1.8}
2025-07-15 12:23:56,010 - INFO - wind_direction read successfully in 0.03s: {'wind_dir_degrees': 50, 'wind_dir_cardinal': 'NE'}
2025-07-15 12:23:56,040 - INFO - rainfall read successfully in 0.03s: {'rainfall': 0.0}
2025-07-15 12:23:56,040 - INFO - Read cycle complete. Successful: 6, Errors: 0
2025-07-15 12:23:56,040 - INFO - Current sensor data: {'timestamp': '2025-07-15T12:23:53.823245', 'temperature': 38.4, 'humidity': 47.7, 'pressure': 1009.3, 'uv_index': 16.16, 'co2': nan, 'pm2_5': 37.3, 'pm10': 221.7, 'carbon_monoxide': 228.0, 'nitrogen_dioxide': 8.2, 'sulphur_dioxide': 11.9, 'ozone': 107.0, 'wind_speed': 1.8, 'wind_dir_degrees': 50, 'wind_dir_cardinal': 'NE', 'rainfall': 0.0}
2025-07-15 12:23:58,040 - INFO - Modbus connection successful (Attempt 1/3)
2025-07-15 12:23:58,074 - INFO - environment read successfully in 0.03s: {'temperature': 38.5, 'humidity': 47.6, 'pressure': 1009.3}
2025-07-15 12:24:00,120 - INFO - uv read successfully in 2.05s: {'uv_index': 16.16}
2025-07-15 12:24:00,180 - INFO - aqi read successfully in 0.06s: {'co2': nan, 'pm2_5': 37.3, 'pm10': 221.7, 'carbon_monoxide': 228.0, 'nitrogen_dioxide': 8.2, 'sulphur_dioxide': 11.9, 'ozone': 107.0}
2025-07-15 12:24:00,210 - INFO - wind_speed read successfully in 0.03s: {'wind_speed': 1.7}
2025-07-15 12:24:00,244 - INFO - wind_direction read successfully in 0.03s: {'wind_dir_degrees': 345, 'wind_dir_cardinal': 'N'}
2025-07-15 12:24:00,273 - INFO - rainfall read successfully in 0.03s: {'rainfall': 0.0}
2025-07-15 12:24:00,273 - INFO - Read cycle complete. Successful: 6, Errors: 0
2025-07-15 12:24:00,273 - INFO - Current sensor data: {'timestamp': '2025-07-15T12:23:58.040589', 'temperature': 38.5, 'humidity': 47.6, 'pressure': 1009.3, 'uv_index': 16.16, 'co2': nan, 'pm2_5': 37.3, 'pm10': 221.7, 'carbon_monoxide': 228.0, 'nitrogen_dioxide': 8.2, 'sulphur_dioxide': 11.9, 'ozone': 107.0, 'wind_speed': 1.7, 'wind_dir_degrees': 345, 'wind_dir_cardinal': 'N', 'rainfall': 0.0}
2025-07-15 12:24:02,274 - INFO - Modbus connection successful (Attempt 1/3)
2025-07-15 12:24:02,308 - INFO - environment read successfully in 0.03s: {'temperature': 38.5, 'humidity': 47.7, 'pressure': 1009.3}
2025-07-15 12:24:04,354 - INFO - uv read successfully in 2.05s: {'uv_index': 16.24}
2025-07-15 12:24:04,411 - INFO - aqi read successfully in 0.06s: {'co2': nan, 'pm2_5': 37.3, 'pm10': 221.7, 'carbon_monoxide': 228.0, 'nitrogen_dioxide': 8.2, 'sulphur_dioxide': 11.9, 'ozone': 107.0}
2025-07-15 12:24:04,441 - INFO - wind_speed read successfully in 0.03s: {'wind_speed': 1.6}
2025-07-15 12:24:04,475 - INFO - wind_direction read successfully in 0.03s: {'wind_dir_degrees': 147, 'wind_dir_cardinal': 'SE'}
2025-07-15 12:24:04,505 - INFO - rainfall read successfully in 0.03s: {'rainfall': 0.0}
2025-07-15 12:24:04,505 - INFO - Read cycle complete. Successful: 6, Errors: 0
2025-07-15 12:24:04,505 - INFO - Current sensor data: {'timestamp': '2025-07-15T12:24:02.274240', 'temperature': 38.5, 'humidity': 47.7, 'pressure': 1009.3, 'uv_index': 16.24, 'co2': nan, 'pm2_5': 37.3, 'pm10': 221.7, 'carbon_monoxide': 228.0, 'nitrogen_dioxide': 8.2, 'sulphur_dioxide': 11.9, 'ozone': 107.0, 'wind_speed': 1.6, 'wind_dir_degrees': 147, 'wind_dir_cardinal': 'SE', 'rainfall': 0.0}
2025-07-15 12:24:05,099 - INFO - Switched to GUI-2 (Next toggle in 5s
2025-07-15 12:24:06,505 - INFO - Modbus connection successful (Attempt 1/3)
2025-07-15 12:24:06,539 - INFO - environment read successfully in 0.03s: {'temperature': 38.5, 'humidity': 47.6, 'pressure': 1009.3}
2025-07-15 12:24:08,584 - INFO - uv read successfully in 2.04s: {'uv_index': 16.19}
2025-07-15 12:24:08,628 - INFO - aqi read successfully in 0.04s: {'co2': nan, 'pm2_5': 37.3, 'pm10': 221.7, 'carbon_monoxide': 228.0, 'nitrogen_dioxide': 8.2, 'sulphur_dioxide': 11.9, 'ozone': 107.0}
2025-07-15 12:24:08,658 - INFO - wind_speed read successfully in 0.03s: {'wind_speed': 1.8}
2025-07-15 12:24:08,692 - INFO - wind_direction read successfully in 0.03s: {'wind_dir_degrees': 58, 'wind_dir_cardinal': 'NE'}
2025-07-15 12:24:08,722 - INFO - rainfall read successfully in 0.03s: {'rainfall': 0.0}
2025-07-15 12:24:08,722 - INFO - Read cycle complete. Successful: 6, Errors: 0
2025-07-15 12:24:08,722 - INFO - Current sensor data: {'timestamp': '2025-07-15T12:24:06.505969', 'temperature': 38.5, 'humidity': 47.6, 'pressure': 1009.3, 'uv_index': 16.19, 'co2': nan, 'pm2_5': 37.3, 'pm10': 221.7, 'carbon_monoxide': 228.0, 'nitrogen_dioxide': 8.2, 'sulphur_dioxide': 11.9, 'ozone': 107.0, 'wind_speed': 1.8, 'wind_dir_degrees': 58, 'wind_dir_cardinal': 'NE', 'rainfall': 0.0}
2025-07-15 12:24:10,100 - INFO - Switched to GUI-1 (Next toggle in 10s
2025-07-15 12:24:10,722 - INFO - Modbus connection successful (Attempt 1/3)
2025-07-15 12:24:10,756 - INFO - environment read successfully in 0.03s: {'temperature': 38.6, 'humidity': 47.5, 'pressure': 1009.4}
2025-07-15 12:24:12,801 - INFO - uv read successfully in 2.04s: {'uv_index': 16.21}
2025-07-15 12:24:12,845 - INFO - aqi read successfully in 0.04s: {'co2': nan, 'pm2_5': 37.3, 'pm10': 221.7, 'carbon_monoxide': 228.0, 'nitrogen_dioxide': 8.2, 'sulphur_dioxide': 11.9, 'ozone': 107.0}
2025-07-15 12:24:12,875 - INFO - wind_speed read successfully in 0.03s: {'wind_speed': 2.0}
2025-07-15 12:24:12,909 - INFO - wind_direction read successfully in 0.03s: {'wind_dir_degrees': 263, 'wind_dir_cardinal': 'W'}
2025-07-15 12:24:12,938 - INFO - rainfall read successfully in 0.03s: {'rainfall': 0.0}
2025-07-15 12:24:12,938 - INFO - Read cycle complete. Successful: 6, Errors: 0
2025-07-15 12:24:12,938 - INFO - Current sensor data: {'timestamp': '2025-07-15T12:24:10.722548', 'temperature': 38.6, 'humidity': 47.5, 'pressure': 1009.4, 'uv_index': 16.21, 'co2': nan, 'pm2_5': 37.3, 'pm10': 221.7, 'carbon_monoxide': 228.0, 'nitrogen_dioxide': 8.2, 'sulphur_dioxide': 11.9, 'ozone': 107.0, 'wind_speed': 2.0, 'wind_dir_degrees': 263, 'wind_dir_cardinal': 'W', 'rainfall': 0.0}
2025-07-15 12:24:14,938 - INFO - Modbus connection successful (Attempt 1/3)
2025-07-15 12:24:14,973 - INFO - environment read successfully in 0.03s: {'temperature': 38.6, 'humidity': 47.4, 'pressure': 1009.3}
2025-07-15 12:24:17,018 - INFO - uv read successfully in 2.05s: {'uv_index': 16.24}
2025-07-15 12:24:17,076 - INFO - aqi read successfully in 0.06s: {'co2': nan, 'pm2_5': 37.3, 'pm10': 221.7, 'carbon_monoxide': 228.0, 'nitrogen_dioxide': 8.2, 'sulphur_dioxide': 11.9, 'ozone': 107.0}
2025-07-15 12:24:17,106 - INFO - wind_speed read successfully in 0.03s: {'wind_speed': 1.8}
2025-07-15 12:24:17,141 - INFO - wind_direction read successfully in 0.03s: {'wind_dir_degrees': 201, 'wind_dir_cardinal': 'S'}
2025-07-15 12:24:17,171 - INFO - rainfall read successfully in 0.03s: {'rainfall': 0.0}
2025-07-15 12:24:17,171 - INFO - Read cycle complete. Successful: 6, Errors: 0
2025-07-15 12:24:17,171 - INFO - Current sensor data: {'timestamp': '2025-07-15T12:24:14.939016', 'temperature': 38.6, 'humidity': 47.4, 'pressure': 1009.3, 'uv_index': 16.24, 'co2': nan, 'pm2_5': 37.3, 'pm10': 221.7, 'carbon_monoxide': 228.0, 'nitrogen_dioxide': 8.2, 'sulphur_dioxide': 11.9, 'ozone': 107.0, 'wind_speed': 1.8, 'wind_dir_degrees': 201, 'wind_dir_cardinal': 'S', 'rainfall': 0.0}
2025-07-15 12:24:19,171 - INFO - Modbus connection successful (Attempt 1/3)
2025-07-15 12:24:19,205 - INFO - environment read successfully in 0.03s: {'temperature': 38.6, 'humidity': 47.2, 'pressure': 1009.4}
2025-07-15 12:24:20,082 - INFO - CSV write completed at 2025-07-15T12:24:20.082879
2025-07-15 12:24:20,101 - INFO - Switched to GUI-2 (Next toggle in 5s
2025-07-15 12:24:21,250 - INFO - uv read successfully in 2.04s: {'uv_index': 16.15}
2025-07-15 12:24:21,318 - INFO - aqi read successfully in 0.07s: {'co2': nan, 'pm2_5': 37.3, 'pm10': 221.7, 'carbon_monoxide': 228.0, 'nitrogen_dioxide': 8.2, 'sulphur_dioxide': 11.9, 'ozone': 107.0}
2025-07-15 12:24:21,348 - INFO - wind_speed read successfully in 0.03s: {'wind_speed': 2.0}
2025-07-15 12:24:21,382 - INFO - wind_direction read successfully in 0.03s: {'wind_dir_degrees': 43, 'wind_dir_cardinal': 'NE'}
2025-07-15 12:24:21,412 - INFO - rainfall read successfully in 0.03s: {'rainfall': 0.0}
2025-07-15 12:24:21,412 - INFO - Read cycle complete. Successful: 6, Errors: 0
2025-07-15 12:24:21,412 - INFO - Current sensor data: {'timestamp': '2025-07-15T12:24:19.171485', 'temperature': 38.6, 'humidity': 47.2, 'pressure': 1009.4, 'uv_index': 16.15, 'co2': nan, 'pm2_5': 37.3, 'pm10': 221.7, 'carbon_monoxide': 228.0, 'nitrogen_dioxide': 8.2, 'sulphur_dioxide': 11.9, 'ozone': 107.0, 'wind_speed': 2.0, 'wind_dir_degrees': 43, 'wind_dir_cardinal': 'NE', 'rainfall': 0.0}
2025-07-15 12:24:23,412 - INFO - Modbus connection successful (Attempt 1/3)
2025-07-15 12:24:23,447 - INFO - environment read successfully in 0.03s: {'temperature': 38.6, 'humidity': 47.2, 'pressure': 1009.4}
2025-07-15 12:24:25,103 - INFO - Switched to GUI-1 (Next toggle in 10s
2025-07-15 12:24:25,491 - INFO - uv read successfully in 2.04s: {'uv_index': 16.18}
2025-07-15 12:24:25,578 - INFO - aqi read successfully in 0.09s: {'co2': nan, 'pm2_5': 37.3, 'pm10': 221.7, 'carbon_monoxide': 228.0, 'nitrogen_dioxide': 8.2, 'sulphur_dioxide': 11.9, 'ozone': 107.0}
2025-07-15 12:24:25,608 - INFO - wind_speed read successfully in 0.03s: {'wind_speed': 1.9}
2025-07-15 12:24:25,643 - INFO - wind_direction read successfully in 0.03s: {'wind_dir_degrees': 207, 'wind_dir_cardinal': 'SW'}
2025-07-15 12:24:25,672 - INFO - rainfall read successfully in 0.03s: {'rainfall': 0.0}
2025-07-15 12:24:25,672 - INFO - Read cycle complete. Successful: 6, Errors: 0
2025-07-15 12:24:25,672 - INFO - Current sensor data: {'timestamp': '2025-07-15T12:24:23.412894', 'temperature': 38.6, 'humidity': 47.2, 'pressure': 1009.4, 'uv_index': 16.18, 'co2': nan, 'pm2_5': 37.3, 'pm10': 221.7, 'carbon_monoxide': 228.0, 'nitrogen_dioxide': 8.2, 'sulphur_dioxide': 11.9, 'ozone': 107.0, 'wind_speed': 1.9, 'wind_dir_degrees': 207, 'wind_dir_cardinal': 'SW', 'rainfall': 0.0}
2025-07-15 12:24:25,673 - INFO - Sensor data queued for CSV write
2025-07-15 12:24:27,673 - INFO - Modbus connection successful (Attempt 1/3)
2025-07-15 12:24:27,707 - INFO - environment read successfully in 0.03s: {'temperature': 38.7, 'humidity': 47.2, 'pressure': 1009.5}
2025-07-15 12:24:29,752 - INFO - uv read successfully in 2.05s: {'uv_index': 16.15}
2025-07-15 12:24:29,796 - INFO - aqi read successfully in 0.04s: {'co2': nan, 'pm2_5': 37.3, 'pm10': 221.7, 'carbon_monoxide': 228.0, 'nitrogen_dioxide': 8.2, 'sulphur_dioxide': 11.9, 'ozone': 107.0}
2025-07-15 12:24:29,826 - INFO - wind_speed read successfully in 0.03s: {'wind_speed': 1.8}
2025-07-15 12:24:29,860 - INFO - wind_direction read successfully in 0.03s: {'wind_dir_degrees': 34, 'wind_dir_cardinal': 'NE'}
2025-07-15 12:24:29,890 - INFO - rainfall read successfully in 0.03s: {'rainfall': 0.0}
2025-07-15 12:24:29,890 - INFO - Read cycle complete. Successful: 6, Errors: 0
2025-07-15 12:24:29,890 - INFO - Current sensor data: {'timestamp': '2025-07-15T12:24:27.673301', 'temperature': 38.7, 'humidity': 47.2, 'pressure': 1009.5, 'uv_index': 16.15, 'co2': nan, 'pm2_5': 37.3, 'pm10': 221.7, 'carbon_monoxide': 228.0, 'nitrogen_dioxide': 8.2, 'sulphur_dioxide': 11.9, 'ozone': 107.0, 'wind_speed': 1.8, 'wind_dir_degrees': 34, 'wind_dir_cardinal': 'NE', 'rainfall': 0.0}
2025-07-15 12:24:31,890 - INFO - Modbus connection successful (Attempt 1/3)
2025-07-15 12:24:31,924 - INFO - environment read successfully in 0.03s: {'temperature': 38.7, 'humidity': 47.0, 'pressure': 1009.4}
2025-07-15 12:24:33,969 - INFO - uv read successfully in 2.04s: {'uv_index': 16.05}
2025-07-15 12:24:34,013 - INFO - aqi read successfully in 0.04s: {'co2': nan, 'pm2_5': 37.3, 'pm10': 221.7, 'carbon_monoxide': 228.0, 'nitrogen_dioxide': 8.2, 'sulphur_dioxide': 11.9, 'ozone': 107.0}
2025-07-15 12:24:34,043 - INFO - wind_speed read successfully in 0.03s: {'wind_speed': 2.2}
2025-07-15 12:24:34,077 - INFO - wind_direction read successfully in 0.03s: {'wind_dir_degrees': 86, 'wind_dir_cardinal': 'E'}
2025-07-15 12:24:34,107 - INFO - rainfall read successfully in 0.03s: {'rainfall': 0.0}
2025-07-15 12:24:34,107 - INFO - Read cycle complete. Successful: 6, Errors: 0
2025-07-15 12:24:34,107 - INFO - Current sensor data: {'timestamp': '2025-07-15T12:24:31.890545', 'temperature': 38.7, 'humidity': 47.0, 'pressure': 1009.4, 'uv_index': 16.05, 'co2': nan, 'pm2_5': 37.3, 'pm10': 221.7, 'carbon_monoxide': 228.0, 'nitrogen_dioxide': 8.2, 'sulphur_dioxide': 11.9, 'ozone': 107.0, 'wind_speed': 2.2, 'wind_dir_degrees': 86, 'wind_dir_cardinal': 'E', 'rainfall': 0.0}
2025-07-15 12:24:35,106 - INFO - Switched to GUI-2 (Next toggle in 5s
2025-07-15 12:24:36,107 - INFO - Modbus connection successful (Attempt 1/3)
2025-07-15 12:24:36,141 - INFO - environment read successfully in 0.03s: {'temperature': 38.7, 'humidity': 46.9, 'pressure': 1009.4}
2025-07-15 12:24:38,187 - INFO - uv read successfully in 2.05s: {'uv_index': 15.8}
2025-07-15 12:24:38,245 - INFO - aqi read successfully in 0.06s: {'co2': nan, 'pm2_5': 37.3, 'pm10': 221.7, 'carbon_monoxide': 228.0, 'nitrogen_dioxide': 8.2, 'sulphur_dioxide': 11.9, 'ozone': 107.0}
2025-07-15 12:24:38,275 - INFO - wind_speed read successfully in 0.03s: {'wind_speed': 2.2}
2025-07-15 12:24:38,309 - INFO - wind_direction read successfully in 0.03s: {'wind_dir_degrees': 135, 'wind_dir_cardinal': 'SE'}
2025-07-15 12:24:38,339 - INFO - rainfall read successfully in 0.03s: {'rainfall': 0.0}
2025-07-15 12:24:38,339 - INFO - Read cycle complete. Successful: 6, Errors: 0
2025-07-15 12:24:38,339 - INFO - Current sensor data: {'timestamp': '2025-07-15T12:24:36.107832', 'temperature': 38.7, 'humidity': 46.9, 'pressure': 1009.4, 'uv_index': 15.8, 'co2': nan, 'pm2_5': 37.3, 'pm10': 221.7, 'carbon_monoxide': 228.0, 'nitrogen_dioxide': 8.2, 'sulphur_dioxide': 11.9, 'ozone': 107.0, 'wind_speed': 2.2, 'wind_dir_degrees': 135, 'wind_dir_cardinal': 'SE', 'rainfall': 0.0}
2025-07-15 12:24:40,109 - INFO - Switched to GUI-1 (Next toggle in 10s
2025-07-15 12:24:40,339 - INFO - Modbus connection successful (Attempt 1/3)
2025-07-15 12:24:40,373 - INFO - environment read successfully in 0.03s: {'temperature': 38.8, 'humidity': 46.8, 'pressure': 1009.5}
2025-07-15 12:24:42,419 - INFO - uv read successfully in 2.05s: {'uv_index': 15.95}
2025-07-15 12:24:42,463 - INFO - aqi read successfully in 0.04s: {'co2': nan, 'pm2_5': 37.3, 'pm10': 221.7, 'carbon_monoxide': 228.0, 'nitrogen_dioxide': 8.2, 'sulphur_dioxide': 11.9, 'ozone': 107.0}
2025-07-15 12:24:42,493 - INFO - wind_speed read successfully in 0.03s: {'wind_speed': 2.1}
2025-07-15 12:24:42,527 - INFO - wind_direction read successfully in 0.03s: {'wind_dir_degrees': 184, 'wind_dir_cardinal': 'S'}
2025-07-15 12:24:42,557 - INFO - rainfall read successfully in 0.03s: {'rainfall': 0.0}
2025-07-15 12:24:42,557 - INFO - Read cycle complete. Successful: 6, Errors: 0
2025-07-15 12:24:42,557 - INFO - Current sensor data: {'timestamp': '2025-07-15T12:24:40.339816', 'temperature': 38.8, 'humidity': 46.8, 'pressure': 1009.5, 'uv_index': 15.95, 'co2': nan, 'pm2_5': 37.3, 'pm10': 221.7, 'carbon_monoxide': 228.0, 'nitrogen_dioxide': 8.2, 'sulphur_dioxide': 11.9, 'ozone': 107.0, 'wind_speed': 2.1, 'wind_dir_degrees': 184, 'wind_dir_cardinal': 'S', 'rainfall': 0.0}
2025-07-15 12:24:44,557 - INFO - Modbus connection successful (Attempt 1/3)
2025-07-15 12:24:44,591 - INFO - environment read successfully in 0.03s: {'temperature': 38.8, 'humidity': 46.7, 'pressure': 1009.5}
2025-07-15 12:24:46,637 - INFO - uv read successfully in 2.05s: {'uv_index': 16.19}
2025-07-15 12:24:46,715 - INFO - aqi read successfully in 0.08s: {'co2': nan, 'pm2_5': 37.3, 'pm10': 221.7, 'carbon_monoxide': 228.0, 'nitrogen_dioxide': 8.2, 'sulphur_dioxide': 11.9, 'ozone': 107.0}
2025-07-15 12:24:46,745 - INFO - wind_speed read successfully in 0.03s: {'wind_speed': 1.9}
2025-07-15 12:24:46,779 - INFO - wind_direction read successfully in 0.03s: {'wind_dir_degrees': 122, 'wind_dir_cardinal': 'SE'}
2025-07-15 12:24:46,809 - INFO - rainfall read successfully in 0.03s: {'rainfall': 0.0}
2025-07-15 12:24:46,809 - INFO - Read cycle complete. Successful: 6, Errors: 0
2025-07-15 12:24:46,809 - INFO - Current sensor data: {'timestamp': '2025-07-15T12:24:44.557469', 'temperature': 38.8, 'humidity': 46.7, 'pressure': 1009.5, 'uv_index': 16.19, 'co2': nan, 'pm2_5': 37.3, 'pm10': 221.7, 'carbon_monoxide': 228.0, 'nitrogen_dioxide': 8.2, 'sulphur_dioxide': 11.9, 'ozone': 107.0, 'wind_speed': 1.9, 'wind_dir_degrees': 122, 'wind_dir_cardinal': 'SE', 'rainfall': 0.0}
2025-07-15 12:24:48,809 - INFO - Modbus connection successful (Attempt 1/3)
2025-07-15 12:24:48,843 - INFO - environment read successfully in 0.03s: {'temperature': 38.8, 'humidity': 46.7, 'pressure': 1009.5}
2025-07-15 12:24:50,086 - INFO - CSV write completed at 2025-07-15T12:24:50.086472
2025-07-15 12:24:50,114 - INFO - Switched to GUI-2 (Next toggle in 5s
2025-07-15 12:24:50,888 - INFO - uv read successfully in 2.05s: {'uv_index': 15.83}
2025-07-15 12:24:50,932 - INFO - aqi read successfully in 0.04s: {'co2': nan, 'pm2_5': 37.3, 'pm10': 221.7, 'carbon_monoxide': 228.0, 'nitrogen_dioxide': 8.2, 'sulphur_dioxide': 11.9, 'ozone': 107.0}
2025-07-15 12:24:50,962 - INFO - wind_speed read successfully in 0.03s: {'wind_speed': 2.2}
2025-07-15 12:24:50,996 - INFO - wind_direction read successfully in 0.03s: {'wind_dir_degrees': 29, 'wind_dir_cardinal': 'NE'}
2025-07-15 12:24:51,026 - INFO - rainfall read successfully in 0.03s: {'rainfall': 0.0}
2025-07-15 12:24:51,026 - INFO - Read cycle complete. Successful: 6, Errors: 0
2025-07-15 12:24:51,026 - INFO - Current sensor data: {'timestamp': '2025-07-15T12:24:48.809428', 'temperature': 38.8, 'humidity': 46.7, 'pressure': 1009.5, 'uv_index': 15.83, 'co2': nan, 'pm2_5': 37.3, 'pm10': 221.7, 'carbon_monoxide': 228.0, 'nitrogen_dioxide': 8.2, 'sulphur_dioxide': 11.9, 'ozone': 107.0, 'wind_speed': 2.2, 'wind_dir_degrees': 29, 'wind_dir_cardinal': 'NE', 'rainfall': 0.0}
2025-07-15 12:24:53,026 - INFO - Modbus connection successful (Attempt 1/3)
2025-07-15 12:24:53,060 - INFO - environment read successfully in 0.03s: {'temperature': 38.9, 'humidity': 46.5, 'pressure': 1009.5}
2025-07-15 12:24:55,105 - INFO - uv read successfully in 2.04s: {'uv_index': 15.98}
2025-07-15 12:24:55,151 - INFO - Switched to GUI-1 (Next toggle in 10s
2025-07-15 12:24:55,152 - INFO - aqi read successfully in 0.05s: {'co2': nan, 'pm2_5': 37.3, 'pm10': 221.7, 'carbon_monoxide': 228.0, 'nitrogen_dioxide': 8.2, 'sulphur_dioxide': 11.9, 'ozone': 107.0}
2025-07-15 12:24:55,187 - INFO - wind_speed read successfully in 0.03s: {'wind_speed': 3.5}
2025-07-15 12:24:55,221 - INFO - wind_direction read successfully in 0.03s: {'wind_dir_degrees': 94, 'wind_dir_cardinal': 'E'}
2025-07-15 12:24:55,251 - INFO - rainfall read successfully in 0.03s: {'rainfall': 0.0}
2025-07-15 12:24:55,251 - INFO - Read cycle complete. Successful: 6, Errors: 0
2025-07-15 12:24:55,251 - INFO - Current sensor data: {'timestamp': '2025-07-15T12:24:53.026681', 'temperature': 38.9, 'humidity': 46.5, 'pressure': 1009.5, 'uv_index': 15.98, 'co2': nan, 'pm2_5': 37.3, 'pm10': 221.7, 'carbon_monoxide': 228.0, 'nitrogen_dioxide': 8.2, 'sulphur_dioxide': 11.9, 'ozone': 107.0, 'wind_speed': 3.5, 'wind_dir_degrees': 94, 'wind_dir_cardinal': 'E', 'rainfall': 0.0}
2025-07-15 12:24:57,251 - INFO - Modbus connection successful (Attempt 1/3)
2025-07-15 12:24:57,285 - INFO - environment read successfully in 0.03s: {'temperature': 38.9, 'humidity': 46.4, 'pressure': 1009.5}
2025-07-15 12:24:59,331 - INFO - uv read successfully in 2.05s: {'uv_index': 16.12}
2025-07-15 12:24:59,388 - INFO - aqi read successfully in 0.06s: {'co2': nan, 'pm2_5': 37.3, 'pm10': 221.7, 'carbon_monoxide': 228.0, 'nitrogen_dioxide': 8.2, 'sulphur_dioxide': 11.9, 'ozone': 107.0}
2025-07-15 12:24:59,418 - INFO - wind_speed read successfully in 0.03s: {'wind_speed': 3.4}
2025-07-15 12:24:59,452 - INFO - wind_direction read successfully in 0.03s: {'wind_dir_degrees': 173, 'wind_dir_cardinal': 'S'}
2025-07-15 12:24:59,481 - INFO - rainfall read successfully in 0.03s: {'rainfall': 0.0}
2025-07-15 12:24:59,481 - INFO - Read cycle complete. Successful: 6, Errors: 0
2025-07-15 12:24:59,482 - INFO - Current sensor data: {'timestamp': '2025-07-15T12:24:57.251715', 'temperature': 38.9, 'humidity': 46.4, 'pressure': 1009.5, 'uv_index': 16.12, 'co2': nan, 'pm2_5': 37.3, 'pm10': 221.7, 'carbon_monoxide': 228.0, 'nitrogen_dioxide': 8.2, 'sulphur_dioxide': 11.9, 'ozone': 107.0, 'wind_speed': 3.4, 'wind_dir_degrees': 173, 'wind_dir_cardinal': 'S', 'rainfall': 0.0}
2025-07-15 12:24:59,482 - INFO - Sensor data queued for CSV write
2025-07-15 12:25:01,482 - INFO - Modbus connection successful (Attempt 1/3)
2025-07-15 12:25:01,516 - INFO - environment read successfully in 0.03s: {'temperature': 39.0, 'humidity': 46.3, 'pressure': 1009.6}
2025-07-15 12:25:03,561 - INFO - uv read successfully in 2.04s: {'uv_index': 15.8}
2025-07-15 12:25:03,605 - INFO - aqi read successfully in 0.04s: {'co2': nan, 'pm2_5': 37.3, 'pm10': 221.7, 'carbon_monoxide': 228.0, 'nitrogen_dioxide': 8.2, 'sulphur_dioxide': 11.9, 'ozone': 107.0}
2025-07-15 12:25:03,635 - INFO - wind_speed read successfully in 0.03s: {'wind_speed': 3.0}
2025-07-15 12:25:03,668 - INFO - wind_direction read successfully in 0.03s: {'wind_dir_degrees': 83, 'wind_dir_cardinal': 'E'}
2025-07-15 12:25:03,698 - INFO - rainfall read successfully in 0.03s: {'rainfall': 0.0}
2025-07-15 12:25:03,698 - INFO - Read cycle complete. Successful: 6, Errors: 0
2025-07-15 12:25:03,698 - INFO - Current sensor data: {'timestamp': '2025-07-15T12:25:01.482254', 'temperature': 39.0, 'humidity': 46.3, 'pressure': 1009.6, 'uv_index': 15.8, 'co2': nan, 'pm2_5': 37.3, 'pm10': 221.7, 'carbon_monoxide': 228.0, 'nitrogen_dioxide': 8.2, 'sulphur_dioxide': 11.9, 'ozone': 107.0, 'wind_speed': 3.0, 'wind_dir_degrees': 83, 'wind_dir_cardinal': 'E', 'rainfall': 0.0}
2025-07-15 12:25:05,152 - INFO - Switched to GUI-2 (Next toggle in 5s
2025-07-15 12:25:05,698 - INFO - Modbus connection successful (Attempt 1/3)
2025-07-15 12:25:05,732 - INFO - environment read successfully in 0.03s: {'temperature': 39.0, 'humidity': 46.3, 'pressure': 1009.6}
2025-07-15 12:25:07,777 - INFO - uv read successfully in 2.04s: {'uv_index': 16.1}
2025-07-15 12:25:07,821 - INFO - aqi read successfully in 0.04s: {'co2': nan, 'pm2_5': 37.3, 'pm10': 221.7, 'carbon_monoxide': 228.0, 'nitrogen_dioxide': 8.2, 'sulphur_dioxide': 11.9, 'ozone': 107.0}
2025-07-15 12:25:07,851 - INFO - wind_speed read successfully in 0.03s: {'wind_speed': 2.6}
2025-07-15 12:25:07,885 - INFO - wind_direction read successfully in 0.03s: {'wind_dir_degrees': 114, 'wind_dir_cardinal': 'SE'}
2025-07-15 12:25:07,915 - INFO - rainfall read successfully in 0.03s: {'rainfall': 0.0}
2025-07-15 12:25:07,915 - INFO - Read cycle complete. Successful: 6, Errors: 0
2025-07-15 12:25:07,915 - INFO - Current sensor data: {'timestamp': '2025-07-15T12:25:05.698931', 'temperature': 39.0, 'humidity': 46.3, 'pressure': 1009.6, 'uv_index': 16.1, 'co2': nan, 'pm2_5': 37.3, 'pm10': 221.7, 'carbon_monoxide': 228.0, 'nitrogen_dioxide': 8.2, 'sulphur_dioxide': 11.9, 'ozone': 107.0, 'wind_speed': 2.6, 'wind_dir_degrees': 114, 'wind_dir_cardinal': 'SE', 'rainfall': 0.0}
2025-07-15 12:25:09,915 - INFO - Modbus connection successful (Attempt 1/3)
2025-07-15 12:25:09,949 - INFO - environment read successfully in 0.03s: {'temperature': 39.0, 'humidity': 46.3, 'pressure': 1009.6}
2025-07-15 12:25:10,153 - INFO - Switched to GUI-1 (Next toggle in 10s
2025-07-15 12:25:11,992 - INFO - uv read successfully in 2.04s: {'uv_index': 16.15}
2025-07-15 12:25:12,080 - INFO - aqi read successfully in 0.09s: {'co2': nan, 'pm2_5': 37.3, 'pm10': 221.7, 'carbon_monoxide': 228.0, 'nitrogen_dioxide': 8.2, 'sulphur_dioxide': 11.9, 'ozone': 107.0}
2025-07-15 12:25:12,110 - INFO - wind_speed read successfully in 0.03s: {'wind_speed': 2.3}
2025-07-15 12:25:12,144 - INFO - wind_direction read successfully in 0.03s: {'wind_dir_degrees': 36, 'wind_dir_cardinal': 'NE'}
2025-07-15 12:25:12,174 - INFO - rainfall read successfully in 0.03s: {'rainfall': 0.0}
2025-07-15 12:25:12,174 - INFO - Read cycle complete. Successful: 6, Errors: 0
2025-07-15 12:25:12,175 - INFO - Current sensor data: {'timestamp': '2025-07-15T12:25:09.915407', 'temperature': 39.0, 'humidity': 46.3, 'pressure': 1009.6, 'uv_index': 16.15, 'co2': nan, 'pm2_5': 37.3, 'pm10': 221.7, 'carbon_monoxide': 228.0, 'nitrogen_dioxide': 8.2, 'sulphur_dioxide': 11.9, 'ozone': 107.0, 'wind_speed': 2.3, 'wind_dir_degrees': 36, 'wind_dir_cardinal': 'NE', 'rainfall': 0.0}
2025-07-15 12:25:14,175 - INFO - Modbus connection successful (Attempt 1/3)
2025-07-15 12:25:14,209 - INFO - environment read successfully in 0.03s: {'temperature': 39.0, 'humidity': 46.2, 'pressure': 1009.5}
2025-07-15 12:25:16,256 - INFO - uv read successfully in 2.05s: {'uv_index': 15.86}
2025-07-15 12:25:16,324 - INFO - aqi read successfully in 0.07s: {'co2': nan, 'pm2_5': 37.3, 'pm10': 221.7, 'carbon_monoxide': 228.0, 'nitrogen_dioxide': 8.2, 'sulphur_dioxide': 11.9, 'ozone': 107.0}
2025-07-15 12:25:16,354 - INFO - wind_speed read successfully in 0.03s: {'wind_speed': 2.3}
2025-07-15 12:25:16,388 - INFO - wind_direction read successfully in 0.03s: {'wind_dir_degrees': 92, 'wind_dir_cardinal': 'E'}
2025-07-15 12:25:16,418 - INFO - rainfall read successfully in 0.03s: {'rainfall': 0.0}
2025-07-15 12:25:16,418 - INFO - Read cycle complete. Successful: 6, Errors: 0
2025-07-15 12:25:16,418 - INFO - Current sensor data: {'timestamp': '2025-07-15T12:25:14.175387', 'temperature': 39.0, 'humidity': 46.2, 'pressure': 1009.5, 'uv_index': 15.86, 'co2': nan, 'pm2_5': 37.3, 'pm10': 221.7, 'carbon_monoxide': 228.0, 'nitrogen_dioxide': 8.2, 'sulphur_dioxide': 11.9, 'ozone': 107.0, 'wind_speed': 2.3, 'wind_dir_degrees': 92, 'wind_dir_cardinal': 'E', 'rainfall': 0.0}
2025-07-15 12:25:18,418 - INFO - Modbus connection successful (Attempt 1/3)
2025-07-15 12:25:18,453 - INFO - environment read successfully in 0.03s: {'temperature': 39.0, 'humidity': 46.1, 'pressure': 1009.6}
2025-07-15 12:25:20,090 - INFO - CSV write completed at 2025-07-15T12:25:20.090393
2025-07-15 12:25:20,153 - INFO - Switched to GUI-2 (Next toggle in 5s
2025-07-15 12:25:20,498 - INFO - uv read successfully in 2.05s: {'uv_index': 16.12}
2025-07-15 12:25:20,542 - INFO - aqi read successfully in 0.04s: {'co2': nan, 'pm2_5': 37.3, 'pm10': 221.7, 'carbon_monoxide': 228.0, 'nitrogen_dioxide': 8.2, 'sulphur_dioxide': 11.9, 'ozone': 107.0}
2025-07-15 12:25:20,572 - INFO - wind_speed read successfully in 0.03s: {'wind_speed': 2.6}
2025-07-15 12:25:20,606 - INFO - wind_direction read successfully in 0.03s: {'wind_dir_degrees': 115, 'wind_dir_cardinal': 'SE'}
2025-07-15 12:25:20,635 - INFO - rainfall read successfully in 0.03s: {'rainfall': 0.0}
2025-07-15 12:25:20,635 - INFO - Read cycle complete. Successful: 6, Errors: 0
2025-07-15 12:25:20,636 - INFO - Current sensor data: {'timestamp': '2025-07-15T12:25:18.418954', 'temperature': 39.0, 'humidity': 46.1, 'pressure': 1009.6, 'uv_index': 16.12, 'co2': nan, 'pm2_5': 37.3, 'pm10': 221.7, 'carbon_monoxide': 228.0, 'nitrogen_dioxide': 8.2, 'sulphur_dioxide': 11.9, 'ozone': 107.0, 'wind_speed': 2.6, 'wind_dir_degrees': 115, 'wind_dir_cardinal': 'SE', 'rainfall': 0.0}
2025-07-15 12:25:22,636 - INFO - Modbus connection successful (Attempt 1/3)
2025-07-15 12:25:22,670 - INFO - environment read successfully in 0.03s: {'temperature': 39.1, 'humidity': 46.1, 'pressure': 1009.6}
2025-07-15 12:25:24,716 - INFO - uv read successfully in 2.05s: {'uv_index': 16.21}
2025-07-15 12:25:24,774 - INFO - aqi read successfully in 0.06s: {'co2': nan, 'pm2_5': 37.3, 'pm10': 221.7, 'carbon_monoxide': 228.0, 'nitrogen_dioxide': 8.2, 'sulphur_dioxide': 11.9, 'ozone': 107.0}
2025-07-15 12:25:24,804 - INFO - wind_speed read successfully in 0.03s: {'wind_speed': 2.5}
2025-07-15 12:25:24,838 - INFO - wind_direction read successfully in 0.03s: {'wind_dir_degrees': 111, 'wind_dir_cardinal': 'E'}
2025-07-15 12:25:24,868 - INFO - rainfall read successfully in 0.03s: {'rainfall': 0.0}
2025-07-15 12:25:24,868 - INFO - Read cycle complete. Successful: 6, Errors: 0
2025-07-15 12:25:24,868 - INFO - Current sensor data: {'timestamp': '2025-07-15T12:25:22.636265', 'temperature': 39.1, 'humidity': 46.1, 'pressure': 1009.6, 'uv_index': 16.21, 'co2': nan, 'pm2_5': 37.3, 'pm10': 221.7, 'carbon_monoxide': 228.0, 'nitrogen_dioxide': 8.2, 'sulphur_dioxide': 11.9, 'ozone': 107.0, 'wind_speed': 2.5, 'wind_dir_degrees': 111, 'wind_dir_cardinal': 'E', 'rainfall': 0.0}
2025-07-15 12:25:25,154 - INFO - Switched to GUI-1 (Next toggle in 10s
2025-07-15 12:25:26,868 - INFO - Modbus connection successful (Attempt 1/3)
2025-07-15 12:25:26,902 - INFO - environment read successfully in 0.03s: {'temperature': 39.1, 'humidity': 46.0, 'pressure': 1009.6}
2025-07-15 12:25:28,945 - INFO - uv read successfully in 2.04s: {'uv_index': 15.92}
2025-07-15 12:25:28,990 - INFO - aqi read successfully in 0.04s: {'co2': nan, 'pm2_5': 37.3, 'pm10': 221.7, 'carbon_monoxide': 228.0, 'nitrogen_dioxide': 8.2, 'sulphur_dioxide': 11.9, 'ozone': 107.0}
2025-07-15 12:25:29,019 - INFO - wind_speed read successfully in 0.03s: {'wind_speed': 2.2}
2025-07-15 12:25:29,053 - INFO - wind_direction read successfully in 0.03s: {'wind_dir_degrees': 196, 'wind_dir_cardinal': 'S'}
2025-07-15 12:25:29,083 - INFO - rainfall read successfully in 0.03s: {'rainfall': 0.0}
2025-07-15 12:25:29,083 - INFO - Read cycle complete. Successful: 6, Errors: 0
2025-07-15 12:25:29,083 - INFO - Current sensor data: {'timestamp': '2025-07-15T12:25:26.868429', 'temperature': 39.1, 'humidity': 46.0, 'pressure': 1009.6, 'uv_index': 15.92, 'co2': nan, 'pm2_5': 37.3, 'pm10': 221.7, 'carbon_monoxide': 228.0, 'nitrogen_dioxide': 8.2, 'sulphur_dioxide': 11.9, 'ozone': 107.0, 'wind_speed': 2.2, 'wind_dir_degrees': 196, 'wind_dir_cardinal': 'S', 'rainfall': 0.0}
2025-07-15 12:25:31,083 - INFO - Modbus connection successful (Attempt 1/3)
2025-07-15 12:25:31,117 - INFO - environment read successfully in 0.03s: {'temperature': 39.1, 'humidity': 46.0, 'pressure': 1009.6}
2025-07-15 12:25:33,163 - INFO - uv read successfully in 2.05s: {'uv_index': 16.05}
2025-07-15 12:25:33,222 - INFO - aqi read successfully in 0.06s: {'co2': nan, 'pm2_5': 37.3, 'pm10': 221.7, 'carbon_monoxide': 228.0, 'nitrogen_dioxide': 8.2, 'sulphur_dioxide': 11.9, 'ozone': 107.0}
2025-07-15 12:25:33,252 - INFO - wind_speed read successfully in 0.03s: {'wind_speed': 2.0}
2025-07-15 12:25:33,286 - INFO - wind_direction read successfully in 0.03s: {'wind_dir_degrees': 145, 'wind_dir_cardinal': 'SE'}
2025-07-15 12:25:33,316 - INFO - rainfall read successfully in 0.03s: {'rainfall': 0.0}
2025-07-15 12:25:33,316 - INFO - Read cycle complete. Successful: 6, Errors: 0
2025-07-15 12:25:33,316 - INFO - Current sensor data: {'timestamp': '2025-07-15T12:25:31.083879', 'temperature': 39.1, 'humidity': 46.0, 'pressure': 1009.6, 'uv_index': 16.05, 'co2': nan, 'pm2_5': 37.3, 'pm10': 221.7, 'carbon_monoxide': 228.0, 'nitrogen_dioxide': 8.2, 'sulphur_dioxide': 11.9, 'ozone': 107.0, 'wind_speed': 2.0, 'wind_dir_degrees': 145, 'wind_dir_cardinal': 'SE', 'rainfall': 0.0}
2025-07-15 12:25:33,316 - INFO - Sensor data queued for CSV write
2025-07-15 12:25:35,155 - INFO - Switched to GUI-2 (Next toggle in 5s
2025-07-15 12:25:35,316 - INFO - Modbus connection successful (Attempt 1/3)
2025-07-15 12:25:35,350 - INFO - environment read successfully in 0.03s: {'temperature': 39.1, 'humidity': 46.0, 'pressure': 1009.6}
2025-07-15 12:25:37,395 - INFO - uv read successfully in 2.04s: {'uv_index': 16.36}
2025-07-15 12:25:37,439 - INFO - aqi read successfully in 0.04s: {'co2': nan, 'pm2_5': 37.3, 'pm10': 221.7, 'carbon_monoxide': 228.0, 'nitrogen_dioxide': 8.2, 'sulphur_dioxide': 11.9, 'ozone': 107.0}
2025-07-15 12:25:37,469 - INFO - wind_speed read successfully in 0.03s: {'wind_speed': 1.8}
2025-07-15 12:25:37,502 - INFO - wind_direction read successfully in 0.03s: {'wind_dir_degrees': 194, 'wind_dir_cardinal': 'S'}
2025-07-15 12:25:37,532 - INFO - rainfall read successfully in 0.03s: {'rainfall': 0.0}
2025-07-15 12:25:37,532 - INFO - Read cycle complete. Successful: 6, Errors: 0
2025-07-15 12:25:37,532 - INFO - Current sensor data: {'timestamp': '2025-07-15T12:25:35.316393', 'temperature': 39.1, 'humidity': 46.0, 'pressure': 1009.6, 'uv_index': 16.36, 'co2': nan, 'pm2_5': 37.3, 'pm10': 221.7, 'carbon_monoxide': 228.0, 'nitrogen_dioxide': 8.2, 'sulphur_dioxide': 11.9, 'ozone': 107.0, 'wind_speed': 1.8, 'wind_dir_degrees': 194, 'wind_dir_cardinal': 'S', 'rainfall': 0.0}
2025-07-15 12:25:39,532 - INFO - Modbus connection successful (Attempt 1/3)
2025-07-15 12:25:39,566 - INFO - environment read successfully in 0.03s: {'temperature': 39.2, 'humidity': 45.9, 'pressure': 1009.6}
2025-07-15 12:25:40,155 - INFO - Switched to GUI-1 (Next toggle in 10s
2025-07-15 12:25:41,612 - INFO - uv read successfully in 2.05s: {'uv_index': 15.99}
2025-07-15 12:25:41,655 - INFO - aqi read successfully in 0.04s: {'co2': nan, 'pm2_5': 37.3, 'pm10': 221.7, 'carbon_monoxide': 228.0, 'nitrogen_dioxide': 8.2, 'sulphur_dioxide': 11.9, 'ozone': 107.0}
2025-07-15 12:25:41,685 - INFO - wind_speed read successfully in 0.03s: {'wind_speed': 1.7}
2025-07-15 12:25:41,719 - INFO - wind_direction read successfully in 0.03s: {'wind_dir_degrees': 56, 'wind_dir_cardinal': 'NE'}
2025-07-15 12:25:41,749 - INFO - rainfall read successfully in 0.03s: {'rainfall': 0.0}
2025-07-15 12:25:41,749 - INFO - Read cycle complete. Successful: 6, Errors: 0
2025-07-15 12:25:41,749 - INFO - Current sensor data: {'timestamp': '2025-07-15T12:25:39.532931', 'temperature': 39.2, 'humidity': 45.9, 'pressure': 1009.6, 'uv_index': 15.99, 'co2': nan, 'pm2_5': 37.3, 'pm10': 221.7, 'carbon_monoxide': 228.0, 'nitrogen_dioxide': 8.2, 'sulphur_dioxide': 11.9, 'ozone': 107.0, 'wind_speed': 1.7, 'wind_dir_degrees': 56, 'wind_dir_cardinal': 'NE', 'rainfall': 0.0}
2025-07-15 12:25:43,749 - INFO - Modbus connection successful (Attempt 1/3)
2025-07-15 12:25:43,783 - INFO - environment read successfully in 0.03s: {'temperature': 39.2, 'humidity': 45.9, 'pressure': 1009.6}
2025-07-15 12:25:45,828 - INFO - uv read successfully in 2.04s: {'uv_index': 16.04}
2025-07-15 12:25:45,886 - INFO - aqi read successfully in 0.06s: {'co2': nan, 'pm2_5': 37.3, 'pm10': 221.7, 'carbon_monoxide': 228.0, 'nitrogen_dioxide': 8.2, 'sulphur_dioxide': 11.9, 'ozone': 107.0}
2025-07-15 12:25:45,916 - INFO - wind_speed read successfully in 0.03s: {'wind_speed': 1.6}
2025-07-15 12:25:45,950 - INFO - wind_direction read successfully in 0.03s: {'wind_dir_degrees': 144, 'wind_dir_cardinal': 'SE'}
2025-07-15 12:25:45,980 - INFO - rainfall read successfully in 0.03s: {'rainfall': 0.0}
2025-07-15 12:25:45,980 - INFO - Read cycle complete. Successful: 6, Errors: 0
2025-07-15 12:25:45,980 - INFO - Current sensor data: {'timestamp': '2025-07-15T12:25:43.749751', 'temperature': 39.2, 'humidity': 45.9, 'pressure': 1009.6, 'uv_index': 16.04, 'co2': nan, 'pm2_5': 37.3, 'pm10': 221.7, 'carbon_monoxide': 228.0, 'nitrogen_dioxide': 8.2, 'sulphur_dioxide': 11.9, 'ozone': 107.0, 'wind_speed': 1.6, 'wind_dir_degrees': 144, 'wind_dir_cardinal': 'SE', 'rainfall': 0.0}
2025-07-15 12:25:47,980 - INFO - Modbus connection successful (Attempt 1/3)
2025-07-15 12:25:48,014 - INFO - environment read successfully in 0.03s: {'temperature': 39.2, 'humidity': 46.0, 'pressure': 1009.6}
2025-07-15 12:25:50,060 - INFO - uv read successfully in 2.05s: {'uv_index': 16.34}
2025-07-15 12:25:50,117 - INFO - CSV write completed at 2025-07-15T12:25:50.117943
2025-07-15 12:25:50,118 - INFO - aqi read successfully in 0.06s: {'co2': nan, 'pm2_5': 37.3, 'pm10': 221.7, 'carbon_monoxide': 228.0, 'nitrogen_dioxide': 8.2, 'sulphur_dioxide': 11.9, 'ozone': 107.0}
2025-07-15 12:25:50,148 - INFO - wind_speed read successfully in 0.03s: {'wind_speed': 1.6}
2025-07-15 12:25:50,156 - INFO - Switched to GUI-2 (Next toggle in 5s
2025-07-15 12:25:50,183 - INFO - wind_direction read successfully in 0.03s: {'wind_dir_degrees': 134, 'wind_dir_cardinal': 'SE'}
2025-07-15 12:25:50,213 - INFO - rainfall read successfully in 0.03s: {'rainfall': 0.0}
2025-07-15 12:25:50,213 - INFO - Read cycle complete. Successful: 6, Errors: 0
2025-07-15 12:25:50,213 - INFO - Current sensor data: {'timestamp': '2025-07-15T12:25:47.980376', 'temperature': 39.2, 'humidity': 46.0, 'pressure': 1009.6, 'uv_index': 16.34, 'co2': nan, 'pm2_5': 37.3, 'pm10': 221.7, 'carbon_monoxide': 228.0, 'nitrogen_dioxide': 8.2, 'sulphur_dioxide': 11.9, 'ozone': 107.0, 'wind_speed': 1.6, 'wind_dir_degrees': 134, 'wind_dir_cardinal': 'SE', 'rainfall': 0.0}
2025-07-15 12:25:52,213 - INFO - Modbus connection successful (Attempt 1/3)
2025-07-15 12:25:52,247 - INFO - environment read successfully in 0.03s: {'temperature': 39.2, 'humidity': 46.0, 'pressure': 1009.6}
2025-07-15 12:25:54,292 - INFO - uv read successfully in 2.04s: {'uv_index': 16.05}
2025-07-15 12:25:54,336 - INFO - aqi read successfully in 0.04s: {'co2': nan, 'pm2_5': 37.3, 'pm10': 221.7, 'carbon_monoxide': 228.0, 'nitrogen_dioxide': 8.2, 'sulphur_dioxide': 11.9, 'ozone': 107.0}
2025-07-15 12:25:54,366 - INFO - wind_speed read successfully in 0.03s: {'wind_speed': 1.5}
2025-07-15 12:25:54,399 - INFO - wind_direction read successfully in 0.03s: {'wind_dir_degrees': 131, 'wind_dir_cardinal': 'SE'}
2025-07-15 12:25:54,429 - INFO - rainfall read successfully in 0.03s: {'rainfall': 0.0}
2025-07-15 12:25:54,429 - INFO - Read cycle complete. Successful: 6, Errors: 0
2025-07-15 12:25:54,429 - INFO - Current sensor data: {'timestamp': '2025-07-15T12:25:52.213738', 'temperature': 39.2, 'humidity': 46.0, 'pressure': 1009.6, 'uv_index': 16.05, 'co2': nan, 'pm2_5': 37.3, 'pm10': 221.7, 'carbon_monoxide': 228.0, 'nitrogen_dioxide': 8.2, 'sulphur_dioxide': 11.9, 'ozone': 107.0, 'wind_speed': 1.5, 'wind_dir_degrees': 131, 'wind_dir_cardinal': 'SE', 'rainfall': 0.0}
2025-07-15 12:25:55,156 - INFO - Switched to GUI-1 (Next toggle in 10s
2025-07-15 12:25:56,429 - INFO - Modbus connection successful (Attempt 1/3)
2025-07-15 12:25:56,463 - INFO - environment read successfully in 0.03s: {'temperature': 39.2, 'humidity': 46.0, 'pressure': 1009.6}
2025-07-15 12:25:58,509 - INFO - uv read successfully in 2.05s: {'uv_index': 15.89}
2025-07-15 12:25:58,567 - INFO - aqi read successfully in 0.06s: {'co2': nan, 'pm2_5': 37.3, 'pm10': 221.7, 'carbon_monoxide': 228.0, 'nitrogen_dioxide': 8.2, 'sulphur_dioxide': 11.9, 'ozone': 107.0}
2025-07-15 12:25:58,596 - INFO - wind_speed read successfully in 0.03s: {'wind_speed': 1.5}
2025-07-15 12:25:58,630 - INFO - wind_direction read successfully in 0.03s: {'wind_dir_degrees': 129, 'wind_dir_cardinal': 'SE'}
2025-07-15 12:25:58,660 - INFO - rainfall read successfully in 0.03s: {'rainfall': 0.0}
2025-07-15 12:25:58,660 - INFO - Read cycle complete. Successful: 6, Errors: 0
2025-07-15 12:25:58,660 - INFO - Current sensor data: {'timestamp': '2025-07-15T12:25:56.429885', 'temperature': 39.2, 'humidity': 46.0, 'pressure': 1009.6, 'uv_index': 15.89, 'co2': nan, 'pm2_5': 37.3, 'pm10': 221.7, 'carbon_monoxide': 228.0, 'nitrogen_dioxide': 8.2, 'sulphur_dioxide': 11.9, 'ozone': 107.0, 'wind_speed': 1.5, 'wind_dir_degrees': 129, 'wind_dir_cardinal': 'SE', 'rainfall': 0.0}
2025-07-15 12:26:00,660 - INFO - Modbus connection successful (Attempt 1/3)
2025-07-15 12:26:00,694 - INFO - environment read successfully in 0.03s: {'temperature': 39.2, 'humidity': 46.0, 'pressure': 1009.6}
2025-07-15 12:26:02,740 - INFO - uv read successfully in 2.05s: {'uv_index': 16.3}
2025-07-15 12:26:02,799 - INFO - aqi read successfully in 0.06s: {'co2': nan, 'pm2_5': 37.3, 'pm10': 221.7, 'carbon_monoxide': 228.0, 'nitrogen_dioxide': 8.2, 'sulphur_dioxide': 11.9, 'ozone': 107.0}
2025-07-15 12:26:02,828 - INFO - wind_speed read successfully in 0.03s: {'wind_speed': 1.5}
2025-07-15 12:26:02,863 - INFO - wind_direction read successfully in 0.03s: {'wind_dir_degrees': 230, 'wind_dir_cardinal': 'SW'}
2025-07-15 12:26:02,892 - INFO - rainfall read successfully in 0.03s: {'rainfall': 0.0}
2025-07-15 12:26:02,892 - INFO - Read cycle complete. Successful: 6, Errors: 0
2025-07-15 12:26:02,892 - INFO - Current sensor data: {'timestamp': '2025-07-15T12:26:00.660939', 'temperature': 39.2, 'humidity': 46.0, 'pressure': 1009.6, 'uv_index': 16.3, 'co2': nan, 'pm2_5': 37.3, 'pm10': 221.7, 'carbon_monoxide': 228.0, 'nitrogen_dioxide': 8.2, 'sulphur_dioxide': 11.9, 'ozone': 107.0, 'wind_speed': 1.5, 'wind_dir_degrees': 230, 'wind_dir_cardinal': 'SW', 'rainfall': 0.0}
2025-07-15 12:26:04,895 - INFO - Modbus connection successful (Attempt 1/3)
2025-07-15 12:26:04,927 - INFO - environment read successfully in 0.03s: {'temperature': 39.2, 'humidity': 45.9, 'pressure': 1009.7}
2025-07-15 12:26:05,156 - INFO - Switched to GUI-2 (Next toggle in 5s
2025-07-15 12:26:06,974 - INFO - uv read successfully in 2.05s: {'uv_index': 16.04}
2025-07-15 12:26:07,018 - INFO - aqi read successfully in 0.04s: {'co2': nan, 'pm2_5': 37.3, 'pm10': 221.7, 'carbon_monoxide': 228.0, 'nitrogen_dioxide': 8.2, 'sulphur_dioxide': 11.9, 'ozone': 107.0}
2025-07-15 12:26:07,048 - INFO - wind_speed read successfully in 0.03s: {'wind_speed': 1.5}
2025-07-15 12:26:07,082 - INFO - wind_direction read successfully in 0.03s: {'wind_dir_degrees': 34, 'wind_dir_cardinal': 'NE'}
2025-07-15 12:26:07,112 - INFO - rainfall read successfully in 0.03s: {'rainfall': 0.0}
2025-07-15 12:26:07,112 - INFO - Read cycle complete. Successful: 6, Errors: 0
2025-07-15 12:26:07,112 - INFO - Current sensor data: {'timestamp': '2025-07-15T12:26:04.895534', 'temperature': 39.2, 'humidity': 45.9, 'pressure': 1009.7, 'uv_index': 16.04, 'co2': nan, 'pm2_5': 37.3, 'pm10': 221.7, 'carbon_monoxide': 228.0, 'nitrogen_dioxide': 8.2, 'sulphur_dioxide': 11.9, 'ozone': 107.0, 'wind_speed': 1.5, 'wind_dir_degrees': 34, 'wind_dir_cardinal': 'NE', 'rainfall': 0.0}
2025-07-15 12:26:07,112 - INFO - Sensor data queued for CSV write
2025-07-15 12:26:09,112 - INFO - Modbus connection successful (Attempt 1/3)
2025-07-15 12:26:09,146 - INFO - environment read successfully in 0.03s: {'temperature': 39.2, 'humidity': 46.0, 'pressure': 1009.7}
2025-07-15 12:26:10,157 - INFO - Switched to GUI-1 (Next toggle in 10s
2025-07-15 12:26:11,191 - INFO - uv read successfully in 2.05s: {'uv_index': 15.86}
2025-07-15 12:26:11,235 - INFO - aqi read successfully in 0.04s: {'co2': nan, 'pm2_5': 37.3, 'pm10': 221.7, 'carbon_monoxide': 228.0, 'nitrogen_dioxide': 8.2, 'sulphur_dioxide': 11.9, 'ozone': 107.0}
2025-07-15 12:26:11,265 - INFO - wind_speed read successfully in 0.03s: {'wind_speed': 1.6}
2025-07-15 12:26:11,299 - INFO - wind_direction read successfully in 0.03s: {'wind_dir_degrees': 52, 'wind_dir_cardinal': 'NE'}
2025-07-15 12:26:11,329 - INFO - rainfall read successfully in 0.03s: {'rainfall': 0.0}
2025-07-15 12:26:11,329 - INFO - Read cycle complete. Successful: 6, Errors: 0
2025-07-15 12:26:11,329 - INFO - Current sensor data: {'timestamp': '2025-07-15T12:26:09.112393', 'temperature': 39.2, 'humidity': 46.0, 'pressure': 1009.7, 'uv_index': 15.86, 'co2': nan, 'pm2_5': 37.3, 'pm10': 221.7, 'carbon_monoxide': 228.0, 'nitrogen_dioxide': 8.2, 'sulphur_dioxide': 11.9, 'ozone': 107.0, 'wind_speed': 1.6, 'wind_dir_degrees': 52, 'wind_dir_cardinal': 'NE', 'rainfall': 0.0}
2025-07-15 12:26:13,329 - INFO - Modbus connection successful (Attempt 1/3)
2025-07-15 12:26:13,363 - INFO - environment read successfully in 0.03s: {'temperature': 39.3, 'humidity': 45.9, 'pressure': 1009.7}
2025-07-15 12:26:15,408 - INFO - uv read successfully in 2.04s: {'uv_index': 16.15}
2025-07-15 12:26:15,465 - INFO - aqi read successfully in 0.06s: {'co2': nan, 'pm2_5': 37.3, 'pm10': 221.7, 'carbon_monoxide': 228.0, 'nitrogen_dioxide': 8.2, 'sulphur_dioxide': 11.9, 'ozone': 107.0}
2025-07-15 12:26:15,495 - INFO - wind_speed read successfully in 0.03s: {'wind_speed': 3.1}
2025-07-15 12:26:15,529 - INFO - wind_direction read successfully in 0.03s: {'wind_dir_degrees': 116, 'wind_dir_cardinal': 'SE'}
2025-07-15 12:26:15,559 - INFO - rainfall read successfully in 0.03s: {'rainfall': 0.0}
2025-07-15 12:26:15,559 - INFO - Read cycle complete. Successful: 6, Errors: 0
2025-07-15 12:26:15,559 - INFO - Current sensor data: {'timestamp': '2025-07-15T12:26:13.329743', 'temperature': 39.3, 'humidity': 45.9, 'pressure': 1009.7, 'uv_index': 16.15, 'co2': nan, 'pm2_5': 37.3, 'pm10': 221.7, 'carbon_monoxide': 228.0, 'nitrogen_dioxide': 8.2, 'sulphur_dioxide': 11.9, 'ozone': 107.0, 'wind_speed': 3.1, 'wind_dir_degrees': 116, 'wind_dir_cardinal': 'SE', 'rainfall': 0.0}
2025-07-15 12:26:17,559 - INFO - Modbus connection successful (Attempt 1/3)
2025-07-15 12:26:17,593 - INFO - environment read successfully in 0.03s: {'temperature': 39.3, 'humidity': 45.9, 'pressure': 1009.6}
2025-07-15 12:26:19,638 - INFO - uv read successfully in 2.04s: {'uv_index': 16.15}
2025-07-15 12:26:19,682 - INFO - aqi read successfully in 0.04s: {'co2': nan, 'pm2_5': 37.3, 'pm10': 221.7, 'carbon_monoxide': 228.0, 'nitrogen_dioxide': 8.2, 'sulphur_dioxide': 11.9, 'ozone': 107.0}
2025-07-15 12:26:19,712 - INFO - wind_speed read successfully in 0.03s: {'wind_speed': 3.7}
2025-07-15 12:26:19,745 - INFO - wind_direction read successfully in 0.03s: {'wind_dir_degrees': 108, 'wind_dir_cardinal': 'E'}
2025-07-15 12:26:19,775 - INFO - rainfall read successfully in 0.03s: {'rainfall': 0.0}
2025-07-15 12:26:19,775 - INFO - Read cycle complete. Successful: 6, Errors: 0
2025-07-15 12:26:19,775 - INFO - Current sensor data: {'timestamp': '2025-07-15T12:26:17.559655', 'temperature': 39.3, 'humidity': 45.9, 'pressure': 1009.6, 'uv_index': 16.15, 'co2': nan, 'pm2_5': 37.3, 'pm10': 221.7, 'carbon_monoxide': 228.0, 'nitrogen_dioxide': 8.2, 'sulphur_dioxide': 11.9, 'ozone': 107.0, 'wind_speed': 3.7, 'wind_dir_degrees': 108, 'wind_dir_cardinal': 'E', 'rainfall': 0.0}
2025-07-15 12:26:20,121 - INFO - CSV write completed at 2025-07-15T12:26:20.121686
2025-07-15 12:26:20,157 - INFO - Switched to GUI-2 (Next toggle in 5s
2025-07-15 12:26:21,775 - INFO - Modbus connection successful (Attempt 1/3)
2025-07-15 12:26:21,810 - INFO - environment read successfully in 0.03s: {'temperature': 39.3, 'humidity': 45.7, 'pressure': 1009.7}
2025-07-15 12:26:23,855 - INFO - uv read successfully in 2.05s: {'uv_index': 15.81}
2025-07-15 12:26:23,913 - INFO - aqi read successfully in 0.06s: {'co2': nan, 'pm2_5': 37.3, 'pm10': 221.7, 'carbon_monoxide': 228.0, 'nitrogen_dioxide': 8.2, 'sulphur_dioxide': 11.9, 'ozone': 107.0}
2025-07-15 12:26:23,943 - INFO - wind_speed read successfully in 0.03s: {'wind_speed': 3.5}
2025-07-15 12:26:23,977 - INFO - wind_direction read successfully in 0.03s: {'wind_dir_degrees': 130, 'wind_dir_cardinal': 'SE'}
2025-07-15 12:26:24,006 - INFO - rainfall read successfully in 0.03s: {'rainfall': 0.0}
2025-07-15 12:26:24,007 - INFO - Read cycle complete. Successful: 6, Errors: 0
2025-07-15 12:26:24,007 - INFO - Current sensor data: {'timestamp': '2025-07-15T12:26:21.775973', 'temperature': 39.3, 'humidity': 45.7, 'pressure': 1009.7, 'uv_index': 15.81, 'co2': nan, 'pm2_5': 37.3, 'pm10': 221.7, 'carbon_monoxide': 228.0, 'nitrogen_dioxide': 8.2, 'sulphur_dioxide': 11.9, 'ozone': 107.0, 'wind_speed': 3.5, 'wind_dir_degrees': 130, 'wind_dir_cardinal': 'SE', 'rainfall': 0.0}
2025-07-15 12:26:25,158 - INFO - Switched to GUI-1 (Next toggle in 10s
2025-07-15 12:26:26,007 - INFO - Modbus connection successful (Attempt 1/3)
2025-07-15 12:26:26,041 - INFO - environment read successfully in 0.03s: {'temperature': 39.3, 'humidity': 45.8, 'pressure': 1009.6}
2025-07-15 12:26:28,085 - INFO - uv read successfully in 2.04s: {'uv_index': 16.19}
2025-07-15 12:26:28,129 - INFO - aqi read successfully in 0.04s: {'co2': nan, 'pm2_5': 37.3, 'pm10': 221.7, 'carbon_monoxide': 228.0, 'nitrogen_dioxide': 8.2, 'sulphur_dioxide': 11.9, 'ozone': 107.0}
2025-07-15 12:26:28,159 - INFO - wind_speed read successfully in 0.03s: {'wind_speed': 3.1}
2025-07-15 12:26:28,193 - INFO - wind_direction read successfully in 0.03s: {'wind_dir_degrees': 218, 'wind_dir_cardinal': 'SW'}
2025-07-15 12:26:28,223 - INFO - rainfall read successfully in 0.03s: {'rainfall': 0.0}
2025-07-15 12:26:28,223 - INFO - Read cycle complete. Successful: 6, Errors: 0
2025-07-15 12:26:28,223 - INFO - Current sensor data: {'timestamp': '2025-07-15T12:26:26.007250', 'temperature': 39.3, 'humidity': 45.8, 'pressure': 1009.6, 'uv_index': 16.19, 'co2': nan, 'pm2_5': 37.3, 'pm10': 221.7, 'carbon_monoxide': 228.0, 'nitrogen_dioxide': 8.2, 'sulphur_dioxide': 11.9, 'ozone': 107.0, 'wind_speed': 3.1, 'wind_dir_degrees': 218, 'wind_dir_cardinal': 'SW', 'rainfall': 0.0}
2025-07-15 12:26:30,223 - INFO - Modbus connection successful (Attempt 1/3)
2025-07-15 12:26:30,257 - INFO - environment read successfully in 0.03s: {'temperature': 39.3, 'humidity': 45.8, 'pressure': 1009.7}
2025-07-15 12:26:32,303 - INFO - uv read successfully in 2.05s: {'uv_index': 16.05}
2025-07-15 12:26:32,361 - INFO - aqi read successfully in 0.06s: {'co2': nan, 'pm2_5': 37.3, 'pm10': 221.7, 'carbon_monoxide': 228.0, 'nitrogen_dioxide': 8.2, 'sulphur_dioxide': 11.9, 'ozone': 107.0}
2025-07-15 12:26:32,391 - INFO - wind_speed read successfully in 0.03s: {'wind_speed': 2.6}
2025-07-15 12:26:32,425 - INFO - wind_direction read successfully in 0.03s: {'wind_dir_degrees': 1, 'wind_dir_cardinal': 'N'}
2025-07-15 12:26:32,454 - INFO - rainfall read successfully in 0.03s: {'rainfall': 0.0}
2025-07-15 12:26:32,454 - INFO - Read cycle complete. Successful: 6, Errors: 0
2025-07-15 12:26:32,454 - INFO - Current sensor data: {'timestamp': '2025-07-15T12:26:30.223746', 'temperature': 39.3, 'humidity': 45.8, 'pressure': 1009.7, 'uv_index': 16.05, 'co2': nan, 'pm2_5': 37.3, 'pm10': 221.7, 'carbon_monoxide': 228.0, 'nitrogen_dioxide': 8.2, 'sulphur_dioxide': 11.9, 'ozone': 107.0, 'wind_speed': 2.6, 'wind_dir_degrees': 1, 'wind_dir_cardinal': 'N', 'rainfall': 0.0}
2025-07-15 12:26:34,454 - INFO - Modbus connection successful (Attempt 1/3)
2025-07-15 12:26:34,489 - INFO - environment read successfully in 0.03s: {'temperature': 39.4, 'humidity': 45.8, 'pressure': 1009.7}
2025-07-15 12:26:35,158 - INFO - Switched to GUI-2 (Next toggle in 5s
2025-07-15 12:26:36,533 - INFO - uv read successfully in 2.04s: {'uv_index': 15.83}
2025-07-15 12:26:36,577 - INFO - aqi read successfully in 0.04s: {'co2': nan, 'pm2_5': 37.3, 'pm10': 221.7, 'carbon_monoxide': 228.0, 'nitrogen_dioxide': 8.2, 'sulphur_dioxide': 11.9, 'ozone': 107.0}
2025-07-15 12:26:36,607 - INFO - wind_speed read successfully in 0.03s: {'wind_speed': 2.3}
2025-07-15 12:26:36,641 - INFO - wind_direction read successfully in 0.03s: {'wind_dir_degrees': 202, 'wind_dir_cardinal': 'S'}
2025-07-15 12:26:36,670 - INFO - rainfall read successfully in 0.03s: {'rainfall': 0.0}
2025-07-15 12:26:36,670 - INFO - Read cycle complete. Successful: 6, Errors: 0
2025-07-15 12:26:36,671 - INFO - Current sensor data: {'timestamp': '2025-07-15T12:26:34.455070', 'temperature': 39.4, 'humidity': 45.8, 'pressure': 1009.7, 'uv_index': 15.83, 'co2': nan, 'pm2_5': 37.3, 'pm10': 221.7, 'carbon_monoxide': 228.0, 'nitrogen_dioxide': 8.2, 'sulphur_dioxide': 11.9, 'ozone': 107.0, 'wind_speed': 2.3, 'wind_dir_degrees': 202, 'wind_dir_cardinal': 'S', 'rainfall': 0.0}
2025-07-15 12:26:38,671 - INFO - Modbus connection successful (Attempt 1/3)
2025-07-15 12:26:38,705 - INFO - environment read successfully in 0.03s: {'temperature': 39.4, 'humidity': 45.7, 'pressure': 1009.7}
2025-07-15 12:26:40,160 - INFO - Switched to GUI-1 (Next toggle in 10s
2025-07-15 12:26:40,750 - INFO - uv read successfully in 2.05s: {'uv_index': 16.15}
2025-07-15 12:26:40,794 - INFO - aqi read successfully in 0.04s: {'co2': nan, 'pm2_5': 37.3, 'pm10': 221.7, 'carbon_monoxide': 228.0, 'nitrogen_dioxide': 8.2, 'sulphur_dioxide': 11.9, 'ozone': 107.0}
2025-07-15 12:26:40,824 - INFO - wind_speed read successfully in 0.03s: {'wind_speed': 2.0}
2025-07-15 12:26:40,858 - INFO - wind_direction read successfully in 0.03s: {'wind_dir_degrees': 112, 'wind_dir_cardinal': 'E'}
2025-07-15 12:26:40,887 - INFO - rainfall read successfully in 0.03s: {'rainfall': 0.0}
2025-07-15 12:26:40,887 - INFO - Read cycle complete. Successful: 6, Errors: 0
2025-07-15 12:26:40,887 - INFO - Current sensor data: {'timestamp': '2025-07-15T12:26:38.671255', 'temperature': 39.4, 'humidity': 45.7, 'pressure': 1009.7, 'uv_index': 16.15, 'co2': nan, 'pm2_5': 37.3, 'pm10': 221.7, 'carbon_monoxide': 228.0, 'nitrogen_dioxide': 8.2, 'sulphur_dioxide': 11.9, 'ozone': 107.0, 'wind_speed': 2.0, 'wind_dir_degrees': 112, 'wind_dir_cardinal': 'E', 'rainfall': 0.0}
2025-07-15 12:26:40,888 - INFO - Sensor data queued for CSV write
2025-07-15 12:26:42,888 - INFO - Modbus connection successful (Attempt 1/3)
2025-07-15 12:26:42,922 - INFO - environment read successfully in 0.03s: {'temperature': 39.4, 'humidity': 45.7, 'pressure': 1009.8}
2025-07-15 12:26:44,967 - INFO - uv read successfully in 2.04s: {'uv_index': 15.81}
2025-07-15 12:26:45,025 - INFO - aqi read successfully in 0.06s: {'co2': nan, 'pm2_5': 37.3, 'pm10': 221.7, 'carbon_monoxide': 228.0, 'nitrogen_dioxide': 8.2, 'sulphur_dioxide': 11.9, 'ozone': 107.0}
2025-07-15 12:26:45,055 - INFO - wind_speed read successfully in 0.03s: {'wind_speed': 1.8}
2025-07-15 12:26:45,089 - INFO - wind_direction read successfully in 0.03s: {'wind_dir_degrees': 88, 'wind_dir_cardinal': 'E'}
2025-07-15 12:26:45,119 - INFO - rainfall read successfully in 0.03s: {'rainfall': 0.0}
2025-07-15 12:26:45,119 - INFO - Read cycle complete. Successful: 6, Errors: 0
2025-07-15 12:26:45,119 - INFO - Current sensor data: {'timestamp': '2025-07-15T12:26:42.888209', 'temperature': 39.4, 'humidity': 45.7, 'pressure': 1009.8, 'uv_index': 15.81, 'co2': nan, 'pm2_5': 37.3, 'pm10': 221.7, 'carbon_monoxide': 228.0, 'nitrogen_dioxide': 8.2, 'sulphur_dioxide': 11.9, 'ozone': 107.0, 'wind_speed': 1.8, 'wind_dir_degrees': 88, 'wind_dir_cardinal': 'E', 'rainfall': 0.0}
2025-07-15 12:26:47,119 - INFO - Modbus connection successful (Attempt 1/3)
2025-07-15 12:26:47,153 - INFO - environment read successfully in 0.03s: {'temperature': 39.4, 'humidity': 45.8, 'pressure': 1009.7}
2025-07-15 12:26:49,199 - INFO - uv read successfully in 2.05s: {'uv_index': 16.19}
2025-07-15 12:26:49,257 - INFO - aqi read successfully in 0.06s: {'co2': nan, 'pm2_5': 37.3, 'pm10': 221.7, 'carbon_monoxide': 228.0, 'nitrogen_dioxide': 8.2, 'sulphur_dioxide': 11.9, 'ozone': 107.0}
2025-07-15 12:26:49,287 - INFO - wind_speed read successfully in 0.03s: {'wind_speed': 1.8}
2025-07-15 12:26:49,321 - INFO - wind_direction read successfully in 0.03s: {'wind_dir_degrees': 218, 'wind_dir_cardinal': 'SW'}
2025-07-15 12:26:49,350 - INFO - rainfall read successfully in 0.03s: {'rainfall': 0.0}
2025-07-15 12:26:49,350 - INFO - Read cycle complete. Successful: 6, Errors: 0
2025-07-15 12:26:49,350 - INFO - Current sensor data: {'timestamp': '2025-07-15T12:26:47.119662', 'temperature': 39.4, 'humidity': 45.8, 'pressure': 1009.7, 'uv_index': 16.19, 'co2': nan, 'pm2_5': 37.3, 'pm10': 221.7, 'carbon_monoxide': 228.0, 'nitrogen_dioxide': 8.2, 'sulphur_dioxide': 11.9, 'ozone': 107.0, 'wind_speed': 1.8, 'wind_dir_degrees': 218, 'wind_dir_cardinal': 'SW', 'rainfall': 0.0}
2025-07-15 12:26:50,130 - INFO - CSV write completed at 2025-07-15T12:26:50.130864
2025-07-15 12:26:50,164 - INFO - Switched to GUI-2 (Next toggle in 5s
2025-07-15 12:26:51,350 - INFO - Modbus connection successful (Attempt 1/3)
2025-07-15 12:26:51,385 - INFO - environment read successfully in 0.03s: {'temperature': 39.4, 'humidity': 45.8, 'pressure': 1009.7}
2025-07-15 12:26:53,429 - INFO - uv read successfully in 2.04s: {'uv_index': 15.78}
2025-07-15 12:26:53,473 - INFO - aqi read successfully in 0.04s: {'co2': nan, 'pm2_5': 37.3, 'pm10': 221.7, 'carbon_monoxide': 228.0, 'nitrogen_dioxide': 8.2, 'sulphur_dioxide': 11.9, 'ozone': 107.0}
2025-07-15 12:26:53,503 - INFO - wind_speed read successfully in 0.03s: {'wind_speed': 1.7}
2025-07-15 12:26:53,537 - INFO - wind_direction read successfully in 0.03s: {'wind_dir_degrees': 58, 'wind_dir_cardinal': 'NE'}
2025-07-15 12:26:53,567 - INFO - rainfall read successfully in 0.03s: {'rainfall': 0.0}
2025-07-15 12:26:53,567 - INFO - Read cycle complete. Successful: 6, Errors: 0
2025-07-15 12:26:53,567 - INFO - Current sensor data: {'timestamp': '2025-07-15T12:26:51.351093', 'temperature': 39.4, 'humidity': 45.8, 'pressure': 1009.7, 'uv_index': 15.78, 'co2': nan, 'pm2_5': 37.3, 'pm10': 221.7, 'carbon_monoxide': 228.0, 'nitrogen_dioxide': 8.2, 'sulphur_dioxide': 11.9, 'ozone': 107.0, 'wind_speed': 1.7, 'wind_dir_degrees': 58, 'wind_dir_cardinal': 'NE', 'rainfall': 0.0}
2025-07-15 12:26:55,167 - INFO - Switched to GUI-1 (Next toggle in 10s
2025-07-15 12:26:55,567 - INFO - Modbus connection successful (Attempt 1/3)
2025-07-15 12:26:55,601 - INFO - environment read successfully in 0.03s: {'temperature': 39.4, 'humidity': 45.8, 'pressure': 1009.7}
2025-07-15 12:26:57,647 - INFO - uv read successfully in 2.05s: {'uv_index': 16.13}
2025-07-15 12:26:57,705 - INFO - aqi read successfully in 0.06s: {'co2': nan, 'pm2_5': 37.3, 'pm10': 221.7, 'carbon_monoxide': 228.0, 'nitrogen_dioxide': 8.2, 'sulphur_dioxide': 11.9, 'ozone': 107.0}
2025-07-15 12:26:57,735 - INFO - wind_speed read successfully in 0.03s: {'wind_speed': 1.6}
2025-07-15 12:26:57,769 - INFO - wind_direction read successfully in 0.03s: {'wind_dir_degrees': 176, 'wind_dir_cardinal': 'S'}
2025-07-15 12:26:57,798 - INFO - rainfall read successfully in 0.03s: {'rainfall': 0.0}
2025-07-15 12:26:57,798 - INFO - Read cycle complete. Successful: 6, Errors: 0
2025-07-15 12:26:57,798 - INFO - Current sensor data: {'timestamp': '2025-07-15T12:26:55.567331', 'temperature': 39.4, 'humidity': 45.8, 'pressure': 1009.7, 'uv_index': 16.13, 'co2': nan, 'pm2_5': 37.3, 'pm10': 221.7, 'carbon_monoxide': 228.0, 'nitrogen_dioxide': 8.2, 'sulphur_dioxide': 11.9, 'ozone': 107.0, 'wind_speed': 1.6, 'wind_dir_degrees': 176, 'wind_dir_cardinal': 'S', 'rainfall': 0.0}
2025-07-15 12:26:59,799 - INFO - Modbus connection successful (Attempt 1/3)
2025-07-15 12:26:59,833 - INFO - environment read successfully in 0.03s: {'temperature': 39.4, 'humidity': 45.8, 'pressure': 1009.8}
2025-07-15 12:27:01,877 - INFO - uv read successfully in 2.04s: {'uv_index': 15.74}
2025-07-15 12:27:01,921 - INFO - aqi read successfully in 0.04s: {'co2': nan, 'pm2_5': 37.3, 'pm10': 221.7, 'carbon_monoxide': 228.0, 'nitrogen_dioxide': 8.2, 'sulphur_dioxide': 11.9, 'ozone': 107.0}
2025-07-15 12:27:01,951 - INFO - wind_speed read successfully in 0.03s: {'wind_speed': 1.6}
2025-07-15 12:27:01,985 - INFO - wind_direction read successfully in 0.03s: {'wind_dir_degrees': 164, 'wind_dir_cardinal': 'S'}
2025-07-15 12:27:02,015 - INFO - rainfall read successfully in 0.03s: {'rainfall': 0.0}
2025-07-15 12:27:02,015 - INFO - Read cycle complete. Successful: 6, Errors: 0
2025-07-15 12:27:02,015 - INFO - Current sensor data: {'timestamp': '2025-07-15T12:26:59.799129', 'temperature': 39.4, 'humidity': 45.8, 'pressure': 1009.8, 'uv_index': 15.74, 'co2': nan, 'pm2_5': 37.3, 'pm10': 221.7, 'carbon_monoxide': 228.0, 'nitrogen_dioxide': 8.2, 'sulphur_dioxide': 11.9, 'ozone': 107.0, 'wind_speed': 1.6, 'wind_dir_degrees': 164, 'wind_dir_cardinal': 'S', 'rainfall': 0.0}
2025-07-15 12:27:04,015 - INFO - Modbus connection successful (Attempt 1/3)
2025-07-15 12:27:04,049 - INFO - environment read successfully in 0.03s: {'temperature': 39.4, 'humidity': 45.8, 'pressure': 1009.7}
2025-07-15 12:27:05,168 - INFO - Switched to GUI-2 (Next toggle in 5s
2025-07-15 12:27:06,094 - INFO - uv read successfully in 2.04s: {'uv_index': 15.31}
2025-07-15 12:27:06,138 - INFO - aqi read successfully in 0.04s: {'co2': nan, 'pm2_5': 37.3, 'pm10': 221.7, 'carbon_monoxide': 228.0, 'nitrogen_dioxide': 8.2, 'sulphur_dioxide': 11.9, 'ozone': 107.0}
2025-07-15 12:27:06,168 - INFO - wind_speed read successfully in 0.03s: {'wind_speed': 2.0}
2025-07-15 12:27:06,202 - INFO - wind_direction read successfully in 0.03s: {'wind_dir_degrees': 130, 'wind_dir_cardinal': 'SE'}
2025-07-15 12:27:06,232 - INFO - rainfall read successfully in 0.03s: {'rainfall': 0.0}
2025-07-15 12:27:06,232 - INFO - Read cycle complete. Successful: 6, Errors: 0
2025-07-15 12:27:06,232 - INFO - Current sensor data: {'timestamp': '2025-07-15T12:27:04.015435', 'temperature': 39.4, 'humidity': 45.8, 'pressure': 1009.7, 'uv_index': 15.31, 'co2': nan, 'pm2_5': 37.3, 'pm10': 221.7, 'carbon_monoxide': 228.0, 'nitrogen_dioxide': 8.2, 'sulphur_dioxide': 11.9, 'ozone': 107.0, 'wind_speed': 2.0, 'wind_dir_degrees': 130, 'wind_dir_cardinal': 'SE', 'rainfall': 0.0}
2025-07-15 12:27:08,232 - INFO - Modbus connection successful (Attempt 1/3)
2025-07-15 12:27:08,267 - INFO - environment read successfully in 0.03s: {'temperature': 39.4, 'humidity': 45.6, 'pressure': 1009.8}
2025-07-15 12:27:10,170 - INFO - Switched to GUI-1 (Next toggle in 10s
2025-07-15 12:27:10,313 - INFO - uv read successfully in 2.05s: {'uv_index': 14.99}
2025-07-15 12:27:10,367 - INFO - aqi read successfully in 0.05s: {'co2': nan, 'pm2_5': 37.3, 'pm10': 221.7, 'carbon_monoxide': 228.0, 'nitrogen_dioxide': 8.2, 'sulphur_dioxide': 11.9, 'ozone': 107.0}
2025-07-15 12:27:10,397 - INFO - wind_speed read successfully in 0.03s: {'wind_speed': 2.7}
2025-07-15 12:27:10,431 - INFO - wind_direction read successfully in 0.03s: {'wind_dir_degrees': 134, 'wind_dir_cardinal': 'SE'}
2025-07-15 12:27:10,461 - INFO - rainfall read successfully in 0.03s: {'rainfall': 0.0}
2025-07-15 12:27:10,461 - INFO - Read cycle complete. Successful: 6, Errors: 0
2025-07-15 12:27:10,461 - INFO - Current sensor data: {'timestamp': '2025-07-15T12:27:08.232997', 'temperature': 39.4, 'humidity': 45.6, 'pressure': 1009.8, 'uv_index': 14.99, 'co2': nan, 'pm2_5': 37.3, 'pm10': 221.7, 'carbon_monoxide': 228.0, 'nitrogen_dioxide': 8.2, 'sulphur_dioxide': 11.9, 'ozone': 107.0, 'wind_speed': 2.7, 'wind_dir_degrees': 134, 'wind_dir_cardinal': 'SE', 'rainfall': 0.0}
2025-07-15 12:27:12,461 - INFO - Modbus connection successful (Attempt 1/3)
2025-07-15 12:27:12,495 - INFO - environment read successfully in 0.03s: {'temperature': 39.4, 'humidity': 45.6, 'pressure': 1009.8}
2025-07-15 12:27:14,540 - INFO - uv read successfully in 2.04s: {'uv_index': 15.74}
2025-07-15 12:27:14,584 - INFO - aqi read successfully in 0.04s: {'co2': nan, 'pm2_5': 37.3, 'pm10': 221.7, 'carbon_monoxide': 228.0, 'nitrogen_dioxide': 8.2, 'sulphur_dioxide': 11.9, 'ozone': 107.0}
2025-07-15 12:27:14,614 - INFO - wind_speed read successfully in 0.03s: {'wind_speed': 2.4}
2025-07-15 12:27:14,648 - INFO - wind_direction read successfully in 0.03s: {'wind_dir_degrees': 49, 'wind_dir_cardinal': 'NE'}
2025-07-15 12:27:14,678 - INFO - rainfall read successfully in 0.03s: {'rainfall': 0.0}
2025-07-15 12:27:14,678 - INFO - Read cycle complete. Successful: 6, Errors: 0
2025-07-15 12:27:14,678 - INFO - Current sensor data: {'timestamp': '2025-07-15T12:27:12.461757', 'temperature': 39.4, 'humidity': 45.6, 'pressure': 1009.8, 'uv_index': 15.74, 'co2': nan, 'pm2_5': 37.3, 'pm10': 221.7, 'carbon_monoxide': 228.0, 'nitrogen_dioxide': 8.2, 'sulphur_dioxide': 11.9, 'ozone': 107.0, 'wind_speed': 2.4, 'wind_dir_degrees': 49, 'wind_dir_cardinal': 'NE', 'rainfall': 0.0}
2025-07-15 12:27:14,678 - INFO - Sensor data queued for CSV write
2025-07-15 12:27:16,678 - INFO - Modbus connection successful (Attempt 1/3)
2025-07-15 12:27:16,712 - INFO - environment read successfully in 0.03s: {'temperature': 39.5, 'humidity': 45.6, 'pressure': 1009.7}
2025-07-15 12:27:18,757 - INFO - uv read successfully in 2.04s: {'uv_index': 15.55}
2025-07-15 12:27:18,801 - INFO - aqi read successfully in 0.04s: {'co2': nan, 'pm2_5': 37.3, 'pm10': 221.7, 'carbon_monoxide': 228.0, 'nitrogen_dioxide': 8.2, 'sulphur_dioxide': 11.9, 'ozone': 107.0}
2025-07-15 12:27:18,830 - INFO - wind_speed read successfully in 0.03s: {'wind_speed': 2.2}
2025-07-15 12:27:18,864 - INFO - wind_direction read successfully in 0.03s: {'wind_dir_degrees': 158, 'wind_dir_cardinal': 'S'}
2025-07-15 12:27:18,894 - INFO - rainfall read successfully in 0.03s: {'rainfall': 0.0}
2025-07-15 12:27:18,894 - INFO - Read cycle complete. Successful: 6, Errors: 0
2025-07-15 12:27:18,894 - INFO - Current sensor data: {'timestamp': '2025-07-15T12:27:16.678567', 'temperature': 39.5, 'humidity': 45.6, 'pressure': 1009.7, 'uv_index': 15.55, 'co2': nan, 'pm2_5': 37.3, 'pm10': 221.7, 'carbon_monoxide': 228.0, 'nitrogen_dioxide': 8.2, 'sulphur_dioxide': 11.9, 'ozone': 107.0, 'wind_speed': 2.2, 'wind_dir_degrees': 158, 'wind_dir_cardinal': 'S', 'rainfall': 0.0}
2025-07-15 12:27:20,139 - INFO - CSV write completed at 2025-07-15T12:27:20.139796
2025-07-15 12:27:20,171 - INFO - Switched to GUI-2 (Next toggle in 5s
2025-07-15 12:27:20,894 - INFO - Modbus connection successful (Attempt 1/3)
2025-07-15 12:27:20,928 - INFO - environment read successfully in 0.03s: {'temperature': 39.5, 'humidity': 45.7, 'pressure': 1009.8}
2025-07-15 12:27:22,974 - INFO - uv read successfully in 2.05s: {'uv_index': 14.64}
2025-07-15 12:27:23,033 - INFO - aqi read successfully in 0.06s: {'co2': nan, 'pm2_5': 37.3, 'pm10': 221.7, 'carbon_monoxide': 228.0, 'nitrogen_dioxide': 8.2, 'sulphur_dioxide': 11.9, 'ozone': 107.0}
2025-07-15 12:27:23,063 - INFO - wind_speed read successfully in 0.03s: {'wind_speed': 2.0}
2025-07-15 12:27:23,097 - INFO - wind_direction read successfully in 0.03s: {'wind_dir_degrees': 105, 'wind_dir_cardinal': 'E'}
2025-07-15 12:27:23,126 - INFO - rainfall read successfully in 0.03s: {'rainfall': 0.0}
2025-07-15 12:27:23,126 - INFO - Read cycle complete. Successful: 6, Errors: 0
2025-07-15 12:27:23,126 - INFO - Current sensor data: {'timestamp': '2025-07-15T12:27:20.894917', 'temperature': 39.5, 'humidity': 45.7, 'pressure': 1009.8, 'uv_index': 14.64, 'co2': nan, 'pm2_5': 37.3, 'pm10': 221.7, 'carbon_monoxide': 228.0, 'nitrogen_dioxide': 8.2, 'sulphur_dioxide': 11.9, 'ozone': 107.0, 'wind_speed': 2.0, 'wind_dir_degrees': 105, 'wind_dir_cardinal': 'E', 'rainfall': 0.0}
2025-07-15 12:27:25,126 - INFO - Modbus connection successful (Attempt 1/3)
2025-07-15 12:27:25,161 - INFO - environment read successfully in 0.03s: {'temperature': 39.5, 'humidity': 45.7, 'pressure': 1009.7}
2025-07-15 12:27:25,174 - INFO - Switched to GUI-1 (Next toggle in 10s
2025-07-15 12:27:27,206 - INFO - uv read successfully in 2.05s: {'uv_index': 14.84}
2025-07-15 12:27:27,251 - INFO - aqi read successfully in 0.04s: {'co2': nan, 'pm2_5': 37.3, 'pm10': 221.7, 'carbon_monoxide': 228.0, 'nitrogen_dioxide': 8.2, 'sulphur_dioxide': 11.9, 'ozone': 107.0}
2025-07-15 12:27:27,281 - INFO - wind_speed read successfully in 0.03s: {'wind_speed': 1.7}
2025-07-15 12:27:27,315 - INFO - wind_direction read successfully in 0.03s: {'wind_dir_degrees': 211, 'wind_dir_cardinal': 'SW'}
2025-07-15 12:27:27,344 - INFO - rainfall read successfully in 0.03s: {'rainfall': 0.0}
2025-07-15 12:27:27,344 - INFO - Read cycle complete. Successful: 6, Errors: 0
2025-07-15 12:27:27,344 - INFO - Current sensor data: {'timestamp': '2025-07-15T12:27:25.127061', 'temperature': 39.5, 'humidity': 45.7, 'pressure': 1009.7, 'uv_index': 14.84, 'co2': nan, 'pm2_5': 37.3, 'pm10': 221.7, 'carbon_monoxide': 228.0, 'nitrogen_dioxide': 8.2, 'sulphur_dioxide': 11.9, 'ozone': 107.0, 'wind_speed': 1.7, 'wind_dir_degrees': 211, 'wind_dir_cardinal': 'SW', 'rainfall': 0.0}
2025-07-15 12:27:29,344 - INFO - Modbus connection successful (Attempt 1/3)
2025-07-15 12:27:29,379 - INFO - environment read successfully in 0.03s: {'temperature': 39.5, 'humidity': 45.7, 'pressure': 1009.8}
2025-07-15 12:27:31,425 - INFO - uv read successfully in 2.05s: {'uv_index': 15.98}
2025-07-15 12:27:31,483 - INFO - aqi read successfully in 0.06s: {'co2': nan, 'pm2_5': 37.3, 'pm10': 221.7, 'carbon_monoxide': 228.0, 'nitrogen_dioxide': 8.2, 'sulphur_dioxide': 11.9, 'ozone': 107.0}
2025-07-15 12:27:31,513 - INFO - wind_speed read successfully in 0.03s: {'wind_speed': 1.6}
2025-07-15 12:27:31,547 - INFO - wind_direction read successfully in 0.03s: {'wind_dir_degrees': 204, 'wind_dir_cardinal': 'SW'}
2025-07-15 12:27:31,577 - INFO - rainfall read successfully in 0.03s: {'rainfall': 0.0}
2025-07-15 12:27:31,577 - INFO - Read cycle complete. Successful: 6, Errors: 0
2025-07-15 12:27:31,577 - INFO - Current sensor data: {'timestamp': '2025-07-15T12:27:29.345072', 'temperature': 39.5, 'humidity': 45.7, 'pressure': 1009.8, 'uv_index': 15.98, 'co2': nan, 'pm2_5': 37.3, 'pm10': 221.7, 'carbon_monoxide': 228.0, 'nitrogen_dioxide': 8.2, 'sulphur_dioxide': 11.9, 'ozone': 107.0, 'wind_speed': 1.6, 'wind_dir_degrees': 204, 'wind_dir_cardinal': 'SW', 'rainfall': 0.0}
2025-07-15 12:27:33,577 - INFO - Modbus connection successful (Attempt 1/3)
2025-07-15 12:27:33,611 - INFO - environment read successfully in 0.03s: {'temperature': 39.5, 'humidity': 45.6, 'pressure': 1009.8}
2025-07-15 12:27:35,179 - INFO - Switched to GUI-2 (Next toggle in 5s
2025-07-15 12:27:35,656 - INFO - uv read successfully in 2.04s: {'uv_index': 15.89}
2025-07-15 12:27:35,700 - INFO - aqi read successfully in 0.04s: {'co2': nan, 'pm2_5': 37.3, 'pm10': 221.7, 'carbon_monoxide': 228.0, 'nitrogen_dioxide': 8.2, 'sulphur_dioxide': 11.9, 'ozone': 107.0}
2025-07-15 12:27:35,730 - INFO - wind_speed read successfully in 0.03s: {'wind_speed': 1.5}
2025-07-15 12:27:35,764 - INFO - wind_direction read successfully in 0.03s: {'wind_dir_degrees': 159, 'wind_dir_cardinal': 'S'}
2025-07-15 12:27:35,794 - INFO - rainfall read successfully in 0.03s: {'rainfall': 0.0}
2025-07-15 12:27:35,794 - INFO - Read cycle complete. Successful: 6, Errors: 0
2025-07-15 12:27:35,794 - INFO - Current sensor data: {'timestamp': '2025-07-15T12:27:33.577312', 'temperature': 39.5, 'humidity': 45.6, 'pressure': 1009.8, 'uv_index': 15.89, 'co2': nan, 'pm2_5': 37.3, 'pm10': 221.7, 'carbon_monoxide': 228.0, 'nitrogen_dioxide': 8.2, 'sulphur_dioxide': 11.9, 'ozone': 107.0, 'wind_speed': 1.5, 'wind_dir_degrees': 159, 'wind_dir_cardinal': 'S', 'rainfall': 0.0}
2025-07-15 12:27:37,794 - INFO - Modbus connection successful (Attempt 1/3)
2025-07-15 12:27:37,828 - INFO - environment read successfully in 0.03s: {'temperature': 39.6, 'humidity': 45.6, 'pressure': 1009.8}
2025-07-15 12:27:39,873 - INFO - uv read successfully in 2.04s: {'uv_index': 15.93}
2025-07-15 12:27:39,917 - INFO - aqi read successfully in 0.04s: {'co2': nan, 'pm2_5': 37.3, 'pm10': 221.7, 'carbon_monoxide': 228.0, 'nitrogen_dioxide': 8.2, 'sulphur_dioxide': 11.9, 'ozone': 107.0}
2025-07-15 12:27:39,947 - INFO - wind_speed read successfully in 0.03s: {'wind_speed': 1.5}
2025-07-15 12:27:39,981 - INFO - wind_direction read successfully in 0.03s: {'wind_dir_degrees': 77, 'wind_dir_cardinal': 'E'}
2025-07-15 12:27:40,010 - INFO - rainfall read successfully in 0.03s: {'rainfall': 0.0}
2025-07-15 12:27:40,010 - INFO - Read cycle complete. Successful: 6, Errors: 0
2025-07-15 12:27:40,010 - INFO - Current sensor data: {'timestamp': '2025-07-15T12:27:37.794315', 'temperature': 39.6, 'humidity': 45.6, 'pressure': 1009.8, 'uv_index': 15.93, 'co2': nan, 'pm2_5': 37.3, 'pm10': 221.7, 'carbon_monoxide': 228.0, 'nitrogen_dioxide': 8.2, 'sulphur_dioxide': 11.9, 'ozone': 107.0, 'wind_speed': 1.5, 'wind_dir_degrees': 77, 'wind_dir_cardinal': 'E', 'rainfall': 0.0}
2025-07-15 12:27:40,182 - INFO - Switched to GUI-1 (Next toggle in 10s
2025-07-15 12:27:42,010 - INFO - Modbus connection successful (Attempt 1/3)
2025-07-15 12:27:42,045 - INFO - environment read successfully in 0.03s: {'temperature': 39.6, 'humidity': 45.5, 'pressure': 1009.8}
2025-07-15 12:27:44,090 - INFO - uv read successfully in 2.05s: {'uv_index': 15.93}
2025-07-15 12:27:44,147 - INFO - aqi read successfully in 0.06s: {'co2': nan, 'pm2_5': 37.3, 'pm10': 221.7, 'carbon_monoxide': 228.0, 'nitrogen_dioxide': 8.2, 'sulphur_dioxide': 11.9, 'ozone': 107.0}
2025-07-15 12:27:44,177 - INFO - wind_speed read successfully in 0.03s: {'wind_speed': 2.7}
2025-07-15 12:27:44,211 - INFO - wind_direction read successfully in 0.03s: {'wind_dir_degrees': 161, 'wind_dir_cardinal': 'S'}
2025-07-15 12:27:44,241 - INFO - rainfall read successfully in 0.03s: {'rainfall': 0.0}
2025-07-15 12:27:44,241 - INFO - Read cycle complete. Successful: 6, Errors: 0
2025-07-15 12:27:44,241 - INFO - Current sensor data: {'timestamp': '2025-07-15T12:27:42.010996', 'temperature': 39.6, 'humidity': 45.5, 'pressure': 1009.8, 'uv_index': 15.93, 'co2': nan, 'pm2_5': 37.3, 'pm10': 221.7, 'carbon_monoxide': 228.0, 'nitrogen_dioxide': 8.2, 'sulphur_dioxide': 11.9, 'ozone': 107.0, 'wind_speed': 2.7, 'wind_dir_degrees': 161, 'wind_dir_cardinal': 'S', 'rainfall': 0.0}
2025-07-15 12:27:46,241 - INFO - Modbus connection successful (Attempt 1/3)
2025-07-15 12:27:46,275 - INFO - environment read successfully in 0.03s: {'temperature': 39.6, 'humidity': 45.4, 'pressure': 1009.8}
2025-07-15 12:27:48,321 - INFO - uv read successfully in 2.05s: {'uv_index': 15.84}
2025-07-15 12:27:48,379 - INFO - aqi read successfully in 0.06s: {'co2': nan, 'pm2_5': 37.3, 'pm10': 221.7, 'carbon_monoxide': 228.0, 'nitrogen_dioxide': 8.2, 'sulphur_dioxide': 11.9, 'ozone': 107.0}
2025-07-15 12:27:48,409 - INFO - wind_speed read successfully in 0.03s: {'wind_speed': 3.4}
2025-07-15 12:27:48,443 - INFO - wind_direction read successfully in 0.03s: {'wind_dir_degrees': 127, 'wind_dir_cardinal': 'SE'}
2025-07-15 12:27:48,472 - INFO - rainfall read successfully in 0.03s: {'rainfall': 0.0}
2025-07-15 12:27:48,472 - INFO - Read cycle complete. Successful: 6, Errors: 0
2025-07-15 12:27:48,472 - INFO - Current sensor data: {'timestamp': '2025-07-15T12:27:46.241599', 'temperature': 39.6, 'humidity': 45.4, 'pressure': 1009.8, 'uv_index': 15.84, 'co2': nan, 'pm2_5': 37.3, 'pm10': 221.7, 'carbon_monoxide': 228.0, 'nitrogen_dioxide': 8.2, 'sulphur_dioxide': 11.9, 'ozone': 107.0, 'wind_speed': 3.4, 'wind_dir_degrees': 127, 'wind_dir_cardinal': 'SE', 'rainfall': 0.0}
2025-07-15 12:27:48,472 - INFO - Sensor data queued for CSV write
2025-07-15 12:27:50,146 - INFO - CSV write completed at 2025-07-15T12:27:50.146876
2025-07-15 12:27:50,182 - INFO - Switched to GUI-2 (Next toggle in 5s
2025-07-15 12:27:50,475 - INFO - Modbus connection successful (Attempt 1/3)
2025-07-15 12:27:50,508 - INFO - environment read successfully in 0.03s: {'temperature': 39.6, 'humidity': 45.4, 'pressure': 1009.7}
2025-07-15 12:27:52,554 - INFO - uv read successfully in 2.05s: {'uv_index': 16.1}
2025-07-15 12:27:52,597 - INFO - aqi read successfully in 0.04s: {'co2': nan, 'pm2_5': 37.3, 'pm10': 221.7, 'carbon_monoxide': 228.0, 'nitrogen_dioxide': 8.2, 'sulphur_dioxide': 11.9, 'ozone': 107.0}
2025-07-15 12:27:52,627 - INFO - wind_speed read successfully in 0.03s: {'wind_speed': 3.4}
2025-07-15 12:27:52,661 - INFO - wind_direction read successfully in 0.03s: {'wind_dir_degrees': 118, 'wind_dir_cardinal': 'SE'}
2025-07-15 12:27:52,691 - INFO - rainfall read successfully in 0.03s: {'rainfall': 0.0}
2025-07-15 12:27:52,691 - INFO - Read cycle complete. Successful: 6, Errors: 0
2025-07-15 12:27:52,691 - INFO - Current sensor data: {'timestamp': '2025-07-15T12:27:50.475534', 'temperature': 39.6, 'humidity': 45.4, 'pressure': 1009.7, 'uv_index': 16.1, 'co2': nan, 'pm2_5': 37.3, 'pm10': 221.7, 'carbon_monoxide': 228.0, 'nitrogen_dioxide': 8.2, 'sulphur_dioxide': 11.9, 'ozone': 107.0, 'wind_speed': 3.4, 'wind_dir_degrees': 118, 'wind_dir_cardinal': 'SE', 'rainfall': 0.0}
2025-07-15 12:27:54,691 - INFO - Modbus connection successful (Attempt 1/3)
2025-07-15 12:27:54,725 - INFO - environment read successfully in 0.03s: {'temperature': 39.6, 'humidity': 45.4, 'pressure': 1009.8}
2025-07-15 12:27:55,187 - INFO - Switched to GUI-1 (Next toggle in 10s
2025-07-15 12:27:56,771 - INFO - uv read successfully in 2.05s: {'uv_index': 15.81}
2025-07-15 12:27:56,829 - INFO - aqi read successfully in 0.06s: {'co2': nan, 'pm2_5': 37.3, 'pm10': 221.7, 'carbon_monoxide': 228.0, 'nitrogen_dioxide': 8.2, 'sulphur_dioxide': 11.9, 'ozone': 107.0}
2025-07-15 12:27:56,859 - INFO - wind_speed read successfully in 0.03s: {'wind_speed': 3.1}
2025-07-15 12:27:56,893 - INFO - wind_direction read successfully in 0.03s: {'wind_dir_degrees': 107, 'wind_dir_cardinal': 'E'}
2025-07-15 12:27:56,923 - INFO - rainfall read successfully in 0.03s: {'rainfall': 0.0}
2025-07-15 12:27:56,923 - INFO - Read cycle complete. Successful: 6, Errors: 0
2025-07-15 12:27:56,923 - INFO - Current sensor data: {'timestamp': '2025-07-15T12:27:54.691701', 'temperature': 39.6, 'humidity': 45.4, 'pressure': 1009.8, 'uv_index': 15.81, 'co2': nan, 'pm2_5': 37.3, 'pm10': 221.7, 'carbon_monoxide': 228.0, 'nitrogen_dioxide': 8.2, 'sulphur_dioxide': 11.9, 'ozone': 107.0, 'wind_speed': 3.1, 'wind_dir_degrees': 107, 'wind_dir_cardinal': 'E', 'rainfall': 0.0}
2025-07-15 12:27:58,923 - INFO - Modbus connection successful (Attempt 1/3)
2025-07-15 12:27:58,957 - INFO - environment read successfully in 0.03s: {'temperature': 39.6, 'humidity': 45.4, 'pressure': 1009.8}
2025-07-15 12:28:01,002 - INFO - uv read successfully in 2.04s: {'uv_index': 16.12}
2025-07-15 12:28:01,046 - INFO - aqi read successfully in 0.04s: {'co2': nan, 'pm2_5': 37.3, 'pm10': 221.7, 'carbon_monoxide': 228.0, 'nitrogen_dioxide': 8.2, 'sulphur_dioxide': 11.9, 'ozone': 107.0}
2025-07-15 12:28:01,075 - INFO - wind_speed read successfully in 0.03s: {'wind_speed': 2.8}
2025-07-15 12:28:01,109 - INFO - wind_direction read successfully in 0.03s: {'wind_dir_degrees': 141, 'wind_dir_cardinal': 'SE'}
2025-07-15 12:28:01,139 - INFO - rainfall read successfully in 0.03s: {'rainfall': 0.0}
2025-07-15 12:28:01,139 - INFO - Read cycle complete. Successful: 6, Errors: 0
2025-07-15 12:28:01,139 - INFO - Current sensor data: {'timestamp': '2025-07-15T12:27:58.923368', 'temperature': 39.6, 'humidity': 45.4, 'pressure': 1009.8, 'uv_index': 16.12, 'co2': nan, 'pm2_5': 37.3, 'pm10': 221.7, 'carbon_monoxide': 228.0, 'nitrogen_dioxide': 8.2, 'sulphur_dioxide': 11.9, 'ozone': 107.0, 'wind_speed': 2.8, 'wind_dir_degrees': 141, 'wind_dir_cardinal': 'SE', 'rainfall': 0.0}
2025-07-15 12:28:03,139 - INFO - Modbus connection successful (Attempt 1/3)
2025-07-15 12:28:03,173 - INFO - environment read successfully in 0.03s: {'temperature': 39.6, 'humidity': 45.3, 'pressure': 1009.8}
2025-07-15 12:28:05,189 - INFO - Switched to GUI-2 (Next toggle in 5s
2025-07-15 12:28:05,218 - INFO - uv read successfully in 2.04s: {'uv_index': 16.12}
2025-07-15 12:28:05,273 - INFO - aqi read successfully in 0.05s: {'co2': nan, 'pm2_5': 37.3, 'pm10': 221.7, 'carbon_monoxide': 228.0, 'nitrogen_dioxide': 8.2, 'sulphur_dioxide': 11.9, 'ozone': 107.0}
2025-07-15 12:28:05,303 - INFO - wind_speed read successfully in 0.03s: {'wind_speed': 2.4}
2025-07-15 12:28:05,337 - INFO - wind_direction read successfully in 0.03s: {'wind_dir_degrees': 314, 'wind_dir_cardinal': 'NW'}
2025-07-15 12:28:05,367 - INFO - rainfall read successfully in 0.03s: {'rainfall': 0.0}
2025-07-15 12:28:05,367 - INFO - Read cycle complete. Successful: 6, Errors: 0
2025-07-15 12:28:05,367 - INFO - Current sensor data: {'timestamp': '2025-07-15T12:28:03.139830', 'temperature': 39.6, 'humidity': 45.3, 'pressure': 1009.8, 'uv_index': 16.12, 'co2': nan, 'pm2_5': 37.3, 'pm10': 221.7, 'carbon_monoxide': 228.0, 'nitrogen_dioxide': 8.2, 'sulphur_dioxide': 11.9, 'ozone': 107.0, 'wind_speed': 2.4, 'wind_dir_degrees': 314, 'wind_dir_cardinal': 'NW', 'rainfall': 0.0}
2025-07-15 12:28:07,367 - INFO - Modbus connection successful (Attempt 1/3)
2025-07-15 12:28:07,401 - INFO - environment read successfully in 0.03s: {'temperature': 39.6, 'humidity': 45.1, 'pressure': 1009.8}
2025-07-15 12:28:09,447 - INFO - uv read successfully in 2.05s: {'uv_index': 15.9}
2025-07-15 12:28:09,505 - INFO - aqi read successfully in 0.06s: {'co2': nan, 'pm2_5': 37.3, 'pm10': 221.7, 'carbon_monoxide': 228.0, 'nitrogen_dioxide': 8.2, 'sulphur_dioxide': 11.9, 'ozone': 107.0}
2025-07-15 12:28:09,535 - INFO - wind_speed read successfully in 0.03s: {'wind_speed': 2.1}
2025-07-15 12:28:09,569 - INFO - wind_direction read successfully in 0.03s: {'wind_dir_degrees': 250, 'wind_dir_cardinal': 'W'}
2025-07-15 12:28:09,598 - INFO - rainfall read successfully in 0.03s: {'rainfall': 0.0}
2025-07-15 12:28:09,598 - INFO - Read cycle complete. Successful: 6, Errors: 0
2025-07-15 12:28:09,599 - INFO - Current sensor data: {'timestamp': '2025-07-15T12:28:07.367664', 'temperature': 39.6, 'humidity': 45.1, 'pressure': 1009.8, 'uv_index': 15.9, 'co2': nan, 'pm2_5': 37.3, 'pm10': 221.7, 'carbon_monoxide': 228.0, 'nitrogen_dioxide': 8.2, 'sulphur_dioxide': 11.9, 'ozone': 107.0, 'wind_speed': 2.1, 'wind_dir_degrees': 250, 'wind_dir_cardinal': 'W', 'rainfall': 0.0}
2025-07-15 12:28:10,193 - INFO - Switched to GUI-1 (Next toggle in 10s
2025-07-15 12:28:11,599 - INFO - Modbus connection successful (Attempt 1/3)
2025-07-15 12:28:11,633 - INFO - environment read successfully in 0.03s: {'temperature': 39.6, 'humidity': 45.2, 'pressure': 1009.8}
2025-07-15 12:28:13,679 - INFO - uv read successfully in 2.05s: {'uv_index': 16.02}
2025-07-15 12:28:13,723 - INFO - aqi read successfully in 0.04s: {'co2': nan, 'pm2_5': 37.3, 'pm10': 221.7, 'carbon_monoxide': 228.0, 'nitrogen_dioxide': 8.2, 'sulphur_dioxide': 11.9, 'ozone': 107.0}
2025-07-15 12:28:13,752 - INFO - wind_speed read successfully in 0.03s: {'wind_speed': 1.9}
2025-07-15 12:28:13,786 - INFO - wind_direction read successfully in 0.03s: {'wind_dir_degrees': 114, 'wind_dir_cardinal': 'SE'}
2025-07-15 12:28:13,816 - INFO - rainfall read successfully in 0.03s: {'rainfall': 0.0}
2025-07-15 12:28:13,816 - INFO - Read cycle complete. Successful: 6, Errors: 0
2025-07-15 12:28:13,816 - INFO - Current sensor data: {'timestamp': '2025-07-15T12:28:11.599246', 'temperature': 39.6, 'humidity': 45.2, 'pressure': 1009.8, 'uv_index': 16.02, 'co2': nan, 'pm2_5': 37.3, 'pm10': 221.7, 'carbon_monoxide': 228.0, 'nitrogen_dioxide': 8.2, 'sulphur_dioxide': 11.9, 'ozone': 107.0, 'wind_speed': 1.9, 'wind_dir_degrees': 114, 'wind_dir_cardinal': 'SE', 'rainfall': 0.0}
2025-07-15 12:28:15,816 - INFO - Modbus connection successful (Attempt 1/3)
2025-07-15 12:28:15,850 - INFO - environment read successfully in 0.03s: {'temperature': 39.6, 'humidity': 45.1, 'pressure': 1009.8}
2025-07-15 12:28:17,895 - INFO - uv read successfully in 2.04s: {'uv_index': 16.25}
2025-07-15 12:28:17,939 - INFO - aqi read successfully in 0.04s: {'co2': nan, 'pm2_5': 37.3, 'pm10': 221.7, 'carbon_monoxide': 228.0, 'nitrogen_dioxide': 8.2, 'sulphur_dioxide': 11.9, 'ozone': 107.0}
2025-07-15 12:28:17,969 - INFO - wind_speed read successfully in 0.03s: {'wind_speed': 2.0}
2025-07-15 12:28:18,003 - INFO - wind_direction read successfully in 0.03s: {'wind_dir_degrees': 146, 'wind_dir_cardinal': 'SE'}
2025-07-15 12:28:18,032 - INFO - rainfall read successfully in 0.03s: {'rainfall': 0.0}
2025-07-15 12:28:18,032 - INFO - Read cycle complete. Successful: 6, Errors: 0
2025-07-15 12:28:18,032 - INFO - Current sensor data: {'timestamp': '2025-07-15T12:28:15.816731', 'temperature': 39.6, 'humidity': 45.1, 'pressure': 1009.8, 'uv_index': 16.25, 'co2': nan, 'pm2_5': 37.3, 'pm10': 221.7, 'carbon_monoxide': 228.0, 'nitrogen_dioxide': 8.2, 'sulphur_dioxide': 11.9, 'ozone': 107.0, 'wind_speed': 2.0, 'wind_dir_degrees': 146, 'wind_dir_cardinal': 'SE', 'rainfall': 0.0}
2025-07-15 12:28:20,033 - INFO - Modbus connection successful (Attempt 1/3)
2025-07-15 12:28:20,067 - INFO - environment read successfully in 0.03s: {'temperature': 39.7, 'humidity': 45.0, 'pressure': 1009.8}
2025-07-15 12:28:20,150 - INFO - CSV write completed at 2025-07-15T12:28:20.150526
2025-07-15 12:28:20,194 - INFO - Switched to GUI-2 (Next toggle in 5s
2025-07-15 12:28:22,110 - INFO - uv read successfully in 2.04s: {'uv_index': 16.24}
2025-07-15 12:28:22,178 - INFO - aqi read successfully in 0.07s: {'co2': nan, 'pm2_5': 37.3, 'pm10': 221.7, 'carbon_monoxide': 228.0, 'nitrogen_dioxide': 8.2, 'sulphur_dioxide': 11.9, 'ozone': 107.0}
2025-07-15 12:28:22,208 - INFO - wind_speed read successfully in 0.03s: {'wind_speed': 2.8}
2025-07-15 12:28:22,243 - INFO - wind_direction read successfully in 0.03s: {'wind_dir_degrees': 340, 'wind_dir_cardinal': 'N'}
2025-07-15 12:28:22,273 - INFO - rainfall read successfully in 0.03s: {'rainfall': 0.0}
2025-07-15 12:28:22,273 - INFO - Read cycle complete. Successful: 6, Errors: 0
2025-07-15 12:28:22,273 - INFO - Current sensor data: {'timestamp': '2025-07-15T12:28:20.033228', 'temperature': 39.7, 'humidity': 45.0, 'pressure': 1009.8, 'uv_index': 16.24, 'co2': nan, 'pm2_5': 37.3, 'pm10': 221.7, 'carbon_monoxide': 228.0, 'nitrogen_dioxide': 8.2, 'sulphur_dioxide': 11.9, 'ozone': 107.0, 'wind_speed': 2.8, 'wind_dir_degrees': 340, 'wind_dir_cardinal': 'N', 'rainfall': 0.0}
2025-07-15 12:28:22,273 - INFO - Sensor data queued for CSV write
2025-07-15 12:28:24,273 - INFO - Modbus connection successful (Attempt 1/3)
2025-07-15 12:28:24,307 - INFO - environment read successfully in 0.03s: {'temperature': 39.6, 'humidity': 45.0, 'pressure': 1009.8}
2025-07-15 12:28:25,195 - INFO - Switched to GUI-1 (Next toggle in 10s
2025-07-15 12:28:26,352 - INFO - uv read successfully in 2.04s: {'uv_index': 16.12}
2025-07-15 12:28:26,422 - INFO - aqi read successfully in 0.07s: {'co2': nan, 'pm2_5': 37.3, 'pm10': 221.7, 'carbon_monoxide': 228.0, 'nitrogen_dioxide': 8.2, 'sulphur_dioxide': 11.9, 'ozone': 107.0}
2025-07-15 12:28:26,452 - INFO - wind_speed read successfully in 0.03s: {'wind_speed': 2.8}
2025-07-15 12:28:26,486 - INFO - wind_direction read successfully in 0.03s: {'wind_dir_degrees': 232, 'wind_dir_cardinal': 'SW'}
2025-07-15 12:28:26,516 - INFO - rainfall read successfully in 0.03s: {'rainfall': 0.0}
2025-07-15 12:28:26,516 - INFO - Read cycle complete. Successful: 6, Errors: 0
2025-07-15 12:28:26,516 - INFO - Current sensor data: {'timestamp': '2025-07-15T12:28:24.273827', 'temperature': 39.6, 'humidity': 45.0, 'pressure': 1009.8, 'uv_index': 16.12, 'co2': nan, 'pm2_5': 37.3, 'pm10': 221.7, 'carbon_monoxide': 228.0, 'nitrogen_dioxide': 8.2, 'sulphur_dioxide': 11.9, 'ozone': 107.0, 'wind_speed': 2.8, 'wind_dir_degrees': 232, 'wind_dir_cardinal': 'SW', 'rainfall': 0.0}
2025-07-15 12:28:28,516 - INFO - Modbus connection successful (Attempt 1/3)
2025-07-15 12:28:28,550 - INFO - environment read successfully in 0.03s: {'temperature': 39.7, 'humidity': 45.0, 'pressure': 1009.8}
2025-07-15 12:28:30,597 - INFO - uv read successfully in 2.05s: {'uv_index': 15.95}
2025-07-15 12:28:30,689 - INFO - aqi read successfully in 0.09s: {'co2': nan, 'pm2_5': 37.3, 'pm10': 221.7, 'carbon_monoxide': 228.0, 'nitrogen_dioxide': 8.2, 'sulphur_dioxide': 11.9, 'ozone': 107.0}
2025-07-15 12:28:30,719 - INFO - wind_speed read successfully in 0.03s: {'wind_speed': 2.5}
2025-07-15 12:28:30,753 - INFO - wind_direction read successfully in 0.03s: {'wind_dir_degrees': 122, 'wind_dir_cardinal': 'SE'}
2025-07-15 12:28:30,783 - INFO - rainfall read successfully in 0.03s: {'rainfall': 0.0}
2025-07-15 12:28:30,783 - INFO - Read cycle complete. Successful: 6, Errors: 0
2025-07-15 12:28:30,783 - INFO - Current sensor data: {'timestamp': '2025-07-15T12:28:28.516626', 'temperature': 39.7, 'humidity': 45.0, 'pressure': 1009.8, 'uv_index': 15.95, 'co2': nan, 'pm2_5': 37.3, 'pm10': 221.7, 'carbon_monoxide': 228.0, 'nitrogen_dioxide': 8.2, 'sulphur_dioxide': 11.9, 'ozone': 107.0, 'wind_speed': 2.5, 'wind_dir_degrees': 122, 'wind_dir_cardinal': 'SE', 'rainfall': 0.0}
2025-07-15 12:28:32,783 - INFO - Modbus connection successful (Attempt 1/3)
2025-07-15 12:28:32,817 - INFO - environment read successfully in 0.03s: {'temperature': 39.7, 'humidity': 45.0, 'pressure': 1009.8}
2025-07-15 12:28:34,864 - INFO - uv read successfully in 2.05s: {'uv_index': 15.78}
2025-07-15 12:28:34,931 - INFO - aqi read successfully in 0.07s: {'co2': nan, 'pm2_5': 37.3, 'pm10': 221.7, 'carbon_monoxide': 228.0, 'nitrogen_dioxide': 8.2, 'sulphur_dioxide': 11.9, 'ozone': 107.0}
2025-07-15 12:28:34,961 - INFO - wind_speed read successfully in 0.03s: {'wind_speed': 2.2}
2025-07-15 12:28:34,995 - INFO - wind_direction read successfully in 0.03s: {'wind_dir_degrees': 132, 'wind_dir_cardinal': 'SE'}
2025-07-15 12:28:35,025 - INFO - rainfall read successfully in 0.03s: {'rainfall': 0.0}
2025-07-15 12:28:35,025 - INFO - Read cycle complete. Successful: 6, Errors: 0
2025-07-15 12:28:35,025 - INFO - Current sensor data: {'timestamp': '2025-07-15T12:28:32.783403', 'temperature': 39.7, 'humidity': 45.0, 'pressure': 1009.8, 'uv_index': 15.78, 'co2': nan, 'pm2_5': 37.3, 'pm10': 221.7, 'carbon_monoxide': 228.0, 'nitrogen_dioxide': 8.2, 'sulphur_dioxide': 11.9, 'ozone': 107.0, 'wind_speed': 2.2, 'wind_dir_degrees': 132, 'wind_dir_cardinal': 'SE', 'rainfall': 0.0}
2025-07-15 12:28:35,199 - INFO - Switched to GUI-2 (Next toggle in 5s
2025-07-15 12:28:37,025 - INFO - Modbus connection successful (Attempt 1/3)
2025-07-15 12:28:37,060 - INFO - environment read successfully in 0.03s: {'temperature': 39.7, 'humidity': 45.0, 'pressure': 1009.9}
2025-07-15 12:28:39,106 - INFO - uv read successfully in 2.05s: {'uv_index': 15.84}
2025-07-15 12:28:39,174 - INFO - aqi read successfully in 0.07s: {'co2': nan, 'pm2_5': 37.3, 'pm10': 221.7, 'carbon_monoxide': 228.0, 'nitrogen_dioxide': 8.2, 'sulphur_dioxide': 11.9, 'ozone': 107.0}
2025-07-15 12:28:39,204 - INFO - wind_speed read successfully in 0.03s: {'wind_speed': 2.0}
2025-07-15 12:28:39,239 - INFO - wind_direction read successfully in 0.03s: {'wind_dir_degrees': 56, 'wind_dir_cardinal': 'NE'}
2025-07-15 12:28:39,269 - INFO - rainfall read successfully in 0.03s: {'rainfall': 0.0}
2025-07-15 12:28:39,269 - INFO - Read cycle complete. Successful: 6, Errors: 0
2025-07-15 12:28:39,269 - INFO - Current sensor data: {'timestamp': '2025-07-15T12:28:37.025816', 'temperature': 39.7, 'humidity': 45.0, 'pressure': 1009.9, 'uv_index': 15.84, 'co2': nan, 'pm2_5': 37.3, 'pm10': 221.7, 'carbon_monoxide': 228.0, 'nitrogen_dioxide': 8.2, 'sulphur_dioxide': 11.9, 'ozone': 107.0, 'wind_speed': 2.0, 'wind_dir_degrees': 56, 'wind_dir_cardinal': 'NE', 'rainfall': 0.0}
2025-07-15 12:28:40,201 - INFO - Switched to GUI-1 (Next toggle in 10s
2025-07-15 12:28:41,269 - INFO - Modbus connection successful (Attempt 1/3)
2025-07-15 12:28:41,303 - INFO - environment read successfully in 0.03s: {'temperature': 39.7, 'humidity': 45.0, 'pressure': 1009.9}
2025-07-15 12:28:43,350 - INFO - uv read successfully in 2.05s: {'uv_index': 15.95}
2025-07-15 12:28:43,408 - INFO - aqi read successfully in 0.06s: {'co2': nan, 'pm2_5': 37.3, 'pm10': 221.7, 'carbon_monoxide': 228.0, 'nitrogen_dioxide': 8.2, 'sulphur_dioxide': 11.9, 'ozone': 107.0}
2025-07-15 12:28:43,437 - INFO - wind_speed read successfully in 0.03s: {'wind_speed': 1.8}
2025-07-15 12:28:43,471 - INFO - wind_direction read successfully in 0.03s: {'wind_dir_degrees': 42, 'wind_dir_cardinal': 'NE'}
2025-07-15 12:28:43,501 - INFO - rainfall read successfully in 0.03s: {'rainfall': 0.0}
2025-07-15 12:28:43,501 - INFO - Read cycle complete. Successful: 6, Errors: 0
2025-07-15 12:28:43,501 - INFO - Current sensor data: {'timestamp': '2025-07-15T12:28:41.269660', 'temperature': 39.7, 'humidity': 45.0, 'pressure': 1009.9, 'uv_index': 15.95, 'co2': nan, 'pm2_5': 37.3, 'pm10': 221.7, 'carbon_monoxide': 228.0, 'nitrogen_dioxide': 8.2, 'sulphur_dioxide': 11.9, 'ozone': 107.0, 'wind_speed': 1.8, 'wind_dir_degrees': 42, 'wind_dir_cardinal': 'NE', 'rainfall': 0.0}
2025-07-15 12:28:45,501 - INFO - Modbus connection successful (Attempt 1/3)
2025-07-15 12:28:45,536 - INFO - environment read successfully in 0.03s: {'temperature': 39.7, 'humidity': 45.1, 'pressure': 1009.9}
2025-07-15 12:28:47,582 - INFO - uv read successfully in 2.05s: {'uv_index': 15.92}
2025-07-15 12:28:47,666 - INFO - aqi read successfully in 0.08s: {'co2': nan, 'pm2_5': 37.3, 'pm10': 221.7, 'carbon_monoxide': 228.0, 'nitrogen_dioxide': 8.2, 'sulphur_dioxide': 11.9, 'ozone': 107.0}
2025-07-15 12:28:47,696 - INFO - wind_speed read successfully in 0.03s: {'wind_speed': 1.7}
2025-07-15 12:28:47,730 - INFO - wind_direction read successfully in 0.03s: {'wind_dir_degrees': 198, 'wind_dir_cardinal': 'S'}
2025-07-15 12:28:47,760 - INFO - rainfall read successfully in 0.03s: {'rainfall': 0.0}
2025-07-15 12:28:47,760 - INFO - Read cycle complete. Successful: 6, Errors: 0
2025-07-15 12:28:47,760 - INFO - Current sensor data: {'timestamp': '2025-07-15T12:28:45.502049', 'temperature': 39.7, 'humidity': 45.1, 'pressure': 1009.9, 'uv_index': 15.92, 'co2': nan, 'pm2_5': 37.3, 'pm10': 221.7, 'carbon_monoxide': 228.0, 'nitrogen_dioxide': 8.2, 'sulphur_dioxide': 11.9, 'ozone': 107.0, 'wind_speed': 1.7, 'wind_dir_degrees': 198, 'wind_dir_cardinal': 'S', 'rainfall': 0.0}
2025-07-15 12:28:49,763 - INFO - Modbus connection successful (Attempt 1/3)
2025-07-15 12:28:49,797 - INFO - environment read successfully in 0.03s: {'temperature': 39.7, 'humidity': 45.2, 'pressure': 1009.9}
2025-07-15 12:28:50,181 - INFO - CSV write completed at 2025-07-15T12:28:50.181714
2025-07-15 12:28:50,206 - INFO - Switched to GUI-2 (Next toggle in 5s
2025-07-15 12:28:51,841 - INFO - uv read successfully in 2.04s: {'uv_index': 15.87}
2025-07-15 12:28:51,910 - INFO - aqi read successfully in 0.07s: {'co2': nan, 'pm2_5': 37.3, 'pm10': 221.7, 'carbon_monoxide': 228.0, 'nitrogen_dioxide': 8.2, 'sulphur_dioxide': 11.9, 'ozone': 107.0}
2025-07-15 12:28:51,940 - INFO - wind_speed read successfully in 0.03s: {'wind_speed': 1.7}
2025-07-15 12:28:51,974 - INFO - wind_direction read successfully in 0.03s: {'wind_dir_degrees': 137, 'wind_dir_cardinal': 'SE'}
2025-07-15 12:28:52,004 - INFO - rainfall read successfully in 0.03s: {'rainfall': 0.0}
2025-07-15 12:28:52,004 - INFO - Read cycle complete. Successful: 6, Errors: 0
2025-07-15 12:28:52,004 - INFO - Current sensor data: {'timestamp': '2025-07-15T12:28:49.763602', 'temperature': 39.7, 'humidity': 45.2, 'pressure': 1009.9, 'uv_index': 15.87, 'co2': nan, 'pm2_5': 37.3, 'pm10': 221.7, 'carbon_monoxide': 228.0, 'nitrogen_dioxide': 8.2, 'sulphur_dioxide': 11.9, 'ozone': 107.0, 'wind_speed': 1.7, 'wind_dir_degrees': 137, 'wind_dir_cardinal': 'SE', 'rainfall': 0.0}
2025-07-15 12:28:54,004 - INFO - Modbus connection successful (Attempt 1/3)
2025-07-15 12:28:54,039 - INFO - environment read successfully in 0.03s: {'temperature': 39.7, 'humidity': 45.2, 'pressure': 1009.8}
2025-07-15 12:28:55,208 - INFO - Switched to GUI-1 (Next toggle in 10s
2025-07-15 12:28:56,084 - INFO - uv read successfully in 2.04s: {'uv_index': 15.78}
2025-07-15 12:28:56,162 - INFO - aqi read successfully in 0.08s: {'co2': nan, 'pm2_5': 37.3, 'pm10': 221.7, 'carbon_monoxide': 228.0, 'nitrogen_dioxide': 8.2, 'sulphur_dioxide': 11.9, 'ozone': 107.0}
2025-07-15 12:28:56,192 - INFO - wind_speed read successfully in 0.03s: {'wind_speed': 1.5}
2025-07-15 12:28:56,226 - INFO - wind_direction read successfully in 0.03s: {'wind_dir_degrees': 156, 'wind_dir_cardinal': 'SE'}
2025-07-15 12:28:56,256 - INFO - rainfall read successfully in 0.03s: {'rainfall': 0.0}
2025-07-15 12:28:56,256 - INFO - Read cycle complete. Successful: 6, Errors: 0
2025-07-15 12:28:56,256 - INFO - Current sensor data: {'timestamp': '2025-07-15T12:28:54.005167', 'temperature': 39.7, 'humidity': 45.2, 'pressure': 1009.8, 'uv_index': 15.78, 'co2': nan, 'pm2_5': 37.3, 'pm10': 221.7, 'carbon_monoxide': 228.0, 'nitrogen_dioxide': 8.2, 'sulphur_dioxide': 11.9, 'ozone': 107.0, 'wind_speed': 1.5, 'wind_dir_degrees': 156, 'wind_dir_cardinal': 'SE', 'rainfall': 0.0}
2025-07-15 12:28:56,256 - INFO - Sensor data queued for CSV write
2025-07-15 12:28:58,256 - INFO - Modbus connection successful (Attempt 1/3)
2025-07-15 12:28:58,290 - INFO - environment read successfully in 0.03s: {'temperature': 39.7, 'humidity': 45.2, 'pressure': 1009.9}
2025-07-15 12:29:00,334 - INFO - uv read successfully in 2.04s: {'uv_index': 15.8}
2025-07-15 12:29:00,378 - INFO - aqi read successfully in 0.04s: {'co2': nan, 'pm2_5': 37.3, 'pm10': 221.7, 'carbon_monoxide': 228.0, 'nitrogen_dioxide': 8.2, 'sulphur_dioxide': 11.9, 'ozone': 107.0}
2025-07-15 12:29:00,408 - INFO - wind_speed read successfully in 0.03s: {'wind_speed': 1.4}
2025-07-15 12:29:00,442 - INFO - wind_direction read successfully in 0.03s: {'wind_dir_degrees': 324, 'wind_dir_cardinal': 'NW'}
2025-07-15 12:29:00,472 - INFO - rainfall read successfully in 0.03s: {'rainfall': 0.0}
2025-07-15 12:29:00,472 - INFO - Read cycle complete. Successful: 6, Errors: 0
2025-07-15 12:29:00,472 - INFO - Current sensor data: {'timestamp': '2025-07-15T12:28:58.256386', 'temperature': 39.7, 'humidity': 45.2, 'pressure': 1009.9, 'uv_index': 15.8, 'co2': nan, 'pm2_5': 37.3, 'pm10': 221.7, 'carbon_monoxide': 228.0, 'nitrogen_dioxide': 8.2, 'sulphur_dioxide': 11.9, 'ozone': 107.0, 'wind_speed': 1.4, 'wind_dir_degrees': 324, 'wind_dir_cardinal': 'NW', 'rainfall': 0.0}
2025-07-15 12:29:02,472 - INFO - Modbus connection successful (Attempt 1/3)
2025-07-15 12:29:02,506 - INFO - environment read successfully in 0.03s: {'temperature': 39.7, 'humidity': 45.2, 'pressure': 1009.9}
2025-07-15 12:29:04,551 - INFO - uv read successfully in 2.04s: {'uv_index': 15.98}
2025-07-15 12:29:04,595 - INFO - aqi read successfully in 0.04s: {'co2': nan, 'pm2_5': 37.3, 'pm10': 221.7, 'carbon_monoxide': 228.0, 'nitrogen_dioxide': 8.2, 'sulphur_dioxide': 11.9, 'ozone': 107.0}
2025-07-15 12:29:04,625 - INFO - wind_speed read successfully in 0.03s: {'wind_speed': 1.4}
2025-07-15 12:29:04,659 - INFO - wind_direction read successfully in 0.03s: {'wind_dir_degrees': 197, 'wind_dir_cardinal': 'S'}
2025-07-15 12:29:04,688 - INFO - rainfall read successfully in 0.03s: {'rainfall': 0.0}
2025-07-15 12:29:04,688 - INFO - Read cycle complete. Successful: 6, Errors: 0
2025-07-15 12:29:04,688 - INFO - Current sensor data: {'timestamp': '2025-07-15T12:29:02.472564', 'temperature': 39.7, 'humidity': 45.2, 'pressure': 1009.9, 'uv_index': 15.98, 'co2': nan, 'pm2_5': 37.3, 'pm10': 221.7, 'carbon_monoxide': 228.0, 'nitrogen_dioxide': 8.2, 'sulphur_dioxide': 11.9, 'ozone': 107.0, 'wind_speed': 1.4, 'wind_dir_degrees': 197, 'wind_dir_cardinal': 'S', 'rainfall': 0.0}
2025-07-15 12:29:05,210 - INFO - Switched to GUI-2 (Next toggle in 5s
2025-07-15 12:29:06,689 - INFO - Modbus connection successful (Attempt 1/3)
2025-07-15 12:29:06,723 - INFO - environment read successfully in 0.03s: {'temperature': 39.7, 'humidity': 45.2, 'pressure': 1009.8}
2025-07-15 12:29:08,769 - INFO - uv read successfully in 2.05s: {'uv_index': 16.09}
2025-07-15 12:29:08,826 - INFO - aqi read successfully in 0.06s: {'co2': nan, 'pm2_5': 37.3, 'pm10': 221.7, 'carbon_monoxide': 228.0, 'nitrogen_dioxide': 8.2, 'sulphur_dioxide': 11.9, 'ozone': 107.0}
2025-07-15 12:29:08,856 - INFO - wind_speed read successfully in 0.03s: {'wind_speed': 1.3}
2025-07-15 12:29:08,890 - INFO - wind_direction read successfully in 0.03s: {'wind_dir_degrees': 137, 'wind_dir_cardinal': 'SE'}
2025-07-15 12:29:08,920 - INFO - rainfall read successfully in 0.03s: {'rainfall': 0.0}
2025-07-15 12:29:08,920 - INFO - Read cycle complete. Successful: 6, Errors: 0
2025-07-15 12:29:08,920 - INFO - Current sensor data: {'timestamp': '2025-07-15T12:29:06.689158', 'temperature': 39.7, 'humidity': 45.2, 'pressure': 1009.8, 'uv_index': 16.09, 'co2': nan, 'pm2_5': 37.3, 'pm10': 221.7, 'carbon_monoxide': 228.0, 'nitrogen_dioxide': 8.2, 'sulphur_dioxide': 11.9, 'ozone': 107.0, 'wind_speed': 1.3, 'wind_dir_degrees': 137, 'wind_dir_cardinal': 'SE', 'rainfall': 0.0}
2025-07-15 12:29:10,213 - INFO - Switched to GUI-1 (Next toggle in 10s
2025-07-15 12:29:10,920 - INFO - Modbus connection successful (Attempt 1/3)
2025-07-15 12:29:10,954 - INFO - environment read successfully in 0.03s: {'temperature': 39.7, 'humidity': 45.2, 'pressure': 1009.8}
2025-07-15 12:29:12,998 - INFO - uv read successfully in 2.04s: {'uv_index': 16.21}
2025-07-15 12:29:13,042 - INFO - aqi read successfully in 0.04s: {'co2': nan, 'pm2_5': 37.3, 'pm10': 221.7, 'carbon_monoxide': 228.0, 'nitrogen_dioxide': 8.2, 'sulphur_dioxide': 11.9, 'ozone': 107.0}
2025-07-15 12:29:13,071 - INFO - wind_speed read successfully in 0.03s: {'wind_speed': 1.5}
2025-07-15 12:29:13,105 - INFO - wind_direction read successfully in 0.03s: {'wind_dir_degrees': 135, 'wind_dir_cardinal': 'SE'}
2025-07-15 12:29:13,135 - INFO - rainfall read successfully in 0.03s: {'rainfall': 0.0}
2025-07-15 12:29:13,135 - INFO - Read cycle complete. Successful: 6, Errors: 0
2025-07-15 12:29:13,135 - INFO - Current sensor data: {'timestamp': '2025-07-15T12:29:10.920765', 'temperature': 39.7, 'humidity': 45.2, 'pressure': 1009.8, 'uv_index': 16.21, 'co2': nan, 'pm2_5': 37.3, 'pm10': 221.7, 'carbon_monoxide': 228.0, 'nitrogen_dioxide': 8.2, 'sulphur_dioxide': 11.9, 'ozone': 107.0, 'wind_speed': 1.5, 'wind_dir_degrees': 135, 'wind_dir_cardinal': 'SE', 'rainfall': 0.0}
2025-07-15 12:29:15,135 - INFO - Modbus connection successful (Attempt 1/3)
2025-07-15 12:29:15,169 - INFO - environment read successfully in 0.03s: {'temperature': 39.7, 'humidity': 45.2, 'pressure': 1009.9}
2025-07-15 12:29:17,215 - INFO - uv read successfully in 2.05s: {'uv_index': 16.09}
2025-07-15 12:29:17,273 - INFO - aqi read successfully in 0.06s: {'co2': nan, 'pm2_5': 37.3, 'pm10': 221.7, 'carbon_monoxide': 228.0, 'nitrogen_dioxide': 8.2, 'sulphur_dioxide': 11.9, 'ozone': 107.0}
2025-07-15 12:29:17,303 - INFO - wind_speed read successfully in 0.03s: {'wind_speed': 1.7}
2025-07-15 12:29:17,337 - INFO - wind_direction read successfully in 0.03s: {'wind_dir_degrees': 48, 'wind_dir_cardinal': 'NE'}
2025-07-15 12:29:17,367 - INFO - rainfall read successfully in 0.03s: {'rainfall': 0.0}
2025-07-15 12:29:17,367 - INFO - Read cycle complete. Successful: 6, Errors: 0
2025-07-15 12:29:17,367 - INFO - Current sensor data: {'timestamp': '2025-07-15T12:29:15.135793', 'temperature': 39.7, 'humidity': 45.2, 'pressure': 1009.9, 'uv_index': 16.09, 'co2': nan, 'pm2_5': 37.3, 'pm10': 221.7, 'carbon_monoxide': 228.0, 'nitrogen_dioxide': 8.2, 'sulphur_dioxide': 11.9, 'ozone': 107.0, 'wind_speed': 1.7, 'wind_dir_degrees': 48, 'wind_dir_cardinal': 'NE', 'rainfall': 0.0}
2025-07-15 12:29:19,367 - INFO - Modbus connection successful (Attempt 1/3)
2025-07-15 12:29:19,401 - INFO - environment read successfully in 0.03s: {'temperature': 39.7, 'humidity': 45.2, 'pressure': 1009.8}
2025-07-15 12:29:20,185 - INFO - CSV write completed at 2025-07-15T12:29:20.185214
2025-07-15 12:29:20,218 - INFO - Switched to GUI-2 (Next toggle in 5s
2025-07-15 12:29:21,446 - INFO - uv read successfully in 2.04s: {'uv_index': 15.87}
2025-07-15 12:29:21,490 - INFO - aqi read successfully in 0.04s: {'co2': nan, 'pm2_5': 37.3, 'pm10': 221.7, 'carbon_monoxide': 228.0, 'nitrogen_dioxide': 8.2, 'sulphur_dioxide': 11.9, 'ozone': 107.0}
2025-07-15 12:29:21,520 - INFO - wind_speed read successfully in 0.03s: {'wind_speed': 1.7}
2025-07-15 12:29:21,554 - INFO - wind_direction read successfully in 0.03s: {'wind_dir_degrees': 270, 'wind_dir_cardinal': 'W'}
2025-07-15 12:29:21,584 - INFO - rainfall read successfully in 0.03s: {'rainfall': 0.0}
2025-07-15 12:29:21,584 - INFO - Read cycle complete. Successful: 6, Errors: 0
2025-07-15 12:29:21,584 - INFO - Current sensor data: {'timestamp': '2025-07-15T12:29:19.367808', 'temperature': 39.7, 'humidity': 45.2, 'pressure': 1009.8, 'uv_index': 15.87, 'co2': nan, 'pm2_5': 37.3, 'pm10': 221.7, 'carbon_monoxide': 228.0, 'nitrogen_dioxide': 8.2, 'sulphur_dioxide': 11.9, 'ozone': 107.0, 'wind_speed': 1.7, 'wind_dir_degrees': 270, 'wind_dir_cardinal': 'W', 'rainfall': 0.0}
2025-07-15 12:29:23,584 - INFO - Modbus connection successful (Attempt 1/3)
2025-07-15 12:29:23,618 - INFO - environment read successfully in 0.03s: {'temperature': 39.8, 'humidity': 45.1, 'pressure': 1009.8}
2025-07-15 12:29:25,218 - INFO - Switched to GUI-1 (Next toggle in 10s
2025-07-15 12:29:25,663 - INFO - uv read successfully in 2.05s: {'uv_index': 15.84}
2025-07-15 12:29:25,708 - INFO - aqi read successfully in 0.04s: {'co2': nan, 'pm2_5': 37.3, 'pm10': 221.7, 'carbon_monoxide': 228.0, 'nitrogen_dioxide': 8.2, 'sulphur_dioxide': 11.9, 'ozone': 107.0}
2025-07-15 12:29:25,738 - INFO - wind_speed read successfully in 0.03s: {'wind_speed': 2.2}
2025-07-15 12:29:25,772 - INFO - wind_direction read successfully in 0.03s: {'wind_dir_degrees': 16, 'wind_dir_cardinal': 'N'}
2025-07-15 12:29:25,801 - INFO - rainfall read successfully in 0.03s: {'rainfall': 0.0}
2025-07-15 12:29:25,801 - INFO - Read cycle complete. Successful: 6, Errors: 0
2025-07-15 12:29:25,801 - INFO - Current sensor data: {'timestamp': '2025-07-15T12:29:23.584580', 'temperature': 39.8, 'humidity': 45.1, 'pressure': 1009.8, 'uv_index': 15.84, 'co2': nan, 'pm2_5': 37.3, 'pm10': 221.7, 'carbon_monoxide': 228.0, 'nitrogen_dioxide': 8.2, 'sulphur_dioxide': 11.9, 'ozone': 107.0, 'wind_speed': 2.2, 'wind_dir_degrees': 16, 'wind_dir_cardinal': 'N', 'rainfall': 0.0}
2025-07-15 12:29:27,801 - INFO - Modbus connection successful (Attempt 1/3)
2025-07-15 12:29:27,835 - INFO - environment read successfully in 0.03s: {'temperature': 39.8, 'humidity': 45.0, 'pressure': 1009.8}
2025-07-15 12:29:29,881 - INFO - uv read successfully in 2.05s: {'uv_index': 16.09}
2025-07-15 12:29:29,939 - INFO - aqi read successfully in 0.06s: {'co2': nan, 'pm2_5': 37.3, 'pm10': 221.7, 'carbon_monoxide': 228.0, 'nitrogen_dioxide': 8.2, 'sulphur_dioxide': 11.9, 'ozone': 107.0}
2025-07-15 12:29:29,969 - INFO - wind_speed read successfully in 0.03s: {'wind_speed': 2.8}
2025-07-15 12:29:30,003 - INFO - wind_direction read successfully in 0.03s: {'wind_dir_degrees': 15, 'wind_dir_cardinal': 'N'}
2025-07-15 12:29:30,033 - INFO - rainfall read successfully in 0.03s: {'rainfall': 0.0}
2025-07-15 12:29:30,033 - INFO - Read cycle complete. Successful: 6, Errors: 0
2025-07-15 12:29:30,033 - INFO - Current sensor data: {'timestamp': '2025-07-15T12:29:27.802002', 'temperature': 39.8, 'humidity': 45.0, 'pressure': 1009.8, 'uv_index': 16.09, 'co2': nan, 'pm2_5': 37.3, 'pm10': 221.7, 'carbon_monoxide': 228.0, 'nitrogen_dioxide': 8.2, 'sulphur_dioxide': 11.9, 'ozone': 107.0, 'wind_speed': 2.8, 'wind_dir_degrees': 15, 'wind_dir_cardinal': 'N', 'rainfall': 0.0}
2025-07-15 12:29:30,033 - INFO - Sensor data queued for CSV write
2025-07-15 12:29:32,033 - INFO - Modbus connection successful (Attempt 1/3)
2025-07-15 12:29:32,067 - INFO - environment read successfully in 0.03s: {'temperature': 39.8, 'humidity': 45.1, 'pressure': 1009.9}
2025-07-15 12:29:34,111 - INFO - uv read successfully in 2.04s: {'uv_index': 15.98}
2025-07-15 12:29:34,155 - INFO - aqi read successfully in 0.04s: {'co2': nan, 'pm2_5': 37.3, 'pm10': 221.7, 'carbon_monoxide': 228.0, 'nitrogen_dioxide': 8.2, 'sulphur_dioxide': 11.9, 'ozone': 107.0}
2025-07-15 12:29:34,185 - INFO - wind_speed read successfully in 0.03s: {'wind_speed': 2.6}
2025-07-15 12:29:34,219 - INFO - wind_direction read successfully in 0.03s: {'wind_dir_degrees': 98, 'wind_dir_cardinal': 'E'}
2025-07-15 12:29:34,249 - INFO - rainfall read successfully in 0.03s: {'rainfall': 0.0}
2025-07-15 12:29:34,249 - INFO - Read cycle complete. Successful: 6, Errors: 0
2025-07-15 12:29:34,249 - INFO - Current sensor data: {'timestamp': '2025-07-15T12:29:32.033359', 'temperature': 39.8, 'humidity': 45.1, 'pressure': 1009.9, 'uv_index': 15.98, 'co2': nan, 'pm2_5': 37.3, 'pm10': 221.7, 'carbon_monoxide': 228.0, 'nitrogen_dioxide': 8.2, 'sulphur_dioxide': 11.9, 'ozone': 107.0, 'wind_speed': 2.6, 'wind_dir_degrees': 98, 'wind_dir_cardinal': 'E', 'rainfall': 0.0}
2025-07-15 12:29:35,222 - INFO - Switched to GUI-2 (Next toggle in 5s
2025-07-15 12:29:36,250 - INFO - Modbus connection successful (Attempt 1/3)
2025-07-15 12:29:36,284 - INFO - environment read successfully in 0.03s: {'temperature': 39.8, 'humidity': 45.1, 'pressure': 1009.9}
2025-07-15 12:29:38,330 - INFO - uv read successfully in 2.05s: {'uv_index': 15.64}
2025-07-15 12:29:38,374 - INFO - aqi read successfully in 0.04s: {'co2': nan, 'pm2_5': 37.3, 'pm10': 221.7, 'carbon_monoxide': 228.0, 'nitrogen_dioxide': 8.2, 'sulphur_dioxide': 11.9, 'ozone': 107.0}
2025-07-15 12:29:38,404 - INFO - wind_speed read successfully in 0.03s: {'wind_speed': 2.3}
2025-07-15 12:29:38,438 - INFO - wind_direction read successfully in 0.03s: {'wind_dir_degrees': 14, 'wind_dir_cardinal': 'N'}
2025-07-15 12:29:38,467 - INFO - rainfall read successfully in 0.03s: {'rainfall': 0.0}
2025-07-15 12:29:38,467 - INFO - Read cycle complete. Successful: 6, Errors: 0
2025-07-15 12:29:38,467 - INFO - Current sensor data: {'timestamp': '2025-07-15T12:29:36.250189', 'temperature': 39.8, 'humidity': 45.1, 'pressure': 1009.9, 'uv_index': 15.64, 'co2': nan, 'pm2_5': 37.3, 'pm10': 221.7, 'carbon_monoxide': 228.0, 'nitrogen_dioxide': 8.2, 'sulphur_dioxide': 11.9, 'ozone': 107.0, 'wind_speed': 2.3, 'wind_dir_degrees': 14, 'wind_dir_cardinal': 'N', 'rainfall': 0.0}
2025-07-15 12:29:40,222 - INFO - Switched to GUI-1 (Next toggle in 10s
2025-07-15 12:29:40,467 - INFO - Modbus connection successful (Attempt 1/3)
2025-07-15 12:29:40,502 - INFO - environment read successfully in 0.03s: {'temperature': 39.8, 'humidity': 45.1, 'pressure': 1009.9}
2025-07-15 12:29:42,547 - INFO - uv read successfully in 2.05s: {'uv_index': 15.96}
2025-07-15 12:29:42,606 - INFO - aqi read successfully in 0.06s: {'co2': nan, 'pm2_5': 37.3, 'pm10': 221.7, 'carbon_monoxide': 228.0, 'nitrogen_dioxide': 8.2, 'sulphur_dioxide': 11.9, 'ozone': 107.0}
2025-07-15 12:29:42,636 - INFO - wind_speed read successfully in 0.03s: {'wind_speed': 2.1}
2025-07-15 12:29:42,670 - INFO - wind_direction read successfully in 0.03s: {'wind_dir_degrees': 6, 'wind_dir_cardinal': 'N'}
2025-07-15 12:29:42,699 - INFO - rainfall read successfully in 0.03s: {'rainfall': 0.0}
2025-07-15 12:29:42,699 - INFO - Read cycle complete. Successful: 6, Errors: 0
2025-07-15 12:29:42,699 - INFO - Current sensor data: {'timestamp': '2025-07-15T12:29:40.467996', 'temperature': 39.8, 'humidity': 45.1, 'pressure': 1009.9, 'uv_index': 15.96, 'co2': nan, 'pm2_5': 37.3, 'pm10': 221.7, 'carbon_monoxide': 228.0, 'nitrogen_dioxide': 8.2, 'sulphur_dioxide': 11.9, 'ozone': 107.0, 'wind_speed': 2.1, 'wind_dir_degrees': 6, 'wind_dir_cardinal': 'N', 'rainfall': 0.0}
2025-07-15 12:29:44,700 - INFO - Modbus connection successful (Attempt 1/3)
2025-07-15 12:29:44,734 - INFO - environment read successfully in 0.03s: {'temperature': 39.8, 'humidity': 45.1, 'pressure': 1009.9}
2025-07-15 12:29:46,781 - INFO - uv read successfully in 2.05s: {'uv_index': 15.6}
2025-07-15 12:29:46,860 - INFO - aqi read successfully in 0.08s: {'co2': nan, 'pm2_5': 37.3, 'pm10': 221.7, 'carbon_monoxide': 228.0, 'nitrogen_dioxide': 8.2, 'sulphur_dioxide': 11.9, 'ozone': 107.0}
2025-07-15 12:29:46,890 - INFO - wind_speed read successfully in 0.03s: {'wind_speed': 2.0}
2025-07-15 12:29:46,924 - INFO - wind_direction read successfully in 0.03s: {'wind_dir_degrees': 243, 'wind_dir_cardinal': 'SW'}
2025-07-15 12:29:46,954 - INFO - rainfall read successfully in 0.03s: {'rainfall': 0.0}
2025-07-15 12:29:46,954 - INFO - Read cycle complete. Successful: 6, Errors: 0
2025-07-15 12:29:46,954 - INFO - Current sensor data: {'timestamp': '2025-07-15T12:29:44.700223', 'temperature': 39.8, 'humidity': 45.1, 'pressure': 1009.9, 'uv_index': 15.6, 'co2': nan, 'pm2_5': 37.3, 'pm10': 221.7, 'carbon_monoxide': 228.0, 'nitrogen_dioxide': 8.2, 'sulphur_dioxide': 11.9, 'ozone': 107.0, 'wind_speed': 2.0, 'wind_dir_degrees': 243, 'wind_dir_cardinal': 'SW', 'rainfall': 0.0}
2025-07-15 12:29:48,954 - INFO - Modbus connection successful (Attempt 1/3)
2025-07-15 12:29:48,988 - INFO - environment read successfully in 0.03s: {'temperature': 39.8, 'humidity': 45.2, 'pressure': 1009.9}
2025-07-15 12:29:50,188 - INFO - CSV write completed at 2025-07-15T12:29:50.188714
2025-07-15 12:29:50,227 - INFO - Switched to GUI-2 (Next toggle in 5s
2025-07-15 12:29:51,034 - INFO - uv read successfully in 2.05s: {'uv_index': 15.16}
2025-07-15 12:29:51,078 - INFO - aqi read successfully in 0.04s: {'co2': nan, 'pm2_5': 37.3, 'pm10': 221.7, 'carbon_monoxide': 228.0, 'nitrogen_dioxide': 8.2, 'sulphur_dioxide': 11.9, 'ozone': 107.0}
2025-07-15 12:29:51,108 - INFO - wind_speed read successfully in 0.03s: {'wind_speed': 1.8}
2025-07-15 12:29:51,142 - INFO - wind_direction read successfully in 0.03s: {'wind_dir_degrees': 278, 'wind_dir_cardinal': 'W'}
2025-07-15 12:29:51,171 - INFO - rainfall read successfully in 0.03s: {'rainfall': 0.0}
2025-07-15 12:29:51,171 - INFO - Read cycle complete. Successful: 6, Errors: 0
2025-07-15 12:29:51,171 - INFO - Current sensor data: {'timestamp': '2025-07-15T12:29:48.954507', 'temperature': 39.8, 'humidity': 45.2, 'pressure': 1009.9, 'uv_index': 15.16, 'co2': nan, 'pm2_5': 37.3, 'pm10': 221.7, 'carbon_monoxide': 228.0, 'nitrogen_dioxide': 8.2, 'sulphur_dioxide': 11.9, 'ozone': 107.0, 'wind_speed': 1.8, 'wind_dir_degrees': 278, 'wind_dir_cardinal': 'W', 'rainfall': 0.0}
2025-07-15 12:29:53,172 - INFO - Modbus connection successful (Attempt 1/3)
2025-07-15 12:29:53,206 - INFO - environment read successfully in 0.03s: {'temperature': 39.8, 'humidity': 45.1, 'pressure': 1009.9}
2025-07-15 12:29:55,230 - INFO - Switched to GUI-1 (Next toggle in 10s
2025-07-15 12:29:55,252 - INFO - uv read successfully in 2.05s: {'uv_index': 12.94}
2025-07-15 12:29:55,321 - INFO - aqi read successfully in 0.07s: {'co2': nan, 'pm2_5': 37.3, 'pm10': 221.7, 'carbon_monoxide': 228.0, 'nitrogen_dioxide': 8.2, 'sulphur_dioxide': 11.9, 'ozone': 107.0}
2025-07-15 12:29:55,351 - INFO - wind_speed read successfully in 0.03s: {'wind_speed': 1.8}
2025-07-15 12:29:55,385 - INFO - wind_direction read successfully in 0.03s: {'wind_dir_degrees': 144, 'wind_dir_cardinal': 'SE'}
2025-07-15 12:29:55,414 - INFO - rainfall read successfully in 0.03s: {'rainfall': 0.0}
2025-07-15 12:29:55,414 - INFO - Read cycle complete. Successful: 6, Errors: 0
2025-07-15 12:29:55,414 - INFO - Current sensor data: {'timestamp': '2025-07-15T12:29:53.172225', 'temperature': 39.8, 'humidity': 45.1, 'pressure': 1009.9, 'uv_index': 12.94, 'co2': nan, 'pm2_5': 37.3, 'pm10': 221.7, 'carbon_monoxide': 228.0, 'nitrogen_dioxide': 8.2, 'sulphur_dioxide': 11.9, 'ozone': 107.0, 'wind_speed': 1.8, 'wind_dir_degrees': 144, 'wind_dir_cardinal': 'SE', 'rainfall': 0.0}
2025-07-15 12:29:57,415 - INFO - Modbus connection successful (Attempt 1/3)
2025-07-15 12:29:57,449 - INFO - environment read successfully in 0.03s: {'temperature': 39.8, 'humidity': 45.1, 'pressure': 1009.9}
2025-07-15 12:29:59,493 - INFO - uv read successfully in 2.04s: {'uv_index': 12.27}
2025-07-15 12:29:59,537 - INFO - aqi read successfully in 0.04s: {'co2': nan, 'pm2_5': 37.3, 'pm10': 221.7, 'carbon_monoxide': 228.0, 'nitrogen_dioxide': 8.2, 'sulphur_dioxide': 11.9, 'ozone': 107.0}
2025-07-15 12:29:59,567 - INFO - wind_speed read successfully in 0.03s: {'wind_speed': 2.2}
2025-07-15 12:29:59,601 - INFO - wind_direction read successfully in 0.03s: {'wind_dir_degrees': 124, 'wind_dir_cardinal': 'SE'}
2025-07-15 12:29:59,631 - INFO - rainfall read successfully in 0.03s: {'rainfall': 0.0}
2025-07-15 12:29:59,631 - INFO - Read cycle complete. Successful: 6, Errors: 0
2025-07-15 12:29:59,631 - INFO - Current sensor data: {'timestamp': '2025-07-15T12:29:57.415093', 'temperature': 39.8, 'humidity': 45.1, 'pressure': 1009.9, 'uv_index': 12.27, 'co2': nan, 'pm2_5': 37.3, 'pm10': 221.7, 'carbon_monoxide': 228.0, 'nitrogen_dioxide': 8.2, 'sulphur_dioxide': 11.9, 'ozone': 107.0, 'wind_speed': 2.2, 'wind_dir_degrees': 124, 'wind_dir_cardinal': 'SE', 'rainfall': 0.0}
2025-07-15 12:30:01,631 - INFO - Modbus connection successful (Attempt 1/3)
2025-07-15 12:30:01,665 - INFO - environment read successfully in 0.03s: {'temperature': 39.8, 'humidity': 45.1, 'pressure': 1009.9}
2025-07-15 12:30:03,710 - INFO - uv read successfully in 2.04s: {'uv_index': 12.66}
2025-07-15 12:30:03,754 - INFO - aqi read successfully in 0.04s: {'co2': nan, 'pm2_5': 38.6, 'pm10': 218.9, 'carbon_monoxide': 232.0, 'nitrogen_dioxide': 6.8, 'sulphur_dioxide': 12.0, 'ozone': 129.0}
2025-07-15 12:30:03,784 - INFO - wind_speed read successfully in 0.03s: {'wind_speed': 2.3}
2025-07-15 12:30:03,818 - INFO - wind_direction read successfully in 0.03s: {'wind_dir_degrees': 59, 'wind_dir_cardinal': 'NE'}
2025-07-15 12:30:03,848 - INFO - rainfall read successfully in 0.03s: {'rainfall': 0.0}
2025-07-15 12:30:03,848 - INFO - Read cycle complete. Successful: 6, Errors: 0
2025-07-15 12:30:03,848 - INFO - Current sensor data: {'timestamp': '2025-07-15T12:30:01.631628', 'temperature': 39.8, 'humidity': 45.1, 'pressure': 1009.9, 'uv_index': 12.66, 'co2': nan, 'pm2_5': 38.6, 'pm10': 218.9, 'carbon_monoxide': 232.0, 'nitrogen_dioxide': 6.8, 'sulphur_dioxide': 12.0, 'ozone': 129.0, 'wind_speed': 2.3, 'wind_dir_degrees': 59, 'wind_dir_cardinal': 'NE', 'rainfall': 0.0}
2025-07-15 12:30:03,848 - INFO - Sensor data queued for CSV write
2025-07-15 12:30:05,232 - INFO - Switched to GUI-2 (Next toggle in 5s
2025-07-15 12:30:05,848 - INFO - Modbus connection successful (Attempt 1/3)
2025-07-15 12:30:05,882 - INFO - environment read successfully in 0.03s: {'temperature': 39.8, 'humidity': 45.2, 'pressure': 1009.9}
2025-07-15 12:30:07,929 - INFO - uv read successfully in 2.05s: {'uv_index': 12.54}
2025-07-15 12:30:08,008 - INFO - aqi read successfully in 0.08s: {'co2': nan, 'pm2_5': 38.6, 'pm10': 218.9, 'carbon_monoxide': 232.0, 'nitrogen_dioxide': 6.8, 'sulphur_dioxide': 12.0, 'ozone': 129.0}
2025-07-15 12:30:08,038 - INFO - wind_speed read successfully in 0.03s: {'wind_speed': 2.0}
2025-07-15 12:30:08,073 - INFO - wind_direction read successfully in 0.03s: {'wind_dir_degrees': 117, 'wind_dir_cardinal': 'SE'}
2025-07-15 12:30:08,102 - INFO - rainfall read successfully in 0.03s: {'rainfall': 0.0}
2025-07-15 12:30:08,102 - INFO - Read cycle complete. Successful: 6, Errors: 0
2025-07-15 12:30:08,103 - INFO - Current sensor data: {'timestamp': '2025-07-15T12:30:05.848383', 'temperature': 39.8, 'humidity': 45.2, 'pressure': 1009.9, 'uv_index': 12.54, 'co2': nan, 'pm2_5': 38.6, 'pm10': 218.9, 'carbon_monoxide': 232.0, 'nitrogen_dioxide': 6.8, 'sulphur_dioxide': 12.0, 'ozone': 129.0, 'wind_speed': 2.0, 'wind_dir_degrees': 117, 'wind_dir_cardinal': 'SE', 'rainfall': 0.0}
2025-07-15 12:30:10,103 - INFO - Modbus connection successful (Attempt 1/3)
2025-07-15 12:30:10,137 - INFO - environment read successfully in 0.03s: {'temperature': 39.9, 'humidity': 45.2, 'pressure': 1009.9}
2025-07-15 12:30:10,234 - INFO - Switched to GUI-1 (Next toggle in 10s
2025-07-15 12:30:12,181 - INFO - uv read successfully in 2.04s: {'uv_index': 12.21}
2025-07-15 12:30:12,252 - INFO - aqi read successfully in 0.07s: {'co2': nan, 'pm2_5': 38.6, 'pm10': 218.9, 'carbon_monoxide': 232.0, 'nitrogen_dioxide': 6.8, 'sulphur_dioxide': 12.0, 'ozone': 129.0}
2025-07-15 12:30:12,282 - INFO - wind_speed read successfully in 0.03s: {'wind_speed': 1.8}
2025-07-15 12:30:12,317 - INFO - wind_direction read successfully in 0.03s: {'wind_dir_degrees': 26, 'wind_dir_cardinal': 'NE'}
2025-07-15 12:30:12,347 - INFO - rainfall read successfully in 0.03s: {'rainfall': 0.0}
2025-07-15 12:30:12,347 - INFO - Read cycle complete. Successful: 6, Errors: 0
2025-07-15 12:30:12,347 - INFO - Current sensor data: {'timestamp': '2025-07-15T12:30:10.103308', 'temperature': 39.9, 'humidity': 45.2, 'pressure': 1009.9, 'uv_index': 12.21, 'co2': nan, 'pm2_5': 38.6, 'pm10': 218.9, 'carbon_monoxide': 232.0, 'nitrogen_dioxide': 6.8, 'sulphur_dioxide': 12.0, 'ozone': 129.0, 'wind_speed': 1.8, 'wind_dir_degrees': 26, 'wind_dir_cardinal': 'NE', 'rainfall': 0.0}
2025-07-15 12:30:14,347 - INFO - Modbus connection successful (Attempt 1/3)
2025-07-15 12:30:14,381 - INFO - environment read successfully in 0.03s: {'temperature': 39.9, 'humidity': 45.2, 'pressure': 1009.9}
2025-07-15 12:30:16,424 - INFO - uv read successfully in 2.04s: {'uv_index': 13.58}
2025-07-15 12:30:16,516 - INFO - aqi read successfully in 0.09s: {'co2': nan, 'pm2_5': 38.6, 'pm10': 218.9, 'carbon_monoxide': 232.0, 'nitrogen_dioxide': 6.8, 'sulphur_dioxide': 12.0, 'ozone': 129.0}
2025-07-15 12:30:16,546 - INFO - wind_speed read successfully in 0.03s: {'wind_speed': 1.6}
2025-07-15 12:30:16,580 - INFO - wind_direction read successfully in 0.03s: {'wind_dir_degrees': 297, 'wind_dir_cardinal': 'NW'}
2025-07-15 12:30:16,610 - INFO - rainfall read successfully in 0.03s: {'rainfall': 0.0}
2025-07-15 12:30:16,610 - INFO - Read cycle complete. Successful: 6, Errors: 0
2025-07-15 12:30:16,610 - INFO - Current sensor data: {'timestamp': '2025-07-15T12:30:14.347637', 'temperature': 39.9, 'humidity': 45.2, 'pressure': 1009.9, 'uv_index': 13.58, 'co2': nan, 'pm2_5': 38.6, 'pm10': 218.9, 'carbon_monoxide': 232.0, 'nitrogen_dioxide': 6.8, 'sulphur_dioxide': 12.0, 'ozone': 129.0, 'wind_speed': 1.6, 'wind_dir_degrees': 297, 'wind_dir_cardinal': 'NW', 'rainfall': 0.0}
2025-07-15 12:30:18,610 - INFO - Modbus connection successful (Attempt 1/3)
2025-07-15 12:30:18,645 - INFO - environment read successfully in 0.03s: {'temperature': 39.9, 'humidity': 45.2, 'pressure': 1009.9}
2025-07-15 12:30:20,192 - INFO - CSV write completed at 2025-07-15T12:30:20.192323
2025-07-15 12:30:20,234 - INFO - Switched to GUI-2 (Next toggle in 5s
2025-07-15 12:30:20,689 - INFO - uv read successfully in 2.04s: {'uv_index': 14.64}
2025-07-15 12:30:20,757 - INFO - aqi read successfully in 0.07s: {'co2': nan, 'pm2_5': 38.6, 'pm10': 218.9, 'carbon_monoxide': 232.0, 'nitrogen_dioxide': 6.8, 'sulphur_dioxide': 12.0, 'ozone': 129.0}
2025-07-15 12:30:20,787 - INFO - wind_speed read successfully in 0.03s: {'wind_speed': 1.5}
2025-07-15 12:30:20,821 - INFO - wind_direction read successfully in 0.03s: {'wind_dir_degrees': 64, 'wind_dir_cardinal': 'NE'}
2025-07-15 12:30:20,851 - INFO - rainfall read successfully in 0.03s: {'rainfall': 0.0}
2025-07-15 12:30:20,851 - INFO - Read cycle complete. Successful: 6, Errors: 0
2025-07-15 12:30:20,851 - INFO - Current sensor data: {'timestamp': '2025-07-15T12:30:18.611110', 'temperature': 39.9, 'humidity': 45.2, 'pressure': 1009.9, 'uv_index': 14.64, 'co2': nan, 'pm2_5': 38.6, 'pm10': 218.9, 'carbon_monoxide': 232.0, 'nitrogen_dioxide': 6.8, 'sulphur_dioxide': 12.0, 'ozone': 129.0, 'wind_speed': 1.5, 'wind_dir_degrees': 64, 'wind_dir_cardinal': 'NE', 'rainfall': 0.0}
2025-07-15 12:30:22,851 - INFO - Modbus connection successful (Attempt 1/3)
2025-07-15 12:30:22,886 - INFO - environment read successfully in 0.03s: {'temperature': 39.9, 'humidity': 45.2, 'pressure': 1009.9}
2025-07-15 12:30:24,933 - INFO - uv read successfully in 2.05s: {'uv_index': 14.9}
2025-07-15 12:30:25,000 - INFO - aqi read successfully in 0.07s: {'co2': nan, 'pm2_5': 38.6, 'pm10': 218.9, 'carbon_monoxide': 232.0, 'nitrogen_dioxide': 6.8, 'sulphur_dioxide': 12.0, 'ozone': 129.0}
2025-07-15 12:30:25,030 - INFO - wind_speed read successfully in 0.03s: {'wind_speed': 1.5}
2025-07-15 12:30:25,065 - INFO - wind_direction read successfully in 0.03s: {'wind_dir_degrees': 175, 'wind_dir_cardinal': 'S'}
2025-07-15 12:30:25,094 - INFO - rainfall read successfully in 0.03s: {'rainfall': 0.0}
2025-07-15 12:30:25,094 - INFO - Read cycle complete. Successful: 6, Errors: 0
2025-07-15 12:30:25,095 - INFO - Current sensor data: {'timestamp': '2025-07-15T12:30:22.852130', 'temperature': 39.9, 'humidity': 45.2, 'pressure': 1009.9, 'uv_index': 14.9, 'co2': nan, 'pm2_5': 38.6, 'pm10': 218.9, 'carbon_monoxide': 232.0, 'nitrogen_dioxide': 6.8, 'sulphur_dioxide': 12.0, 'ozone': 129.0, 'wind_speed': 1.5, 'wind_dir_degrees': 175, 'wind_dir_cardinal': 'S', 'rainfall': 0.0}
2025-07-15 12:30:25,234 - INFO - Switched to GUI-1 (Next toggle in 10s
2025-07-15 12:30:27,095 - INFO - Modbus connection successful (Attempt 1/3)
2025-07-15 12:30:27,129 - INFO - environment read successfully in 0.03s: {'temperature': 39.9, 'humidity': 45.1, 'pressure': 1009.9}
2025-07-15 12:30:29,176 - INFO - uv read successfully in 2.05s: {'uv_index': 15.51}
2025-07-15 12:30:29,261 - INFO - aqi read successfully in 0.08s: {'co2': nan, 'pm2_5': 38.6, 'pm10': 218.9, 'carbon_monoxide': 232.0, 'nitrogen_dioxide': 6.8, 'sulphur_dioxide': 12.0, 'ozone': 129.0}
2025-07-15 12:30:29,291 - INFO - wind_speed read successfully in 0.03s: {'wind_speed': 1.7}
2025-07-15 12:30:29,325 - INFO - wind_direction read successfully in 0.03s: {'wind_dir_degrees': 90, 'wind_dir_cardinal': 'E'}
2025-07-15 12:30:29,355 - INFO - rainfall read successfully in 0.03s: {'rainfall': 0.0}
2025-07-15 12:30:29,356 - INFO - Read cycle complete. Successful: 6, Errors: 0
2025-07-15 12:30:29,356 - INFO - Current sensor data: {'timestamp': '2025-07-15T12:30:27.095352', 'temperature': 39.9, 'humidity': 45.1, 'pressure': 1009.9, 'uv_index': 15.51, 'co2': nan, 'pm2_5': 38.6, 'pm10': 218.9, 'carbon_monoxide': 232.0, 'nitrogen_dioxide': 6.8, 'sulphur_dioxide': 12.0, 'ozone': 129.0, 'wind_speed': 1.7, 'wind_dir_degrees': 90, 'wind_dir_cardinal': 'E', 'rainfall': 0.0}
2025-07-15 12:30:31,356 - INFO - Modbus connection successful (Attempt 1/3)
2025-07-15 12:30:31,390 - INFO - environment read successfully in 0.03s: {'temperature': 39.9, 'humidity': 45.1, 'pressure': 1009.9}
2025-07-15 12:30:33,437 - INFO - uv read successfully in 2.05s: {'uv_index': 16.01}
2025-07-15 12:30:33,505 - INFO - aqi read successfully in 0.07s: {'co2': nan, 'pm2_5': 38.6, 'pm10': 218.9, 'carbon_monoxide': 232.0, 'nitrogen_dioxide': 6.8, 'sulphur_dioxide': 12.0, 'ozone': 129.0}
2025-07-15 12:30:33,535 - INFO - wind_speed read successfully in 0.03s: {'wind_speed': 2.3}
2025-07-15 12:30:33,569 - INFO - wind_direction read successfully in 0.03s: {'wind_dir_degrees': 45, 'wind_dir_cardinal': 'NE'}
2025-07-15 12:30:33,599 - INFO - rainfall read successfully in 0.03s: {'rainfall': 0.0}
2025-07-15 12:30:33,599 - INFO - Read cycle complete. Successful: 6, Errors: 0
2025-07-15 12:30:33,599 - INFO - Current sensor data: {'timestamp': '2025-07-15T12:30:31.356365', 'temperature': 39.9, 'humidity': 45.1, 'pressure': 1009.9, 'uv_index': 16.01, 'co2': nan, 'pm2_5': 38.6, 'pm10': 218.9, 'carbon_monoxide': 232.0, 'nitrogen_dioxide': 6.8, 'sulphur_dioxide': 12.0, 'ozone': 129.0, 'wind_speed': 2.3, 'wind_dir_degrees': 45, 'wind_dir_cardinal': 'NE', 'rainfall': 0.0}
2025-07-15 12:30:35,235 - INFO - Switched to GUI-2 (Next toggle in 5s
2025-07-15 12:30:35,599 - INFO - Modbus connection successful (Attempt 1/3)
2025-07-15 12:30:35,634 - INFO - environment read successfully in 0.03s: {'temperature': 39.9, 'humidity': 45.0, 'pressure': 1009.9}
2025-07-15 12:30:37,680 - INFO - uv read successfully in 2.05s: {'uv_index': 15.89}
2025-07-15 12:30:37,749 - INFO - aqi read successfully in 0.07s: {'co2': nan, 'pm2_5': 38.6, 'pm10': 218.9, 'carbon_monoxide': 232.0, 'nitrogen_dioxide': 6.8, 'sulphur_dioxide': 12.0, 'ozone': 129.0}
2025-07-15 12:30:37,779 - INFO - wind_speed read successfully in 0.03s: {'wind_speed': 3.5}
2025-07-15 12:30:37,813 - INFO - wind_direction read successfully in 0.03s: {'wind_dir_degrees': 61, 'wind_dir_cardinal': 'NE'}
2025-07-15 12:30:37,843 - INFO - rainfall read successfully in 0.03s: {'rainfall': 0.0}
2025-07-15 12:30:37,843 - INFO - Read cycle complete. Successful: 6, Errors: 0
2025-07-15 12:30:37,843 - INFO - Current sensor data: {'timestamp': '2025-07-15T12:30:35.600015', 'temperature': 39.9, 'humidity': 45.0, 'pressure': 1009.9, 'uv_index': 15.89, 'co2': nan, 'pm2_5': 38.6, 'pm10': 218.9, 'carbon_monoxide': 232.0, 'nitrogen_dioxide': 6.8, 'sulphur_dioxide': 12.0, 'ozone': 129.0, 'wind_speed': 3.5, 'wind_dir_degrees': 61, 'wind_dir_cardinal': 'NE', 'rainfall': 0.0}
2025-07-15 12:30:37,843 - INFO - Sensor data queued for CSV write
2025-07-15 12:30:39,843 - INFO - Modbus connection successful (Attempt 1/3)
2025-07-15 12:30:39,878 - INFO - environment read successfully in 0.03s: {'temperature': 39.9, 'humidity': 45.0, 'pressure': 1009.9}
2025-07-15 12:30:40,235 - INFO - Switched to GUI-1 (Next toggle in 10s
2025-07-15 12:30:41,920 - INFO - uv read successfully in 2.04s: {'uv_index': 15.74}
2025-07-15 12:30:41,965 - INFO - aqi read successfully in 0.04s: {'co2': nan, 'pm2_5': 38.6, 'pm10': 218.9, 'carbon_monoxide': 232.0, 'nitrogen_dioxide': 6.8, 'sulphur_dioxide': 12.0, 'ozone': 129.0}
2025-07-15 12:30:41,995 - INFO - wind_speed read successfully in 0.03s: {'wind_speed': 3.9}
2025-07-15 12:30:42,029 - INFO - wind_direction read successfully in 0.03s: {'wind_dir_degrees': 79, 'wind_dir_cardinal': 'E'}
2025-07-15 12:30:42,059 - INFO - rainfall read successfully in 0.03s: {'rainfall': 0.0}
2025-07-15 12:30:42,059 - INFO - Read cycle complete. Successful: 6, Errors: 0
2025-07-15 12:30:42,059 - INFO - Current sensor data: {'timestamp': '2025-07-15T12:30:39.843929', 'temperature': 39.9, 'humidity': 45.0, 'pressure': 1009.9, 'uv_index': 15.74, 'co2': nan, 'pm2_5': 38.6, 'pm10': 218.9, 'carbon_monoxide': 232.0, 'nitrogen_dioxide': 6.8, 'sulphur_dioxide': 12.0, 'ozone': 129.0, 'wind_speed': 3.9, 'wind_dir_degrees': 79, 'wind_dir_cardinal': 'E', 'rainfall': 0.0}
2025-07-15 12:30:44,059 - INFO - Modbus connection successful (Attempt 1/3)
2025-07-15 12:30:44,093 - INFO - environment read successfully in 0.03s: {'temperature': 39.9, 'humidity': 45.0, 'pressure': 1009.9}
2025-07-15 12:30:46,138 - INFO - uv read successfully in 2.04s: {'uv_index': 15.86}
2025-07-15 12:30:46,196 - INFO - aqi read successfully in 0.06s: {'co2': nan, 'pm2_5': 38.6, 'pm10': 218.9, 'carbon_monoxide': 232.0, 'nitrogen_dioxide': 6.8, 'sulphur_dioxide': 12.0, 'ozone': 129.0}
2025-07-15 12:30:46,226 - INFO - wind_speed read successfully in 0.03s: {'wind_speed': 3.3}
2025-07-15 12:30:46,260 - INFO - wind_direction read successfully in 0.03s: {'wind_dir_degrees': 101, 'wind_dir_cardinal': 'E'}
2025-07-15 12:30:46,290 - INFO - rainfall read successfully in 0.03s: {'rainfall': 0.0}
2025-07-15 12:30:46,290 - INFO - Read cycle complete. Successful: 6, Errors: 0
2025-07-15 12:30:46,290 - INFO - Current sensor data: {'timestamp': '2025-07-15T12:30:44.059705', 'temperature': 39.9, 'humidity': 45.0, 'pressure': 1009.9, 'uv_index': 15.86, 'co2': nan, 'pm2_5': 38.6, 'pm10': 218.9, 'carbon_monoxide': 232.0, 'nitrogen_dioxide': 6.8, 'sulphur_dioxide': 12.0, 'ozone': 129.0, 'wind_speed': 3.3, 'wind_dir_degrees': 101, 'wind_dir_cardinal': 'E', 'rainfall': 0.0}
2025-07-15 12:30:48,290 - INFO - Modbus connection successful (Attempt 1/3)
2025-07-15 12:30:48,324 - INFO - environment read successfully in 0.03s: {'temperature': 39.9, 'humidity': 45.0, 'pressure': 1010.0}
2025-07-15 12:30:50,235 - INFO - Switched to GUI-2 (Next toggle in 5s
2025-07-15 12:30:50,261 - INFO - CSV write completed at 2025-07-15T12:30:50.261714
2025-07-15 12:30:50,370 - INFO - uv read successfully in 2.05s: {'uv_index': 16.07}
2025-07-15 12:30:50,414 - INFO - aqi read successfully in 0.04s: {'co2': nan, 'pm2_5': 38.6, 'pm10': 218.9, 'carbon_monoxide': 232.0, 'nitrogen_dioxide': 6.8, 'sulphur_dioxide': 12.0, 'ozone': 129.0}
2025-07-15 12:30:50,443 - INFO - wind_speed read successfully in 0.03s: {'wind_speed': 2.9}
2025-07-15 12:30:50,477 - INFO - wind_direction read successfully in 0.03s: {'wind_dir_degrees': 178, 'wind_dir_cardinal': 'S'}
2025-07-15 12:30:50,507 - INFO - rainfall read successfully in 0.03s: {'rainfall': 0.0}
2025-07-15 12:30:50,507 - INFO - Read cycle complete. Successful: 6, Errors: 0
2025-07-15 12:30:50,507 - INFO - Current sensor data: {'timestamp': '2025-07-15T12:30:48.290837', 'temperature': 39.9, 'humidity': 45.0, 'pressure': 1010.0, 'uv_index': 16.07, 'co2': nan, 'pm2_5': 38.6, 'pm10': 218.9, 'carbon_monoxide': 232.0, 'nitrogen_dioxide': 6.8, 'sulphur_dioxide': 12.0, 'ozone': 129.0, 'wind_speed': 2.9, 'wind_dir_degrees': 178, 'wind_dir_cardinal': 'S', 'rainfall': 0.0}
2025-07-15 12:30:52,507 - INFO - Modbus connection successful (Attempt 1/3)
2025-07-15 12:30:52,541 - INFO - environment read successfully in 0.03s: {'temperature': 39.9, 'humidity': 45.0, 'pressure': 1010.0}
2025-07-15 12:30:54,587 - INFO - uv read successfully in 2.05s: {'uv_index': 15.98}
2025-07-15 12:30:54,645 - INFO - aqi read successfully in 0.06s: {'co2': nan, 'pm2_5': 38.6, 'pm10': 218.9, 'carbon_monoxide': 232.0, 'nitrogen_dioxide': 6.8, 'sulphur_dioxide': 12.0, 'ozone': 129.0}
2025-07-15 12:30:54,675 - INFO - wind_speed read successfully in 0.03s: {'wind_speed': 2.3}
2025-07-15 12:30:54,709 - INFO - wind_direction read successfully in 0.03s: {'wind_dir_degrees': 168, 'wind_dir_cardinal': 'S'}
2025-07-15 12:30:54,739 - INFO - rainfall read successfully in 0.03s: {'rainfall': 0.0}
2025-07-15 12:30:54,739 - INFO - Read cycle complete. Successful: 6, Errors: 0
2025-07-15 12:30:54,739 - INFO - Current sensor data: {'timestamp': '2025-07-15T12:30:52.507857', 'temperature': 39.9, 'humidity': 45.0, 'pressure': 1010.0, 'uv_index': 15.98, 'co2': nan, 'pm2_5': 38.6, 'pm10': 218.9, 'carbon_monoxide': 232.0, 'nitrogen_dioxide': 6.8, 'sulphur_dioxide': 12.0, 'ozone': 129.0, 'wind_speed': 2.3, 'wind_dir_degrees': 168, 'wind_dir_cardinal': 'S', 'rainfall': 0.0}
2025-07-15 12:30:55,235 - INFO - Switched to GUI-1 (Next toggle in 10s
2025-07-15 12:30:56,739 - INFO - Modbus connection successful (Attempt 1/3)
2025-07-15 12:30:56,773 - INFO - environment read successfully in 0.03s: {'temperature': 39.9, 'humidity': 45.0, 'pressure': 1010.0}
2025-07-15 12:30:58,818 - INFO - uv read successfully in 2.04s: {'uv_index': 15.72}
2025-07-15 12:30:58,862 - INFO - aqi read successfully in 0.04s: {'co2': nan, 'pm2_5': 38.6, 'pm10': 218.9, 'carbon_monoxide': 232.0, 'nitrogen_dioxide': 6.8, 'sulphur_dioxide': 12.0, 'ozone': 129.0}
2025-07-15 12:30:58,892 - INFO - wind_speed read successfully in 0.03s: {'wind_speed': 2.1}
2025-07-15 12:30:58,926 - INFO - wind_direction read successfully in 0.03s: {'wind_dir_degrees': 111, 'wind_dir_cardinal': 'E'}
2025-07-15 12:30:58,956 - INFO - rainfall read successfully in 0.03s: {'rainfall': 0.0}
2025-07-15 12:30:58,956 - INFO - Read cycle complete. Successful: 6, Errors: 0
2025-07-15 12:30:58,956 - INFO - Current sensor data: {'timestamp': '2025-07-15T12:30:56.739580', 'temperature': 39.9, 'humidity': 45.0, 'pressure': 1010.0, 'uv_index': 15.72, 'co2': nan, 'pm2_5': 38.6, 'pm10': 218.9, 'carbon_monoxide': 232.0, 'nitrogen_dioxide': 6.8, 'sulphur_dioxide': 12.0, 'ozone': 129.0, 'wind_speed': 2.1, 'wind_dir_degrees': 111, 'wind_dir_cardinal': 'E', 'rainfall': 0.0}
2025-07-15 12:31:00,956 - INFO - Modbus connection successful (Attempt 1/3)
2025-07-15 12:31:00,990 - INFO - environment read successfully in 0.03s: {'temperature': 40.0, 'humidity': 45.0, 'pressure': 1010.0}
2025-07-15 12:31:03,036 - INFO - uv read successfully in 2.05s: {'uv_index': 15.93}
2025-07-15 12:31:03,093 - INFO - aqi read successfully in 0.06s: {'co2': nan, 'pm2_5': 38.6, 'pm10': 218.9, 'carbon_monoxide': 232.0, 'nitrogen_dioxide': 6.8, 'sulphur_dioxide': 12.0, 'ozone': 129.0}
2025-07-15 12:31:03,123 - INFO - wind_speed read successfully in 0.03s: {'wind_speed': 1.9}
2025-07-15 12:31:03,157 - INFO - wind_direction read successfully in 0.03s: {'wind_dir_degrees': 4, 'wind_dir_cardinal': 'N'}
2025-07-15 12:31:03,187 - INFO - rainfall read successfully in 0.03s: {'rainfall': 0.0}
2025-07-15 12:31:03,187 - INFO - Read cycle complete. Successful: 6, Errors: 0
2025-07-15 12:31:03,187 - INFO - Current sensor data: {'timestamp': '2025-07-15T12:31:00.956495', 'temperature': 40.0, 'humidity': 45.0, 'pressure': 1010.0, 'uv_index': 15.93, 'co2': nan, 'pm2_5': 38.6, 'pm10': 218.9, 'carbon_monoxide': 232.0, 'nitrogen_dioxide': 6.8, 'sulphur_dioxide': 12.0, 'ozone': 129.0, 'wind_speed': 1.9, 'wind_dir_degrees': 4, 'wind_dir_cardinal': 'N', 'rainfall': 0.0}
2025-07-15 12:31:05,187 - INFO - Modbus connection successful (Attempt 1/3)
2025-07-15 12:31:05,221 - INFO - environment read successfully in 0.03s: {'temperature': 40.0, 'humidity': 45.0, 'pressure': 1009.9}
2025-07-15 12:31:05,236 - INFO - Switched to GUI-2 (Next toggle in 5s
2025-07-15 12:31:07,268 - INFO - uv read successfully in 2.05s: {'uv_index': 16.1}
2025-07-15 12:31:07,326 - INFO - aqi read successfully in 0.06s: {'co2': nan, 'pm2_5': 38.6, 'pm10': 218.9, 'carbon_monoxide': 232.0, 'nitrogen_dioxide': 6.8, 'sulphur_dioxide': 12.0, 'ozone': 129.0}
2025-07-15 12:31:07,357 - INFO - wind_speed read successfully in 0.03s: {'wind_speed': 1.9}
2025-07-15 12:31:07,391 - INFO - wind_direction read successfully in 0.03s: {'wind_dir_degrees': 158, 'wind_dir_cardinal': 'S'}
2025-07-15 12:31:07,421 - INFO - rainfall read successfully in 0.03s: {'rainfall': 0.0}
2025-07-15 12:31:07,421 - INFO - Read cycle complete. Successful: 6, Errors: 0
2025-07-15 12:31:07,421 - INFO - Current sensor data: {'timestamp': '2025-07-15T12:31:05.187793', 'temperature': 40.0, 'humidity': 45.0, 'pressure': 1009.9, 'uv_index': 16.1, 'co2': nan, 'pm2_5': 38.6, 'pm10': 218.9, 'carbon_monoxide': 232.0, 'nitrogen_dioxide': 6.8, 'sulphur_dioxide': 12.0, 'ozone': 129.0, 'wind_speed': 1.9, 'wind_dir_degrees': 158, 'wind_dir_cardinal': 'S', 'rainfall': 0.0}
2025-07-15 12:31:09,421 - INFO - Modbus connection successful (Attempt 1/3)
2025-07-15 12:31:09,455 - INFO - environment read successfully in 0.03s: {'temperature': 39.9, 'humidity': 45.0, 'pressure': 1009.9}
2025-07-15 12:31:10,236 - INFO - Switched to GUI-1 (Next toggle in 10s
2025-07-15 12:31:11,499 - INFO - uv read successfully in 2.04s: {'uv_index': 15.99}
2025-07-15 12:31:11,543 - INFO - aqi read successfully in 0.04s: {'co2': nan, 'pm2_5': 38.6, 'pm10': 218.9, 'carbon_monoxide': 232.0, 'nitrogen_dioxide': 6.8, 'sulphur_dioxide': 12.0, 'ozone': 129.0}
2025-07-15 12:31:11,573 - INFO - wind_speed read successfully in 0.03s: {'wind_speed': 1.8}
2025-07-15 12:31:11,607 - INFO - wind_direction read successfully in 0.03s: {'wind_dir_degrees': 167, 'wind_dir_cardinal': 'S'}
2025-07-15 12:31:11,637 - INFO - rainfall read successfully in 0.03s: {'rainfall': 0.0}
2025-07-15 12:31:11,637 - INFO - Read cycle complete. Successful: 6, Errors: 0
2025-07-15 12:31:11,637 - INFO - Current sensor data: {'timestamp': '2025-07-15T12:31:09.421468', 'temperature': 39.9, 'humidity': 45.0, 'pressure': 1009.9, 'uv_index': 15.99, 'co2': nan, 'pm2_5': 38.6, 'pm10': 218.9, 'carbon_monoxide': 232.0, 'nitrogen_dioxide': 6.8, 'sulphur_dioxide': 12.0, 'ozone': 129.0, 'wind_speed': 1.8, 'wind_dir_degrees': 167, 'wind_dir_cardinal': 'S', 'rainfall': 0.0}
2025-07-15 12:31:11,637 - INFO - Sensor data queued for CSV write
2025-07-15 12:31:13,637 - INFO - Modbus connection successful (Attempt 1/3)
2025-07-15 12:31:13,671 - INFO - environment read successfully in 0.03s: {'temperature': 40.0, 'humidity': 45.0, 'pressure': 1010.0}
2025-07-15 12:31:15,716 - INFO - uv read successfully in 2.04s: {'uv_index': 15.7}
2025-07-15 12:31:15,774 - INFO - aqi read successfully in 0.06s: {'co2': nan, 'pm2_5': 38.6, 'pm10': 218.9, 'carbon_monoxide': 232.0, 'nitrogen_dioxide': 6.8, 'sulphur_dioxide': 12.0, 'ozone': 129.0}
2025-07-15 12:31:15,804 - INFO - wind_speed read successfully in 0.03s: {'wind_speed': 2.0}
2025-07-15 12:31:15,838 - INFO - wind_direction read successfully in 0.03s: {'wind_dir_degrees': 9, 'wind_dir_cardinal': 'N'}
2025-07-15 12:31:15,868 - INFO - rainfall read successfully in 0.03s: {'rainfall': 0.0}
2025-07-15 12:31:15,868 - INFO - Read cycle complete. Successful: 6, Errors: 0
2025-07-15 12:31:15,868 - INFO - Current sensor data: {'timestamp': '2025-07-15T12:31:13.637556', 'temperature': 40.0, 'humidity': 45.0, 'pressure': 1010.0, 'uv_index': 15.7, 'co2': nan, 'pm2_5': 38.6, 'pm10': 218.9, 'carbon_monoxide': 232.0, 'nitrogen_dioxide': 6.8, 'sulphur_dioxide': 12.0, 'ozone': 129.0, 'wind_speed': 2.0, 'wind_dir_degrees': 9, 'wind_dir_cardinal': 'N', 'rainfall': 0.0}
2025-07-15 12:31:17,868 - INFO - Modbus connection successful (Attempt 1/3)
2025-07-15 12:31:17,902 - INFO - environment read successfully in 0.03s: {'temperature': 39.9, 'humidity': 45.0, 'pressure': 1010.0}
2025-07-15 12:31:19,948 - INFO - uv read successfully in 2.05s: {'uv_index': 15.92}
2025-07-15 12:31:20,006 - INFO - aqi read successfully in 0.06s: {'co2': nan, 'pm2_5': 38.6, 'pm10': 218.9, 'carbon_monoxide': 232.0, 'nitrogen_dioxide': 6.8, 'sulphur_dioxide': 12.0, 'ozone': 129.0}
2025-07-15 12:31:20,036 - INFO - wind_speed read successfully in 0.03s: {'wind_speed': 1.9}
2025-07-15 12:31:20,070 - INFO - wind_direction read successfully in 0.03s: {'wind_dir_degrees': 199, 'wind_dir_cardinal': 'S'}
2025-07-15 12:31:20,099 - INFO - rainfall read successfully in 0.03s: {'rainfall': 0.0}
2025-07-15 12:31:20,100 - INFO - Read cycle complete. Successful: 6, Errors: 0
2025-07-15 12:31:20,100 - INFO - Current sensor data: {'timestamp': '2025-07-15T12:31:17.868524', 'temperature': 39.9, 'humidity': 45.0, 'pressure': 1010.0, 'uv_index': 15.92, 'co2': nan, 'pm2_5': 38.6, 'pm10': 218.9, 'carbon_monoxide': 232.0, 'nitrogen_dioxide': 6.8, 'sulphur_dioxide': 12.0, 'ozone': 129.0, 'wind_speed': 1.9, 'wind_dir_degrees': 199, 'wind_dir_cardinal': 'S', 'rainfall': 0.0}
2025-07-15 12:31:20,236 - INFO - Switched to GUI-2 (Next toggle in 5s
2025-07-15 12:31:20,270 - INFO - CSV write completed at 2025-07-15T12:31:20.269787
2025-07-15 12:31:22,100 - INFO - Modbus connection successful (Attempt 1/3)
2025-07-15 12:31:22,134 - INFO - environment read successfully in 0.03s: {'temperature': 40.0, 'humidity': 45.0, 'pressure': 1009.9}
2025-07-15 12:31:24,179 - INFO - uv read successfully in 2.04s: {'uv_index': 16.12}
2025-07-15 12:31:24,223 - INFO - aqi read successfully in 0.04s: {'co2': nan, 'pm2_5': 38.6, 'pm10': 218.9, 'carbon_monoxide': 232.0, 'nitrogen_dioxide': 6.8, 'sulphur_dioxide': 12.0, 'ozone': 129.0}
2025-07-15 12:31:24,252 - INFO - wind_speed read successfully in 0.03s: {'wind_speed': 1.8}
2025-07-15 12:31:24,286 - INFO - wind_direction read successfully in 0.03s: {'wind_dir_degrees': 116, 'wind_dir_cardinal': 'SE'}
2025-07-15 12:31:24,316 - INFO - rainfall read successfully in 0.03s: {'rainfall': 0.0}
2025-07-15 12:31:24,316 - INFO - Read cycle complete. Successful: 6, Errors: 0
2025-07-15 12:31:24,316 - INFO - Current sensor data: {'timestamp': '2025-07-15T12:31:22.100291', 'temperature': 40.0, 'humidity': 45.0, 'pressure': 1009.9, 'uv_index': 16.12, 'co2': nan, 'pm2_5': 38.6, 'pm10': 218.9, 'carbon_monoxide': 232.0, 'nitrogen_dioxide': 6.8, 'sulphur_dioxide': 12.0, 'ozone': 129.0, 'wind_speed': 1.8, 'wind_dir_degrees': 116, 'wind_dir_cardinal': 'SE', 'rainfall': 0.0}
2025-07-15 12:31:25,237 - INFO - Switched to GUI-1 (Next toggle in 10s
2025-07-15 12:31:26,316 - INFO - Modbus connection successful (Attempt 1/3)
2025-07-15 12:31:26,350 - INFO - environment read successfully in 0.03s: {'temperature': 40.0, 'humidity': 45.0, 'pressure': 1010.0}
2025-07-15 12:31:28,396 - INFO - uv read successfully in 2.05s: {'uv_index': 15.9}
2025-07-15 12:31:28,454 - INFO - aqi read successfully in 0.06s: {'co2': nan, 'pm2_5': 38.6, 'pm10': 218.9, 'carbon_monoxide': 232.0, 'nitrogen_dioxide': 6.8, 'sulphur_dioxide': 12.0, 'ozone': 129.0}
2025-07-15 12:31:28,484 - INFO - wind_speed read successfully in 0.03s: {'wind_speed': 2.0}
2025-07-15 12:31:28,518 - INFO - wind_direction read successfully in 0.03s: {'wind_dir_degrees': 144, 'wind_dir_cardinal': 'SE'}
2025-07-15 12:31:28,548 - INFO - rainfall read successfully in 0.03s: {'rainfall': 0.0}
2025-07-15 12:31:28,548 - INFO - Read cycle complete. Successful: 6, Errors: 0
2025-07-15 12:31:28,548 - INFO - Current sensor data: {'timestamp': '2025-07-15T12:31:26.316817', 'temperature': 40.0, 'humidity': 45.0, 'pressure': 1010.0, 'uv_index': 15.9, 'co2': nan, 'pm2_5': 38.6, 'pm10': 218.9, 'carbon_monoxide': 232.0, 'nitrogen_dioxide': 6.8, 'sulphur_dioxide': 12.0, 'ozone': 129.0, 'wind_speed': 2.0, 'wind_dir_degrees': 144, 'wind_dir_cardinal': 'SE', 'rainfall': 0.0}
2025-07-15 12:31:30,548 - INFO - Modbus connection successful (Attempt 1/3)
2025-07-15 12:31:30,582 - INFO - environment read successfully in 0.03s: {'temperature': 39.9, 'humidity': 45.0, 'pressure': 1010.0}
2025-07-15 12:31:32,628 - INFO - uv read successfully in 2.05s: {'uv_index': 15.69}
2025-07-15 12:31:32,686 - INFO - aqi read successfully in 0.06s: {'co2': nan, 'pm2_5': 38.6, 'pm10': 218.9, 'carbon_monoxide': 232.0, 'nitrogen_dioxide': 6.8, 'sulphur_dioxide': 12.0, 'ozone': 129.0}
2025-07-15 12:31:32,715 - INFO - wind_speed read successfully in 0.03s: {'wind_speed': 2.1}
2025-07-15 12:31:32,749 - INFO - wind_direction read successfully in 0.03s: {'wind_dir_degrees': 13, 'wind_dir_cardinal': 'N'}
2025-07-15 12:31:32,779 - INFO - rainfall read successfully in 0.03s: {'rainfall': 0.0}
2025-07-15 12:31:32,779 - INFO - Read cycle complete. Successful: 6, Errors: 0
2025-07-15 12:31:32,779 - INFO - Current sensor data: {'timestamp': '2025-07-15T12:31:30.548662', 'temperature': 39.9, 'humidity': 45.0, 'pressure': 1010.0, 'uv_index': 15.69, 'co2': nan, 'pm2_5': 38.6, 'pm10': 218.9, 'carbon_monoxide': 232.0, 'nitrogen_dioxide': 6.8, 'sulphur_dioxide': 12.0, 'ozone': 129.0, 'wind_speed': 2.1, 'wind_dir_degrees': 13, 'wind_dir_cardinal': 'N', 'rainfall': 0.0}
2025-07-15 12:31:34,779 - INFO - Modbus connection successful (Attempt 1/3)
2025-07-15 12:31:34,813 - INFO - environment read successfully in 0.03s: {'temperature': 40.0, 'humidity': 44.9, 'pressure': 1010.0}
2025-07-15 12:31:35,237 - INFO - Switched to GUI-2 (Next toggle in 5s
2025-07-15 12:31:36,858 - INFO - uv read successfully in 2.04s: {'uv_index': 15.86}
2025-07-15 12:31:36,903 - INFO - aqi read successfully in 0.04s: {'co2': nan, 'pm2_5': 38.6, 'pm10': 218.9, 'carbon_monoxide': 232.0, 'nitrogen_dioxide': 6.8, 'sulphur_dioxide': 12.0, 'ozone': 129.0}
2025-07-15 12:31:36,932 - INFO - wind_speed read successfully in 0.03s: {'wind_speed': 2.2}
2025-07-15 12:31:36,966 - INFO - wind_direction read successfully in 0.03s: {'wind_dir_degrees': 271, 'wind_dir_cardinal': 'W'}
2025-07-15 12:31:36,996 - INFO - rainfall read successfully in 0.03s: {'rainfall': 0.0}
2025-07-15 12:31:36,996 - INFO - Read cycle complete. Successful: 6, Errors: 0
2025-07-15 12:31:36,996 - INFO - Current sensor data: {'timestamp': '2025-07-15T12:31:34.779958', 'temperature': 40.0, 'humidity': 44.9, 'pressure': 1010.0, 'uv_index': 15.86, 'co2': nan, 'pm2_5': 38.6, 'pm10': 218.9, 'carbon_monoxide': 232.0, 'nitrogen_dioxide': 6.8, 'sulphur_dioxide': 12.0, 'ozone': 129.0, 'wind_speed': 2.2, 'wind_dir_degrees': 271, 'wind_dir_cardinal': 'W', 'rainfall': 0.0}
2025-07-15 12:31:38,996 - INFO - Modbus connection successful (Attempt 1/3)
2025-07-15 12:31:39,030 - INFO - environment read successfully in 0.03s: {'temperature': 40.0, 'humidity': 45.0, 'pressure': 1009.9}
2025-07-15 12:31:40,238 - INFO - Switched to GUI-1 (Next toggle in 10s
2025-07-15 12:31:41,076 - INFO - uv read successfully in 2.05s: {'uv_index': 15.99}
2025-07-15 12:31:41,134 - INFO - aqi read successfully in 0.06s: {'co2': nan, 'pm2_5': 38.6, 'pm10': 218.9, 'carbon_monoxide': 232.0, 'nitrogen_dioxide': 6.8, 'sulphur_dioxide': 12.0, 'ozone': 129.0}
2025-07-15 12:31:41,164 - INFO - wind_speed read successfully in 0.03s: {'wind_speed': 1.8}
2025-07-15 12:31:41,198 - INFO - wind_direction read successfully in 0.03s: {'wind_dir_degrees': 126, 'wind_dir_cardinal': 'SE'}
2025-07-15 12:31:41,228 - INFO - rainfall read successfully in 0.03s: {'rainfall': 0.0}
2025-07-15 12:31:41,228 - INFO - Read cycle complete. Successful: 6, Errors: 0
2025-07-15 12:31:41,228 - INFO - Current sensor data: {'timestamp': '2025-07-15T12:31:38.996855', 'temperature': 40.0, 'humidity': 45.0, 'pressure': 1009.9, 'uv_index': 15.99, 'co2': nan, 'pm2_5': 38.6, 'pm10': 218.9, 'carbon_monoxide': 232.0, 'nitrogen_dioxide': 6.8, 'sulphur_dioxide': 12.0, 'ozone': 129.0, 'wind_speed': 1.8, 'wind_dir_degrees': 126, 'wind_dir_cardinal': 'SE', 'rainfall': 0.0}
2025-07-15 12:31:43,228 - INFO - Modbus connection successful (Attempt 1/3)
2025-07-15 12:31:43,262 - INFO - environment read successfully in 0.03s: {'temperature': 40.0, 'humidity': 45.0, 'pressure': 1010.0}
2025-07-15 12:31:45,306 - INFO - uv read successfully in 2.04s: {'uv_index': 15.67}
2025-07-15 12:31:45,351 - INFO - aqi read successfully in 0.04s: {'co2': nan, 'pm2_5': 38.6, 'pm10': 218.9, 'carbon_monoxide': 232.0, 'nitrogen_dioxide': 6.8, 'sulphur_dioxide': 12.0, 'ozone': 129.0}
2025-07-15 12:31:45,381 - INFO - wind_speed read successfully in 0.03s: {'wind_speed': 1.9}
2025-07-15 12:31:45,415 - INFO - wind_direction read successfully in 0.03s: {'wind_dir_degrees': 202, 'wind_dir_cardinal': 'S'}
2025-07-15 12:31:45,445 - INFO - rainfall read successfully in 0.03s: {'rainfall': 0.0}
2025-07-15 12:31:45,445 - INFO - Read cycle complete. Successful: 6, Errors: 0
2025-07-15 12:31:45,445 - INFO - Current sensor data: {'timestamp': '2025-07-15T12:31:43.228312', 'temperature': 40.0, 'humidity': 45.0, 'pressure': 1010.0, 'uv_index': 15.67, 'co2': nan, 'pm2_5': 38.6, 'pm10': 218.9, 'carbon_monoxide': 232.0, 'nitrogen_dioxide': 6.8, 'sulphur_dioxide': 12.0, 'ozone': 129.0, 'wind_speed': 1.9, 'wind_dir_degrees': 202, 'wind_dir_cardinal': 'S', 'rainfall': 0.0}
2025-07-15 12:31:45,445 - INFO - Sensor data queued for CSV write
2025-07-15 12:31:47,445 - INFO - Modbus connection successful (Attempt 1/3)
2025-07-15 12:31:47,479 - INFO - environment read successfully in 0.03s: {'temperature': 40.0, 'humidity': 45.0, 'pressure': 1010.0}
2025-07-15 12:31:49,524 - INFO - uv read successfully in 2.04s: {'uv_index': 15.4}
2025-07-15 12:31:49,568 - INFO - aqi read successfully in 0.04s: {'co2': nan, 'pm2_5': 38.6, 'pm10': 218.9, 'carbon_monoxide': 232.0, 'nitrogen_dioxide': 6.8, 'sulphur_dioxide': 12.0, 'ozone': 129.0}
2025-07-15 12:31:49,597 - INFO - wind_speed read successfully in 0.03s: {'wind_speed': 2.1}
2025-07-15 12:31:49,631 - INFO - wind_direction read successfully in 0.03s: {'wind_dir_degrees': 109, 'wind_dir_cardinal': 'E'}
2025-07-15 12:31:49,661 - INFO - rainfall read successfully in 0.03s: {'rainfall': 0.0}
2025-07-15 12:31:49,661 - INFO - Read cycle complete. Successful: 6, Errors: 0
2025-07-15 12:31:49,661 - INFO - Current sensor data: {'timestamp': '2025-07-15T12:31:47.445445', 'temperature': 40.0, 'humidity': 45.0, 'pressure': 1010.0, 'uv_index': 15.4, 'co2': nan, 'pm2_5': 38.6, 'pm10': 218.9, 'carbon_monoxide': 232.0, 'nitrogen_dioxide': 6.8, 'sulphur_dioxide': 12.0, 'ozone': 129.0, 'wind_speed': 2.1, 'wind_dir_degrees': 109, 'wind_dir_cardinal': 'E', 'rainfall': 0.0}
2025-07-15 12:31:50,238 - INFO - Switched to GUI-2 (Next toggle in 5s
2025-07-15 12:31:50,277 - INFO - CSV write completed at 2025-07-15T12:31:50.277017
2025-07-15 12:31:51,661 - INFO - Modbus connection successful (Attempt 1/3)
2025-07-15 12:31:51,695 - INFO - environment read successfully in 0.03s: {'temperature': 40.0, 'humidity': 45.0, 'pressure': 1010.0}
2025-07-15 12:31:53,741 - INFO - uv read successfully in 2.05s: {'uv_index': 15.49}
2025-07-15 12:31:53,799 - INFO - aqi read successfully in 0.06s: {'co2': nan, 'pm2_5': 38.6, 'pm10': 218.9, 'carbon_monoxide': 232.0, 'nitrogen_dioxide': 6.8, 'sulphur_dioxide': 12.0, 'ozone': 129.0}
2025-07-15 12:31:53,829 - INFO - wind_speed read successfully in 0.03s: {'wind_speed': 2.4}
2025-07-15 12:31:53,863 - INFO - wind_direction read successfully in 0.03s: {'wind_dir_degrees': 134, 'wind_dir_cardinal': 'SE'}
2025-07-15 12:31:53,892 - INFO - rainfall read successfully in 0.03s: {'rainfall': 0.0}
2025-07-15 12:31:53,893 - INFO - Read cycle complete. Successful: 6, Errors: 0
2025-07-15 12:31:53,893 - INFO - Current sensor data: {'timestamp': '2025-07-15T12:31:51.661781', 'temperature': 40.0, 'humidity': 45.0, 'pressure': 1010.0, 'uv_index': 15.49, 'co2': nan, 'pm2_5': 38.6, 'pm10': 218.9, 'carbon_monoxide': 232.0, 'nitrogen_dioxide': 6.8, 'sulphur_dioxide': 12.0, 'ozone': 129.0, 'wind_speed': 2.4, 'wind_dir_degrees': 134, 'wind_dir_cardinal': 'SE', 'rainfall': 0.0}
2025-07-15 12:31:55,238 - INFO - Switched to GUI-1 (Next toggle in 10s
2025-07-15 12:31:55,893 - INFO - Modbus connection successful (Attempt 1/3)
2025-07-15 12:31:55,927 - INFO - environment read successfully in 0.03s: {'temperature': 40.0, 'humidity': 45.1, 'pressure': 1010.0}
2025-07-15 12:31:57,971 - INFO - uv read successfully in 2.04s: {'uv_index': 15.34}
2025-07-15 12:31:58,016 - INFO - aqi read successfully in 0.04s: {'co2': nan, 'pm2_5': 38.6, 'pm10': 218.9, 'carbon_monoxide': 232.0, 'nitrogen_dioxide': 6.8, 'sulphur_dioxide': 12.0, 'ozone': 129.0}
2025-07-15 12:31:58,046 - INFO - wind_speed read successfully in 0.03s: {'wind_speed': 2.3}
2025-07-15 12:31:58,080 - INFO - wind_direction read successfully in 0.03s: {'wind_dir_degrees': 82, 'wind_dir_cardinal': 'E'}
2025-07-15 12:31:58,109 - INFO - rainfall read successfully in 0.03s: {'rainfall': 0.0}
2025-07-15 12:31:58,109 - INFO - Read cycle complete. Successful: 6, Errors: 0
2025-07-15 12:31:58,109 - INFO - Current sensor data: {'timestamp': '2025-07-15T12:31:55.893274', 'temperature': 40.0, 'humidity': 45.1, 'pressure': 1010.0, 'uv_index': 15.34, 'co2': nan, 'pm2_5': 38.6, 'pm10': 218.9, 'carbon_monoxide': 232.0, 'nitrogen_dioxide': 6.8, 'sulphur_dioxide': 12.0, 'ozone': 129.0, 'wind_speed': 2.3, 'wind_dir_degrees': 82, 'wind_dir_cardinal': 'E', 'rainfall': 0.0}
2025-07-15 12:32:00,109 - INFO - Modbus connection successful (Attempt 1/3)
2025-07-15 12:32:00,144 - INFO - environment read successfully in 0.03s: {'temperature': 40.0, 'humidity': 45.0, 'pressure': 1010.0}
2025-07-15 12:32:02,190 - INFO - uv read successfully in 2.05s: {'uv_index': 14.78}
2025-07-15 12:32:02,248 - INFO - aqi read successfully in 0.06s: {'co2': nan, 'pm2_5': 38.6, 'pm10': 218.9, 'carbon_monoxide': 232.0, 'nitrogen_dioxide': 6.8, 'sulphur_dioxide': 12.0, 'ozone': 129.0}
2025-07-15 12:32:02,277 - INFO - wind_speed read successfully in 0.03s: {'wind_speed': 2.1}
2025-07-15 12:32:02,311 - INFO - wind_direction read successfully in 0.03s: {'wind_dir_degrees': 166, 'wind_dir_cardinal': 'S'}
2025-07-15 12:32:02,341 - INFO - rainfall read successfully in 0.03s: {'rainfall': 0.0}
2025-07-15 12:32:02,341 - INFO - Read cycle complete. Successful: 6, Errors: 0
2025-07-15 12:32:02,341 - INFO - Current sensor data: {'timestamp': '2025-07-15T12:32:00.110042', 'temperature': 40.0, 'humidity': 45.0, 'pressure': 1010.0, 'uv_index': 14.78, 'co2': nan, 'pm2_5': 38.6, 'pm10': 218.9, 'carbon_monoxide': 232.0, 'nitrogen_dioxide': 6.8, 'sulphur_dioxide': 12.0, 'ozone': 129.0, 'wind_speed': 2.1, 'wind_dir_degrees': 166, 'wind_dir_cardinal': 'S', 'rainfall': 0.0}
2025-07-15 12:32:04,341 - INFO - Modbus connection successful (Attempt 1/3)
2025-07-15 12:32:04,376 - INFO - environment read successfully in 0.03s: {'temperature': 40.0, 'humidity': 45.0, 'pressure': 1010.0}
2025-07-15 12:32:05,239 - INFO - Switched to GUI-2 (Next toggle in 5s
2025-07-15 12:32:06,421 - INFO - uv read successfully in 2.05s: {'uv_index': 12.33}
2025-07-15 12:32:06,465 - INFO - aqi read successfully in 0.04s: {'co2': nan, 'pm2_5': 38.6, 'pm10': 218.9, 'carbon_monoxide': 232.0, 'nitrogen_dioxide': 6.8, 'sulphur_dioxide': 12.0, 'ozone': 129.0}
2025-07-15 12:32:06,495 - INFO - wind_speed read successfully in 0.03s: {'wind_speed': 2.0}
2025-07-15 12:32:06,529 - INFO - wind_direction read successfully in 0.03s: {'wind_dir_degrees': 170, 'wind_dir_cardinal': 'S'}
2025-07-15 12:32:06,559 - INFO - rainfall read successfully in 0.03s: {'rainfall': 0.0}
2025-07-15 12:32:06,559 - INFO - Read cycle complete. Successful: 6, Errors: 0
2025-07-15 12:32:06,559 - INFO - Current sensor data: {'timestamp': '2025-07-15T12:32:04.341921', 'temperature': 40.0, 'humidity': 45.0, 'pressure': 1010.0, 'uv_index': 12.33, 'co2': nan, 'pm2_5': 38.6, 'pm10': 218.9, 'carbon_monoxide': 232.0, 'nitrogen_dioxide': 6.8, 'sulphur_dioxide': 12.0, 'ozone': 129.0, 'wind_speed': 2.0, 'wind_dir_degrees': 170, 'wind_dir_cardinal': 'S', 'rainfall': 0.0}
2025-07-15 12:32:08,559 - INFO - Modbus connection successful (Attempt 1/3)
2025-07-15 12:32:08,593 - INFO - environment read successfully in 0.03s: {'temperature': 40.0, 'humidity': 45.1, 'pressure': 1010.1}
2025-07-15 12:32:10,239 - INFO - Switched to GUI-1 (Next toggle in 10s
2025-07-15 12:32:10,639 - INFO - uv read successfully in 2.05s: {'uv_index': 11.03}
2025-07-15 12:32:10,683 - INFO - aqi read successfully in 0.04s: {'co2': nan, 'pm2_5': 38.6, 'pm10': 218.9, 'carbon_monoxide': 232.0, 'nitrogen_dioxide': 6.8, 'sulphur_dioxide': 12.0, 'ozone': 129.0}
2025-07-15 12:32:10,713 - INFO - wind_speed read successfully in 0.03s: {'wind_speed': 1.9}
2025-07-15 12:32:10,747 - INFO - wind_direction read successfully in 0.03s: {'wind_dir_degrees': 80, 'wind_dir_cardinal': 'E'}
2025-07-15 12:32:10,776 - INFO - rainfall read successfully in 0.03s: {'rainfall': 0.0}
2025-07-15 12:32:10,776 - INFO - Read cycle complete. Successful: 6, Errors: 0
2025-07-15 12:32:10,776 - INFO - Current sensor data: {'timestamp': '2025-07-15T12:32:08.559414', 'temperature': 40.0, 'humidity': 45.1, 'pressure': 1010.1, 'uv_index': 11.03, 'co2': nan, 'pm2_5': 38.6, 'pm10': 218.9, 'carbon_monoxide': 232.0, 'nitrogen_dioxide': 6.8, 'sulphur_dioxide': 12.0, 'ozone': 129.0, 'wind_speed': 1.9, 'wind_dir_degrees': 80, 'wind_dir_cardinal': 'E', 'rainfall': 0.0}
2025-07-15 12:32:12,776 - INFO - Modbus connection successful (Attempt 1/3)
2025-07-15 12:32:12,811 - INFO - environment read successfully in 0.03s: {'temperature': 40.0, 'humidity': 45.0, 'pressure': 1010.0}
2025-07-15 12:32:14,856 - INFO - uv read successfully in 2.04s: {'uv_index': 11.08}
2025-07-15 12:32:14,914 - INFO - aqi read successfully in 0.06s: {'co2': nan, 'pm2_5': 38.6, 'pm10': 218.9, 'carbon_monoxide': 232.0, 'nitrogen_dioxide': 6.8, 'sulphur_dioxide': 12.0, 'ozone': 129.0}
2025-07-15 12:32:14,943 - INFO - wind_speed read successfully in 0.03s: {'wind_speed': 2.3}
2025-07-15 12:32:14,977 - INFO - wind_direction read successfully in 0.03s: {'wind_dir_degrees': 16, 'wind_dir_cardinal': 'N'}
2025-07-15 12:32:15,007 - INFO - rainfall read successfully in 0.03s: {'rainfall': 0.0}
2025-07-15 12:32:15,007 - INFO - Read cycle complete. Successful: 6, Errors: 0
2025-07-15 12:32:15,007 - INFO - Current sensor data: {'timestamp': '2025-07-15T12:32:12.777103', 'temperature': 40.0, 'humidity': 45.0, 'pressure': 1010.0, 'uv_index': 11.08, 'co2': nan, 'pm2_5': 38.6, 'pm10': 218.9, 'carbon_monoxide': 232.0, 'nitrogen_dioxide': 6.8, 'sulphur_dioxide': 12.0, 'ozone': 129.0, 'wind_speed': 2.3, 'wind_dir_degrees': 16, 'wind_dir_cardinal': 'N', 'rainfall': 0.0}
2025-07-15 12:32:17,007 - INFO - Modbus connection successful (Attempt 1/3)
2025-07-15 12:32:17,042 - INFO - environment read successfully in 0.03s: {'temperature': 40.0, 'humidity': 44.9, 'pressure': 1010.0}
2025-07-15 12:32:19,087 - INFO - uv read successfully in 2.05s: {'uv_index': 11.19}
2025-07-15 12:32:19,145 - INFO - aqi read successfully in 0.06s: {'co2': nan, 'pm2_5': 38.6, 'pm10': 218.9, 'carbon_monoxide': 232.0, 'nitrogen_dioxide': 6.8, 'sulphur_dioxide': 12.0, 'ozone': 129.0}
2025-07-15 12:32:19,175 - INFO - wind_speed read successfully in 0.03s: {'wind_speed': 2.7}
2025-07-15 12:32:19,209 - INFO - wind_direction read successfully in 0.03s: {'wind_dir_degrees': 124, 'wind_dir_cardinal': 'SE'}
2025-07-15 12:32:19,239 - INFO - rainfall read successfully in 0.03s: {'rainfall': 0.0}
2025-07-15 12:32:19,239 - INFO - Read cycle complete. Successful: 6, Errors: 0
2025-07-15 12:32:19,239 - INFO - Current sensor data: {'timestamp': '2025-07-15T12:32:17.008043', 'temperature': 40.0, 'humidity': 44.9, 'pressure': 1010.0, 'uv_index': 11.19, 'co2': nan, 'pm2_5': 38.6, 'pm10': 218.9, 'carbon_monoxide': 232.0, 'nitrogen_dioxide': 6.8, 'sulphur_dioxide': 12.0, 'ozone': 129.0, 'wind_speed': 2.7, 'wind_dir_degrees': 124, 'wind_dir_cardinal': 'SE', 'rainfall': 0.0}
2025-07-15 12:32:19,239 - INFO - Sensor data queued for CSV write
2025-07-15 12:32:20,240 - INFO - Switched to GUI-2 (Next toggle in 5s
2025-07-15 12:32:20,281 - INFO - CSV write completed at 2025-07-15T12:32:20.281264
2025-07-15 12:32:21,239 - INFO - Modbus connection successful (Attempt 1/3)
2025-07-15 12:32:21,273 - INFO - environment read successfully in 0.03s: {'temperature': 40.1, 'humidity': 44.9, 'pressure': 1010.0}
2025-07-15 12:32:23,318 - INFO - uv read successfully in 2.04s: {'uv_index': 10.88}
2025-07-15 12:32:23,362 - INFO - aqi read successfully in 0.04s: {'co2': nan, 'pm2_5': 38.6, 'pm10': 218.9, 'carbon_monoxide': 232.0, 'nitrogen_dioxide': 6.8, 'sulphur_dioxide': 12.0, 'ozone': 129.0}
2025-07-15 12:32:23,392 - INFO - wind_speed read successfully in 0.03s: {'wind_speed': 2.4}
2025-07-15 12:32:23,426 - INFO - wind_direction read successfully in 0.03s: {'wind_dir_degrees': 164, 'wind_dir_cardinal': 'S'}
2025-07-15 12:32:23,456 - INFO - rainfall read successfully in 0.03s: {'rainfall': 0.0}
2025-07-15 12:32:23,456 - INFO - Read cycle complete. Successful: 6, Errors: 0
2025-07-15 12:32:23,456 - INFO - Current sensor data: {'timestamp': '2025-07-15T12:32:21.239778', 'temperature': 40.1, 'humidity': 44.9, 'pressure': 1010.0, 'uv_index': 10.88, 'co2': nan, 'pm2_5': 38.6, 'pm10': 218.9, 'carbon_monoxide': 232.0, 'nitrogen_dioxide': 6.8, 'sulphur_dioxide': 12.0, 'ozone': 129.0, 'wind_speed': 2.4, 'wind_dir_degrees': 164, 'wind_dir_cardinal': 'S', 'rainfall': 0.0}
2025-07-15 12:32:25,240 - INFO - Switched to GUI-1 (Next toggle in 10s
2025-07-15 12:32:25,456 - INFO - Modbus connection successful (Attempt 1/3)
2025-07-15 12:32:25,490 - INFO - environment read successfully in 0.03s: {'temperature': 40.0, 'humidity': 44.9, 'pressure': 1010.0}
2025-07-15 12:32:27,537 - INFO - uv read successfully in 2.05s: {'uv_index': 10.67}
2025-07-15 12:32:27,595 - INFO - aqi read successfully in 0.06s: {'co2': nan, 'pm2_5': 38.6, 'pm10': 218.9, 'carbon_monoxide': 232.0, 'nitrogen_dioxide': 6.8, 'sulphur_dioxide': 12.0, 'ozone': 129.0}
2025-07-15 12:32:27,625 - INFO - wind_speed read successfully in 0.03s: {'wind_speed': 2.1}
2025-07-15 12:32:27,659 - INFO - wind_direction read successfully in 0.03s: {'wind_dir_degrees': 153, 'wind_dir_cardinal': 'SE'}
2025-07-15 12:32:27,689 - INFO - rainfall read successfully in 0.03s: {'rainfall': 0.0}
2025-07-15 12:32:27,689 - INFO - Read cycle complete. Successful: 6, Errors: 0
2025-07-15 12:32:27,689 - INFO - Current sensor data: {'timestamp': '2025-07-15T12:32:25.456889', 'temperature': 40.0, 'humidity': 44.9, 'pressure': 1010.0, 'uv_index': 10.67, 'co2': nan, 'pm2_5': 38.6, 'pm10': 218.9, 'carbon_monoxide': 232.0, 'nitrogen_dioxide': 6.8, 'sulphur_dioxide': 12.0, 'ozone': 129.0, 'wind_speed': 2.1, 'wind_dir_degrees': 153, 'wind_dir_cardinal': 'SE', 'rainfall': 0.0}
2025-07-15 12:32:29,689 - INFO - Modbus connection successful (Attempt 1/3)
2025-07-15 12:32:29,723 - INFO - environment read successfully in 0.03s: {'temperature': 40.0, 'humidity': 44.9, 'pressure': 1010.0}
2025-07-15 12:32:31,769 - INFO - uv read successfully in 2.05s: {'uv_index': 10.78}
2025-07-15 12:32:31,838 - INFO - aqi read successfully in 0.07s: {'co2': nan, 'pm2_5': 38.6, 'pm10': 218.9, 'carbon_monoxide': 232.0, 'nitrogen_dioxide': 6.8, 'sulphur_dioxide': 12.0, 'ozone': 129.0}
2025-07-15 12:32:31,868 - INFO - wind_speed read successfully in 0.03s: {'wind_speed': 2.0}
2025-07-15 12:32:31,902 - INFO - wind_direction read successfully in 0.03s: {'wind_dir_degrees': 131, 'wind_dir_cardinal': 'SE'}
2025-07-15 12:32:31,932 - INFO - rainfall read successfully in 0.03s: {'rainfall': 0.0}
2025-07-15 12:32:31,932 - INFO - Read cycle complete. Successful: 6, Errors: 0
2025-07-15 12:32:31,932 - INFO - Current sensor data: {'timestamp': '2025-07-15T12:32:29.689588', 'temperature': 40.0, 'humidity': 44.9, 'pressure': 1010.0, 'uv_index': 10.78, 'co2': nan, 'pm2_5': 38.6, 'pm10': 218.9, 'carbon_monoxide': 232.0, 'nitrogen_dioxide': 6.8, 'sulphur_dioxide': 12.0, 'ozone': 129.0, 'wind_speed': 2.0, 'wind_dir_degrees': 131, 'wind_dir_cardinal': 'SE', 'rainfall': 0.0}
2025-07-15 12:32:33,932 - INFO - Modbus connection successful (Attempt 1/3)
2025-07-15 12:32:33,966 - INFO - environment read successfully in 0.03s: {'temperature': 40.0, 'humidity': 44.9, 'pressure': 1010.0}
2025-07-15 12:32:35,241 - INFO - Switched to GUI-2 (Next toggle in 5s
2025-07-15 12:32:36,010 - INFO - uv read successfully in 2.04s: {'uv_index': 10.87}
2025-07-15 12:32:36,079 - INFO - aqi read successfully in 0.07s: {'co2': nan, 'pm2_5': 38.6, 'pm10': 218.9, 'carbon_monoxide': 232.0, 'nitrogen_dioxide': 6.8, 'sulphur_dioxide': 12.0, 'ozone': 129.0}
2025-07-15 12:32:36,109 - INFO - wind_speed read successfully in 0.03s: {'wind_speed': 1.7}
2025-07-15 12:32:36,143 - INFO - wind_direction read successfully in 0.03s: {'wind_dir_degrees': 138, 'wind_dir_cardinal': 'SE'}
2025-07-15 12:32:36,173 - INFO - rainfall read successfully in 0.03s: {'rainfall': 0.0}
2025-07-15 12:32:36,173 - INFO - Read cycle complete. Successful: 6, Errors: 0
2025-07-15 12:32:36,173 - INFO - Current sensor data: {'timestamp': '2025-07-15T12:32:33.932448', 'temperature': 40.0, 'humidity': 44.9, 'pressure': 1010.0, 'uv_index': 10.87, 'co2': nan, 'pm2_5': 38.6, 'pm10': 218.9, 'carbon_monoxide': 232.0, 'nitrogen_dioxide': 6.8, 'sulphur_dioxide': 12.0, 'ozone': 129.0, 'wind_speed': 1.7, 'wind_dir_degrees': 138, 'wind_dir_cardinal': 'SE', 'rainfall': 0.0}
2025-07-15 12:32:38,173 - INFO - Modbus connection successful (Attempt 1/3)
2025-07-15 12:32:38,207 - INFO - environment read successfully in 0.03s: {'temperature': 40.1, 'humidity': 44.9, 'pressure': 1010.0}
2025-07-15 12:32:40,241 - INFO - Switched to GUI-1 (Next toggle in 10s
2025-07-15 12:32:40,254 - INFO - uv read successfully in 2.05s: {'uv_index': 10.75}
2025-07-15 12:32:40,322 - INFO - aqi read successfully in 0.07s: {'co2': nan, 'pm2_5': 38.6, 'pm10': 218.9, 'carbon_monoxide': 232.0, 'nitrogen_dioxide': 6.8, 'sulphur_dioxide': 12.0, 'ozone': 129.0}
2025-07-15 12:32:40,352 - INFO - wind_speed read successfully in 0.03s: {'wind_speed': 1.6}
2025-07-15 12:32:40,386 - INFO - wind_direction read successfully in 0.03s: {'wind_dir_degrees': 358, 'wind_dir_cardinal': 'N'}
2025-07-15 12:32:40,416 - INFO - rainfall read successfully in 0.03s: {'rainfall': 0.0}
2025-07-15 12:32:40,416 - INFO - Read cycle complete. Successful: 6, Errors: 0
2025-07-15 12:32:40,416 - INFO - Current sensor data: {'timestamp': '2025-07-15T12:32:38.173652', 'temperature': 40.1, 'humidity': 44.9, 'pressure': 1010.0, 'uv_index': 10.75, 'co2': nan, 'pm2_5': 38.6, 'pm10': 218.9, 'carbon_monoxide': 232.0, 'nitrogen_dioxide': 6.8, 'sulphur_dioxide': 12.0, 'ozone': 129.0, 'wind_speed': 1.6, 'wind_dir_degrees': 358, 'wind_dir_cardinal': 'N', 'rainfall': 0.0}
2025-07-15 12:32:42,416 - INFO - Modbus connection successful (Attempt 1/3)
2025-07-15 12:32:42,450 - INFO - environment read successfully in 0.03s: {'temperature': 40.1, 'humidity': 44.9, 'pressure': 1010.0}
2025-07-15 12:32:44,497 - INFO - uv read successfully in 2.05s: {'uv_index': 10.47}
2025-07-15 12:32:44,541 - INFO - aqi read successfully in 0.04s: {'co2': nan, 'pm2_5': 38.6, 'pm10': 218.9, 'carbon_monoxide': 232.0, 'nitrogen_dioxide': 6.8, 'sulphur_dioxide': 12.0, 'ozone': 129.0}
2025-07-15 12:32:44,571 - INFO - wind_speed read successfully in 0.03s: {'wind_speed': 1.5}
2025-07-15 12:32:44,605 - INFO - wind_direction read successfully in 0.03s: {'wind_dir_degrees': 104, 'wind_dir_cardinal': 'E'}
2025-07-15 12:32:44,635 - INFO - rainfall read successfully in 0.03s: {'rainfall': 0.0}
2025-07-15 12:32:44,635 - INFO - Read cycle complete. Successful: 6, Errors: 0
2025-07-15 12:32:44,635 - INFO - Current sensor data: {'timestamp': '2025-07-15T12:32:42.416912', 'temperature': 40.1, 'humidity': 44.9, 'pressure': 1010.0, 'uv_index': 10.47, 'co2': nan, 'pm2_5': 38.6, 'pm10': 218.9, 'carbon_monoxide': 232.0, 'nitrogen_dioxide': 6.8, 'sulphur_dioxide': 12.0, 'ozone': 129.0, 'wind_speed': 1.5, 'wind_dir_degrees': 104, 'wind_dir_cardinal': 'E', 'rainfall': 0.0}
2025-07-15 12:32:46,635 - INFO - Modbus connection successful (Attempt 1/3)
2025-07-15 12:32:46,669 - INFO - environment read successfully in 0.03s: {'temperature': 40.0, 'humidity': 44.9, 'pressure': 1010.0}
2025-07-15 12:32:48,714 - INFO - uv read successfully in 2.04s: {'uv_index': 11.58}
2025-07-15 12:32:48,757 - INFO - aqi read successfully in 0.04s: {'co2': nan, 'pm2_5': 38.6, 'pm10': 218.9, 'carbon_monoxide': 232.0, 'nitrogen_dioxide': 6.8, 'sulphur_dioxide': 12.0, 'ozone': 129.0}
2025-07-15 12:32:48,787 - INFO - wind_speed read successfully in 0.03s: {'wind_speed': 1.4}
2025-07-15 12:32:48,821 - INFO - wind_direction read successfully in 0.03s: {'wind_dir_degrees': 134, 'wind_dir_cardinal': 'SE'}
2025-07-15 12:32:48,851 - INFO - rainfall read successfully in 0.03s: {'rainfall': 0.0}
2025-07-15 12:32:48,851 - INFO - Read cycle complete. Successful: 6, Errors: 0
2025-07-15 12:32:48,851 - INFO - Current sensor data: {'timestamp': '2025-07-15T12:32:46.635345', 'temperature': 40.0, 'humidity': 44.9, 'pressure': 1010.0, 'uv_index': 11.58, 'co2': nan, 'pm2_5': 38.6, 'pm10': 218.9, 'carbon_monoxide': 232.0, 'nitrogen_dioxide': 6.8, 'sulphur_dioxide': 12.0, 'ozone': 129.0, 'wind_speed': 1.4, 'wind_dir_degrees': 134, 'wind_dir_cardinal': 'SE', 'rainfall': 0.0}
2025-07-15 12:32:50,242 - INFO - Switched to GUI-2 (Next toggle in 5s
2025-07-15 12:32:50,321 - INFO - CSV write completed at 2025-07-15T12:32:50.321269
2025-07-15 12:32:50,851 - INFO - Modbus connection successful (Attempt 1/3)
2025-07-15 12:32:50,885 - INFO - environment read successfully in 0.03s: {'temperature': 40.1, 'humidity': 44.9, 'pressure': 1010.0}
2025-07-15 12:32:52,929 - INFO - uv read successfully in 2.04s: {'uv_index': 12.11}
2025-07-15 12:32:53,017 - INFO - aqi read successfully in 0.09s: {'co2': nan, 'pm2_5': 38.6, 'pm10': 218.9, 'carbon_monoxide': 232.0, 'nitrogen_dioxide': 6.8, 'sulphur_dioxide': 12.0, 'ozone': 129.0}
2025-07-15 12:32:53,047 - INFO - wind_speed read successfully in 0.03s: {'wind_speed': 1.4}
2025-07-15 12:32:53,081 - INFO - wind_direction read successfully in 0.03s: {'wind_dir_degrees': 166, 'wind_dir_cardinal': 'S'}
2025-07-15 12:32:53,111 - INFO - rainfall read successfully in 0.03s: {'rainfall': 0.0}
2025-07-15 12:32:53,111 - INFO - Read cycle complete. Successful: 6, Errors: 0
2025-07-15 12:32:53,111 - INFO - Current sensor data: {'timestamp': '2025-07-15T12:32:50.851833', 'temperature': 40.1, 'humidity': 44.9, 'pressure': 1010.0, 'uv_index': 12.11, 'co2': nan, 'pm2_5': 38.6, 'pm10': 218.9, 'carbon_monoxide': 232.0, 'nitrogen_dioxide': 6.8, 'sulphur_dioxide': 12.0, 'ozone': 129.0, 'wind_speed': 1.4, 'wind_dir_degrees': 166, 'wind_dir_cardinal': 'S', 'rainfall': 0.0}
2025-07-15 12:32:53,111 - INFO - Sensor data queued for CSV write
2025-07-15 12:32:55,111 - INFO - Modbus connection successful (Attempt 1/3)
2025-07-15 12:32:55,146 - INFO - environment read successfully in 0.03s: {'temperature': 40.1, 'humidity': 44.9, 'pressure': 1010.0}
2025-07-15 12:32:55,242 - INFO - Switched to GUI-1 (Next toggle in 10s
2025-07-15 12:32:57,190 - INFO - uv read successfully in 2.04s: {'uv_index': 13.32}
2025-07-15 12:32:57,260 - INFO - aqi read successfully in 0.07s: {'co2': nan, 'pm2_5': 38.6, 'pm10': 218.9, 'carbon_monoxide': 232.0, 'nitrogen_dioxide': 6.8, 'sulphur_dioxide': 12.0, 'ozone': 129.0}
2025-07-15 12:32:57,290 - INFO - wind_speed read successfully in 0.03s: {'wind_speed': 1.2}
2025-07-15 12:32:57,324 - INFO - wind_direction read successfully in 0.03s: {'wind_dir_degrees': 162, 'wind_dir_cardinal': 'S'}
2025-07-15 12:32:57,354 - INFO - rainfall read successfully in 0.03s: {'rainfall': 0.0}
2025-07-15 12:32:57,354 - INFO - Read cycle complete. Successful: 6, Errors: 0
2025-07-15 12:32:57,354 - INFO - Current sensor data: {'timestamp': '2025-07-15T12:32:55.111886', 'temperature': 40.1, 'humidity': 44.9, 'pressure': 1010.0, 'uv_index': 13.32, 'co2': nan, 'pm2_5': 38.6, 'pm10': 218.9, 'carbon_monoxide': 232.0, 'nitrogen_dioxide': 6.8, 'sulphur_dioxide': 12.0, 'ozone': 129.0, 'wind_speed': 1.2, 'wind_dir_degrees': 162, 'wind_dir_cardinal': 'S', 'rainfall': 0.0}
2025-07-15 12:32:59,354 - INFO - Modbus connection successful (Attempt 1/3)
2025-07-15 12:32:59,388 - INFO - environment read successfully in 0.03s: {'temperature': 40.1, 'humidity': 44.9, 'pressure': 1010.0}
2025-07-15 12:33:01,435 - INFO - uv read successfully in 2.05s: {'uv_index': 12.48}
2025-07-15 12:33:01,494 - INFO - aqi read successfully in 0.06s: {'co2': nan, 'pm2_5': 38.6, 'pm10': 218.9, 'carbon_monoxide': 232.0, 'nitrogen_dioxide': 6.8, 'sulphur_dioxide': 12.0, 'ozone': 129.0}
2025-07-15 12:33:01,523 - INFO - wind_speed read successfully in 0.03s: {'wind_speed': 0.9}
2025-07-15 12:33:01,558 - INFO - wind_direction read successfully in 0.03s: {'wind_dir_degrees': 148, 'wind_dir_cardinal': 'SE'}
2025-07-15 12:33:01,587 - INFO - rainfall read successfully in 0.03s: {'rainfall': 0.0}
2025-07-15 12:33:01,587 - INFO - Read cycle complete. Successful: 6, Errors: 0
2025-07-15 12:33:01,587 - INFO - Current sensor data: {'timestamp': '2025-07-15T12:32:59.354688', 'temperature': 40.1, 'humidity': 44.9, 'pressure': 1010.0, 'uv_index': 12.48, 'co2': nan, 'pm2_5': 38.6, 'pm10': 218.9, 'carbon_monoxide': 232.0, 'nitrogen_dioxide': 6.8, 'sulphur_dioxide': 12.0, 'ozone': 129.0, 'wind_speed': 0.9, 'wind_dir_degrees': 148, 'wind_dir_cardinal': 'SE', 'rainfall': 0.0}
2025-07-15 12:33:03,587 - INFO - Modbus connection successful (Attempt 1/3)
2025-07-15 12:33:03,622 - INFO - environment read successfully in 0.03s: {'temperature': 40.1, 'humidity': 44.9, 'pressure': 1010.0}
2025-07-15 12:33:05,242 - INFO - Switched to GUI-2 (Next toggle in 5s
2025-07-15 12:33:05,668 - INFO - uv read successfully in 2.05s: {'uv_index': 12.59}
2025-07-15 12:33:05,726 - INFO - aqi read successfully in 0.06s: {'co2': nan, 'pm2_5': 38.6, 'pm10': 218.9, 'carbon_monoxide': 232.0, 'nitrogen_dioxide': 6.8, 'sulphur_dioxide': 12.0, 'ozone': 129.0}
2025-07-15 12:33:05,756 - INFO - wind_speed read successfully in 0.03s: {'wind_speed': 0.9}
2025-07-15 12:33:05,790 - INFO - wind_direction read successfully in 0.03s: {'wind_dir_degrees': 19, 'wind_dir_cardinal': 'N'}
2025-07-15 12:33:05,819 - INFO - rainfall read successfully in 0.03s: {'rainfall': 0.0}
2025-07-15 12:33:05,819 - INFO - Read cycle complete. Successful: 6, Errors: 0
2025-07-15 12:33:05,819 - INFO - Current sensor data: {'timestamp': '2025-07-15T12:33:03.588080', 'temperature': 40.1, 'humidity': 44.9, 'pressure': 1010.0, 'uv_index': 12.59, 'co2': nan, 'pm2_5': 38.6, 'pm10': 218.9, 'carbon_monoxide': 232.0, 'nitrogen_dioxide': 6.8, 'sulphur_dioxide': 12.0, 'ozone': 129.0, 'wind_speed': 0.9, 'wind_dir_degrees': 19, 'wind_dir_cardinal': 'N', 'rainfall': 0.0}
2025-07-15 12:33:07,823 - INFO - Modbus connection successful (Attempt 1/3)
2025-07-15 12:33:07,856 - INFO - environment read successfully in 0.03s: {'temperature': 40.1, 'humidity': 44.9, 'pressure': 1010.0}
2025-07-15 12:33:09,899 - INFO - uv read successfully in 2.04s: {'uv_index': 14.5}
2025-07-15 12:33:09,943 - INFO - aqi read successfully in 0.04s: {'co2': nan, 'pm2_5': 38.6, 'pm10': 218.9, 'carbon_monoxide': 232.0, 'nitrogen_dioxide': 6.8, 'sulphur_dioxide': 12.0, 'ozone': 129.0}
2025-07-15 12:33:09,973 - INFO - wind_speed read successfully in 0.03s: {'wind_speed': 0.9}
2025-07-15 12:33:10,007 - INFO - wind_direction read successfully in 0.03s: {'wind_dir_degrees': 153, 'wind_dir_cardinal': 'SE'}
2025-07-15 12:33:10,036 - INFO - rainfall read successfully in 0.03s: {'rainfall': 0.0}
2025-07-15 12:33:10,036 - INFO - Read cycle complete. Successful: 6, Errors: 0
2025-07-15 12:33:10,036 - INFO - Current sensor data: {'timestamp': '2025-07-15T12:33:07.823538', 'temperature': 40.1, 'humidity': 44.9, 'pressure': 1010.0, 'uv_index': 14.5, 'co2': nan, 'pm2_5': 38.6, 'pm10': 218.9, 'carbon_monoxide': 232.0, 'nitrogen_dioxide': 6.8, 'sulphur_dioxide': 12.0, 'ozone': 129.0, 'wind_speed': 0.9, 'wind_dir_degrees': 153, 'wind_dir_cardinal': 'SE', 'rainfall': 0.0}
2025-07-15 12:33:10,243 - INFO - Switched to GUI-1 (Next toggle in 10s
2025-07-15 12:33:12,036 - INFO - Modbus connection successful (Attempt 1/3)
2025-07-15 12:33:12,071 - INFO - environment read successfully in 0.03s: {'temperature': 40.1, 'humidity': 44.9, 'pressure': 1010.0}
2025-07-15 12:33:14,116 - INFO - uv read successfully in 2.05s: {'uv_index': 15.02}
2025-07-15 12:33:14,174 - INFO - aqi read successfully in 0.06s: {'co2': nan, 'pm2_5': 38.6, 'pm10': 218.9, 'carbon_monoxide': 232.0, 'nitrogen_dioxide': 6.8, 'sulphur_dioxide': 12.0, 'ozone': 129.0}
2025-07-15 12:33:14,204 - INFO - wind_speed read successfully in 0.03s: {'wind_speed': 0.8}
2025-07-15 12:33:14,238 - INFO - wind_direction read successfully in 0.03s: {'wind_dir_degrees': 159, 'wind_dir_cardinal': 'S'}
2025-07-15 12:33:14,268 - INFO - rainfall read successfully in 0.03s: {'rainfall': 0.0}
2025-07-15 12:33:14,268 - INFO - Read cycle complete. Successful: 6, Errors: 0
2025-07-15 12:33:14,268 - INFO - Current sensor data: {'timestamp': '2025-07-15T12:33:12.037020', 'temperature': 40.1, 'humidity': 44.9, 'pressure': 1010.0, 'uv_index': 15.02, 'co2': nan, 'pm2_5': 38.6, 'pm10': 218.9, 'carbon_monoxide': 232.0, 'nitrogen_dioxide': 6.8, 'sulphur_dioxide': 12.0, 'ozone': 129.0, 'wind_speed': 0.8, 'wind_dir_degrees': 159, 'wind_dir_cardinal': 'S', 'rainfall': 0.0}
2025-07-15 12:33:16,268 - INFO - Modbus connection successful (Attempt 1/3)
2025-07-15 12:33:16,302 - INFO - environment read successfully in 0.03s: {'temperature': 40.1, 'humidity': 44.9, 'pressure': 1010.0}
2025-07-15 12:33:18,347 - INFO - uv read successfully in 2.04s: {'uv_index': 15.01}
2025-07-15 12:33:18,391 - INFO - aqi read successfully in 0.04s: {'co2': nan, 'pm2_5': 38.6, 'pm10': 218.9, 'carbon_monoxide': 232.0, 'nitrogen_dioxide': 6.8, 'sulphur_dioxide': 12.0, 'ozone': 129.0}
2025-07-15 12:33:18,421 - INFO - wind_speed read successfully in 0.03s: {'wind_speed': 0.7}
2025-07-15 12:33:18,455 - INFO - wind_direction read successfully in 0.03s: {'wind_dir_degrees': 163, 'wind_dir_cardinal': 'S'}
2025-07-15 12:33:18,485 - INFO - rainfall read successfully in 0.03s: {'rainfall': 0.0}
2025-07-15 12:33:18,485 - INFO - Read cycle complete. Successful: 6, Errors: 0
2025-07-15 12:33:18,485 - INFO - Current sensor data: {'timestamp': '2025-07-15T12:33:16.268735', 'temperature': 40.1, 'humidity': 44.9, 'pressure': 1010.0, 'uv_index': 15.01, 'co2': nan, 'pm2_5': 38.6, 'pm10': 218.9, 'carbon_monoxide': 232.0, 'nitrogen_dioxide': 6.8, 'sulphur_dioxide': 12.0, 'ozone': 129.0, 'wind_speed': 0.7, 'wind_dir_degrees': 163, 'wind_dir_cardinal': 'S', 'rainfall': 0.0}
2025-07-15 12:33:20,243 - INFO - Switched to GUI-2 (Next toggle in 5s
2025-07-15 12:33:20,325 - INFO - CSV write completed at 2025-07-15T12:33:20.325682
2025-07-15 12:33:20,485 - INFO - Modbus connection successful (Attempt 1/3)
2025-07-15 12:33:20,519 - INFO - environment read successfully in 0.03s: {'temperature': 40.1, 'humidity': 45.0, 'pressure': 1010.0}
2025-07-15 12:33:22,564 - INFO - uv read successfully in 2.04s: {'uv_index': 15.26}
2025-07-15 12:33:22,609 - INFO - aqi read successfully in 0.04s: {'co2': nan, 'pm2_5': 38.6, 'pm10': 218.9, 'carbon_monoxide': 232.0, 'nitrogen_dioxide': 6.8, 'sulphur_dioxide': 12.0, 'ozone': 129.0}
2025-07-15 12:33:22,639 - INFO - wind_speed read successfully in 0.03s: {'wind_speed': 0.6}
2025-07-15 12:33:22,672 - INFO - wind_direction read successfully in 0.03s: {'wind_dir_degrees': 164, 'wind_dir_cardinal': 'S'}
2025-07-15 12:33:22,702 - INFO - rainfall read successfully in 0.03s: {'rainfall': 0.0}
2025-07-15 12:33:22,702 - INFO - Read cycle complete. Successful: 6, Errors: 0
2025-07-15 12:33:22,702 - INFO - Current sensor data: {'timestamp': '2025-07-15T12:33:20.485469', 'temperature': 40.1, 'humidity': 45.0, 'pressure': 1010.0, 'uv_index': 15.26, 'co2': nan, 'pm2_5': 38.6, 'pm10': 218.9, 'carbon_monoxide': 232.0, 'nitrogen_dioxide': 6.8, 'sulphur_dioxide': 12.0, 'ozone': 129.0, 'wind_speed': 0.6, 'wind_dir_degrees': 164, 'wind_dir_cardinal': 'S', 'rainfall': 0.0}
2025-07-15 12:33:24,702 - INFO - Modbus connection successful (Attempt 1/3)
2025-07-15 12:33:24,736 - INFO - environment read successfully in 0.03s: {'temperature': 40.1, 'humidity': 44.9, 'pressure': 1010.0}
2025-07-15 12:33:25,244 - INFO - Switched to GUI-1 (Next toggle in 10s
2025-07-15 12:33:26,783 - INFO - uv read successfully in 2.05s: {'uv_index': 15.1}
2025-07-15 12:33:26,841 - INFO - aqi read successfully in 0.06s: {'co2': nan, 'pm2_5': 38.6, 'pm10': 218.9, 'carbon_monoxide': 232.0, 'nitrogen_dioxide': 6.8, 'sulphur_dioxide': 12.0, 'ozone': 129.0}
2025-07-15 12:33:26,870 - INFO - wind_speed read successfully in 0.03s: {'wind_speed': 0.6}
2025-07-15 12:33:26,904 - INFO - wind_direction read successfully in 0.03s: {'wind_dir_degrees': 230, 'wind_dir_cardinal': 'SW'}
2025-07-15 12:33:26,934 - INFO - rainfall read successfully in 0.03s: {'rainfall': 0.0}
2025-07-15 12:33:26,934 - INFO - Read cycle complete. Successful: 6, Errors: 0
2025-07-15 12:33:26,934 - INFO - Current sensor data: {'timestamp': '2025-07-15T12:33:24.702920', 'temperature': 40.1, 'humidity': 44.9, 'pressure': 1010.0, 'uv_index': 15.1, 'co2': nan, 'pm2_5': 38.6, 'pm10': 218.9, 'carbon_monoxide': 232.0, 'nitrogen_dioxide': 6.8, 'sulphur_dioxide': 12.0, 'ozone': 129.0, 'wind_speed': 0.6, 'wind_dir_degrees': 230, 'wind_dir_cardinal': 'SW', 'rainfall': 0.0}
2025-07-15 12:33:26,934 - INFO - Sensor data queued for CSV write
2025-07-15 12:33:28,934 - INFO - Modbus connection successful (Attempt 1/3)
2025-07-15 12:33:28,968 - INFO - environment read successfully in 0.03s: {'temperature': 40.1, 'humidity': 44.9, 'pressure': 1010.1}
2025-07-15 12:33:31,013 - INFO - uv read successfully in 2.04s: {'uv_index': 14.47}
2025-07-15 12:33:31,057 - INFO - aqi read successfully in 0.04s: {'co2': nan, 'pm2_5': 38.6, 'pm10': 218.9, 'carbon_monoxide': 232.0, 'nitrogen_dioxide': 6.8, 'sulphur_dioxide': 12.0, 'ozone': 129.0}
2025-07-15 12:33:31,087 - INFO - wind_speed read successfully in 0.03s: {'wind_speed': 0.7}
2025-07-15 12:33:31,121 - INFO - wind_direction read successfully in 0.03s: {'wind_dir_degrees': 116, 'wind_dir_cardinal': 'SE'}
2025-07-15 12:33:31,151 - INFO - rainfall read successfully in 0.03s: {'rainfall': 0.0}
2025-07-15 12:33:31,151 - INFO - Read cycle complete. Successful: 6, Errors: 0
2025-07-15 12:33:31,151 - INFO - Current sensor data: {'timestamp': '2025-07-15T12:33:28.934923', 'temperature': 40.1, 'humidity': 44.9, 'pressure': 1010.1, 'uv_index': 14.47, 'co2': nan, 'pm2_5': 38.6, 'pm10': 218.9, 'carbon_monoxide': 232.0, 'nitrogen_dioxide': 6.8, 'sulphur_dioxide': 12.0, 'ozone': 129.0, 'wind_speed': 0.7, 'wind_dir_degrees': 116, 'wind_dir_cardinal': 'SE', 'rainfall': 0.0}
2025-07-15 12:33:33,151 - INFO - Modbus connection successful (Attempt 1/3)
2025-07-15 12:33:33,185 - INFO - environment read successfully in 0.03s: {'temperature': 40.1, 'humidity': 44.9, 'pressure': 1010.0}
2025-07-15 12:33:35,230 - INFO - uv read successfully in 2.04s: {'uv_index': 14.87}
2025-07-15 12:33:35,273 - INFO - Switched to GUI-2 (Next toggle in 5s
2025-07-15 12:33:35,274 - INFO - aqi read successfully in 0.04s: {'co2': nan, 'pm2_5': 38.6, 'pm10': 218.9, 'carbon_monoxide': 232.0, 'nitrogen_dioxide': 6.8, 'sulphur_dioxide': 12.0, 'ozone': 129.0}
2025-07-15 12:33:35,305 - INFO - wind_speed read successfully in 0.03s: {'wind_speed': 0.7}
2025-07-15 12:33:35,340 - INFO - wind_direction read successfully in 0.03s: {'wind_dir_degrees': 10, 'wind_dir_cardinal': 'N'}
2025-07-15 12:33:35,369 - INFO - rainfall read successfully in 0.03s: {'rainfall': 0.0}
2025-07-15 12:33:35,369 - INFO - Read cycle complete. Successful: 6, Errors: 0
2025-07-15 12:33:35,370 - INFO - Current sensor data: {'timestamp': '2025-07-15T12:33:33.151410', 'temperature': 40.1, 'humidity': 44.9, 'pressure': 1010.0, 'uv_index': 14.87, 'co2': nan, 'pm2_5': 38.6, 'pm10': 218.9, 'carbon_monoxide': 232.0, 'nitrogen_dioxide': 6.8, 'sulphur_dioxide': 12.0, 'ozone': 129.0, 'wind_speed': 0.7, 'wind_dir_degrees': 10, 'wind_dir_cardinal': 'N', 'rainfall': 0.0}
2025-07-15 12:33:37,370 - INFO - Modbus connection successful (Attempt 1/3)
2025-07-15 12:33:37,404 - INFO - environment read successfully in 0.03s: {'temperature': 40.1, 'humidity': 44.8, 'pressure': 1010.1}
2025-07-15 12:33:39,450 - INFO - uv read successfully in 2.05s: {'uv_index': 15.16}
2025-07-15 12:33:39,509 - INFO - aqi read successfully in 0.06s: {'co2': nan, 'pm2_5': 38.6, 'pm10': 218.9, 'carbon_monoxide': 232.0, 'nitrogen_dioxide': 6.8, 'sulphur_dioxide': 12.0, 'ozone': 129.0}
2025-07-15 12:33:39,539 - INFO - wind_speed read successfully in 0.03s: {'wind_speed': 0.7}
2025-07-15 12:33:39,573 - INFO - wind_direction read successfully in 0.03s: {'wind_dir_degrees': 221, 'wind_dir_cardinal': 'SW'}
2025-07-15 12:33:39,603 - INFO - rainfall read successfully in 0.03s: {'rainfall': 0.0}
2025-07-15 12:33:39,603 - INFO - Read cycle complete. Successful: 6, Errors: 0
2025-07-15 12:33:39,603 - INFO - Current sensor data: {'timestamp': '2025-07-15T12:33:37.370198', 'temperature': 40.1, 'humidity': 44.8, 'pressure': 1010.1, 'uv_index': 15.16, 'co2': nan, 'pm2_5': 38.6, 'pm10': 218.9, 'carbon_monoxide': 232.0, 'nitrogen_dioxide': 6.8, 'sulphur_dioxide': 12.0, 'ozone': 129.0, 'wind_speed': 0.7, 'wind_dir_degrees': 221, 'wind_dir_cardinal': 'SW', 'rainfall': 0.0}
2025-07-15 12:33:40,274 - INFO - Switched to GUI-1 (Next toggle in 10s
2025-07-15 12:33:41,603 - INFO - Modbus connection successful (Attempt 1/3)
2025-07-15 12:33:41,637 - INFO - environment read successfully in 0.03s: {'temperature': 40.2, 'humidity': 44.8, 'pressure': 1010.0}
2025-07-15 12:33:43,682 - INFO - uv read successfully in 2.05s: {'uv_index': 15.14}
2025-07-15 12:33:43,727 - INFO - aqi read successfully in 0.04s: {'co2': nan, 'pm2_5': 38.6, 'pm10': 218.9, 'carbon_monoxide': 232.0, 'nitrogen_dioxide': 6.8, 'sulphur_dioxide': 12.0, 'ozone': 129.0}
2025-07-15 12:33:43,757 - INFO - wind_speed read successfully in 0.03s: {'wind_speed': 0.7}
2025-07-15 12:33:43,790 - INFO - wind_direction read successfully in 0.03s: {'wind_dir_degrees': 99, 'wind_dir_cardinal': 'E'}
2025-07-15 12:33:43,820 - INFO - rainfall read successfully in 0.03s: {'rainfall': 0.0}
2025-07-15 12:33:43,820 - INFO - Read cycle complete. Successful: 6, Errors: 0
2025-07-15 12:33:43,820 - INFO - Current sensor data: {'timestamp': '2025-07-15T12:33:41.603579', 'temperature': 40.2, 'humidity': 44.8, 'pressure': 1010.0, 'uv_index': 15.14, 'co2': nan, 'pm2_5': 38.6, 'pm10': 218.9, 'carbon_monoxide': 232.0, 'nitrogen_dioxide': 6.8, 'sulphur_dioxide': 12.0, 'ozone': 129.0, 'wind_speed': 0.7, 'wind_dir_degrees': 99, 'wind_dir_cardinal': 'E', 'rainfall': 0.0}
2025-07-15 12:33:45,820 - INFO - Modbus connection successful (Attempt 1/3)
2025-07-15 12:33:45,854 - INFO - environment read successfully in 0.03s: {'temperature': 40.2, 'humidity': 44.8, 'pressure': 1010.1}
2025-07-15 12:33:47,899 - INFO - uv read successfully in 2.04s: {'uv_index': 14.38}
2025-07-15 12:33:47,943 - INFO - aqi read successfully in 0.04s: {'co2': nan, 'pm2_5': 38.6, 'pm10': 218.9, 'carbon_monoxide': 232.0, 'nitrogen_dioxide': 6.8, 'sulphur_dioxide': 12.0, 'ozone': 129.0}
2025-07-15 12:33:47,973 - INFO - wind_speed read successfully in 0.03s: {'wind_speed': 1.1}
2025-07-15 12:33:48,006 - INFO - wind_direction read successfully in 0.03s: {'wind_dir_degrees': 10, 'wind_dir_cardinal': 'N'}
2025-07-15 12:33:48,036 - INFO - rainfall read successfully in 0.03s: {'rainfall': 0.0}
2025-07-15 12:33:48,036 - INFO - Read cycle complete. Successful: 6, Errors: 0
2025-07-15 12:33:48,036 - INFO - Current sensor data: {'timestamp': '2025-07-15T12:33:45.820907', 'temperature': 40.2, 'humidity': 44.8, 'pressure': 1010.1, 'uv_index': 14.38, 'co2': nan, 'pm2_5': 38.6, 'pm10': 218.9, 'carbon_monoxide': 232.0, 'nitrogen_dioxide': 6.8, 'sulphur_dioxide': 12.0, 'ozone': 129.0, 'wind_speed': 1.1, 'wind_dir_degrees': 10, 'wind_dir_cardinal': 'N', 'rainfall': 0.0}
2025-07-15 12:33:50,036 - INFO - Modbus connection successful (Attempt 1/3)
2025-07-15 12:33:50,070 - INFO - environment read successfully in 0.03s: {'temperature': 40.2, 'humidity': 44.8, 'pressure': 1010.1}
2025-07-15 12:33:50,274 - INFO - Switched to GUI-2 (Next toggle in 5s
2025-07-15 12:33:50,330 - INFO - CSV write completed at 2025-07-15T12:33:50.330572
2025-07-15 12:33:52,115 - INFO - uv read successfully in 2.04s: {'uv_index': 14.18}
2025-07-15 12:33:52,160 - INFO - aqi read successfully in 0.04s: {'co2': nan, 'pm2_5': 38.6, 'pm10': 218.9, 'carbon_monoxide': 232.0, 'nitrogen_dioxide': 6.8, 'sulphur_dioxide': 12.0, 'ozone': 129.0}
2025-07-15 12:33:52,190 - INFO - wind_speed read successfully in 0.03s: {'wind_speed': 1.8}
2025-07-15 12:33:52,224 - INFO - wind_direction read successfully in 0.03s: {'wind_dir_degrees': 295, 'wind_dir_cardinal': 'NW'}
2025-07-15 12:33:52,253 - INFO - rainfall read successfully in 0.03s: {'rainfall': 0.0}
2025-07-15 12:33:52,253 - INFO - Read cycle complete. Successful: 6, Errors: 0
2025-07-15 12:33:52,253 - INFO - Current sensor data: {'timestamp': '2025-07-15T12:33:50.036887', 'temperature': 40.2, 'humidity': 44.8, 'pressure': 1010.1, 'uv_index': 14.18, 'co2': nan, 'pm2_5': 38.6, 'pm10': 218.9, 'carbon_monoxide': 232.0, 'nitrogen_dioxide': 6.8, 'sulphur_dioxide': 12.0, 'ozone': 129.0, 'wind_speed': 1.8, 'wind_dir_degrees': 295, 'wind_dir_cardinal': 'NW', 'rainfall': 0.0}
2025-07-15 12:33:54,254 - INFO - Modbus connection successful (Attempt 1/3)
2025-07-15 12:33:54,288 - INFO - environment read successfully in 0.03s: {'temperature': 40.2, 'humidity': 44.8, 'pressure': 1010.0}
2025-07-15 12:33:55,274 - INFO - Switched to GUI-1 (Next toggle in 10s
2025-07-15 12:33:56,333 - INFO - uv read successfully in 2.05s: {'uv_index': 13.12}
2025-07-15 12:33:56,378 - INFO - aqi read successfully in 0.04s: {'co2': nan, 'pm2_5': 38.6, 'pm10': 218.9, 'carbon_monoxide': 232.0, 'nitrogen_dioxide': 6.8, 'sulphur_dioxide': 12.0, 'ozone': 129.0}
2025-07-15 12:33:56,408 - INFO - wind_speed read successfully in 0.03s: {'wind_speed': 1.6}
2025-07-15 12:33:56,442 - INFO - wind_direction read successfully in 0.03s: {'wind_dir_degrees': 280, 'wind_dir_cardinal': 'W'}
2025-07-15 12:33:56,472 - INFO - rainfall read successfully in 0.03s: {'rainfall': 0.0}
2025-07-15 12:33:56,472 - INFO - Read cycle complete. Successful: 6, Errors: 0
2025-07-15 12:33:56,472 - INFO - Current sensor data: {'timestamp': '2025-07-15T12:33:54.254181', 'temperature': 40.2, 'humidity': 44.8, 'pressure': 1010.0, 'uv_index': 13.12, 'co2': nan, 'pm2_5': 38.6, 'pm10': 218.9, 'carbon_monoxide': 232.0, 'nitrogen_dioxide': 6.8, 'sulphur_dioxide': 12.0, 'ozone': 129.0, 'wind_speed': 1.6, 'wind_dir_degrees': 280, 'wind_dir_cardinal': 'W', 'rainfall': 0.0}
2025-07-15 12:33:58,472 - INFO - Modbus connection successful (Attempt 1/3)
2025-07-15 12:33:58,506 - INFO - environment read successfully in 0.03s: {'temperature': 40.2, 'humidity': 44.8, 'pressure': 1010.1}
2025-07-15 12:34:00,551 - INFO - uv read successfully in 2.04s: {'uv_index': 13.44}
2025-07-15 12:34:00,608 - INFO - aqi read successfully in 0.06s: {'co2': nan, 'pm2_5': 38.6, 'pm10': 218.9, 'carbon_monoxide': 232.0, 'nitrogen_dioxide': 6.8, 'sulphur_dioxide': 12.0, 'ozone': 129.0}
2025-07-15 12:34:00,638 - INFO - wind_speed read successfully in 0.03s: {'wind_speed': 1.6}
2025-07-15 12:34:00,672 - INFO - wind_direction read successfully in 0.03s: {'wind_dir_degrees': 66, 'wind_dir_cardinal': 'NE'}
2025-07-15 12:34:00,702 - INFO - rainfall read successfully in 0.03s: {'rainfall': 0.0}
2025-07-15 12:34:00,702 - INFO - Read cycle complete. Successful: 6, Errors: 0
2025-07-15 12:34:00,702 - INFO - Current sensor data: {'timestamp': '2025-07-15T12:33:58.472324', 'temperature': 40.2, 'humidity': 44.8, 'pressure': 1010.1, 'uv_index': 13.44, 'co2': nan, 'pm2_5': 38.6, 'pm10': 218.9, 'carbon_monoxide': 232.0, 'nitrogen_dioxide': 6.8, 'sulphur_dioxide': 12.0, 'ozone': 129.0, 'wind_speed': 1.6, 'wind_dir_degrees': 66, 'wind_dir_cardinal': 'NE', 'rainfall': 0.0}
2025-07-15 12:34:00,702 - INFO - Sensor data queued for CSV write
2025-07-15 12:34:02,702 - INFO - Modbus connection successful (Attempt 1/3)
2025-07-15 12:34:02,736 - INFO - environment read successfully in 0.03s: {'temperature': 40.2, 'humidity': 44.7, 'pressure': 1010.1}
2025-07-15 12:34:04,783 - INFO - uv read successfully in 2.05s: {'uv_index': 13.33}
2025-07-15 12:34:04,872 - INFO - aqi read successfully in 0.09s: {'co2': nan, 'pm2_5': 38.6, 'pm10': 218.9, 'carbon_monoxide': 232.0, 'nitrogen_dioxide': 6.8, 'sulphur_dioxide': 12.0, 'ozone': 129.0}
2025-07-15 12:34:04,902 - INFO - wind_speed read successfully in 0.03s: {'wind_speed': 2.0}
2025-07-15 12:34:04,936 - INFO - wind_direction read successfully in 0.03s: {'wind_dir_degrees': 123, 'wind_dir_cardinal': 'SE'}
2025-07-15 12:34:04,966 - INFO - rainfall read successfully in 0.03s: {'rainfall': 0.0}
2025-07-15 12:34:04,966 - INFO - Read cycle complete. Successful: 6, Errors: 0
2025-07-15 12:34:04,966 - INFO - Current sensor data: {'timestamp': '2025-07-15T12:34:02.702650', 'temperature': 40.2, 'humidity': 44.7, 'pressure': 1010.1, 'uv_index': 13.33, 'co2': nan, 'pm2_5': 38.6, 'pm10': 218.9, 'carbon_monoxide': 232.0, 'nitrogen_dioxide': 6.8, 'sulphur_dioxide': 12.0, 'ozone': 129.0, 'wind_speed': 2.0, 'wind_dir_degrees': 123, 'wind_dir_cardinal': 'SE', 'rainfall': 0.0}
2025-07-15 12:34:05,275 - INFO - Switched to GUI-2 (Next toggle in 5s
2025-07-15 12:34:06,966 - INFO - Modbus connection successful (Attempt 1/3)
2025-07-15 12:34:07,000 - INFO - environment read successfully in 0.03s: {'temperature': 40.2, 'humidity': 44.7, 'pressure': 1010.1}
2025-07-15 12:34:09,045 - INFO - uv read successfully in 2.04s: {'uv_index': 13.26}
2025-07-15 12:34:09,089 - INFO - aqi read successfully in 0.04s: {'co2': nan, 'pm2_5': 38.6, 'pm10': 218.9, 'carbon_monoxide': 232.0, 'nitrogen_dioxide': 6.8, 'sulphur_dioxide': 12.0, 'ozone': 129.0}
2025-07-15 12:34:09,119 - INFO - wind_speed read successfully in 0.03s: {'wind_speed': 2.4}
2025-07-15 12:34:09,153 - INFO - wind_direction read successfully in 0.03s: {'wind_dir_degrees': 118, 'wind_dir_cardinal': 'SE'}
2025-07-15 12:34:09,183 - INFO - rainfall read successfully in 0.03s: {'rainfall': 0.0}
2025-07-15 12:34:09,183 - INFO - Read cycle complete. Successful: 6, Errors: 0
2025-07-15 12:34:09,183 - INFO - Current sensor data: {'timestamp': '2025-07-15T12:34:06.966776', 'temperature': 40.2, 'humidity': 44.7, 'pressure': 1010.1, 'uv_index': 13.26, 'co2': nan, 'pm2_5': 38.6, 'pm10': 218.9, 'carbon_monoxide': 232.0, 'nitrogen_dioxide': 6.8, 'sulphur_dioxide': 12.0, 'ozone': 129.0, 'wind_speed': 2.4, 'wind_dir_degrees': 118, 'wind_dir_cardinal': 'SE', 'rainfall': 0.0}
2025-07-15 12:34:10,275 - INFO - Switched to GUI-1 (Next toggle in 10s
2025-07-15 12:34:11,183 - INFO - Modbus connection successful (Attempt 1/3)
2025-07-15 12:34:11,217 - INFO - environment read successfully in 0.03s: {'temperature': 40.2, 'humidity': 44.6, 'pressure': 1010.1}
2025-07-15 12:34:13,262 - INFO - uv read successfully in 2.04s: {'uv_index': 14.55}
2025-07-15 12:34:13,306 - INFO - aqi read successfully in 0.04s: {'co2': nan, 'pm2_5': 38.6, 'pm10': 218.9, 'carbon_monoxide': 232.0, 'nitrogen_dioxide': 6.8, 'sulphur_dioxide': 12.0, 'ozone': 129.0}
2025-07-15 12:34:13,336 - INFO - wind_speed read successfully in 0.03s: {'wind_speed': 2.3}
2025-07-15 12:34:13,370 - INFO - wind_direction read successfully in 0.03s: {'wind_dir_degrees': 96, 'wind_dir_cardinal': 'E'}
2025-07-15 12:34:13,400 - INFO - rainfall read successfully in 0.03s: {'rainfall': 0.0}
2025-07-15 12:34:13,400 - INFO - Read cycle complete. Successful: 6, Errors: 0
2025-07-15 12:34:13,400 - INFO - Current sensor data: {'timestamp': '2025-07-15T12:34:11.183572', 'temperature': 40.2, 'humidity': 44.6, 'pressure': 1010.1, 'uv_index': 14.55, 'co2': nan, 'pm2_5': 38.6, 'pm10': 218.9, 'carbon_monoxide': 232.0, 'nitrogen_dioxide': 6.8, 'sulphur_dioxide': 12.0, 'ozone': 129.0, 'wind_speed': 2.3, 'wind_dir_degrees': 96, 'wind_dir_cardinal': 'E', 'rainfall': 0.0}
2025-07-15 12:34:15,400 - INFO - Modbus connection successful (Attempt 1/3)
2025-07-15 12:34:15,434 - INFO - environment read successfully in 0.03s: {'temperature': 40.3, 'humidity': 44.6, 'pressure': 1010.1}
2025-07-15 12:34:17,481 - INFO - uv read successfully in 2.05s: {'uv_index': 14.38}
2025-07-15 12:34:17,539 - INFO - aqi read successfully in 0.06s: {'co2': nan, 'pm2_5': 38.6, 'pm10': 218.9, 'carbon_monoxide': 232.0, 'nitrogen_dioxide': 6.8, 'sulphur_dioxide': 12.0, 'ozone': 129.0}
2025-07-15 12:34:17,569 - INFO - wind_speed read successfully in 0.03s: {'wind_speed': 2.1}
2025-07-15 12:34:17,603 - INFO - wind_direction read successfully in 0.03s: {'wind_dir_degrees': 114, 'wind_dir_cardinal': 'SE'}
2025-07-15 12:34:17,633 - INFO - rainfall read successfully in 0.03s: {'rainfall': 0.0}
2025-07-15 12:34:17,633 - INFO - Read cycle complete. Successful: 6, Errors: 0
2025-07-15 12:34:17,633 - INFO - Current sensor data: {'timestamp': '2025-07-15T12:34:15.400682', 'temperature': 40.3, 'humidity': 44.6, 'pressure': 1010.1, 'uv_index': 14.38, 'co2': nan, 'pm2_5': 38.6, 'pm10': 218.9, 'carbon_monoxide': 232.0, 'nitrogen_dioxide': 6.8, 'sulphur_dioxide': 12.0, 'ozone': 129.0, 'wind_speed': 2.1, 'wind_dir_degrees': 114, 'wind_dir_cardinal': 'SE', 'rainfall': 0.0}
2025-07-15 12:34:19,633 - INFO - Modbus connection successful (Attempt 1/3)
2025-07-15 12:34:19,667 - INFO - environment read successfully in 0.03s: {'temperature': 40.3, 'humidity': 44.6, 'pressure': 1010.1}
2025-07-15 12:34:20,275 - INFO - Switched to GUI-2 (Next toggle in 5s
2025-07-15 12:34:20,333 - INFO - CSV write completed at 2025-07-15T12:34:20.333902
2025-07-15 12:34:21,713 - INFO - uv read successfully in 2.05s: {'uv_index': 14.81}
2025-07-15 12:34:21,758 - INFO - aqi read successfully in 0.04s: {'co2': nan, 'pm2_5': 38.6, 'pm10': 218.9, 'carbon_monoxide': 232.0, 'nitrogen_dioxide': 6.8, 'sulphur_dioxide': 12.0, 'ozone': 129.0}
2025-07-15 12:34:21,788 - INFO - wind_speed read successfully in 0.03s: {'wind_speed': 1.9}
2025-07-15 12:34:21,822 - INFO - wind_direction read successfully in 0.03s: {'wind_dir_degrees': 22, 'wind_dir_cardinal': 'N'}
2025-07-15 12:34:21,851 - INFO - rainfall read successfully in 0.03s: {'rainfall': 0.0}
2025-07-15 12:34:21,851 - INFO - Read cycle complete. Successful: 6, Errors: 0
2025-07-15 12:34:21,851 - INFO - Current sensor data: {'timestamp': '2025-07-15T12:34:19.633757', 'temperature': 40.3, 'humidity': 44.6, 'pressure': 1010.1, 'uv_index': 14.81, 'co2': nan, 'pm2_5': 38.6, 'pm10': 218.9, 'carbon_monoxide': 232.0, 'nitrogen_dioxide': 6.8, 'sulphur_dioxide': 12.0, 'ozone': 129.0, 'wind_speed': 1.9, 'wind_dir_degrees': 22, 'wind_dir_cardinal': 'N', 'rainfall': 0.0}
2025-07-15 12:34:23,851 - INFO - Modbus connection successful (Attempt 1/3)
2025-07-15 12:34:23,886 - INFO - environment read successfully in 0.03s: {'temperature': 40.3, 'humidity': 44.6, 'pressure': 1010.1}
2025-07-15 12:34:25,276 - INFO - Switched to GUI-1 (Next toggle in 10s
2025-07-15 12:34:25,931 - INFO - uv read successfully in 2.05s: {'uv_index': 14.69}
2025-07-15 12:34:25,976 - INFO - aqi read successfully in 0.04s: {'co2': nan, 'pm2_5': 38.6, 'pm10': 218.9, 'carbon_monoxide': 232.0, 'nitrogen_dioxide': 6.8, 'sulphur_dioxide': 12.0, 'ozone': 129.0}
2025-07-15 12:34:26,006 - INFO - wind_speed read successfully in 0.03s: {'wind_speed': 2.2}
2025-07-15 12:34:26,040 - INFO - wind_direction read successfully in 0.03s: {'wind_dir_degrees': 43, 'wind_dir_cardinal': 'NE'}
2025-07-15 12:34:26,069 - INFO - rainfall read successfully in 0.03s: {'rainfall': 0.0}
2025-07-15 12:34:26,070 - INFO - Read cycle complete. Successful: 6, Errors: 0
2025-07-15 12:34:26,070 - INFO - Current sensor data: {'timestamp': '2025-07-15T12:34:23.852062', 'temperature': 40.3, 'humidity': 44.6, 'pressure': 1010.1, 'uv_index': 14.69, 'co2': nan, 'pm2_5': 38.6, 'pm10': 218.9, 'carbon_monoxide': 232.0, 'nitrogen_dioxide': 6.8, 'sulphur_dioxide': 12.0, 'ozone': 129.0, 'wind_speed': 2.2, 'wind_dir_degrees': 43, 'wind_dir_cardinal': 'NE', 'rainfall': 0.0}
2025-07-15 12:34:28,070 - INFO - Modbus connection successful (Attempt 1/3)
2025-07-15 12:34:28,104 - INFO - environment read successfully in 0.03s: {'temperature': 40.3, 'humidity': 44.3, 'pressure': 1010.2}
2025-07-15 12:34:30,149 - INFO - uv read successfully in 2.04s: {'uv_index': 14.99}
2025-07-15 12:34:30,193 - INFO - aqi read successfully in 0.04s: {'co2': nan, 'pm2_5': 38.6, 'pm10': 218.9, 'carbon_monoxide': 232.0, 'nitrogen_dioxide': 6.8, 'sulphur_dioxide': 12.0, 'ozone': 129.0}
2025-07-15 12:34:30,223 - INFO - wind_speed read successfully in 0.03s: {'wind_speed': 3.3}
2025-07-15 12:34:30,257 - INFO - wind_direction read successfully in 0.03s: {'wind_dir_degrees': 81, 'wind_dir_cardinal': 'E'}
2025-07-15 12:34:30,287 - INFO - rainfall read successfully in 0.03s: {'rainfall': 0.0}
2025-07-15 12:34:30,287 - INFO - Read cycle complete. Successful: 6, Errors: 0
2025-07-15 12:34:30,287 - INFO - Current sensor data: {'timestamp': '2025-07-15T12:34:28.070271', 'temperature': 40.3, 'humidity': 44.3, 'pressure': 1010.2, 'uv_index': 14.99, 'co2': nan, 'pm2_5': 38.6, 'pm10': 218.9, 'carbon_monoxide': 232.0, 'nitrogen_dioxide': 6.8, 'sulphur_dioxide': 12.0, 'ozone': 129.0, 'wind_speed': 3.3, 'wind_dir_degrees': 81, 'wind_dir_cardinal': 'E', 'rainfall': 0.0}
2025-07-15 12:34:32,287 - INFO - Modbus connection successful (Attempt 1/3)
2025-07-15 12:34:32,321 - INFO - environment read successfully in 0.03s: {'temperature': 40.3, 'humidity': 44.2, 'pressure': 1010.1}
2025-07-15 12:34:34,366 - INFO - uv read successfully in 2.04s: {'uv_index': 15.22}
2025-07-15 12:34:34,410 - INFO - aqi read successfully in 0.04s: {'co2': nan, 'pm2_5': 38.6, 'pm10': 218.9, 'carbon_monoxide': 232.0, 'nitrogen_dioxide': 6.8, 'sulphur_dioxide': 12.0, 'ozone': 129.0}
2025-07-15 12:34:34,441 - INFO - wind_speed read successfully in 0.03s: {'wind_speed': 3.1}
2025-07-15 12:34:34,475 - INFO - wind_direction read successfully in 0.03s: {'wind_dir_degrees': 243, 'wind_dir_cardinal': 'SW'}
2025-07-15 12:34:34,505 - INFO - rainfall read successfully in 0.03s: {'rainfall': 0.0}
2025-07-15 12:34:34,505 - INFO - Read cycle complete. Successful: 6, Errors: 0
2025-07-15 12:34:34,505 - INFO - Current sensor data: {'timestamp': '2025-07-15T12:34:32.287706', 'temperature': 40.3, 'humidity': 44.2, 'pressure': 1010.1, 'uv_index': 15.22, 'co2': nan, 'pm2_5': 38.6, 'pm10': 218.9, 'carbon_monoxide': 232.0, 'nitrogen_dioxide': 6.8, 'sulphur_dioxide': 12.0, 'ozone': 129.0, 'wind_speed': 3.1, 'wind_dir_degrees': 243, 'wind_dir_cardinal': 'SW', 'rainfall': 0.0}
2025-07-15 12:34:34,505 - INFO - Sensor data queued for CSV write
2025-07-15 12:34:35,276 - INFO - Switched to GUI-2 (Next toggle in 5s
2025-07-15 12:34:36,505 - INFO - Modbus connection successful (Attempt 1/3)
2025-07-15 12:34:36,539 - INFO - environment read successfully in 0.03s: {'temperature': 40.3, 'humidity': 44.2, 'pressure': 1010.1}
2025-07-15 12:34:38,585 - INFO - uv read successfully in 2.05s: {'uv_index': 15.26}
2025-07-15 12:34:38,642 - INFO - aqi read successfully in 0.06s: {'co2': nan, 'pm2_5': 38.6, 'pm10': 218.9, 'carbon_monoxide': 232.0, 'nitrogen_dioxide': 6.8, 'sulphur_dioxide': 12.0, 'ozone': 129.0}
2025-07-15 12:34:38,672 - INFO - wind_speed read successfully in 0.03s: {'wind_speed': 2.6}
2025-07-15 12:34:38,706 - INFO - wind_direction read successfully in 0.03s: {'wind_dir_degrees': 45, 'wind_dir_cardinal': 'NE'}
2025-07-15 12:34:38,736 - INFO - rainfall read successfully in 0.03s: {'rainfall': 0.0}
2025-07-15 12:34:38,736 - INFO - Read cycle complete. Successful: 6, Errors: 0
2025-07-15 12:34:38,736 - INFO - Current sensor data: {'timestamp': '2025-07-15T12:34:36.505441', 'temperature': 40.3, 'humidity': 44.2, 'pressure': 1010.1, 'uv_index': 15.26, 'co2': nan, 'pm2_5': 38.6, 'pm10': 218.9, 'carbon_monoxide': 232.0, 'nitrogen_dioxide': 6.8, 'sulphur_dioxide': 12.0, 'ozone': 129.0, 'wind_speed': 2.6, 'wind_dir_degrees': 45, 'wind_dir_cardinal': 'NE', 'rainfall': 0.0}
2025-07-15 12:34:40,276 - INFO - Switched to GUI-1 (Next toggle in 10s
2025-07-15 12:34:40,736 - INFO - Modbus connection successful (Attempt 1/3)
2025-07-15 12:34:40,770 - INFO - environment read successfully in 0.03s: {'temperature': 40.3, 'humidity': 44.1, 'pressure': 1010.1}
2025-07-15 12:34:42,815 - INFO - uv read successfully in 2.04s: {'uv_index': 15.04}
2025-07-15 12:34:42,859 - INFO - aqi read successfully in 0.04s: {'co2': nan, 'pm2_5': 38.6, 'pm10': 218.9, 'carbon_monoxide': 232.0, 'nitrogen_dioxide': 6.8, 'sulphur_dioxide': 12.0, 'ozone': 129.0}
2025-07-15 12:34:42,889 - INFO - wind_speed read successfully in 0.03s: {'wind_speed': 2.5}
2025-07-15 12:34:42,923 - INFO - wind_direction read successfully in 0.03s: {'wind_dir_degrees': 65, 'wind_dir_cardinal': 'NE'}
2025-07-15 12:34:42,953 - INFO - rainfall read successfully in 0.03s: {'rainfall': 0.0}
2025-07-15 12:34:42,953 - INFO - Read cycle complete. Successful: 6, Errors: 0
2025-07-15 12:34:42,953 - INFO - Current sensor data: {'timestamp': '2025-07-15T12:34:40.736784', 'temperature': 40.3, 'humidity': 44.1, 'pressure': 1010.1, 'uv_index': 15.04, 'co2': nan, 'pm2_5': 38.6, 'pm10': 218.9, 'carbon_monoxide': 232.0, 'nitrogen_dioxide': 6.8, 'sulphur_dioxide': 12.0, 'ozone': 129.0, 'wind_speed': 2.5, 'wind_dir_degrees': 65, 'wind_dir_cardinal': 'NE', 'rainfall': 0.0}
2025-07-15 12:34:44,953 - INFO - Modbus connection successful (Attempt 1/3)
2025-07-15 12:34:44,987 - INFO - environment read successfully in 0.03s: {'temperature': 40.3, 'humidity': 44.1, 'pressure': 1010.2}
2025-07-15 12:34:47,033 - INFO - uv read successfully in 2.05s: {'uv_index': 14.82}
2025-07-15 12:34:47,091 - INFO - aqi read successfully in 0.06s: {'co2': nan, 'pm2_5': 38.6, 'pm10': 218.9, 'carbon_monoxide': 232.0, 'nitrogen_dioxide': 6.8, 'sulphur_dioxide': 12.0, 'ozone': 129.0}
2025-07-15 12:34:47,121 - INFO - wind_speed read successfully in 0.03s: {'wind_speed': 3.1}
2025-07-15 12:34:47,155 - INFO - wind_direction read successfully in 0.03s: {'wind_dir_degrees': 18, 'wind_dir_cardinal': 'N'}
2025-07-15 12:34:47,185 - INFO - rainfall read successfully in 0.03s: {'rainfall': 0.0}
2025-07-15 12:34:47,185 - INFO - Read cycle complete. Successful: 6, Errors: 0
2025-07-15 12:34:47,185 - INFO - Current sensor data: {'timestamp': '2025-07-15T12:34:44.953467', 'temperature': 40.3, 'humidity': 44.1, 'pressure': 1010.2, 'uv_index': 14.82, 'co2': nan, 'pm2_5': 38.6, 'pm10': 218.9, 'carbon_monoxide': 232.0, 'nitrogen_dioxide': 6.8, 'sulphur_dioxide': 12.0, 'ozone': 129.0, 'wind_speed': 3.1, 'wind_dir_degrees': 18, 'wind_dir_cardinal': 'N', 'rainfall': 0.0}
2025-07-15 12:34:49,185 - INFO - Modbus connection successful (Attempt 1/3)
2025-07-15 12:34:49,219 - INFO - environment read successfully in 0.03s: {'temperature': 40.3, 'humidity': 43.9, 'pressure': 1010.1}
2025-07-15 12:34:50,276 - INFO - Switched to GUI-2 (Next toggle in 5s
2025-07-15 12:34:50,339 - INFO - CSV write completed at 2025-07-15T12:34:50.338935
2025-07-15 12:34:51,264 - INFO - uv read successfully in 2.04s: {'uv_index': 15.01}
2025-07-15 12:34:51,309 - INFO - aqi read successfully in 0.04s: {'co2': nan, 'pm2_5': 38.6, 'pm10': 218.9, 'carbon_monoxide': 232.0, 'nitrogen_dioxide': 6.8, 'sulphur_dioxide': 12.0, 'ozone': 129.0}
2025-07-15 12:34:51,338 - INFO - wind_speed read successfully in 0.03s: {'wind_speed': 3.6}
2025-07-15 12:34:51,372 - INFO - wind_direction read successfully in 0.03s: {'wind_dir_degrees': 18, 'wind_dir_cardinal': 'N'}
2025-07-15 12:34:51,402 - INFO - rainfall read successfully in 0.03s: {'rainfall': 0.0}
2025-07-15 12:34:51,402 - INFO - Read cycle complete. Successful: 6, Errors: 0
2025-07-15 12:34:51,402 - INFO - Current sensor data: {'timestamp': '2025-07-15T12:34:49.185656', 'temperature': 40.3, 'humidity': 43.9, 'pressure': 1010.1, 'uv_index': 15.01, 'co2': nan, 'pm2_5': 38.6, 'pm10': 218.9, 'carbon_monoxide': 232.0, 'nitrogen_dioxide': 6.8, 'sulphur_dioxide': 12.0, 'ozone': 129.0, 'wind_speed': 3.6, 'wind_dir_degrees': 18, 'wind_dir_cardinal': 'N', 'rainfall': 0.0}
2025-07-15 12:34:53,402 - INFO - Modbus connection successful (Attempt 1/3)
2025-07-15 12:34:53,437 - INFO - environment read successfully in 0.03s: {'temperature': 40.3, 'humidity': 43.9, 'pressure': 1010.1}
2025-07-15 12:34:55,277 - INFO - Switched to GUI-1 (Next toggle in 10s
2025-07-15 12:34:55,482 - INFO - uv read successfully in 2.05s: {'uv_index': 15.1}
2025-07-15 12:34:55,527 - INFO - aqi read successfully in 0.04s: {'co2': nan, 'pm2_5': 38.6, 'pm10': 218.9, 'carbon_monoxide': 232.0, 'nitrogen_dioxide': 6.8, 'sulphur_dioxide': 12.0, 'ozone': 129.0}
2025-07-15 12:34:55,556 - INFO - wind_speed read successfully in 0.03s: {'wind_speed': 3.6}
2025-07-15 12:34:55,590 - INFO - wind_direction read successfully in 0.03s: {'wind_dir_degrees': 103, 'wind_dir_cardinal': 'E'}
2025-07-15 12:34:55,620 - INFO - rainfall read successfully in 0.03s: {'rainfall': 0.0}
2025-07-15 12:34:55,620 - INFO - Read cycle complete. Successful: 6, Errors: 0
2025-07-15 12:34:55,620 - INFO - Current sensor data: {'timestamp': '2025-07-15T12:34:53.402982', 'temperature': 40.3, 'humidity': 43.9, 'pressure': 1010.1, 'uv_index': 15.1, 'co2': nan, 'pm2_5': 38.6, 'pm10': 218.9, 'carbon_monoxide': 232.0, 'nitrogen_dioxide': 6.8, 'sulphur_dioxide': 12.0, 'ozone': 129.0, 'wind_speed': 3.6, 'wind_dir_degrees': 103, 'wind_dir_cardinal': 'E', 'rainfall': 0.0}
2025-07-15 12:34:57,620 - INFO - Modbus connection successful (Attempt 1/3)
2025-07-15 12:34:57,654 - INFO - environment read successfully in 0.03s: {'temperature': 40.3, 'humidity': 44.1, 'pressure': 1010.1}
2025-07-15 12:34:59,700 - INFO - uv read successfully in 2.05s: {'uv_index': 15.13}
2025-07-15 12:34:59,758 - INFO - aqi read successfully in 0.06s: {'co2': nan, 'pm2_5': 38.6, 'pm10': 218.9, 'carbon_monoxide': 232.0, 'nitrogen_dioxide': 6.8, 'sulphur_dioxide': 12.0, 'ozone': 129.0}
2025-07-15 12:34:59,788 - INFO - wind_speed read successfully in 0.03s: {'wind_speed': 3.3}
2025-07-15 12:34:59,822 - INFO - wind_direction read successfully in 0.03s: {'wind_dir_degrees': 129, 'wind_dir_cardinal': 'SE'}
2025-07-15 12:34:59,852 - INFO - rainfall read successfully in 0.03s: {'rainfall': 0.0}
2025-07-15 12:34:59,852 - INFO - Read cycle complete. Successful: 6, Errors: 0
2025-07-15 12:34:59,852 - INFO - Current sensor data: {'timestamp': '2025-07-15T12:34:57.620884', 'temperature': 40.3, 'humidity': 44.1, 'pressure': 1010.1, 'uv_index': 15.13, 'co2': nan, 'pm2_5': 38.6, 'pm10': 218.9, 'carbon_monoxide': 232.0, 'nitrogen_dioxide': 6.8, 'sulphur_dioxide': 12.0, 'ozone': 129.0, 'wind_speed': 3.3, 'wind_dir_degrees': 129, 'wind_dir_cardinal': 'SE', 'rainfall': 0.0}
2025-07-15 12:35:01,852 - INFO - Modbus connection successful (Attempt 1/3)
2025-07-15 12:35:01,886 - INFO - environment read successfully in 0.03s: {'temperature': 40.3, 'humidity': 44.0, 'pressure': 1010.1}
2025-07-15 12:35:03,932 - INFO - uv read successfully in 2.05s: {'uv_index': 14.96}
2025-07-15 12:35:03,990 - INFO - aqi read successfully in 0.06s: {'co2': nan, 'pm2_5': 38.6, 'pm10': 218.9, 'carbon_monoxide': 232.0, 'nitrogen_dioxide': 6.8, 'sulphur_dioxide': 12.0, 'ozone': 129.0}
2025-07-15 12:35:04,020 - INFO - wind_speed read successfully in 0.03s: {'wind_speed': 2.9}
2025-07-15 12:35:04,054 - INFO - wind_direction read successfully in 0.03s: {'wind_dir_degrees': 13, 'wind_dir_cardinal': 'N'}
2025-07-15 12:35:04,084 - INFO - rainfall read successfully in 0.03s: {'rainfall': 0.0}
2025-07-15 12:35:04,084 - INFO - Read cycle complete. Successful: 6, Errors: 0
2025-07-15 12:35:04,084 - INFO - Current sensor data: {'timestamp': '2025-07-15T12:35:01.852804', 'temperature': 40.3, 'humidity': 44.0, 'pressure': 1010.1, 'uv_index': 14.96, 'co2': nan, 'pm2_5': 38.6, 'pm10': 218.9, 'carbon_monoxide': 232.0, 'nitrogen_dioxide': 6.8, 'sulphur_dioxide': 12.0, 'ozone': 129.0, 'wind_speed': 2.9, 'wind_dir_degrees': 13, 'wind_dir_cardinal': 'N', 'rainfall': 0.0}
2025-07-15 12:35:05,277 - INFO - Switched to GUI-2 (Next toggle in 5s
2025-07-15 12:35:06,084 - INFO - Modbus connection successful (Attempt 1/3)
2025-07-15 12:35:06,118 - INFO - environment read successfully in 0.03s: {'temperature': 40.3, 'humidity': 44.0, 'pressure': 1010.1}
2025-07-15 12:35:08,163 - INFO - uv read successfully in 2.04s: {'uv_index': 14.85}
2025-07-15 12:35:08,207 - INFO - aqi read successfully in 0.04s: {'co2': nan, 'pm2_5': 38.6, 'pm10': 218.9, 'carbon_monoxide': 232.0, 'nitrogen_dioxide': 6.8, 'sulphur_dioxide': 12.0, 'ozone': 129.0}
2025-07-15 12:35:08,237 - INFO - wind_speed read successfully in 0.03s: {'wind_speed': 2.4}
2025-07-15 12:35:08,271 - INFO - wind_direction read successfully in 0.03s: {'wind_dir_degrees': 179, 'wind_dir_cardinal': 'S'}
2025-07-15 12:35:08,301 - INFO - rainfall read successfully in 0.03s: {'rainfall': 0.0}
2025-07-15 12:35:08,301 - INFO - Read cycle complete. Successful: 6, Errors: 0
2025-07-15 12:35:08,301 - INFO - Current sensor data: {'timestamp': '2025-07-15T12:35:06.084795', 'temperature': 40.3, 'humidity': 44.0, 'pressure': 1010.1, 'uv_index': 14.85, 'co2': nan, 'pm2_5': 38.6, 'pm10': 218.9, 'carbon_monoxide': 232.0, 'nitrogen_dioxide': 6.8, 'sulphur_dioxide': 12.0, 'ozone': 129.0, 'wind_speed': 2.4, 'wind_dir_degrees': 179, 'wind_dir_cardinal': 'S', 'rainfall': 0.0}
2025-07-15 12:35:08,301 - INFO - Sensor data queued for CSV write
2025-07-15 12:35:10,277 - INFO - Switched to GUI-1 (Next toggle in 10s
2025-07-15 12:35:10,301 - INFO - Modbus connection successful (Attempt 1/3)
2025-07-15 12:35:10,336 - INFO - environment read successfully in 0.03s: {'temperature': 40.3, 'humidity': 44.0, 'pressure': 1010.1}
2025-07-15 12:35:12,381 - INFO - uv read successfully in 2.04s: {'uv_index': 14.64}
2025-07-15 12:35:12,425 - INFO - aqi read successfully in 0.04s: {'co2': nan, 'pm2_5': 38.6, 'pm10': 218.9, 'carbon_monoxide': 232.0, 'nitrogen_dioxide': 6.8, 'sulphur_dioxide': 12.0, 'ozone': 129.0}
2025-07-15 12:35:12,455 - INFO - wind_speed read successfully in 0.03s: {'wind_speed': 2.1}
2025-07-15 12:35:12,489 - INFO - wind_direction read successfully in 0.03s: {'wind_dir_degrees': 120, 'wind_dir_cardinal': 'SE'}
2025-07-15 12:35:12,519 - INFO - rainfall read successfully in 0.03s: {'rainfall': 0.0}
2025-07-15 12:35:12,519 - INFO - Read cycle complete. Successful: 6, Errors: 0
2025-07-15 12:35:12,519 - INFO - Current sensor data: {'timestamp': '2025-07-15T12:35:10.301640', 'temperature': 40.3, 'humidity': 44.0, 'pressure': 1010.1, 'uv_index': 14.64, 'co2': nan, 'pm2_5': 38.6, 'pm10': 218.9, 'carbon_monoxide': 232.0, 'nitrogen_dioxide': 6.8, 'sulphur_dioxide': 12.0, 'ozone': 129.0, 'wind_speed': 2.1, 'wind_dir_degrees': 120, 'wind_dir_cardinal': 'SE', 'rainfall': 0.0}
2025-07-15 12:35:14,519 - INFO - Modbus connection successful (Attempt 1/3)
2025-07-15 12:35:14,553 - INFO - environment read successfully in 0.03s: {'temperature': 40.3, 'humidity': 44.1, 'pressure': 1010.1}
2025-07-15 12:35:16,598 - INFO - uv read successfully in 2.05s: {'uv_index': 14.72}
2025-07-15 12:35:16,656 - INFO - aqi read successfully in 0.06s: {'co2': nan, 'pm2_5': 38.6, 'pm10': 218.9, 'carbon_monoxide': 232.0, 'nitrogen_dioxide': 6.8, 'sulphur_dioxide': 12.0, 'ozone': 129.0}
2025-07-15 12:35:16,686 - INFO - wind_speed read successfully in 0.03s: {'wind_speed': 1.9}
2025-07-15 12:35:16,720 - INFO - wind_direction read successfully in 0.03s: {'wind_dir_degrees': 122, 'wind_dir_cardinal': 'SE'}
2025-07-15 12:35:16,749 - INFO - rainfall read successfully in 0.03s: {'rainfall': 0.0}
2025-07-15 12:35:16,750 - INFO - Read cycle complete. Successful: 6, Errors: 0
2025-07-15 12:35:16,750 - INFO - Current sensor data: {'timestamp': '2025-07-15T12:35:14.519346', 'temperature': 40.3, 'humidity': 44.1, 'pressure': 1010.1, 'uv_index': 14.72, 'co2': nan, 'pm2_5': 38.6, 'pm10': 218.9, 'carbon_monoxide': 232.0, 'nitrogen_dioxide': 6.8, 'sulphur_dioxide': 12.0, 'ozone': 129.0, 'wind_speed': 1.9, 'wind_dir_degrees': 122, 'wind_dir_cardinal': 'SE', 'rainfall': 0.0}
2025-07-15 12:35:18,750 - INFO - Modbus connection successful (Attempt 1/3)
2025-07-15 12:35:18,784 - INFO - environment read successfully in 0.03s: {'temperature': 40.3, 'humidity': 44.1, 'pressure': 1010.1}
2025-07-15 12:35:20,278 - INFO - Switched to GUI-2 (Next toggle in 5s
2025-07-15 12:35:20,342 - INFO - CSV write completed at 2025-07-15T12:35:20.342243
2025-07-15 12:35:20,829 - INFO - uv read successfully in 2.04s: {'uv_index': 14.91}
2025-07-15 12:35:20,873 - INFO - aqi read successfully in 0.04s: {'co2': nan, 'pm2_5': 38.6, 'pm10': 218.9, 'carbon_monoxide': 232.0, 'nitrogen_dioxide': 6.8, 'sulphur_dioxide': 12.0, 'ozone': 129.0}
2025-07-15 12:35:20,903 - INFO - wind_speed read successfully in 0.03s: {'wind_speed': 1.7}
2025-07-15 12:35:20,937 - INFO - wind_direction read successfully in 0.03s: {'wind_dir_degrees': 152, 'wind_dir_cardinal': 'SE'}
2025-07-15 12:35:20,966 - INFO - rainfall read successfully in 0.03s: {'rainfall': 0.0}
2025-07-15 12:35:20,966 - INFO - Read cycle complete. Successful: 6, Errors: 0
2025-07-15 12:35:20,966 - INFO - Current sensor data: {'timestamp': '2025-07-15T12:35:18.750265', 'temperature': 40.3, 'humidity': 44.1, 'pressure': 1010.1, 'uv_index': 14.91, 'co2': nan, 'pm2_5': 38.6, 'pm10': 218.9, 'carbon_monoxide': 232.0, 'nitrogen_dioxide': 6.8, 'sulphur_dioxide': 12.0, 'ozone': 129.0, 'wind_speed': 1.7, 'wind_dir_degrees': 152, 'wind_dir_cardinal': 'SE', 'rainfall': 0.0}
2025-07-15 12:35:22,967 - INFO - Modbus connection successful (Attempt 1/3)
2025-07-15 12:35:23,001 - INFO - environment read successfully in 0.03s: {'temperature': 40.3, 'humidity': 44.1, 'pressure': 1010.1}
2025-07-15 12:35:25,047 - INFO - uv read successfully in 2.05s: {'uv_index': 15.02}
2025-07-15 12:35:25,105 - INFO - aqi read successfully in 0.06s: {'co2': nan, 'pm2_5': 38.6, 'pm10': 218.9, 'carbon_monoxide': 232.0, 'nitrogen_dioxide': 6.8, 'sulphur_dioxide': 12.0, 'ozone': 129.0}
2025-07-15 12:35:25,134 - INFO - wind_speed read successfully in 0.03s: {'wind_speed': 1.9}
2025-07-15 12:35:25,168 - INFO - wind_direction read successfully in 0.03s: {'wind_dir_degrees': 12, 'wind_dir_cardinal': 'N'}
2025-07-15 12:35:25,198 - INFO - rainfall read successfully in 0.03s: {'rainfall': 0.0}
2025-07-15 12:35:25,198 - INFO - Read cycle complete. Successful: 6, Errors: 0
2025-07-15 12:35:25,198 - INFO - Current sensor data: {'timestamp': '2025-07-15T12:35:22.967147', 'temperature': 40.3, 'humidity': 44.1, 'pressure': 1010.1, 'uv_index': 15.02, 'co2': nan, 'pm2_5': 38.6, 'pm10': 218.9, 'carbon_monoxide': 232.0, 'nitrogen_dioxide': 6.8, 'sulphur_dioxide': 12.0, 'ozone': 129.0, 'wind_speed': 1.9, 'wind_dir_degrees': 12, 'wind_dir_cardinal': 'N', 'rainfall': 0.0}
2025-07-15 12:35:25,278 - INFO - Switched to GUI-1 (Next toggle in 10s
2025-07-15 12:35:27,198 - INFO - Modbus connection successful (Attempt 1/3)
2025-07-15 12:35:27,233 - INFO - environment read successfully in 0.03s: {'temperature': 40.3, 'humidity': 43.9, 'pressure': 1010.1}
2025-07-15 12:35:29,278 - INFO - uv read successfully in 2.05s: {'uv_index': 14.76}
2025-07-15 12:35:29,322 - INFO - aqi read successfully in 0.04s: {'co2': nan, 'pm2_5': 38.6, 'pm10': 218.9, 'carbon_monoxide': 232.0, 'nitrogen_dioxide': 6.8, 'sulphur_dioxide': 12.0, 'ozone': 129.0}
2025-07-15 12:35:29,352 - INFO - wind_speed read successfully in 0.03s: {'wind_speed': 2.2}
2025-07-15 12:35:29,386 - INFO - wind_direction read successfully in 0.03s: {'wind_dir_degrees': 173, 'wind_dir_cardinal': 'S'}
2025-07-15 12:35:29,416 - INFO - rainfall read successfully in 0.03s: {'rainfall': 0.0}
2025-07-15 12:35:29,416 - INFO - Read cycle complete. Successful: 6, Errors: 0
2025-07-15 12:35:29,416 - INFO - Current sensor data: {'timestamp': '2025-07-15T12:35:27.199023', 'temperature': 40.3, 'humidity': 43.9, 'pressure': 1010.1, 'uv_index': 14.76, 'co2': nan, 'pm2_5': 38.6, 'pm10': 218.9, 'carbon_monoxide': 232.0, 'nitrogen_dioxide': 6.8, 'sulphur_dioxide': 12.0, 'ozone': 129.0, 'wind_speed': 2.2, 'wind_dir_degrees': 173, 'wind_dir_cardinal': 'S', 'rainfall': 0.0}
2025-07-15 12:35:31,416 - INFO - Modbus connection successful (Attempt 1/3)
2025-07-15 12:35:31,450 - INFO - environment read successfully in 0.03s: {'temperature': 40.3, 'humidity': 44.0, 'pressure': 1010.1}
2025-07-15 12:35:33,495 - INFO - uv read successfully in 2.04s: {'uv_index': 14.59}
2025-07-15 12:35:33,539 - INFO - aqi read successfully in 0.04s: {'co2': nan, 'pm2_5': 38.6, 'pm10': 218.9, 'carbon_monoxide': 232.0, 'nitrogen_dioxide': 6.8, 'sulphur_dioxide': 12.0, 'ozone': 129.0}
2025-07-15 12:35:33,568 - INFO - wind_speed read successfully in 0.03s: {'wind_speed': 2.1}
2025-07-15 12:35:33,602 - INFO - wind_direction read successfully in 0.03s: {'wind_dir_degrees': 148, 'wind_dir_cardinal': 'SE'}
2025-07-15 12:35:33,632 - INFO - rainfall read successfully in 0.03s: {'rainfall': 0.0}
2025-07-15 12:35:33,632 - INFO - Read cycle complete. Successful: 6, Errors: 0
2025-07-15 12:35:33,632 - INFO - Current sensor data: {'timestamp': '2025-07-15T12:35:31.416564', 'temperature': 40.3, 'humidity': 44.0, 'pressure': 1010.1, 'uv_index': 14.59, 'co2': nan, 'pm2_5': 38.6, 'pm10': 218.9, 'carbon_monoxide': 232.0, 'nitrogen_dioxide': 6.8, 'sulphur_dioxide': 12.0, 'ozone': 129.0, 'wind_speed': 2.1, 'wind_dir_degrees': 148, 'wind_dir_cardinal': 'SE', 'rainfall': 0.0}
2025-07-15 12:35:35,278 - INFO - Switched to GUI-2 (Next toggle in 5s
2025-07-15 12:35:35,632 - INFO - Modbus connection successful (Attempt 1/3)
2025-07-15 12:35:35,666 - INFO - environment read successfully in 0.03s: {'temperature': 40.3, 'humidity': 44.1, 'pressure': 1010.1}
2025-07-15 12:35:37,711 - INFO - uv read successfully in 2.04s: {'uv_index': 14.93}
2025-07-15 12:35:37,755 - INFO - aqi read successfully in 0.04s: {'co2': nan, 'pm2_5': 38.6, 'pm10': 218.9, 'carbon_monoxide': 232.0, 'nitrogen_dioxide': 6.8, 'sulphur_dioxide': 12.0, 'ozone': 129.0}
2025-07-15 12:35:37,785 - INFO - wind_speed read successfully in 0.03s: {'wind_speed': 2.0}
2025-07-15 12:35:37,819 - INFO - wind_direction read successfully in 0.03s: {'wind_dir_degrees': 41, 'wind_dir_cardinal': 'NE'}
2025-07-15 12:35:37,849 - INFO - rainfall read successfully in 0.03s: {'rainfall': 0.0}
2025-07-15 12:35:37,849 - INFO - Read cycle complete. Successful: 6, Errors: 0
2025-07-15 12:35:37,849 - INFO - Current sensor data: {'timestamp': '2025-07-15T12:35:35.632885', 'temperature': 40.3, 'humidity': 44.1, 'pressure': 1010.1, 'uv_index': 14.93, 'co2': nan, 'pm2_5': 38.6, 'pm10': 218.9, 'carbon_monoxide': 232.0, 'nitrogen_dioxide': 6.8, 'sulphur_dioxide': 12.0, 'ozone': 129.0, 'wind_speed': 2.0, 'wind_dir_degrees': 41, 'wind_dir_cardinal': 'NE', 'rainfall': 0.0}
2025-07-15 12:35:39,849 - INFO - Modbus connection successful (Attempt 1/3)
2025-07-15 12:35:39,883 - INFO - environment read successfully in 0.03s: {'temperature': 40.2, 'humidity': 44.0, 'pressure': 1010.1}
2025-07-15 12:35:40,279 - INFO - Switched to GUI-1 (Next toggle in 10s
2025-07-15 12:35:41,928 - INFO - uv read successfully in 2.05s: {'uv_index': 14.73}
2025-07-15 12:35:41,973 - INFO - aqi read successfully in 0.04s: {'co2': nan, 'pm2_5': 38.6, 'pm10': 218.9, 'carbon_monoxide': 232.0, 'nitrogen_dioxide': 6.8, 'sulphur_dioxide': 12.0, 'ozone': 129.0}
2025-07-15 12:35:42,002 - INFO - wind_speed read successfully in 0.03s: {'wind_speed': 2.2}
2025-07-15 12:35:42,036 - INFO - wind_direction read successfully in 0.03s: {'wind_dir_degrees': 75, 'wind_dir_cardinal': 'E'}
2025-07-15 12:35:42,066 - INFO - rainfall read successfully in 0.03s: {'rainfall': 0.0}
2025-07-15 12:35:42,066 - INFO - Read cycle complete. Successful: 6, Errors: 0
2025-07-15 12:35:42,066 - INFO - Current sensor data: {'timestamp': '2025-07-15T12:35:39.849482', 'temperature': 40.2, 'humidity': 44.0, 'pressure': 1010.1, 'uv_index': 14.73, 'co2': nan, 'pm2_5': 38.6, 'pm10': 218.9, 'carbon_monoxide': 232.0, 'nitrogen_dioxide': 6.8, 'sulphur_dioxide': 12.0, 'ozone': 129.0, 'wind_speed': 2.2, 'wind_dir_degrees': 75, 'wind_dir_cardinal': 'E', 'rainfall': 0.0}
2025-07-15 12:35:42,066 - INFO - Sensor data queued for CSV write
2025-07-15 12:35:44,066 - INFO - Modbus connection successful (Attempt 1/3)
2025-07-15 12:35:44,100 - INFO - environment read successfully in 0.03s: {'temperature': 40.3, 'humidity': 44.0, 'pressure': 1010.1}
2025-07-15 12:35:46,145 - INFO - uv read successfully in 2.04s: {'uv_index': 14.56}
2025-07-15 12:35:46,202 - INFO - aqi read successfully in 0.06s: {'co2': nan, 'pm2_5': 38.6, 'pm10': 218.9, 'carbon_monoxide': 232.0, 'nitrogen_dioxide': 6.8, 'sulphur_dioxide': 12.0, 'ozone': 129.0}
2025-07-15 12:35:46,232 - INFO - wind_speed read successfully in 0.03s: {'wind_speed': 2.1}
2025-07-15 12:35:46,266 - INFO - wind_direction read successfully in 0.03s: {'wind_dir_degrees': 75, 'wind_dir_cardinal': 'E'}
2025-07-15 12:35:46,296 - INFO - rainfall read successfully in 0.03s: {'rainfall': 0.0}
2025-07-15 12:35:46,296 - INFO - Read cycle complete. Successful: 6, Errors: 0
2025-07-15 12:35:46,296 - INFO - Current sensor data: {'timestamp': '2025-07-15T12:35:44.066875', 'temperature': 40.3, 'humidity': 44.0, 'pressure': 1010.1, 'uv_index': 14.56, 'co2': nan, 'pm2_5': 38.6, 'pm10': 218.9, 'carbon_monoxide': 232.0, 'nitrogen_dioxide': 6.8, 'sulphur_dioxide': 12.0, 'ozone': 129.0, 'wind_speed': 2.1, 'wind_dir_degrees': 75, 'wind_dir_cardinal': 'E', 'rainfall': 0.0}
2025-07-15 12:35:48,296 - INFO - Modbus connection successful (Attempt 1/3)
2025-07-15 12:35:48,330 - INFO - environment read successfully in 0.03s: {'temperature': 40.2, 'humidity': 44.0, 'pressure': 1010.1}
2025-07-15 12:35:50,279 - INFO - Switched to GUI-2 (Next toggle in 5s
2025-07-15 12:35:50,345 - INFO - CSV write completed at 2025-07-15T12:35:50.345688
2025-07-15 12:35:50,375 - INFO - uv read successfully in 2.04s: {'uv_index': 14.88}
2025-07-15 12:35:50,458 - INFO - aqi read successfully in 0.08s: {'co2': nan, 'pm2_5': 38.6, 'pm10': 218.9, 'carbon_monoxide': 232.0, 'nitrogen_dioxide': 6.8, 'sulphur_dioxide': 12.0, 'ozone': 129.0}
2025-07-15 12:35:50,488 - INFO - wind_speed read successfully in 0.03s: {'wind_speed': 2.0}
2025-07-15 12:35:50,523 - INFO - wind_direction read successfully in 0.03s: {'wind_dir_degrees': 107, 'wind_dir_cardinal': 'E'}
2025-07-15 12:35:50,552 - INFO - rainfall read successfully in 0.03s: {'rainfall': 0.0}
2025-07-15 12:35:50,553 - INFO - Read cycle complete. Successful: 6, Errors: 0
2025-07-15 12:35:50,553 - INFO - Current sensor data: {'timestamp': '2025-07-15T12:35:48.296697', 'temperature': 40.2, 'humidity': 44.0, 'pressure': 1010.1, 'uv_index': 14.88, 'co2': nan, 'pm2_5': 38.6, 'pm10': 218.9, 'carbon_monoxide': 232.0, 'nitrogen_dioxide': 6.8, 'sulphur_dioxide': 12.0, 'ozone': 129.0, 'wind_speed': 2.0, 'wind_dir_degrees': 107, 'wind_dir_cardinal': 'E', 'rainfall': 0.0}
2025-07-15 12:35:52,553 - INFO - Modbus connection successful (Attempt 1/3)
2025-07-15 12:35:52,587 - INFO - environment read successfully in 0.03s: {'temperature': 40.3, 'humidity': 43.9, 'pressure': 1010.1}
2025-07-15 12:35:54,633 - INFO - uv read successfully in 2.05s: {'uv_index': 14.69}
2025-07-15 12:35:54,677 - INFO - aqi read successfully in 0.04s: {'co2': nan, 'pm2_5': 38.6, 'pm10': 218.9, 'carbon_monoxide': 232.0, 'nitrogen_dioxide': 6.8, 'sulphur_dioxide': 12.0, 'ozone': 129.0}
2025-07-15 12:35:54,707 - INFO - wind_speed read successfully in 0.03s: {'wind_speed': 2.0}
2025-07-15 12:35:54,741 - INFO - wind_direction read successfully in 0.03s: {'wind_dir_degrees': 133, 'wind_dir_cardinal': 'SE'}
2025-07-15 12:35:54,771 - INFO - rainfall read successfully in 0.03s: {'rainfall': 0.0}
2025-07-15 12:35:54,771 - INFO - Read cycle complete. Successful: 6, Errors: 0
2025-07-15 12:35:54,771 - INFO - Current sensor data: {'timestamp': '2025-07-15T12:35:52.553391', 'temperature': 40.3, 'humidity': 43.9, 'pressure': 1010.1, 'uv_index': 14.69, 'co2': nan, 'pm2_5': 38.6, 'pm10': 218.9, 'carbon_monoxide': 232.0, 'nitrogen_dioxide': 6.8, 'sulphur_dioxide': 12.0, 'ozone': 129.0, 'wind_speed': 2.0, 'wind_dir_degrees': 133, 'wind_dir_cardinal': 'SE', 'rainfall': 0.0}
2025-07-15 12:35:55,279 - INFO - Switched to GUI-1 (Next toggle in 10s
2025-07-15 12:35:56,771 - INFO - Modbus connection successful (Attempt 1/3)
2025-07-15 12:35:56,805 - INFO - environment read successfully in 0.03s: {'temperature': 40.2, 'humidity': 43.9, 'pressure': 1010.0}
2025-07-15 12:35:58,852 - INFO - uv read successfully in 2.05s: {'uv_index': 14.67}
2025-07-15 12:35:58,935 - INFO - aqi read successfully in 0.08s: {'co2': nan, 'pm2_5': 38.6, 'pm10': 218.9, 'carbon_monoxide': 232.0, 'nitrogen_dioxide': 6.8, 'sulphur_dioxide': 12.0, 'ozone': 129.0}
2025-07-15 12:35:58,965 - INFO - wind_speed read successfully in 0.03s: {'wind_speed': 2.2}
2025-07-15 12:35:58,999 - INFO - wind_direction read successfully in 0.03s: {'wind_dir_degrees': 3, 'wind_dir_cardinal': 'N'}
2025-07-15 12:35:59,029 - INFO - rainfall read successfully in 0.03s: {'rainfall': 0.0}
2025-07-15 12:35:59,029 - INFO - Read cycle complete. Successful: 6, Errors: 0
2025-07-15 12:35:59,029 - INFO - Current sensor data: {'timestamp': '2025-07-15T12:35:56.771576', 'temperature': 40.2, 'humidity': 43.9, 'pressure': 1010.0, 'uv_index': 14.67, 'co2': nan, 'pm2_5': 38.6, 'pm10': 218.9, 'carbon_monoxide': 232.0, 'nitrogen_dioxide': 6.8, 'sulphur_dioxide': 12.0, 'ozone': 129.0, 'wind_speed': 2.2, 'wind_dir_degrees': 3, 'wind_dir_cardinal': 'N', 'rainfall': 0.0}
2025-07-15 12:36:01,029 - INFO - Modbus connection successful (Attempt 1/3)
2025-07-15 12:36:01,063 - INFO - environment read successfully in 0.03s: {'temperature': 40.2, 'humidity': 44.0, 'pressure': 1010.1}
2025-07-15 12:36:03,110 - INFO - uv read successfully in 2.05s: {'uv_index': 14.96}
2025-07-15 12:36:03,179 - INFO - aqi read successfully in 0.07s: {'co2': nan, 'pm2_5': 38.6, 'pm10': 218.9, 'carbon_monoxide': 232.0, 'nitrogen_dioxide': 6.8, 'sulphur_dioxide': 12.0, 'ozone': 129.0}
2025-07-15 12:36:03,209 - INFO - wind_speed read successfully in 0.03s: {'wind_speed': 2.4}
2025-07-15 12:36:03,243 - INFO - wind_direction read successfully in 0.03s: {'wind_dir_degrees': 52, 'wind_dir_cardinal': 'NE'}
2025-07-15 12:36:03,273 - INFO - rainfall read successfully in 0.03s: {'rainfall': 0.0}
2025-07-15 12:36:03,273 - INFO - Read cycle complete. Successful: 6, Errors: 0
2025-07-15 12:36:03,273 - INFO - Current sensor data: {'timestamp': '2025-07-15T12:36:01.029574', 'temperature': 40.2, 'humidity': 44.0, 'pressure': 1010.1, 'uv_index': 14.96, 'co2': nan, 'pm2_5': 38.6, 'pm10': 218.9, 'carbon_monoxide': 232.0, 'nitrogen_dioxide': 6.8, 'sulphur_dioxide': 12.0, 'ozone': 129.0, 'wind_speed': 2.4, 'wind_dir_degrees': 52, 'wind_dir_cardinal': 'NE', 'rainfall': 0.0}
2025-07-15 12:36:05,273 - INFO - Modbus connection successful (Attempt 1/3)
2025-07-15 12:36:05,279 - INFO - Switched to GUI-2 (Next toggle in 5s
2025-07-15 12:36:05,304 - INFO - environment read successfully in 0.03s: {'temperature': 40.2, 'humidity': 43.9, 'pressure': 1010.1}
2025-07-15 12:36:07,348 - INFO - uv read successfully in 2.04s: {'uv_index': 14.61}
2025-07-15 12:36:07,417 - INFO - aqi read successfully in 0.07s: {'co2': nan, 'pm2_5': 38.6, 'pm10': 218.9, 'carbon_monoxide': 232.0, 'nitrogen_dioxide': 6.8, 'sulphur_dioxide': 12.0, 'ozone': 129.0}
2025-07-15 12:36:07,447 - INFO - wind_speed read successfully in 0.03s: {'wind_speed': 2.2}
2025-07-15 12:36:07,481 - INFO - wind_direction read successfully in 0.03s: {'wind_dir_degrees': 48, 'wind_dir_cardinal': 'NE'}
2025-07-15 12:36:07,511 - INFO - rainfall read successfully in 0.03s: {'rainfall': 0.0}
2025-07-15 12:36:07,512 - INFO - Read cycle complete. Successful: 6, Errors: 0
2025-07-15 12:36:07,512 - INFO - Current sensor data: {'timestamp': '2025-07-15T12:36:05.273767', 'temperature': 40.2, 'humidity': 43.9, 'pressure': 1010.1, 'uv_index': 14.61, 'co2': nan, 'pm2_5': 38.6, 'pm10': 218.9, 'carbon_monoxide': 232.0, 'nitrogen_dioxide': 6.8, 'sulphur_dioxide': 12.0, 'ozone': 129.0, 'wind_speed': 2.2, 'wind_dir_degrees': 48, 'wind_dir_cardinal': 'NE', 'rainfall': 0.0}
2025-07-15 12:36:09,512 - INFO - Modbus connection successful (Attempt 1/3)
2025-07-15 12:36:09,546 - INFO - environment read successfully in 0.03s: {'temperature': 40.2, 'humidity': 43.7, 'pressure': 1010.0}
2025-07-15 12:36:10,280 - INFO - Switched to GUI-1 (Next toggle in 10s
2025-07-15 12:36:11,591 - INFO - uv read successfully in 2.05s: {'uv_index': 14.82}
2025-07-15 12:36:11,678 - INFO - aqi read successfully in 0.09s: {'co2': nan, 'pm2_5': 38.6, 'pm10': 218.9, 'carbon_monoxide': 232.0, 'nitrogen_dioxide': 6.8, 'sulphur_dioxide': 12.0, 'ozone': 129.0}
2025-07-15 12:36:11,708 - INFO - wind_speed read successfully in 0.03s: {'wind_speed': 2.0}
2025-07-15 12:36:11,742 - INFO - wind_direction read successfully in 0.03s: {'wind_dir_degrees': 66, 'wind_dir_cardinal': 'NE'}
2025-07-15 12:36:11,772 - INFO - rainfall read successfully in 0.03s: {'rainfall': 0.0}
2025-07-15 12:36:11,772 - INFO - Read cycle complete. Successful: 6, Errors: 0
2025-07-15 12:36:11,772 - INFO - Current sensor data: {'timestamp': '2025-07-15T12:36:09.512360', 'temperature': 40.2, 'humidity': 43.7, 'pressure': 1010.0, 'uv_index': 14.82, 'co2': nan, 'pm2_5': 38.6, 'pm10': 218.9, 'carbon_monoxide': 232.0, 'nitrogen_dioxide': 6.8, 'sulphur_dioxide': 12.0, 'ozone': 129.0, 'wind_speed': 2.0, 'wind_dir_degrees': 66, 'wind_dir_cardinal': 'NE', 'rainfall': 0.0}
2025-07-15 12:36:13,772 - INFO - Modbus connection successful (Attempt 1/3)
2025-07-15 12:36:13,807 - INFO - environment read successfully in 0.03s: {'temperature': 40.2, 'humidity': 43.5, 'pressure': 1010.0}
2025-07-15 12:36:15,853 - INFO - uv read successfully in 2.05s: {'uv_index': 14.79}
2025-07-15 12:36:15,922 - INFO - aqi read successfully in 0.07s: {'co2': nan, 'pm2_5': 38.6, 'pm10': 218.9, 'carbon_monoxide': 232.0, 'nitrogen_dioxide': 6.8, 'sulphur_dioxide': 12.0, 'ozone': 129.0}
2025-07-15 12:36:15,952 - INFO - wind_speed read successfully in 0.03s: {'wind_speed': 2.3}
2025-07-15 12:36:15,987 - INFO - wind_direction read successfully in 0.03s: {'wind_dir_degrees': 95, 'wind_dir_cardinal': 'E'}
2025-07-15 12:36:16,016 - INFO - rainfall read successfully in 0.03s: {'rainfall': 0.0}
2025-07-15 12:36:16,016 - INFO - Read cycle complete. Successful: 6, Errors: 0
2025-07-15 12:36:16,017 - INFO - Current sensor data: {'timestamp': '2025-07-15T12:36:13.773146', 'temperature': 40.2, 'humidity': 43.5, 'pressure': 1010.0, 'uv_index': 14.79, 'co2': nan, 'pm2_5': 38.6, 'pm10': 218.9, 'carbon_monoxide': 232.0, 'nitrogen_dioxide': 6.8, 'sulphur_dioxide': 12.0, 'ozone': 129.0, 'wind_speed': 2.3, 'wind_dir_degrees': 95, 'wind_dir_cardinal': 'E', 'rainfall': 0.0}
2025-07-15 12:36:16,017 - INFO - Sensor data queued for CSV write
2025-07-15 12:36:18,017 - INFO - Modbus connection successful (Attempt 1/3)
2025-07-15 12:36:18,051 - INFO - environment read successfully in 0.03s: {'temperature': 40.2, 'humidity': 43.6, 'pressure': 1010.1}
2025-07-15 12:36:20,098 - INFO - uv read successfully in 2.05s: {'uv_index': 14.7}
2025-07-15 12:36:20,171 - INFO - aqi read successfully in 0.07s: {'co2': nan, 'pm2_5': 38.6, 'pm10': 218.9, 'carbon_monoxide': 232.0, 'nitrogen_dioxide': 6.8, 'sulphur_dioxide': 12.0, 'ozone': 129.0}
2025-07-15 12:36:20,201 - INFO - wind_speed read successfully in 0.03s: {'wind_speed': 2.9}
2025-07-15 12:36:20,235 - INFO - wind_direction read successfully in 0.03s: {'wind_dir_degrees': 218, 'wind_dir_cardinal': 'SW'}
2025-07-15 12:36:20,265 - INFO - rainfall read successfully in 0.03s: {'rainfall': 0.0}
2025-07-15 12:36:20,265 - INFO - Read cycle complete. Successful: 6, Errors: 0
2025-07-15 12:36:20,265 - INFO - Current sensor data: {'timestamp': '2025-07-15T12:36:18.017371', 'temperature': 40.2, 'humidity': 43.6, 'pressure': 1010.1, 'uv_index': 14.7, 'co2': nan, 'pm2_5': 38.6, 'pm10': 218.9, 'carbon_monoxide': 232.0, 'nitrogen_dioxide': 6.8, 'sulphur_dioxide': 12.0, 'ozone': 129.0, 'wind_speed': 2.9, 'wind_dir_degrees': 218, 'wind_dir_cardinal': 'SW', 'rainfall': 0.0}
2025-07-15 12:36:20,280 - INFO - Switched to GUI-2 (Next toggle in 5s
2025-07-15 12:36:20,349 - INFO - CSV write completed at 2025-07-15T12:36:20.349184
2025-07-15 12:36:22,265 - INFO - Modbus connection successful (Attempt 1/3)
2025-07-15 12:36:22,300 - INFO - environment read successfully in 0.03s: {'temperature': 40.2, 'humidity': 43.7, 'pressure': 1010.0}
2025-07-15 12:36:24,343 - INFO - uv read successfully in 2.04s: {'uv_index': 14.94}
2025-07-15 12:36:24,425 - INFO - aqi read successfully in 0.08s: {'co2': nan, 'pm2_5': 38.6, 'pm10': 218.9, 'carbon_monoxide': 232.0, 'nitrogen_dioxide': 6.8, 'sulphur_dioxide': 12.0, 'ozone': 129.0}
2025-07-15 12:36:24,455 - INFO - wind_speed read successfully in 0.03s: {'wind_speed': 2.6}
2025-07-15 12:36:24,490 - INFO - wind_direction read successfully in 0.03s: {'wind_dir_degrees': 124, 'wind_dir_cardinal': 'SE'}
2025-07-15 12:36:24,520 - INFO - rainfall read successfully in 0.03s: {'rainfall': 0.0}
2025-07-15 12:36:24,520 - INFO - Read cycle complete. Successful: 6, Errors: 0
2025-07-15 12:36:24,520 - INFO - Current sensor data: {'timestamp': '2025-07-15T12:36:22.266083', 'temperature': 40.2, 'humidity': 43.7, 'pressure': 1010.0, 'uv_index': 14.94, 'co2': nan, 'pm2_5': 38.6, 'pm10': 218.9, 'carbon_monoxide': 232.0, 'nitrogen_dioxide': 6.8, 'sulphur_dioxide': 12.0, 'ozone': 129.0, 'wind_speed': 2.6, 'wind_dir_degrees': 124, 'wind_dir_cardinal': 'SE', 'rainfall': 0.0}
2025-07-15 12:36:25,280 - INFO - Switched to GUI-1 (Next toggle in 10s
2025-07-15 12:36:26,520 - INFO - Modbus connection successful (Attempt 1/3)
2025-07-15 12:36:26,554 - INFO - environment read successfully in 0.03s: {'temperature': 40.2, 'humidity': 43.7, 'pressure': 1010.1}
2025-07-15 12:36:28,601 - INFO - uv read successfully in 2.05s: {'uv_index': 14.5}
2025-07-15 12:36:28,672 - INFO - aqi read successfully in 0.07s: {'co2': nan, 'pm2_5': 38.6, 'pm10': 218.9, 'carbon_monoxide': 232.0, 'nitrogen_dioxide': 6.8, 'sulphur_dioxide': 12.0, 'ozone': 129.0}
2025-07-15 12:36:28,702 - INFO - wind_speed read successfully in 0.03s: {'wind_speed': 2.5}
2025-07-15 12:36:28,736 - INFO - wind_direction read successfully in 0.03s: {'wind_dir_degrees': 102, 'wind_dir_cardinal': 'E'}
2025-07-15 12:36:28,766 - INFO - rainfall read successfully in 0.03s: {'rainfall': 0.0}
2025-07-15 12:36:28,766 - INFO - Read cycle complete. Successful: 6, Errors: 0
2025-07-15 12:36:28,766 - INFO - Current sensor data: {'timestamp': '2025-07-15T12:36:26.520800', 'temperature': 40.2, 'humidity': 43.7, 'pressure': 1010.1, 'uv_index': 14.5, 'co2': nan, 'pm2_5': 38.6, 'pm10': 218.9, 'carbon_monoxide': 232.0, 'nitrogen_dioxide': 6.8, 'sulphur_dioxide': 12.0, 'ozone': 129.0, 'wind_speed': 2.5, 'wind_dir_degrees': 102, 'wind_dir_cardinal': 'E', 'rainfall': 0.0}
2025-07-15 12:36:30,767 - INFO - Modbus connection successful (Attempt 1/3)
2025-07-15 12:36:30,801 - INFO - environment read successfully in 0.03s: {'temperature': 40.2, 'humidity': 43.7, 'pressure': 1010.1}
2025-07-15 12:36:32,846 - INFO - uv read successfully in 2.04s: {'uv_index': 14.93}
2025-07-15 12:36:32,891 - INFO - aqi read successfully in 0.04s: {'co2': nan, 'pm2_5': 38.6, 'pm10': 218.9, 'carbon_monoxide': 232.0, 'nitrogen_dioxide': 6.8, 'sulphur_dioxide': 12.0, 'ozone': 129.0}
2025-07-15 12:36:32,921 - INFO - wind_speed read successfully in 0.03s: {'wind_speed': 2.4}
2025-07-15 12:36:32,954 - INFO - wind_direction read successfully in 0.03s: {'wind_dir_degrees': 155, 'wind_dir_cardinal': 'SE'}
2025-07-15 12:36:32,984 - INFO - rainfall read successfully in 0.03s: {'rainfall': 0.0}
2025-07-15 12:36:32,984 - INFO - Read cycle complete. Successful: 6, Errors: 0
2025-07-15 12:36:32,984 - INFO - Current sensor data: {'timestamp': '2025-07-15T12:36:30.767261', 'temperature': 40.2, 'humidity': 43.7, 'pressure': 1010.1, 'uv_index': 14.93, 'co2': nan, 'pm2_5': 38.6, 'pm10': 218.9, 'carbon_monoxide': 232.0, 'nitrogen_dioxide': 6.8, 'sulphur_dioxide': 12.0, 'ozone': 129.0, 'wind_speed': 2.4, 'wind_dir_degrees': 155, 'wind_dir_cardinal': 'SE', 'rainfall': 0.0}
2025-07-15 12:36:34,984 - INFO - Modbus connection successful (Attempt 1/3)
2025-07-15 12:36:35,019 - INFO - environment read successfully in 0.03s: {'temperature': 40.2, 'humidity': 43.7, 'pressure': 1010.1}
2025-07-15 12:36:35,281 - INFO - Switched to GUI-2 (Next toggle in 5s
2025-07-15 12:36:37,065 - INFO - uv read successfully in 2.05s: {'uv_index': 14.69}
2025-07-15 12:36:37,124 - INFO - aqi read successfully in 0.06s: {'co2': nan, 'pm2_5': 38.6, 'pm10': 218.9, 'carbon_monoxide': 232.0, 'nitrogen_dioxide': 6.8, 'sulphur_dioxide': 12.0, 'ozone': 129.0}
2025-07-15 12:36:37,154 - INFO - wind_speed read successfully in 0.03s: {'wind_speed': 2.2}
2025-07-15 12:36:37,188 - INFO - wind_direction read successfully in 0.03s: {'wind_dir_degrees': 82, 'wind_dir_cardinal': 'E'}
2025-07-15 12:36:37,217 - INFO - rainfall read successfully in 0.03s: {'rainfall': 0.0}
2025-07-15 12:36:37,217 - INFO - Read cycle complete. Successful: 6, Errors: 0
2025-07-15 12:36:37,218 - INFO - Current sensor data: {'timestamp': '2025-07-15T12:36:34.984973', 'temperature': 40.2, 'humidity': 43.7, 'pressure': 1010.1, 'uv_index': 14.69, 'co2': nan, 'pm2_5': 38.6, 'pm10': 218.9, 'carbon_monoxide': 232.0, 'nitrogen_dioxide': 6.8, 'sulphur_dioxide': 12.0, 'ozone': 129.0, 'wind_speed': 2.2, 'wind_dir_degrees': 82, 'wind_dir_cardinal': 'E', 'rainfall': 0.0}
2025-07-15 12:36:39,218 - INFO - Modbus connection successful (Attempt 1/3)
2025-07-15 12:36:39,252 - INFO - environment read successfully in 0.03s: {'temperature': 40.2, 'humidity': 43.8, 'pressure': 1010.1}
2025-07-15 12:36:40,281 - INFO - Switched to GUI-1 (Next toggle in 10s
2025-07-15 12:36:41,298 - INFO - uv read successfully in 2.05s: {'uv_index': 14.79}
2025-07-15 12:36:41,343 - INFO - aqi read successfully in 0.04s: {'co2': nan, 'pm2_5': 38.6, 'pm10': 218.9, 'carbon_monoxide': 232.0, 'nitrogen_dioxide': 6.8, 'sulphur_dioxide': 12.0, 'ozone': 129.0}
2025-07-15 12:36:41,373 - INFO - wind_speed read successfully in 0.03s: {'wind_speed': 2.1}
2025-07-15 12:36:41,407 - INFO - wind_direction read successfully in 0.03s: {'wind_dir_degrees': 131, 'wind_dir_cardinal': 'SE'}
2025-07-15 12:36:41,436 - INFO - rainfall read successfully in 0.03s: {'rainfall': 0.0}
2025-07-15 12:36:41,436 - INFO - Read cycle complete. Successful: 6, Errors: 0
2025-07-15 12:36:41,436 - INFO - Current sensor data: {'timestamp': '2025-07-15T12:36:39.218201', 'temperature': 40.2, 'humidity': 43.8, 'pressure': 1010.1, 'uv_index': 14.79, 'co2': nan, 'pm2_5': 38.6, 'pm10': 218.9, 'carbon_monoxide': 232.0, 'nitrogen_dioxide': 6.8, 'sulphur_dioxide': 12.0, 'ozone': 129.0, 'wind_speed': 2.1, 'wind_dir_degrees': 131, 'wind_dir_cardinal': 'SE', 'rainfall': 0.0}
2025-07-15 12:36:43,436 - INFO - Modbus connection successful (Attempt 1/3)
2025-07-15 12:36:43,471 - INFO - environment read successfully in 0.03s: {'temperature': 40.2, 'humidity': 43.9, 'pressure': 1010.1}
2025-07-15 12:36:45,517 - INFO - uv read successfully in 2.05s: {'uv_index': 14.73}
2025-07-15 12:36:45,594 - INFO - aqi read successfully in 0.08s: {'co2': nan, 'pm2_5': 38.6, 'pm10': 218.9, 'carbon_monoxide': 232.0, 'nitrogen_dioxide': 6.8, 'sulphur_dioxide': 12.0, 'ozone': 129.0}
2025-07-15 12:36:45,624 - INFO - wind_speed read successfully in 0.03s: {'wind_speed': 1.9}
2025-07-15 12:36:45,658 - INFO - wind_direction read successfully in 0.03s: {'wind_dir_degrees': 182, 'wind_dir_cardinal': 'S'}
2025-07-15 12:36:45,687 - INFO - rainfall read successfully in 0.03s: {'rainfall': 0.0}
2025-07-15 12:36:45,688 - INFO - Read cycle complete. Successful: 6, Errors: 0
2025-07-15 12:36:45,688 - INFO - Current sensor data: {'timestamp': '2025-07-15T12:36:43.437082', 'temperature': 40.2, 'humidity': 43.9, 'pressure': 1010.1, 'uv_index': 14.73, 'co2': nan, 'pm2_5': 38.6, 'pm10': 218.9, 'carbon_monoxide': 232.0, 'nitrogen_dioxide': 6.8, 'sulphur_dioxide': 12.0, 'ozone': 129.0, 'wind_speed': 1.9, 'wind_dir_degrees': 182, 'wind_dir_cardinal': 'S', 'rainfall': 0.0}
2025-07-15 12:36:47,688 - INFO - Modbus connection successful (Attempt 1/3)
2025-07-15 12:36:47,722 - INFO - environment read successfully in 0.03s: {'temperature': 40.2, 'humidity': 43.9, 'pressure': 1010.1}
2025-07-15 12:36:49,769 - INFO - uv read successfully in 2.05s: {'uv_index': 14.7}
2025-07-15 12:36:49,838 - INFO - aqi read successfully in 0.07s: {'co2': nan, 'pm2_5': 38.6, 'pm10': 218.9, 'carbon_monoxide': 232.0, 'nitrogen_dioxide': 6.8, 'sulphur_dioxide': 12.0, 'ozone': 129.0}
2025-07-15 12:36:49,868 - INFO - wind_speed read successfully in 0.03s: {'wind_speed': 1.9}
2025-07-15 12:36:49,902 - INFO - wind_direction read successfully in 0.03s: {'wind_dir_degrees': 75, 'wind_dir_cardinal': 'E'}
2025-07-15 12:36:49,932 - INFO - rainfall read successfully in 0.03s: {'rainfall': 0.0}
2025-07-15 12:36:49,932 - INFO - Read cycle complete. Successful: 6, Errors: 0
2025-07-15 12:36:49,932 - INFO - Current sensor data: {'timestamp': '2025-07-15T12:36:47.688345', 'temperature': 40.2, 'humidity': 43.9, 'pressure': 1010.1, 'uv_index': 14.7, 'co2': nan, 'pm2_5': 38.6, 'pm10': 218.9, 'carbon_monoxide': 232.0, 'nitrogen_dioxide': 6.8, 'sulphur_dioxide': 12.0, 'ozone': 129.0, 'wind_speed': 1.9, 'wind_dir_degrees': 75, 'wind_dir_cardinal': 'E', 'rainfall': 0.0}
2025-07-15 12:36:49,932 - INFO - Sensor data queued for CSV write
2025-07-15 12:36:50,281 - INFO - Switched to GUI-2 (Next toggle in 5s
2025-07-15 12:36:50,355 - INFO - CSV write completed at 2025-07-15T12:36:50.355501
2025-07-15 12:36:51,932 - INFO - Modbus connection successful (Attempt 1/3)
2025-07-15 12:36:51,966 - INFO - environment read successfully in 0.03s: {'temperature': 40.2, 'humidity': 43.7, 'pressure': 1010.0}
2025-07-15 12:36:54,013 - INFO - uv read successfully in 2.05s: {'uv_index': 14.79}
2025-07-15 12:36:54,082 - INFO - aqi read successfully in 0.07s: {'co2': nan, 'pm2_5': 38.6, 'pm10': 218.9, 'carbon_monoxide': 232.0, 'nitrogen_dioxide': 6.8, 'sulphur_dioxide': 12.0, 'ozone': 129.0}
2025-07-15 12:36:54,112 - INFO - wind_speed read successfully in 0.03s: {'wind_speed': 1.7}
2025-07-15 12:36:54,147 - INFO - wind_direction read successfully in 0.03s: {'wind_dir_degrees': 99, 'wind_dir_cardinal': 'E'}
2025-07-15 12:36:54,176 - INFO - rainfall read successfully in 0.03s: {'rainfall': 0.0}
2025-07-15 12:36:54,176 - INFO - Read cycle complete. Successful: 6, Errors: 0
2025-07-15 12:36:54,177 - INFO - Current sensor data: {'timestamp': '2025-07-15T12:36:51.932558', 'temperature': 40.2, 'humidity': 43.7, 'pressure': 1010.0, 'uv_index': 14.79, 'co2': nan, 'pm2_5': 38.6, 'pm10': 218.9, 'carbon_monoxide': 232.0, 'nitrogen_dioxide': 6.8, 'sulphur_dioxide': 12.0, 'ozone': 129.0, 'wind_speed': 1.7, 'wind_dir_degrees': 99, 'wind_dir_cardinal': 'E', 'rainfall': 0.0}
2025-07-15 12:36:55,281 - INFO - Switched to GUI-1 (Next toggle in 10s
2025-07-15 12:36:56,177 - INFO - Modbus connection successful (Attempt 1/3)
2025-07-15 12:36:56,211 - INFO - environment read successfully in 0.03s: {'temperature': 40.2, 'humidity': 43.7, 'pressure': 1010.0}
2025-07-15 12:36:58,254 - INFO - uv read successfully in 2.04s: {'uv_index': 14.53}
2025-07-15 12:36:58,342 - INFO - aqi read successfully in 0.09s: {'co2': nan, 'pm2_5': 38.6, 'pm10': 218.9, 'carbon_monoxide': 232.0, 'nitrogen_dioxide': 6.8, 'sulphur_dioxide': 12.0, 'ozone': 129.0}
2025-07-15 12:36:58,372 - INFO - wind_speed read successfully in 0.03s: {'wind_speed': 1.6}
2025-07-15 12:36:58,406 - INFO - wind_direction read successfully in 0.03s: {'wind_dir_degrees': 216, 'wind_dir_cardinal': 'SW'}
2025-07-15 12:36:58,436 - INFO - rainfall read successfully in 0.03s: {'rainfall': 0.0}
2025-07-15 12:36:58,436 - INFO - Read cycle complete. Successful: 6, Errors: 0
2025-07-15 12:36:58,436 - INFO - Current sensor data: {'timestamp': '2025-07-15T12:36:56.177363', 'temperature': 40.2, 'humidity': 43.7, 'pressure': 1010.0, 'uv_index': 14.53, 'co2': nan, 'pm2_5': 38.6, 'pm10': 218.9, 'carbon_monoxide': 232.0, 'nitrogen_dioxide': 6.8, 'sulphur_dioxide': 12.0, 'ozone': 129.0, 'wind_speed': 1.6, 'wind_dir_degrees': 216, 'wind_dir_cardinal': 'SW', 'rainfall': 0.0}
2025-07-15 12:37:00,436 - INFO - Modbus connection successful (Attempt 1/3)
2025-07-15 12:37:00,471 - INFO - environment read successfully in 0.03s: {'temperature': 40.2, 'humidity': 43.7, 'pressure': 1010.0}
2025-07-15 12:37:02,515 - INFO - uv read successfully in 2.04s: {'uv_index': 14.84}
2025-07-15 12:37:02,588 - INFO - aqi read successfully in 0.07s: {'co2': nan, 'pm2_5': 38.6, 'pm10': 218.9, 'carbon_monoxide': 232.0, 'nitrogen_dioxide': 6.8, 'sulphur_dioxide': 12.0, 'ozone': 129.0}
2025-07-15 12:37:02,618 - INFO - wind_speed read successfully in 0.03s: {'wind_speed': 1.6}
2025-07-15 12:37:02,652 - INFO - wind_direction read successfully in 0.03s: {'wind_dir_degrees': 54, 'wind_dir_cardinal': 'NE'}
2025-07-15 12:37:02,682 - INFO - rainfall read successfully in 0.03s: {'rainfall': 0.0}
2025-07-15 12:37:02,682 - INFO - Read cycle complete. Successful: 6, Errors: 0
2025-07-15 12:37:02,682 - INFO - Current sensor data: {'timestamp': '2025-07-15T12:37:00.436990', 'temperature': 40.2, 'humidity': 43.7, 'pressure': 1010.0, 'uv_index': 14.84, 'co2': nan, 'pm2_5': 38.6, 'pm10': 218.9, 'carbon_monoxide': 232.0, 'nitrogen_dioxide': 6.8, 'sulphur_dioxide': 12.0, 'ozone': 129.0, 'wind_speed': 1.6, 'wind_dir_degrees': 54, 'wind_dir_cardinal': 'NE', 'rainfall': 0.0}
2025-07-15 12:37:04,683 - INFO - Modbus connection successful (Attempt 1/3)
2025-07-15 12:37:04,717 - INFO - environment read successfully in 0.03s: {'temperature': 40.2, 'humidity': 43.7, 'pressure': 1010.0}
2025-07-15 12:37:05,282 - INFO - Switched to GUI-2 (Next toggle in 5s
2025-07-15 12:37:06,761 - INFO - uv read successfully in 2.04s: {'uv_index': 14.41}
2025-07-15 12:37:06,830 - INFO - aqi read successfully in 0.07s: {'co2': nan, 'pm2_5': 38.6, 'pm10': 218.9, 'carbon_monoxide': 232.0, 'nitrogen_dioxide': 6.8, 'sulphur_dioxide': 12.0, 'ozone': 129.0}
2025-07-15 12:37:06,860 - INFO - wind_speed read successfully in 0.03s: {'wind_speed': 1.7}
2025-07-15 12:37:06,894 - INFO - wind_direction read successfully in 0.03s: {'wind_dir_degrees': 92, 'wind_dir_cardinal': 'E'}
2025-07-15 12:37:06,924 - INFO - rainfall read successfully in 0.03s: {'rainfall': 0.0}
2025-07-15 12:37:06,924 - INFO - Read cycle complete. Successful: 6, Errors: 0
2025-07-15 12:37:06,924 - INFO - Current sensor data: {'timestamp': '2025-07-15T12:37:04.683155', 'temperature': 40.2, 'humidity': 43.7, 'pressure': 1010.0, 'uv_index': 14.41, 'co2': nan, 'pm2_5': 38.6, 'pm10': 218.9, 'carbon_monoxide': 232.0, 'nitrogen_dioxide': 6.8, 'sulphur_dioxide': 12.0, 'ozone': 129.0, 'wind_speed': 1.7, 'wind_dir_degrees': 92, 'wind_dir_cardinal': 'E', 'rainfall': 0.0}
2025-07-15 12:37:08,924 - INFO - Modbus connection successful (Attempt 1/3)
2025-07-15 12:37:08,959 - INFO - environment read successfully in 0.03s: {'temperature': 40.2, 'humidity': 43.7, 'pressure': 1010.0}
2025-07-15 12:37:10,282 - INFO - Switched to GUI-1 (Next toggle in 10s
2025-07-15 12:37:11,004 - INFO - uv read successfully in 2.04s: {'uv_index': 14.78}
2025-07-15 12:37:11,091 - INFO - aqi read successfully in 0.09s: {'co2': nan, 'pm2_5': 38.6, 'pm10': 218.9, 'carbon_monoxide': 232.0, 'nitrogen_dioxide': 6.8, 'sulphur_dioxide': 12.0, 'ozone': 129.0}
2025-07-15 12:37:11,121 - INFO - wind_speed read successfully in 0.03s: {'wind_speed': 1.7}
2025-07-15 12:37:11,155 - INFO - wind_direction read successfully in 0.03s: {'wind_dir_degrees': 135, 'wind_dir_cardinal': 'SE'}
2025-07-15 12:37:11,185 - INFO - rainfall read successfully in 0.03s: {'rainfall': 0.0}
2025-07-15 12:37:11,185 - INFO - Read cycle complete. Successful: 6, Errors: 0
2025-07-15 12:37:11,185 - INFO - Current sensor data: {'timestamp': '2025-07-15T12:37:08.925072', 'temperature': 40.2, 'humidity': 43.7, 'pressure': 1010.0, 'uv_index': 14.78, 'co2': nan, 'pm2_5': 38.6, 'pm10': 218.9, 'carbon_monoxide': 232.0, 'nitrogen_dioxide': 6.8, 'sulphur_dioxide': 12.0, 'ozone': 129.0, 'wind_speed': 1.7, 'wind_dir_degrees': 135, 'wind_dir_cardinal': 'SE', 'rainfall': 0.0}
2025-07-15 12:37:13,185 - INFO - Modbus connection successful (Attempt 1/3)
2025-07-15 12:37:13,220 - INFO - environment read successfully in 0.03s: {'temperature': 40.2, 'humidity': 43.6, 'pressure': 1010.0}
2025-07-15 12:37:15,266 - INFO - uv read successfully in 2.05s: {'uv_index': 14.18}
2025-07-15 12:37:15,337 - INFO - aqi read successfully in 0.07s: {'co2': nan, 'pm2_5': 38.6, 'pm10': 218.9, 'carbon_monoxide': 232.0, 'nitrogen_dioxide': 6.8, 'sulphur_dioxide': 12.0, 'ozone': 129.0}
2025-07-15 12:37:15,367 - INFO - wind_speed read successfully in 0.03s: {'wind_speed': 1.7}
2025-07-15 12:37:15,401 - INFO - wind_direction read successfully in 0.03s: {'wind_dir_degrees': 147, 'wind_dir_cardinal': 'SE'}
2025-07-15 12:37:15,431 - INFO - rainfall read successfully in 0.03s: {'rainfall': 0.0}
2025-07-15 12:37:15,431 - INFO - Read cycle complete. Successful: 6, Errors: 0
2025-07-15 12:37:15,431 - INFO - Current sensor data: {'timestamp': '2025-07-15T12:37:13.186025', 'temperature': 40.2, 'humidity': 43.6, 'pressure': 1010.0, 'uv_index': 14.18, 'co2': nan, 'pm2_5': 38.6, 'pm10': 218.9, 'carbon_monoxide': 232.0, 'nitrogen_dioxide': 6.8, 'sulphur_dioxide': 12.0, 'ozone': 129.0, 'wind_speed': 1.7, 'wind_dir_degrees': 147, 'wind_dir_cardinal': 'SE', 'rainfall': 0.0}
2025-07-15 12:37:17,431 - INFO - Modbus connection successful (Attempt 1/3)
2025-07-15 12:37:17,465 - INFO - environment read successfully in 0.03s: {'temperature': 40.2, 'humidity': 43.8, 'pressure': 1010.0}
2025-07-15 12:37:19,512 - INFO - uv read successfully in 2.05s: {'uv_index': 13.53}
2025-07-15 12:37:19,587 - INFO - aqi read successfully in 0.07s: {'co2': nan, 'pm2_5': 38.6, 'pm10': 218.9, 'carbon_monoxide': 232.0, 'nitrogen_dioxide': 6.8, 'sulphur_dioxide': 12.0, 'ozone': 129.0}
2025-07-15 12:37:19,617 - INFO - wind_speed read successfully in 0.03s: {'wind_speed': 1.8}
2025-07-15 12:37:19,652 - INFO - wind_direction read successfully in 0.03s: {'wind_dir_degrees': 134, 'wind_dir_cardinal': 'SE'}
2025-07-15 12:37:19,681 - INFO - rainfall read successfully in 0.03s: {'rainfall': 0.0}
2025-07-15 12:37:19,681 - INFO - Read cycle complete. Successful: 6, Errors: 0
2025-07-15 12:37:19,682 - INFO - Current sensor data: {'timestamp': '2025-07-15T12:37:17.431520', 'temperature': 40.2, 'humidity': 43.8, 'pressure': 1010.0, 'uv_index': 13.53, 'co2': nan, 'pm2_5': 38.6, 'pm10': 218.9, 'carbon_monoxide': 232.0, 'nitrogen_dioxide': 6.8, 'sulphur_dioxide': 12.0, 'ozone': 129.0, 'wind_speed': 1.8, 'wind_dir_degrees': 134, 'wind_dir_cardinal': 'SE', 'rainfall': 0.0}
2025-07-15 12:37:20,282 - INFO - Switched to GUI-2 (Next toggle in 5s
2025-07-15 12:37:20,359 - INFO - CSV write completed at 2025-07-15T12:37:20.358939
2025-07-15 12:37:21,682 - INFO - Modbus connection successful (Attempt 1/3)
2025-07-15 12:37:21,716 - INFO - environment read successfully in 0.03s: {'temperature': 40.2, 'humidity': 43.8, 'pressure': 1010.0}
2025-07-15 12:37:23,760 - INFO - uv read successfully in 2.04s: {'uv_index': 14.32}
2025-07-15 12:37:23,840 - INFO - aqi read successfully in 0.08s: {'co2': nan, 'pm2_5': 38.6, 'pm10': 218.9, 'carbon_monoxide': 232.0, 'nitrogen_dioxide': 6.8, 'sulphur_dioxide': 12.0, 'ozone': 129.0}
2025-07-15 12:37:23,870 - INFO - wind_speed read successfully in 0.03s: {'wind_speed': 2.2}
2025-07-15 12:37:23,904 - INFO - wind_direction read successfully in 0.03s: {'wind_dir_degrees': 148, 'wind_dir_cardinal': 'SE'}
2025-07-15 12:37:23,934 - INFO - rainfall read successfully in 0.03s: {'rainfall': 0.0}
2025-07-15 12:37:23,934 - INFO - Read cycle complete. Successful: 6, Errors: 0
2025-07-15 12:37:23,934 - INFO - Current sensor data: {'timestamp': '2025-07-15T12:37:21.682371', 'temperature': 40.2, 'humidity': 43.8, 'pressure': 1010.0, 'uv_index': 14.32, 'co2': nan, 'pm2_5': 38.6, 'pm10': 218.9, 'carbon_monoxide': 232.0, 'nitrogen_dioxide': 6.8, 'sulphur_dioxide': 12.0, 'ozone': 129.0, 'wind_speed': 2.2, 'wind_dir_degrees': 148, 'wind_dir_cardinal': 'SE', 'rainfall': 0.0}
2025-07-15 12:37:23,934 - INFO - Sensor data queued for CSV write
2025-07-15 12:37:25,283 - INFO - Switched to GUI-1 (Next toggle in 10s
2025-07-15 12:37:25,934 - INFO - Modbus connection successful (Attempt 1/3)
2025-07-15 12:37:25,968 - INFO - environment read successfully in 0.03s: {'temperature': 40.2, 'humidity': 43.8, 'pressure': 1010.0}
2025-07-15 12:37:28,015 - INFO - uv read successfully in 2.05s: {'uv_index': 14.0}
2025-07-15 12:37:28,086 - INFO - aqi read successfully in 0.07s: {'co2': nan, 'pm2_5': 38.6, 'pm10': 218.9, 'carbon_monoxide': 232.0, 'nitrogen_dioxide': 6.8, 'sulphur_dioxide': 12.0, 'ozone': 129.0}
2025-07-15 12:37:28,116 - INFO - wind_speed read successfully in 0.03s: {'wind_speed': 2.8}
2025-07-15 12:37:28,155 - INFO - wind_direction read successfully in 0.04s: {'wind_dir_degrees': 286, 'wind_dir_cardinal': 'W'}
2025-07-15 12:37:28,187 - INFO - rainfall read successfully in 0.03s: {'rainfall': 0.0}
2025-07-15 12:37:28,187 - INFO - Read cycle complete. Successful: 6, Errors: 0
2025-07-15 12:37:28,187 - INFO - Current sensor data: {'timestamp': '2025-07-15T12:37:25.934769', 'temperature': 40.2, 'humidity': 43.8, 'pressure': 1010.0, 'uv_index': 14.0, 'co2': nan, 'pm2_5': 38.6, 'pm10': 218.9, 'carbon_monoxide': 232.0, 'nitrogen_dioxide': 6.8, 'sulphur_dioxide': 12.0, 'ozone': 129.0, 'wind_speed': 2.8, 'wind_dir_degrees': 286, 'wind_dir_cardinal': 'W', 'rainfall': 0.0}
2025-07-15 12:37:30,187 - INFO - Modbus connection successful (Attempt 1/3)
2025-07-15 12:37:30,222 - INFO - environment read successfully in 0.03s: {'temperature': 40.2, 'humidity': 43.8, 'pressure': 1010.1}
2025-07-15 12:37:32,265 - INFO - uv read successfully in 2.04s: {'uv_index': 14.4}
2025-07-15 12:37:32,357 - INFO - aqi read successfully in 0.09s: {'co2': nan, 'pm2_5': 38.6, 'pm10': 218.9, 'carbon_monoxide': 232.0, 'nitrogen_dioxide': 6.8, 'sulphur_dioxide': 12.0, 'ozone': 129.0}
2025-07-15 12:37:32,387 - INFO - wind_speed read successfully in 0.03s: {'wind_speed': 2.4}
2025-07-15 12:37:32,421 - INFO - wind_direction read successfully in 0.03s: {'wind_dir_degrees': 1, 'wind_dir_cardinal': 'N'}
2025-07-15 12:37:32,451 - INFO - rainfall read successfully in 0.03s: {'rainfall': 0.0}
2025-07-15 12:37:32,451 - INFO - Read cycle complete. Successful: 6, Errors: 0
2025-07-15 12:37:32,451 - INFO - Current sensor data: {'timestamp': '2025-07-15T12:37:30.187963', 'temperature': 40.2, 'humidity': 43.8, 'pressure': 1010.1, 'uv_index': 14.4, 'co2': nan, 'pm2_5': 38.6, 'pm10': 218.9, 'carbon_monoxide': 232.0, 'nitrogen_dioxide': 6.8, 'sulphur_dioxide': 12.0, 'ozone': 129.0, 'wind_speed': 2.4, 'wind_dir_degrees': 1, 'wind_dir_cardinal': 'N', 'rainfall': 0.0}
2025-07-15 12:37:34,451 - INFO - Modbus connection successful (Attempt 1/3)
2025-07-15 12:37:34,485 - INFO - environment read successfully in 0.03s: {'temperature': 40.2, 'humidity': 43.9, 'pressure': 1010.0}
2025-07-15 12:37:35,283 - INFO - Switched to GUI-2 (Next toggle in 5s
2025-07-15 12:37:36,530 - INFO - uv read successfully in 2.04s: {'uv_index': 14.17}
2025-07-15 12:37:36,603 - INFO - aqi read successfully in 0.07s: {'co2': nan, 'pm2_5': 38.6, 'pm10': 218.9, 'carbon_monoxide': 232.0, 'nitrogen_dioxide': 6.8, 'sulphur_dioxide': 12.0, 'ozone': 129.0}
2025-07-15 12:37:36,633 - INFO - wind_speed read successfully in 0.03s: {'wind_speed': 2.1}
2025-07-15 12:37:36,667 - INFO - wind_direction read successfully in 0.03s: {'wind_dir_degrees': 276, 'wind_dir_cardinal': 'W'}
2025-07-15 12:37:36,697 - INFO - rainfall read successfully in 0.03s: {'rainfall': 0.0}
2025-07-15 12:37:36,697 - INFO - Read cycle complete. Successful: 6, Errors: 0
2025-07-15 12:37:36,697 - INFO - Current sensor data: {'timestamp': '2025-07-15T12:37:34.451658', 'temperature': 40.2, 'humidity': 43.9, 'pressure': 1010.0, 'uv_index': 14.17, 'co2': nan, 'pm2_5': 38.6, 'pm10': 218.9, 'carbon_monoxide': 232.0, 'nitrogen_dioxide': 6.8, 'sulphur_dioxide': 12.0, 'ozone': 129.0, 'wind_speed': 2.1, 'wind_dir_degrees': 276, 'wind_dir_cardinal': 'W', 'rainfall': 0.0}
2025-07-15 12:37:38,697 - INFO - Modbus connection successful (Attempt 1/3)
2025-07-15 12:37:38,731 - INFO - environment read successfully in 0.03s: {'temperature': 40.2, 'humidity': 43.8, 'pressure': 1010.0}
2025-07-15 12:37:40,283 - INFO - Switched to GUI-1 (Next toggle in 10s
2025-07-15 12:37:40,776 - INFO - uv read successfully in 2.04s: {'uv_index': 14.38}
2025-07-15 12:37:40,844 - INFO - aqi read successfully in 0.07s: {'co2': nan, 'pm2_5': 38.6, 'pm10': 218.9, 'carbon_monoxide': 232.0, 'nitrogen_dioxide': 6.8, 'sulphur_dioxide': 12.0, 'ozone': 129.0}
2025-07-15 12:37:40,875 - INFO - wind_speed read successfully in 0.03s: {'wind_speed': 1.9}
2025-07-15 12:37:40,909 - INFO - wind_direction read successfully in 0.03s: {'wind_dir_degrees': 22, 'wind_dir_cardinal': 'N'}
2025-07-15 12:37:40,939 - INFO - rainfall read successfully in 0.03s: {'rainfall': 0.0}
2025-07-15 12:37:40,939 - INFO - Read cycle complete. Successful: 6, Errors: 0
2025-07-15 12:37:40,939 - INFO - Current sensor data: {'timestamp': '2025-07-15T12:37:38.697783', 'temperature': 40.2, 'humidity': 43.8, 'pressure': 1010.0, 'uv_index': 14.38, 'co2': nan, 'pm2_5': 38.6, 'pm10': 218.9, 'carbon_monoxide': 232.0, 'nitrogen_dioxide': 6.8, 'sulphur_dioxide': 12.0, 'ozone': 129.0, 'wind_speed': 1.9, 'wind_dir_degrees': 22, 'wind_dir_cardinal': 'N', 'rainfall': 0.0}
2025-07-15 12:37:42,939 - INFO - Modbus connection successful (Attempt 1/3)
2025-07-15 12:37:42,973 - INFO - environment read successfully in 0.03s: {'temperature': 40.2, 'humidity': 43.8, 'pressure': 1010.0}
2025-07-15 12:37:45,016 - INFO - uv read successfully in 2.04s: {'uv_index': 14.29}
2025-07-15 12:37:45,109 - INFO - aqi read successfully in 0.09s: {'co2': nan, 'pm2_5': 38.6, 'pm10': 218.9, 'carbon_monoxide': 232.0, 'nitrogen_dioxide': 6.8, 'sulphur_dioxide': 12.0, 'ozone': 129.0}
2025-07-15 12:37:45,139 - INFO - wind_speed read successfully in 0.03s: {'wind_speed': 2.4}
2025-07-15 12:37:45,173 - INFO - wind_direction read successfully in 0.03s: {'wind_dir_degrees': 59, 'wind_dir_cardinal': 'NE'}
2025-07-15 12:37:45,203 - INFO - rainfall read successfully in 0.03s: {'rainfall': 0.0}
2025-07-15 12:37:45,203 - INFO - Read cycle complete. Successful: 6, Errors: 0
2025-07-15 12:37:45,203 - INFO - Current sensor data: {'timestamp': '2025-07-15T12:37:42.939509', 'temperature': 40.2, 'humidity': 43.8, 'pressure': 1010.0, 'uv_index': 14.29, 'co2': nan, 'pm2_5': 38.6, 'pm10': 218.9, 'carbon_monoxide': 232.0, 'nitrogen_dioxide': 6.8, 'sulphur_dioxide': 12.0, 'ozone': 129.0, 'wind_speed': 2.4, 'wind_dir_degrees': 59, 'wind_dir_cardinal': 'NE', 'rainfall': 0.0}
2025-07-15 12:37:47,203 - INFO - Modbus connection successful (Attempt 1/3)
2025-07-15 12:37:47,238 - INFO - environment read successfully in 0.03s: {'temperature': 40.2, 'humidity': 43.8, 'pressure': 1010.0}
2025-07-15 12:37:49,285 - INFO - uv read successfully in 2.05s: {'uv_index': 14.35}
2025-07-15 12:37:49,353 - INFO - aqi read successfully in 0.07s: {'co2': nan, 'pm2_5': 38.6, 'pm10': 218.9, 'carbon_monoxide': 232.0, 'nitrogen_dioxide': 6.8, 'sulphur_dioxide': 12.0, 'ozone': 129.0}
2025-07-15 12:37:49,383 - INFO - wind_speed read successfully in 0.03s: {'wind_speed': 3.0}
2025-07-15 12:37:49,417 - INFO - wind_direction read successfully in 0.03s: {'wind_dir_degrees': 75, 'wind_dir_cardinal': 'E'}
2025-07-15 12:37:49,447 - INFO - rainfall read successfully in 0.03s: {'rainfall': 0.0}
2025-07-15 12:37:49,447 - INFO - Read cycle complete. Successful: 6, Errors: 0
2025-07-15 12:37:49,447 - INFO - Current sensor data: {'timestamp': '2025-07-15T12:37:47.204019', 'temperature': 40.2, 'humidity': 43.8, 'pressure': 1010.0, 'uv_index': 14.35, 'co2': nan, 'pm2_5': 38.6, 'pm10': 218.9, 'carbon_monoxide': 232.0, 'nitrogen_dioxide': 6.8, 'sulphur_dioxide': 12.0, 'ozone': 129.0, 'wind_speed': 3.0, 'wind_dir_degrees': 75, 'wind_dir_cardinal': 'E', 'rainfall': 0.0}
2025-07-15 12:37:50,284 - INFO - Switched to GUI-2 (Next toggle in 5s
2025-07-15 12:37:50,362 - INFO - CSV write completed at 2025-07-15T12:37:50.362476
2025-07-15 12:37:51,447 - INFO - Modbus connection successful (Attempt 1/3)
2025-07-15 12:37:51,481 - INFO - environment read successfully in 0.03s: {'temperature': 40.1, 'humidity': 43.8, 'pressure': 1010.0}
2025-07-15 12:37:53,528 - INFO - uv read successfully in 2.05s: {'uv_index': 14.23}
2025-07-15 12:37:53,606 - INFO - aqi read successfully in 0.08s: {'co2': nan, 'pm2_5': 38.6, 'pm10': 218.9, 'carbon_monoxide': 232.0, 'nitrogen_dioxide': 6.8, 'sulphur_dioxide': 12.0, 'ozone': 129.0}
2025-07-15 12:37:53,636 - INFO - wind_speed read successfully in 0.03s: {'wind_speed': 2.8}
2025-07-15 12:37:53,670 - INFO - wind_direction read successfully in 0.03s: {'wind_dir_degrees': 1, 'wind_dir_cardinal': 'N'}
2025-07-15 12:37:53,700 - INFO - rainfall read successfully in 0.03s: {'rainfall': 0.0}
2025-07-15 12:37:53,700 - INFO - Read cycle complete. Successful: 6, Errors: 0
2025-07-15 12:37:53,700 - INFO - Current sensor data: {'timestamp': '2025-07-15T12:37:51.447616', 'temperature': 40.1, 'humidity': 43.8, 'pressure': 1010.0, 'uv_index': 14.23, 'co2': nan, 'pm2_5': 38.6, 'pm10': 218.9, 'carbon_monoxide': 232.0, 'nitrogen_dioxide': 6.8, 'sulphur_dioxide': 12.0, 'ozone': 129.0, 'wind_speed': 2.8, 'wind_dir_degrees': 1, 'wind_dir_cardinal': 'N', 'rainfall': 0.0}
2025-07-15 12:37:55,284 - INFO - Switched to GUI-1 (Next toggle in 10s
2025-07-15 12:37:55,700 - INFO - Modbus connection successful (Attempt 1/3)
2025-07-15 12:37:55,735 - INFO - environment read successfully in 0.03s: {'temperature': 40.2, 'humidity': 43.9, 'pressure': 1010.0}
2025-07-15 12:37:57,778 - INFO - uv read successfully in 2.04s: {'uv_index': 14.26}
2025-07-15 12:37:57,862 - INFO - aqi read successfully in 0.08s: {'co2': nan, 'pm2_5': 38.6, 'pm10': 218.9, 'carbon_monoxide': 232.0, 'nitrogen_dioxide': 6.8, 'sulphur_dioxide': 12.0, 'ozone': 129.0}
2025-07-15 12:37:57,892 - INFO - wind_speed read successfully in 0.03s: {'wind_speed': 2.4}
2025-07-15 12:37:57,926 - INFO - wind_direction read successfully in 0.03s: {'wind_dir_degrees': 313, 'wind_dir_cardinal': 'NW'}
2025-07-15 12:37:57,956 - INFO - rainfall read successfully in 0.03s: {'rainfall': 0.0}
2025-07-15 12:37:57,956 - INFO - Read cycle complete. Successful: 6, Errors: 0
2025-07-15 12:37:57,956 - INFO - Current sensor data: {'timestamp': '2025-07-15T12:37:55.700814', 'temperature': 40.2, 'humidity': 43.9, 'pressure': 1010.0, 'uv_index': 14.26, 'co2': nan, 'pm2_5': 38.6, 'pm10': 218.9, 'carbon_monoxide': 232.0, 'nitrogen_dioxide': 6.8, 'sulphur_dioxide': 12.0, 'ozone': 129.0, 'wind_speed': 2.4, 'wind_dir_degrees': 313, 'wind_dir_cardinal': 'NW', 'rainfall': 0.0}
2025-07-15 12:37:57,956 - INFO - Sensor data queued for CSV write
2025-07-15 12:37:59,956 - INFO - Modbus connection successful (Attempt 1/3)
2025-07-15 12:37:59,991 - INFO - environment read successfully in 0.03s: {'temperature': 40.1, 'humidity': 43.9, 'pressure': 1010.0}
2025-07-15 12:38:02,037 - INFO - uv read successfully in 2.05s: {'uv_index': 14.08}
2025-07-15 12:38:02,106 - INFO - aqi read successfully in 0.07s: {'co2': nan, 'pm2_5': 38.6, 'pm10': 218.9, 'carbon_monoxide': 232.0, 'nitrogen_dioxide': 6.8, 'sulphur_dioxide': 12.0, 'ozone': 129.0}
2025-07-15 12:38:02,136 - INFO - wind_speed read successfully in 0.03s: {'wind_speed': 2.1}
2025-07-15 12:38:02,171 - INFO - wind_direction read successfully in 0.03s: {'wind_dir_degrees': 2, 'wind_dir_cardinal': 'N'}
2025-07-15 12:38:02,200 - INFO - rainfall read successfully in 0.03s: {'rainfall': 0.0}
2025-07-15 12:38:02,200 - INFO - Read cycle complete. Successful: 6, Errors: 0
2025-07-15 12:38:02,201 - INFO - Current sensor data: {'timestamp': '2025-07-15T12:37:59.956875', 'temperature': 40.1, 'humidity': 43.9, 'pressure': 1010.0, 'uv_index': 14.08, 'co2': nan, 'pm2_5': 38.6, 'pm10': 218.9, 'carbon_monoxide': 232.0, 'nitrogen_dioxide': 6.8, 'sulphur_dioxide': 12.0, 'ozone': 129.0, 'wind_speed': 2.1, 'wind_dir_degrees': 2, 'wind_dir_cardinal': 'N', 'rainfall': 0.0}
2025-07-15 12:38:04,201 - INFO - Modbus connection successful (Attempt 1/3)
2025-07-15 12:38:04,235 - INFO - environment read successfully in 0.03s: {'temperature': 40.2, 'humidity': 43.9, 'pressure': 1010.0}
2025-07-15 12:38:05,285 - INFO - Switched to GUI-2 (Next toggle in 5s
2025-07-15 12:38:06,280 - INFO - uv read successfully in 2.04s: {'uv_index': 14.29}
2025-07-15 12:38:06,349 - INFO - aqi read successfully in 0.07s: {'co2': nan, 'pm2_5': 38.6, 'pm10': 218.9, 'carbon_monoxide': 232.0, 'nitrogen_dioxide': 6.8, 'sulphur_dioxide': 12.0, 'ozone': 129.0}
2025-07-15 12:38:06,379 - INFO - wind_speed read successfully in 0.03s: {'wind_speed': 1.9}
2025-07-15 12:38:06,413 - INFO - wind_direction read successfully in 0.03s: {'wind_dir_degrees': 180, 'wind_dir_cardinal': 'S'}
2025-07-15 12:38:06,443 - INFO - rainfall read successfully in 0.03s: {'rainfall': 0.0}
2025-07-15 12:38:06,443 - INFO - Read cycle complete. Successful: 6, Errors: 0
2025-07-15 12:38:06,443 - INFO - Current sensor data: {'timestamp': '2025-07-15T12:38:04.201318', 'temperature': 40.2, 'humidity': 43.9, 'pressure': 1010.0, 'uv_index': 14.29, 'co2': nan, 'pm2_5': 38.6, 'pm10': 218.9, 'carbon_monoxide': 232.0, 'nitrogen_dioxide': 6.8, 'sulphur_dioxide': 12.0, 'ozone': 129.0, 'wind_speed': 1.9, 'wind_dir_degrees': 180, 'wind_dir_cardinal': 'S', 'rainfall': 0.0}
2025-07-15 12:38:08,443 - INFO - Modbus connection successful (Attempt 1/3)
2025-07-15 12:38:08,478 - INFO - environment read successfully in 0.03s: {'temperature': 40.1, 'humidity': 44.0, 'pressure': 1010.0}
2025-07-15 12:38:10,285 - INFO - Switched to GUI-1 (Next toggle in 10s
2025-07-15 12:38:10,523 - INFO - uv read successfully in 2.05s: {'uv_index': 14.14}
2025-07-15 12:38:10,607 - INFO - aqi read successfully in 0.08s: {'co2': nan, 'pm2_5': 38.6, 'pm10': 218.9, 'carbon_monoxide': 232.0, 'nitrogen_dioxide': 6.8, 'sulphur_dioxide': 12.0, 'ozone': 129.0}
2025-07-15 12:38:10,637 - INFO - wind_speed read successfully in 0.03s: {'wind_speed': 1.7}
2025-07-15 12:38:10,671 - INFO - wind_direction read successfully in 0.03s: {'wind_dir_degrees': 42, 'wind_dir_cardinal': 'NE'}
2025-07-15 12:38:10,701 - INFO - rainfall read successfully in 0.03s: {'rainfall': 0.0}
2025-07-15 12:38:10,701 - INFO - Read cycle complete. Successful: 6, Errors: 0
2025-07-15 12:38:10,701 - INFO - Current sensor data: {'timestamp': '2025-07-15T12:38:08.443823', 'temperature': 40.1, 'humidity': 44.0, 'pressure': 1010.0, 'uv_index': 14.14, 'co2': nan, 'pm2_5': 38.6, 'pm10': 218.9, 'carbon_monoxide': 232.0, 'nitrogen_dioxide': 6.8, 'sulphur_dioxide': 12.0, 'ozone': 129.0, 'wind_speed': 1.7, 'wind_dir_degrees': 42, 'wind_dir_cardinal': 'NE', 'rainfall': 0.0}
2025-07-15 12:38:12,701 - INFO - Modbus connection successful (Attempt 1/3)
2025-07-15 12:38:12,735 - INFO - environment read successfully in 0.03s: {'temperature': 40.1, 'humidity': 44.0, 'pressure': 1010.0}
2025-07-15 12:38:14,782 - INFO - uv read successfully in 2.05s: {'uv_index': 14.03}
2025-07-15 12:38:14,852 - INFO - aqi read successfully in 0.07s: {'co2': nan, 'pm2_5': 38.6, 'pm10': 218.9, 'carbon_monoxide': 232.0, 'nitrogen_dioxide': 6.8, 'sulphur_dioxide': 12.0, 'ozone': 129.0}
2025-07-15 12:38:14,882 - INFO - wind_speed read successfully in 0.03s: {'wind_speed': 1.6}
2025-07-15 12:38:14,916 - INFO - wind_direction read successfully in 0.03s: {'wind_dir_degrees': 172, 'wind_dir_cardinal': 'S'}
2025-07-15 12:38:14,946 - INFO - rainfall read successfully in 0.03s: {'rainfall': 0.0}
2025-07-15 12:38:14,946 - INFO - Read cycle complete. Successful: 6, Errors: 0
2025-07-15 12:38:14,946 - INFO - Current sensor data: {'timestamp': '2025-07-15T12:38:12.701738', 'temperature': 40.1, 'humidity': 44.0, 'pressure': 1010.0, 'uv_index': 14.03, 'co2': nan, 'pm2_5': 38.6, 'pm10': 218.9, 'carbon_monoxide': 232.0, 'nitrogen_dioxide': 6.8, 'sulphur_dioxide': 12.0, 'ozone': 129.0, 'wind_speed': 1.6, 'wind_dir_degrees': 172, 'wind_dir_cardinal': 'S', 'rainfall': 0.0}
2025-07-15 12:38:16,947 - INFO - Modbus connection successful (Attempt 1/3)
2025-07-15 12:38:16,981 - INFO - environment read successfully in 0.03s: {'temperature': 40.1, 'humidity': 44.0, 'pressure': 1009.9}
2025-07-15 12:38:19,024 - INFO - uv read successfully in 2.04s: {'uv_index': 14.44}
2025-07-15 12:38:19,109 - INFO - aqi read successfully in 0.08s: {'co2': nan, 'pm2_5': 38.6, 'pm10': 218.9, 'carbon_monoxide': 232.0, 'nitrogen_dioxide': 6.8, 'sulphur_dioxide': 12.0, 'ozone': 129.0}
2025-07-15 12:38:19,139 - INFO - wind_speed read successfully in 0.03s: {'wind_speed': 1.5}
2025-07-15 12:38:19,173 - INFO - wind_direction read successfully in 0.03s: {'wind_dir_degrees': 160, 'wind_dir_cardinal': 'S'}
2025-07-15 12:38:19,203 - INFO - rainfall read successfully in 0.03s: {'rainfall': 0.0}
2025-07-15 12:38:19,203 - INFO - Read cycle complete. Successful: 6, Errors: 0
2025-07-15 12:38:19,203 - INFO - Current sensor data: {'timestamp': '2025-07-15T12:38:16.947286', 'temperature': 40.1, 'humidity': 44.0, 'pressure': 1009.9, 'uv_index': 14.44, 'co2': nan, 'pm2_5': 38.6, 'pm10': 218.9, 'carbon_monoxide': 232.0, 'nitrogen_dioxide': 6.8, 'sulphur_dioxide': 12.0, 'ozone': 129.0, 'wind_speed': 1.5, 'wind_dir_degrees': 160, 'wind_dir_cardinal': 'S', 'rainfall': 0.0}
2025-07-15 12:38:20,286 - INFO - Switched to GUI-2 (Next toggle in 5s
2025-07-15 12:38:20,368 - INFO - CSV write completed at 2025-07-15T12:38:20.368182
2025-07-15 12:38:21,203 - INFO - Modbus connection successful (Attempt 1/3)
2025-07-15 12:38:21,237 - INFO - environment read successfully in 0.03s: {'temperature': 40.1, 'humidity': 44.0, 'pressure': 1010.0}
2025-07-15 12:38:23,284 - INFO - uv read successfully in 2.05s: {'uv_index': 14.47}
2025-07-15 12:38:23,353 - INFO - aqi read successfully in 0.07s: {'co2': nan, 'pm2_5': 38.6, 'pm10': 218.9, 'carbon_monoxide': 232.0, 'nitrogen_dioxide': 6.8, 'sulphur_dioxide': 12.0, 'ozone': 129.0}
2025-07-15 12:38:23,383 - INFO - wind_speed read successfully in 0.03s: {'wind_speed': 1.5}
2025-07-15 12:38:23,417 - INFO - wind_direction read successfully in 0.03s: {'wind_dir_degrees': 165, 'wind_dir_cardinal': 'S'}
2025-07-15 12:38:23,447 - INFO - rainfall read successfully in 0.03s: {'rainfall': 0.0}
2025-07-15 12:38:23,447 - INFO - Read cycle complete. Successful: 6, Errors: 0
2025-07-15 12:38:23,447 - INFO - Current sensor data: {'timestamp': '2025-07-15T12:38:21.203815', 'temperature': 40.1, 'humidity': 44.0, 'pressure': 1010.0, 'uv_index': 14.47, 'co2': nan, 'pm2_5': 38.6, 'pm10': 218.9, 'carbon_monoxide': 232.0, 'nitrogen_dioxide': 6.8, 'sulphur_dioxide': 12.0, 'ozone': 129.0, 'wind_speed': 1.5, 'wind_dir_degrees': 165, 'wind_dir_cardinal': 'S', 'rainfall': 0.0}
2025-07-15 12:38:25,286 - INFO - Switched to GUI-1 (Next toggle in 10s
2025-07-15 12:38:25,447 - INFO - Modbus connection successful (Attempt 1/3)
2025-07-15 12:38:25,482 - INFO - environment read successfully in 0.03s: {'temperature': 40.1, 'humidity': 44.0, 'pressure': 1010.0}
2025-07-15 12:38:27,529 - INFO - uv read successfully in 2.05s: {'uv_index': 14.15}
2025-07-15 12:38:27,601 - INFO - aqi read successfully in 0.07s: {'co2': nan, 'pm2_5': 38.6, 'pm10': 218.9, 'carbon_monoxide': 232.0, 'nitrogen_dioxide': 6.8, 'sulphur_dioxide': 12.0, 'ozone': 129.0}
2025-07-15 12:38:27,631 - INFO - wind_speed read successfully in 0.03s: {'wind_speed': 1.6}
2025-07-15 12:38:27,665 - INFO - wind_direction read successfully in 0.03s: {'wind_dir_degrees': 111, 'wind_dir_cardinal': 'E'}
2025-07-15 12:38:27,695 - INFO - rainfall read successfully in 0.03s: {'rainfall': 0.0}
2025-07-15 12:38:27,695 - INFO - Read cycle complete. Successful: 6, Errors: 0
2025-07-15 12:38:27,695 - INFO - Current sensor data: {'timestamp': '2025-07-15T12:38:25.448088', 'temperature': 40.1, 'humidity': 44.0, 'pressure': 1010.0, 'uv_index': 14.15, 'co2': nan, 'pm2_5': 38.6, 'pm10': 218.9, 'carbon_monoxide': 232.0, 'nitrogen_dioxide': 6.8, 'sulphur_dioxide': 12.0, 'ozone': 129.0, 'wind_speed': 1.6, 'wind_dir_degrees': 111, 'wind_dir_cardinal': 'E', 'rainfall': 0.0}
2025-07-15 12:38:29,695 - INFO - Modbus connection successful (Attempt 1/3)
2025-07-15 12:38:29,729 - INFO - environment read successfully in 0.03s: {'temperature': 40.1, 'humidity': 44.0, 'pressure': 1010.0}
2025-07-15 12:38:31,775 - INFO - uv read successfully in 2.05s: {'uv_index': 14.37}
2025-07-15 12:38:31,833 - INFO - aqi read successfully in 0.06s: {'co2': nan, 'pm2_5': 38.6, 'pm10': 218.9, 'carbon_monoxide': 232.0, 'nitrogen_dioxide': 6.8, 'sulphur_dioxide': 12.0, 'ozone': 129.0}
2025-07-15 12:38:31,863 - INFO - wind_speed read successfully in 0.03s: {'wind_speed': 1.8}
2025-07-15 12:38:31,897 - INFO - wind_direction read successfully in 0.03s: {'wind_dir_degrees': 245, 'wind_dir_cardinal': 'SW'}
2025-07-15 12:38:31,927 - INFO - rainfall read successfully in 0.03s: {'rainfall': 0.0}
2025-07-15 12:38:31,927 - INFO - Read cycle complete. Successful: 6, Errors: 0
2025-07-15 12:38:31,927 - INFO - Current sensor data: {'timestamp': '2025-07-15T12:38:29.695658', 'temperature': 40.1, 'humidity': 44.0, 'pressure': 1010.0, 'uv_index': 14.37, 'co2': nan, 'pm2_5': 38.6, 'pm10': 218.9, 'carbon_monoxide': 232.0, 'nitrogen_dioxide': 6.8, 'sulphur_dioxide': 12.0, 'ozone': 129.0, 'wind_speed': 1.8, 'wind_dir_degrees': 245, 'wind_dir_cardinal': 'SW', 'rainfall': 0.0}
2025-07-15 12:38:31,927 - INFO - Sensor data queued for CSV write
2025-07-15 12:38:33,927 - INFO - Modbus connection successful (Attempt 1/3)
2025-07-15 12:38:33,961 - INFO - environment read successfully in 0.03s: {'temperature': 40.1, 'humidity': 44.0, 'pressure': 1010.0}
2025-07-15 12:38:35,287 - INFO - Switched to GUI-2 (Next toggle in 5s
2025-07-15 12:38:36,004 - INFO - uv read successfully in 2.04s: {'uv_index': 14.56}
2025-07-15 12:38:36,084 - INFO - aqi read successfully in 0.08s: {'co2': nan, 'pm2_5': 38.6, 'pm10': 218.9, 'carbon_monoxide': 232.0, 'nitrogen_dioxide': 6.8, 'sulphur_dioxide': 12.0, 'ozone': 129.0}
2025-07-15 12:38:36,114 - INFO - wind_speed read successfully in 0.03s: {'wind_speed': 1.8}
2025-07-15 12:38:36,148 - INFO - wind_direction read successfully in 0.03s: {'wind_dir_degrees': 252, 'wind_dir_cardinal': 'W'}
2025-07-15 12:38:36,178 - INFO - rainfall read successfully in 0.03s: {'rainfall': 0.0}
2025-07-15 12:38:36,178 - INFO - Read cycle complete. Successful: 6, Errors: 0
2025-07-15 12:38:36,178 - INFO - Current sensor data: {'timestamp': '2025-07-15T12:38:33.927688', 'temperature': 40.1, 'humidity': 44.0, 'pressure': 1010.0, 'uv_index': 14.56, 'co2': nan, 'pm2_5': 38.6, 'pm10': 218.9, 'carbon_monoxide': 232.0, 'nitrogen_dioxide': 6.8, 'sulphur_dioxide': 12.0, 'ozone': 129.0, 'wind_speed': 1.8, 'wind_dir_degrees': 252, 'wind_dir_cardinal': 'W', 'rainfall': 0.0}
2025-07-15 12:38:38,178 - INFO - Modbus connection successful (Attempt 1/3)
2025-07-15 12:38:38,212 - INFO - environment read successfully in 0.03s: {'temperature': 40.1, 'humidity': 44.1, 'pressure': 1010.0}
2025-07-15 12:38:40,255 - INFO - uv read successfully in 2.04s: {'uv_index': 14.35}
2025-07-15 12:38:40,322 - INFO - Switched to GUI-1 (Next toggle in 10s
2025-07-15 12:38:40,324 - INFO - aqi read successfully in 0.07s: {'co2': nan, 'pm2_5': 38.6, 'pm10': 218.9, 'carbon_monoxide': 232.0, 'nitrogen_dioxide': 6.8, 'sulphur_dioxide': 12.0, 'ozone': 129.0}
2025-07-15 12:38:40,352 - INFO - wind_speed read successfully in 0.03s: {'wind_speed': 1.7}
2025-07-15 12:38:40,388 - INFO - wind_direction read successfully in 0.04s: {'wind_dir_degrees': 7, 'wind_dir_cardinal': 'N'}
2025-07-15 12:38:40,418 - INFO - rainfall read successfully in 0.03s: {'rainfall': 0.0}
2025-07-15 12:38:40,419 - INFO - Read cycle complete. Successful: 6, Errors: 0
2025-07-15 12:38:40,419 - INFO - Current sensor data: {'timestamp': '2025-07-15T12:38:38.178704', 'temperature': 40.1, 'humidity': 44.1, 'pressure': 1010.0, 'uv_index': 14.35, 'co2': nan, 'pm2_5': 38.6, 'pm10': 218.9, 'carbon_monoxide': 232.0, 'nitrogen_dioxide': 6.8, 'sulphur_dioxide': 12.0, 'ozone': 129.0, 'wind_speed': 1.7, 'wind_dir_degrees': 7, 'wind_dir_cardinal': 'N', 'rainfall': 0.0}
2025-07-15 12:38:42,419 - INFO - Modbus connection successful (Attempt 1/3)
2025-07-15 12:38:42,453 - INFO - environment read successfully in 0.03s: {'temperature': 40.1, 'humidity': 44.1, 'pressure': 1010.0}
2025-07-15 12:38:44,496 - INFO - uv read successfully in 2.04s: {'uv_index': 14.08}
2025-07-15 12:38:44,582 - INFO - aqi read successfully in 0.09s: {'co2': nan, 'pm2_5': 38.6, 'pm10': 218.9, 'carbon_monoxide': 232.0, 'nitrogen_dioxide': 6.8, 'sulphur_dioxide': 12.0, 'ozone': 129.0}
2025-07-15 12:38:44,613 - INFO - wind_speed read successfully in 0.03s: {'wind_speed': 1.6}
2025-07-15 12:38:44,647 - INFO - wind_direction read successfully in 0.03s: {'wind_dir_degrees': 171, 'wind_dir_cardinal': 'S'}
2025-07-15 12:38:44,677 - INFO - rainfall read successfully in 0.03s: {'rainfall': 0.0}
2025-07-15 12:38:44,677 - INFO - Read cycle complete. Successful: 6, Errors: 0
2025-07-15 12:38:44,677 - INFO - Current sensor data: {'timestamp': '2025-07-15T12:38:42.419479', 'temperature': 40.1, 'humidity': 44.1, 'pressure': 1010.0, 'uv_index': 14.08, 'co2': nan, 'pm2_5': 38.6, 'pm10': 218.9, 'carbon_monoxide': 232.0, 'nitrogen_dioxide': 6.8, 'sulphur_dioxide': 12.0, 'ozone': 129.0, 'wind_speed': 1.6, 'wind_dir_degrees': 171, 'wind_dir_cardinal': 'S', 'rainfall': 0.0}
2025-07-15 12:38:46,677 - INFO - Modbus connection successful (Attempt 1/3)
2025-07-15 12:38:46,712 - INFO - environment read successfully in 0.03s: {'temperature': 40.1, 'humidity': 44.2, 'pressure': 1010.0}
2025-07-15 12:38:48,758 - INFO - uv read successfully in 2.05s: {'uv_index': 14.38}
2025-07-15 12:38:48,827 - INFO - aqi read successfully in 0.07s: {'co2': nan, 'pm2_5': 38.6, 'pm10': 218.9, 'carbon_monoxide': 232.0, 'nitrogen_dioxide': 6.8, 'sulphur_dioxide': 12.0, 'ozone': 129.0}
2025-07-15 12:38:48,857 - INFO - wind_speed read successfully in 0.03s: {'wind_speed': 1.7}
2025-07-15 12:38:48,891 - INFO - wind_direction read successfully in 0.03s: {'wind_dir_degrees': 36, 'wind_dir_cardinal': 'NE'}
2025-07-15 12:38:48,921 - INFO - rainfall read successfully in 0.03s: {'rainfall': 0.0}
2025-07-15 12:38:48,921 - INFO - Read cycle complete. Successful: 6, Errors: 0
2025-07-15 12:38:48,921 - INFO - Current sensor data: {'timestamp': '2025-07-15T12:38:46.677937', 'temperature': 40.1, 'humidity': 44.2, 'pressure': 1010.0, 'uv_index': 14.38, 'co2': nan, 'pm2_5': 38.6, 'pm10': 218.9, 'carbon_monoxide': 232.0, 'nitrogen_dioxide': 6.8, 'sulphur_dioxide': 12.0, 'ozone': 129.0, 'wind_speed': 1.7, 'wind_dir_degrees': 36, 'wind_dir_cardinal': 'NE', 'rainfall': 0.0}
2025-07-15 12:38:50,324 - INFO - Switched to GUI-2 (Next toggle in 5s
2025-07-15 12:38:50,374 - INFO - CSV write completed at 2025-07-15T12:38:50.374862
2025-07-15 12:38:50,921 - INFO - Modbus connection successful (Attempt 1/3)
2025-07-15 12:38:50,956 - INFO - environment read successfully in 0.03s: {'temperature': 40.1, 'humidity': 44.2, 'pressure': 1009.9}
2025-07-15 12:38:52,998 - INFO - uv read successfully in 2.04s: {'uv_index': 14.38}
2025-07-15 12:38:53,068 - INFO - aqi read successfully in 0.07s: {'co2': nan, 'pm2_5': 38.6, 'pm10': 218.9, 'carbon_monoxide': 232.0, 'nitrogen_dioxide': 6.8, 'sulphur_dioxide': 12.0, 'ozone': 129.0}
2025-07-15 12:38:53,098 - INFO - wind_speed read successfully in 0.03s: {'wind_speed': 1.8}
2025-07-15 12:38:53,132 - INFO - wind_direction read successfully in 0.03s: {'wind_dir_degrees': 115, 'wind_dir_cardinal': 'SE'}
2025-07-15 12:38:53,161 - INFO - rainfall read successfully in 0.03s: {'rainfall': 0.0}
2025-07-15 12:38:53,162 - INFO - Read cycle complete. Successful: 6, Errors: 0
2025-07-15 12:38:53,162 - INFO - Current sensor data: {'timestamp': '2025-07-15T12:38:50.921988', 'temperature': 40.1, 'humidity': 44.2, 'pressure': 1009.9, 'uv_index': 14.38, 'co2': nan, 'pm2_5': 38.6, 'pm10': 218.9, 'carbon_monoxide': 232.0, 'nitrogen_dioxide': 6.8, 'sulphur_dioxide': 12.0, 'ozone': 129.0, 'wind_speed': 1.8, 'wind_dir_degrees': 115, 'wind_dir_cardinal': 'SE', 'rainfall': 0.0}
2025-07-15 12:38:55,162 - INFO - Modbus connection successful (Attempt 1/3)
2025-07-15 12:38:55,196 - INFO - environment read successfully in 0.03s: {'temperature': 40.1, 'humidity': 44.2, 'pressure': 1010.0}
2025-07-15 12:38:55,324 - INFO - Switched to GUI-1 (Next toggle in 10s
2025-07-15 12:38:57,243 - INFO - uv read successfully in 2.05s: {'uv_index': 14.03}
2025-07-15 12:38:57,327 - INFO - aqi read successfully in 0.08s: {'co2': nan, 'pm2_5': 38.6, 'pm10': 218.9, 'carbon_monoxide': 232.0, 'nitrogen_dioxide': 6.8, 'sulphur_dioxide': 12.0, 'ozone': 129.0}
2025-07-15 12:38:57,357 - INFO - wind_speed read successfully in 0.03s: {'wind_speed': 1.8}
2025-07-15 12:38:57,391 - INFO - wind_direction read successfully in 0.03s: {'wind_dir_degrees': 189, 'wind_dir_cardinal': 'S'}
2025-07-15 12:38:57,421 - INFO - rainfall read successfully in 0.03s: {'rainfall': 0.0}
2025-07-15 12:38:57,421 - INFO - Read cycle complete. Successful: 6, Errors: 0
2025-07-15 12:38:57,421 - INFO - Current sensor data: {'timestamp': '2025-07-15T12:38:55.162439', 'temperature': 40.1, 'humidity': 44.2, 'pressure': 1010.0, 'uv_index': 14.03, 'co2': nan, 'pm2_5': 38.6, 'pm10': 218.9, 'carbon_monoxide': 232.0, 'nitrogen_dioxide': 6.8, 'sulphur_dioxide': 12.0, 'ozone': 129.0, 'wind_speed': 1.8, 'wind_dir_degrees': 189, 'wind_dir_cardinal': 'S', 'rainfall': 0.0}
2025-07-15 12:38:59,421 - INFO - Modbus connection successful (Attempt 1/3)
2025-07-15 12:38:59,456 - INFO - environment read successfully in 0.03s: {'temperature': 40.1, 'humidity': 44.2, 'pressure': 1010.0}
2025-07-15 12:39:01,502 - INFO - uv read successfully in 2.05s: {'uv_index': 13.68}
2025-07-15 12:39:01,573 - INFO - aqi read successfully in 0.07s: {'co2': nan, 'pm2_5': 38.6, 'pm10': 218.9, 'carbon_monoxide': 232.0, 'nitrogen_dioxide': 6.8, 'sulphur_dioxide': 12.0, 'ozone': 129.0}
2025-07-15 12:39:01,603 - INFO - wind_speed read successfully in 0.03s: {'wind_speed': 1.7}
2025-07-15 12:39:01,638 - INFO - wind_direction read successfully in 0.03s: {'wind_dir_degrees': 151, 'wind_dir_cardinal': 'SE'}
2025-07-15 12:39:01,668 - INFO - rainfall read successfully in 0.03s: {'rainfall': 0.0}
2025-07-15 12:39:01,668 - INFO - Read cycle complete. Successful: 6, Errors: 0
2025-07-15 12:39:01,668 - INFO - Current sensor data: {'timestamp': '2025-07-15T12:38:59.421907', 'temperature': 40.1, 'humidity': 44.2, 'pressure': 1010.0, 'uv_index': 13.68, 'co2': nan, 'pm2_5': 38.6, 'pm10': 218.9, 'carbon_monoxide': 232.0, 'nitrogen_dioxide': 6.8, 'sulphur_dioxide': 12.0, 'ozone': 129.0, 'wind_speed': 1.7, 'wind_dir_degrees': 151, 'wind_dir_cardinal': 'SE', 'rainfall': 0.0}
2025-07-15 12:39:03,668 - INFO - Modbus connection successful (Attempt 1/3)
2025-07-15 12:39:03,702 - INFO - environment read successfully in 0.03s: {'temperature': 40.1, 'humidity': 44.1, 'pressure': 1010.0}
2025-07-15 12:39:05,325 - INFO - Switched to GUI-2 (Next toggle in 5s
2025-07-15 12:39:05,747 - INFO - uv read successfully in 2.04s: {'uv_index': 13.62}
2025-07-15 12:39:05,817 - INFO - aqi read successfully in 0.07s: {'co2': nan, 'pm2_5': 38.6, 'pm10': 218.9, 'carbon_monoxide': 232.0, 'nitrogen_dioxide': 6.8, 'sulphur_dioxide': 12.0, 'ozone': 129.0}
2025-07-15 12:39:05,847 - INFO - wind_speed read successfully in 0.03s: {'wind_speed': 1.7}
2025-07-15 12:39:05,881 - INFO - wind_direction read successfully in 0.03s: {'wind_dir_degrees': 123, 'wind_dir_cardinal': 'SE'}
2025-07-15 12:39:05,911 - INFO - rainfall read successfully in 0.03s: {'rainfall': 0.0}
2025-07-15 12:39:05,911 - INFO - Read cycle complete. Successful: 6, Errors: 0
2025-07-15 12:39:05,911 - INFO - Current sensor data: {'timestamp': '2025-07-15T12:39:03.668701', 'temperature': 40.1, 'humidity': 44.1, 'pressure': 1010.0, 'uv_index': 13.62, 'co2': nan, 'pm2_5': 38.6, 'pm10': 218.9, 'carbon_monoxide': 232.0, 'nitrogen_dioxide': 6.8, 'sulphur_dioxide': 12.0, 'ozone': 129.0, 'wind_speed': 1.7, 'wind_dir_degrees': 123, 'wind_dir_cardinal': 'SE', 'rainfall': 0.0}
2025-07-15 12:39:05,911 - INFO - Sensor data queued for CSV write
2025-07-15 12:39:07,911 - INFO - Modbus connection successful (Attempt 1/3)
2025-07-15 12:39:07,946 - INFO - environment read successfully in 0.03s: {'temperature': 40.1, 'humidity': 44.2, 'pressure': 1010.0}
2025-07-15 12:39:09,989 - INFO - uv read successfully in 2.04s: {'uv_index': 13.7}
2025-07-15 12:39:10,068 - INFO - aqi read successfully in 0.08s: {'co2': nan, 'pm2_5': 38.6, 'pm10': 218.9, 'carbon_monoxide': 232.0, 'nitrogen_dioxide': 6.8, 'sulphur_dioxide': 12.0, 'ozone': 129.0}
2025-07-15 12:39:10,098 - INFO - wind_speed read successfully in 0.03s: {'wind_speed': 1.6}
2025-07-15 12:39:10,132 - INFO - wind_direction read successfully in 0.03s: {'wind_dir_degrees': 143, 'wind_dir_cardinal': 'SE'}
2025-07-15 12:39:10,162 - INFO - rainfall read successfully in 0.03s: {'rainfall': 0.0}
2025-07-15 12:39:10,162 - INFO - Read cycle complete. Successful: 6, Errors: 0
2025-07-15 12:39:10,162 - INFO - Current sensor data: {'timestamp': '2025-07-15T12:39:07.911932', 'temperature': 40.1, 'humidity': 44.2, 'pressure': 1010.0, 'uv_index': 13.7, 'co2': nan, 'pm2_5': 38.6, 'pm10': 218.9, 'carbon_monoxide': 232.0, 'nitrogen_dioxide': 6.8, 'sulphur_dioxide': 12.0, 'ozone': 129.0, 'wind_speed': 1.6, 'wind_dir_degrees': 143, 'wind_dir_cardinal': 'SE', 'rainfall': 0.0}
2025-07-15 12:39:10,325 - INFO - Switched to GUI-1 (Next toggle in 10s
2025-07-15 12:39:12,163 - INFO - Modbus connection successful (Attempt 1/3)
2025-07-15 12:39:12,197 - INFO - environment read successfully in 0.03s: {'temperature': 40.1, 'humidity': 44.2, 'pressure': 1010.0}
2025-07-15 12:39:14,243 - INFO - uv read successfully in 2.05s: {'uv_index': 13.8}
2025-07-15 12:39:14,287 - INFO - aqi read successfully in 0.04s: {'co2': nan, 'pm2_5': 38.6, 'pm10': 218.9, 'carbon_monoxide': 232.0, 'nitrogen_dioxide': 6.8, 'sulphur_dioxide': 12.0, 'ozone': 129.0}
2025-07-15 12:39:14,317 - INFO - wind_speed read successfully in 0.03s: {'wind_speed': 1.5}
2025-07-15 12:39:14,351 - INFO - wind_direction read successfully in 0.03s: {'wind_dir_degrees': 126, 'wind_dir_cardinal': 'SE'}
2025-07-15 12:39:14,381 - INFO - rainfall read successfully in 0.03s: {'rainfall': 0.0}
2025-07-15 12:39:14,381 - INFO - Read cycle complete. Successful: 6, Errors: 0
2025-07-15 12:39:14,381 - INFO - Current sensor data: {'timestamp': '2025-07-15T12:39:12.163196', 'temperature': 40.1, 'humidity': 44.2, 'pressure': 1010.0, 'uv_index': 13.8, 'co2': nan, 'pm2_5': 38.6, 'pm10': 218.9, 'carbon_monoxide': 232.0, 'nitrogen_dioxide': 6.8, 'sulphur_dioxide': 12.0, 'ozone': 129.0, 'wind_speed': 1.5, 'wind_dir_degrees': 126, 'wind_dir_cardinal': 'SE', 'rainfall': 0.0}
2025-07-15 12:39:16,381 - INFO - Modbus connection successful (Attempt 1/3)
2025-07-15 12:39:16,415 - INFO - environment read successfully in 0.03s: {'temperature': 40.1, 'humidity': 44.2, 'pressure': 1010.0}
2025-07-15 12:39:18,461 - INFO - uv read successfully in 2.05s: {'uv_index': 13.71}
2025-07-15 12:39:18,519 - INFO - aqi read successfully in 0.06s: {'co2': nan, 'pm2_5': 38.6, 'pm10': 218.9, 'carbon_monoxide': 232.0, 'nitrogen_dioxide': 6.8, 'sulphur_dioxide': 12.0, 'ozone': 129.0}
2025-07-15 12:39:18,549 - INFO - wind_speed read successfully in 0.03s: {'wind_speed': 1.6}
2025-07-15 12:39:18,583 - INFO - wind_direction read successfully in 0.03s: {'wind_dir_degrees': 235, 'wind_dir_cardinal': 'SW'}
2025-07-15 12:39:18,613 - INFO - rainfall read successfully in 0.03s: {'rainfall': 0.0}
2025-07-15 12:39:18,613 - INFO - Read cycle complete. Successful: 6, Errors: 0
2025-07-15 12:39:18,613 - INFO - Current sensor data: {'timestamp': '2025-07-15T12:39:16.381738', 'temperature': 40.1, 'humidity': 44.2, 'pressure': 1010.0, 'uv_index': 13.71, 'co2': nan, 'pm2_5': 38.6, 'pm10': 218.9, 'carbon_monoxide': 232.0, 'nitrogen_dioxide': 6.8, 'sulphur_dioxide': 12.0, 'ozone': 129.0, 'wind_speed': 1.6, 'wind_dir_degrees': 235, 'wind_dir_cardinal': 'SW', 'rainfall': 0.0}
2025-07-15 12:39:20,325 - INFO - Switched to GUI-2 (Next toggle in 5s
2025-07-15 12:39:20,382 - INFO - CSV write completed at 2025-07-15T12:39:20.382304
2025-07-15 12:39:20,614 - INFO - Modbus connection successful (Attempt 1/3)
2025-07-15 12:39:20,648 - INFO - environment read successfully in 0.03s: {'temperature': 40.1, 'humidity': 44.2, 'pressure': 1010.0}
2025-07-15 12:39:22,694 - INFO - uv read successfully in 2.05s: {'uv_index': 13.56}
2025-07-15 12:39:22,751 - INFO - aqi read successfully in 0.06s: {'co2': nan, 'pm2_5': 38.6, 'pm10': 218.9, 'carbon_monoxide': 232.0, 'nitrogen_dioxide': 6.8, 'sulphur_dioxide': 12.0, 'ozone': 129.0}
2025-07-15 12:39:22,781 - INFO - wind_speed read successfully in 0.03s: {'wind_speed': 1.7}
2025-07-15 12:39:22,815 - INFO - wind_direction read successfully in 0.03s: {'wind_dir_degrees': 145, 'wind_dir_cardinal': 'SE'}
2025-07-15 12:39:22,845 - INFO - rainfall read successfully in 0.03s: {'rainfall': 0.0}
2025-07-15 12:39:22,845 - INFO - Read cycle complete. Successful: 6, Errors: 0
2025-07-15 12:39:22,845 - INFO - Current sensor data: {'timestamp': '2025-07-15T12:39:20.614275', 'temperature': 40.1, 'humidity': 44.2, 'pressure': 1010.0, 'uv_index': 13.56, 'co2': nan, 'pm2_5': 38.6, 'pm10': 218.9, 'carbon_monoxide': 232.0, 'nitrogen_dioxide': 6.8, 'sulphur_dioxide': 12.0, 'ozone': 129.0, 'wind_speed': 1.7, 'wind_dir_degrees': 145, 'wind_dir_cardinal': 'SE', 'rainfall': 0.0}
2025-07-15 12:39:24,845 - INFO - Modbus connection successful (Attempt 1/3)
2025-07-15 12:39:24,879 - INFO - environment read successfully in 0.03s: {'temperature': 40.1, 'humidity': 44.1, 'pressure': 1009.9}
2025-07-15 12:39:25,326 - INFO - Switched to GUI-1 (Next toggle in 10s
2025-07-15 12:39:26,924 - INFO - uv read successfully in 2.04s: {'uv_index': 13.29}
2025-07-15 12:39:26,968 - INFO - aqi read successfully in 0.04s: {'co2': nan, 'pm2_5': 38.6, 'pm10': 218.9, 'carbon_monoxide': 232.0, 'nitrogen_dioxide': 6.8, 'sulphur_dioxide': 12.0, 'ozone': 129.0}
2025-07-15 12:39:26,998 - INFO - wind_speed read successfully in 0.03s: {'wind_speed': 1.8}
2025-07-15 12:39:27,032 - INFO - wind_direction read successfully in 0.03s: {'wind_dir_degrees': 70, 'wind_dir_cardinal': 'E'}
2025-07-15 12:39:27,061 - INFO - rainfall read successfully in 0.03s: {'rainfall': 0.0}
2025-07-15 12:39:27,061 - INFO - Read cycle complete. Successful: 6, Errors: 0
2025-07-15 12:39:27,061 - INFO - Current sensor data: {'timestamp': '2025-07-15T12:39:24.845489', 'temperature': 40.1, 'humidity': 44.1, 'pressure': 1009.9, 'uv_index': 13.29, 'co2': nan, 'pm2_5': 38.6, 'pm10': 218.9, 'carbon_monoxide': 232.0, 'nitrogen_dioxide': 6.8, 'sulphur_dioxide': 12.0, 'ozone': 129.0, 'wind_speed': 1.8, 'wind_dir_degrees': 70, 'wind_dir_cardinal': 'E', 'rainfall': 0.0}
2025-07-15 12:39:29,061 - INFO - Modbus connection successful (Attempt 1/3)
2025-07-15 12:39:29,096 - INFO - environment read successfully in 0.03s: {'temperature': 40.2, 'humidity': 44.2, 'pressure': 1010.0}
2025-07-15 12:39:31,141 - INFO - uv read successfully in 2.05s: {'uv_index': 13.04}
2025-07-15 12:39:31,199 - INFO - aqi read successfully in 0.06s: {'co2': nan, 'pm2_5': 38.6, 'pm10': 218.9, 'carbon_monoxide': 232.0, 'nitrogen_dioxide': 6.8, 'sulphur_dioxide': 12.0, 'ozone': 129.0}
2025-07-15 12:39:31,229 - INFO - wind_speed read successfully in 0.03s: {'wind_speed': 1.8}
2025-07-15 12:39:31,263 - INFO - wind_direction read successfully in 0.03s: {'wind_dir_degrees': 145, 'wind_dir_cardinal': 'SE'}
2025-07-15 12:39:31,292 - INFO - rainfall read successfully in 0.03s: {'rainfall': 0.0}
2025-07-15 12:39:31,293 - INFO - Read cycle complete. Successful: 6, Errors: 0
2025-07-15 12:39:31,293 - INFO - Current sensor data: {'timestamp': '2025-07-15T12:39:29.062073', 'temperature': 40.2, 'humidity': 44.2, 'pressure': 1010.0, 'uv_index': 13.04, 'co2': nan, 'pm2_5': 38.6, 'pm10': 218.9, 'carbon_monoxide': 232.0, 'nitrogen_dioxide': 6.8, 'sulphur_dioxide': 12.0, 'ozone': 129.0, 'wind_speed': 1.8, 'wind_dir_degrees': 145, 'wind_dir_cardinal': 'SE', 'rainfall': 0.0}
2025-07-15 12:39:33,293 - INFO - Modbus connection successful (Attempt 1/3)
2025-07-15 12:39:33,327 - INFO - environment read successfully in 0.03s: {'temperature': 40.1, 'humidity': 44.1, 'pressure': 1009.9}
2025-07-15 12:39:35,326 - INFO - Switched to GUI-2 (Next toggle in 5s
2025-07-15 12:39:35,372 - INFO - uv read successfully in 2.04s: {'uv_index': 13.1}
2025-07-15 12:39:35,452 - INFO - aqi read successfully in 0.08s: {'co2': nan, 'pm2_5': 38.6, 'pm10': 218.9, 'carbon_monoxide': 232.0, 'nitrogen_dioxide': 6.8, 'sulphur_dioxide': 12.0, 'ozone': 129.0}
2025-07-15 12:39:35,482 - INFO - wind_speed read successfully in 0.03s: {'wind_speed': 2.1}
2025-07-15 12:39:35,517 - INFO - wind_direction read successfully in 0.03s: {'wind_dir_degrees': 347, 'wind_dir_cardinal': 'N'}
2025-07-15 12:39:35,546 - INFO - rainfall read successfully in 0.03s: {'rainfall': 0.0}
2025-07-15 12:39:35,547 - INFO - Read cycle complete. Successful: 6, Errors: 0
2025-07-15 12:39:35,547 - INFO - Current sensor data: {'timestamp': '2025-07-15T12:39:33.293241', 'temperature': 40.1, 'humidity': 44.1, 'pressure': 1009.9, 'uv_index': 13.1, 'co2': nan, 'pm2_5': 38.6, 'pm10': 218.9, 'carbon_monoxide': 232.0, 'nitrogen_dioxide': 6.8, 'sulphur_dioxide': 12.0, 'ozone': 129.0, 'wind_speed': 2.1, 'wind_dir_degrees': 347, 'wind_dir_cardinal': 'N', 'rainfall': 0.0}
2025-07-15 12:39:37,547 - INFO - Modbus connection successful (Attempt 1/3)
2025-07-15 12:39:37,581 - INFO - environment read successfully in 0.03s: {'temperature': 40.1, 'humidity': 44.1, 'pressure': 1009.9}
2025-07-15 12:39:39,628 - INFO - uv read successfully in 2.05s: {'uv_index': 13.15}
2025-07-15 12:39:39,707 - INFO - aqi read successfully in 0.08s: {'co2': nan, 'pm2_5': 38.6, 'pm10': 218.9, 'carbon_monoxide': 232.0, 'nitrogen_dioxide': 6.8, 'sulphur_dioxide': 12.0, 'ozone': 129.0}
2025-07-15 12:39:39,737 - INFO - wind_speed read successfully in 0.03s: {'wind_speed': 2.4}
2025-07-15 12:39:39,771 - INFO - wind_direction read successfully in 0.03s: {'wind_dir_degrees': 65, 'wind_dir_cardinal': 'NE'}
2025-07-15 12:39:39,801 - INFO - rainfall read successfully in 0.03s: {'rainfall': 0.0}
2025-07-15 12:39:39,801 - INFO - Read cycle complete. Successful: 6, Errors: 0
2025-07-15 12:39:39,801 - INFO - Current sensor data: {'timestamp': '2025-07-15T12:39:37.547396', 'temperature': 40.1, 'humidity': 44.1, 'pressure': 1009.9, 'uv_index': 13.15, 'co2': nan, 'pm2_5': 38.6, 'pm10': 218.9, 'carbon_monoxide': 232.0, 'nitrogen_dioxide': 6.8, 'sulphur_dioxide': 12.0, 'ozone': 129.0, 'wind_speed': 2.4, 'wind_dir_degrees': 65, 'wind_dir_cardinal': 'NE', 'rainfall': 0.0}
2025-07-15 12:39:39,801 - INFO - Sensor data queued for CSV write
2025-07-15 12:39:40,327 - INFO - Switched to GUI-1 (Next toggle in 10s
2025-07-15 12:39:41,801 - INFO - Modbus connection successful (Attempt 1/3)
2025-07-15 12:39:41,835 - INFO - environment read successfully in 0.03s: {'temperature': 40.1, 'humidity': 44.1, 'pressure': 1009.9}
2025-07-15 12:39:43,883 - INFO - uv read successfully in 2.05s: {'uv_index': 13.16}
2025-07-15 12:39:43,966 - INFO - aqi read successfully in 0.08s: {'co2': nan, 'pm2_5': 38.6, 'pm10': 218.9, 'carbon_monoxide': 232.0, 'nitrogen_dioxide': 6.8, 'sulphur_dioxide': 12.0, 'ozone': 129.0}
2025-07-15 12:39:43,996 - INFO - wind_speed read successfully in 0.03s: {'wind_speed': 2.4}
2025-07-15 12:39:44,030 - INFO - wind_direction read successfully in 0.03s: {'wind_dir_degrees': 54, 'wind_dir_cardinal': 'NE'}
2025-07-15 12:39:44,060 - INFO - rainfall read successfully in 0.03s: {'rainfall': 0.0}
2025-07-15 12:39:44,060 - INFO - Read cycle complete. Successful: 6, Errors: 0
2025-07-15 12:39:44,060 - INFO - Current sensor data: {'timestamp': '2025-07-15T12:39:41.801767', 'temperature': 40.1, 'humidity': 44.1, 'pressure': 1009.9, 'uv_index': 13.16, 'co2': nan, 'pm2_5': 38.6, 'pm10': 218.9, 'carbon_monoxide': 232.0, 'nitrogen_dioxide': 6.8, 'sulphur_dioxide': 12.0, 'ozone': 129.0, 'wind_speed': 2.4, 'wind_dir_degrees': 54, 'wind_dir_cardinal': 'NE', 'rainfall': 0.0}
2025-07-15 12:39:46,060 - INFO - Modbus connection successful (Attempt 1/3)
2025-07-15 12:39:46,094 - INFO - environment read successfully in 0.03s: {'temperature': 40.1, 'humidity': 44.1, 'pressure': 1010.0}
2025-07-15 12:39:48,141 - INFO - uv read successfully in 2.05s: {'uv_index': 13.01}
2025-07-15 12:39:48,210 - INFO - aqi read successfully in 0.07s: {'co2': nan, 'pm2_5': 38.6, 'pm10': 218.9, 'carbon_monoxide': 232.0, 'nitrogen_dioxide': 6.8, 'sulphur_dioxide': 12.0, 'ozone': 129.0}
2025-07-15 12:39:48,240 - INFO - wind_speed read successfully in 0.03s: {'wind_speed': 2.9}
2025-07-15 12:39:48,274 - INFO - wind_direction read successfully in 0.03s: {'wind_dir_degrees': 135, 'wind_dir_cardinal': 'SE'}
2025-07-15 12:39:48,304 - INFO - rainfall read successfully in 0.03s: {'rainfall': 0.0}
2025-07-15 12:39:48,304 - INFO - Read cycle complete. Successful: 6, Errors: 0
2025-07-15 12:39:48,304 - INFO - Current sensor data: {'timestamp': '2025-07-15T12:39:46.060656', 'temperature': 40.1, 'humidity': 44.1, 'pressure': 1010.0, 'uv_index': 13.01, 'co2': nan, 'pm2_5': 38.6, 'pm10': 218.9, 'carbon_monoxide': 232.0, 'nitrogen_dioxide': 6.8, 'sulphur_dioxide': 12.0, 'ozone': 129.0, 'wind_speed': 2.9, 'wind_dir_degrees': 135, 'wind_dir_cardinal': 'SE', 'rainfall': 0.0}
2025-07-15 12:39:50,304 - INFO - Modbus connection successful (Attempt 1/3)
2025-07-15 12:39:50,327 - INFO - Switched to GUI-2 (Next toggle in 5s
2025-07-15 12:39:50,342 - INFO - environment read successfully in 0.04s: {'temperature': 40.1, 'humidity': 44.1, 'pressure': 1010.0}
2025-07-15 12:39:50,451 - INFO - CSV write completed at 2025-07-15T12:39:50.451745
2025-07-15 12:39:52,386 - INFO - uv read successfully in 2.04s: {'uv_index': 12.84}
2025-07-15 12:39:52,454 - INFO - aqi read successfully in 0.07s: {'co2': nan, 'pm2_5': 38.6, 'pm10': 218.9, 'carbon_monoxide': 232.0, 'nitrogen_dioxide': 6.8, 'sulphur_dioxide': 12.0, 'ozone': 129.0}
2025-07-15 12:39:52,484 - INFO - wind_speed read successfully in 0.03s: {'wind_speed': 2.8}
2025-07-15 12:39:52,519 - INFO - wind_direction read successfully in 0.03s: {'wind_dir_degrees': 85, 'wind_dir_cardinal': 'E'}
2025-07-15 12:39:52,548 - INFO - rainfall read successfully in 0.03s: {'rainfall': 0.0}
2025-07-15 12:39:52,548 - INFO - Read cycle complete. Successful: 6, Errors: 0
2025-07-15 12:39:52,549 - INFO - Current sensor data: {'timestamp': '2025-07-15T12:39:50.304950', 'temperature': 40.1, 'humidity': 44.1, 'pressure': 1010.0, 'uv_index': 12.84, 'co2': nan, 'pm2_5': 38.6, 'pm10': 218.9, 'carbon_monoxide': 232.0, 'nitrogen_dioxide': 6.8, 'sulphur_dioxide': 12.0, 'ozone': 129.0, 'wind_speed': 2.8, 'wind_dir_degrees': 85, 'wind_dir_cardinal': 'E', 'rainfall': 0.0}
2025-07-15 12:39:54,549 - INFO - Modbus connection successful (Attempt 1/3)
2025-07-15 12:39:54,583 - INFO - environment read successfully in 0.03s: {'temperature': 40.1, 'humidity': 44.1, 'pressure': 1009.9}
2025-07-15 12:39:55,327 - INFO - Switched to GUI-1 (Next toggle in 10s
2025-07-15 12:39:56,629 - INFO - uv read successfully in 2.05s: {'uv_index': 12.71}
2025-07-15 12:39:56,689 - INFO - aqi read successfully in 0.06s: {'co2': nan, 'pm2_5': 38.6, 'pm10': 218.9, 'carbon_monoxide': 232.0, 'nitrogen_dioxide': 6.8, 'sulphur_dioxide': 12.0, 'ozone': 129.0}
2025-07-15 12:39:56,719 - INFO - wind_speed read successfully in 0.03s: {'wind_speed': 2.5}
2025-07-15 12:39:56,753 - INFO - wind_direction read successfully in 0.03s: {'wind_dir_degrees': 12, 'wind_dir_cardinal': 'N'}
2025-07-15 12:39:56,782 - INFO - rainfall read successfully in 0.03s: {'rainfall': 0.0}
2025-07-15 12:39:56,782 - INFO - Read cycle complete. Successful: 6, Errors: 0
2025-07-15 12:39:56,782 - INFO - Current sensor data: {'timestamp': '2025-07-15T12:39:54.549309', 'temperature': 40.1, 'humidity': 44.1, 'pressure': 1009.9, 'uv_index': 12.71, 'co2': nan, 'pm2_5': 38.6, 'pm10': 218.9, 'carbon_monoxide': 232.0, 'nitrogen_dioxide': 6.8, 'sulphur_dioxide': 12.0, 'ozone': 129.0, 'wind_speed': 2.5, 'wind_dir_degrees': 12, 'wind_dir_cardinal': 'N', 'rainfall': 0.0}
2025-07-15 12:39:58,783 - INFO - Modbus connection successful (Attempt 1/3)
2025-07-15 12:39:58,817 - INFO - environment read successfully in 0.03s: {'temperature': 40.1, 'humidity': 44.1, 'pressure': 1009.9}
2025-07-15 12:40:00,862 - INFO - uv read successfully in 2.05s: {'uv_index': 12.57}
2025-07-15 12:40:00,906 - INFO - aqi read successfully in 0.04s: {'co2': nan, 'pm2_5': 38.6, 'pm10': 218.9, 'carbon_monoxide': 232.0, 'nitrogen_dioxide': 6.8, 'sulphur_dioxide': 12.0, 'ozone': 129.0}
2025-07-15 12:40:00,936 - INFO - wind_speed read successfully in 0.03s: {'wind_speed': 2.8}
2025-07-15 12:40:00,970 - INFO - wind_direction read successfully in 0.03s: {'wind_dir_degrees': 334, 'wind_dir_cardinal': 'NW'}
2025-07-15 12:40:01,000 - INFO - rainfall read successfully in 0.03s: {'rainfall': 0.0}
2025-07-15 12:40:01,000 - INFO - Read cycle complete. Successful: 6, Errors: 0
2025-07-15 12:40:01,000 - INFO - Current sensor data: {'timestamp': '2025-07-15T12:39:58.783182', 'temperature': 40.1, 'humidity': 44.1, 'pressure': 1009.9, 'uv_index': 12.57, 'co2': nan, 'pm2_5': 38.6, 'pm10': 218.9, 'carbon_monoxide': 232.0, 'nitrogen_dioxide': 6.8, 'sulphur_dioxide': 12.0, 'ozone': 129.0, 'wind_speed': 2.8, 'wind_dir_degrees': 334, 'wind_dir_cardinal': 'NW', 'rainfall': 0.0}
2025-07-15 12:40:03,000 - INFO - Modbus connection successful (Attempt 1/3)
2025-07-15 12:40:03,034 - INFO - environment read successfully in 0.03s: {'temperature': 40.1, 'humidity': 44.1, 'pressure': 1009.9}
2025-07-15 12:40:05,079 - INFO - uv read successfully in 2.04s: {'uv_index': 12.51}
2025-07-15 12:40:05,125 - INFO - aqi read successfully in 0.05s: {'co2': nan, 'pm2_5': 38.6, 'pm10': 218.9, 'carbon_monoxide': 232.0, 'nitrogen_dioxide': 6.8, 'sulphur_dioxide': 12.0, 'ozone': 129.0}
2025-07-15 12:40:05,155 - INFO - wind_speed read successfully in 0.03s: {'wind_speed': 2.7}
2025-07-15 12:40:05,189 - INFO - wind_direction read successfully in 0.03s: {'wind_dir_degrees': 56, 'wind_dir_cardinal': 'NE'}
2025-07-15 12:40:05,219 - INFO - rainfall read successfully in 0.03s: {'rainfall': 0.0}
2025-07-15 12:40:05,219 - INFO - Read cycle complete. Successful: 6, Errors: 0
2025-07-15 12:40:05,219 - INFO - Current sensor data: {'timestamp': '2025-07-15T12:40:03.000624', 'temperature': 40.1, 'humidity': 44.1, 'pressure': 1009.9, 'uv_index': 12.51, 'co2': nan, 'pm2_5': 38.6, 'pm10': 218.9, 'carbon_monoxide': 232.0, 'nitrogen_dioxide': 6.8, 'sulphur_dioxide': 12.0, 'ozone': 129.0, 'wind_speed': 2.7, 'wind_dir_degrees': 56, 'wind_dir_cardinal': 'NE', 'rainfall': 0.0}
2025-07-15 12:40:05,328 - INFO - Switched to GUI-2 (Next toggle in 5s
2025-07-15 12:40:07,219 - INFO - Modbus connection successful (Attempt 1/3)
2025-07-15 12:40:07,253 - INFO - environment read successfully in 0.03s: {'temperature': 40.1, 'humidity': 44.1, 'pressure': 1009.9}
2025-07-15 12:40:09,298 - INFO - uv read successfully in 2.04s: {'uv_index': 12.36}
2025-07-15 12:40:09,342 - INFO - aqi read successfully in 0.04s: {'co2': nan, 'pm2_5': 38.6, 'pm10': 218.9, 'carbon_monoxide': 232.0, 'nitrogen_dioxide': 6.8, 'sulphur_dioxide': 12.0, 'ozone': 129.0}
2025-07-15 12:40:09,372 - INFO - wind_speed read successfully in 0.03s: {'wind_speed': 3.4}
2025-07-15 12:40:09,406 - INFO - wind_direction read successfully in 0.03s: {'wind_dir_degrees': 172, 'wind_dir_cardinal': 'S'}
2025-07-15 12:40:09,436 - INFO - rainfall read successfully in 0.03s: {'rainfall': 0.0}
2025-07-15 12:40:09,436 - INFO - Read cycle complete. Successful: 6, Errors: 0
2025-07-15 12:40:09,436 - INFO - Current sensor data: {'timestamp': '2025-07-15T12:40:07.219648', 'temperature': 40.1, 'humidity': 44.1, 'pressure': 1009.9, 'uv_index': 12.36, 'co2': nan, 'pm2_5': 38.6, 'pm10': 218.9, 'carbon_monoxide': 232.0, 'nitrogen_dioxide': 6.8, 'sulphur_dioxide': 12.0, 'ozone': 129.0, 'wind_speed': 3.4, 'wind_dir_degrees': 172, 'wind_dir_cardinal': 'S', 'rainfall': 0.0}
2025-07-15 12:40:10,328 - INFO - Switched to GUI-1 (Next toggle in 10s
2025-07-15 12:40:11,436 - INFO - Modbus connection successful (Attempt 1/3)
2025-07-15 12:40:11,470 - INFO - environment read successfully in 0.03s: {'temperature': 40.1, 'humidity': 44.1, 'pressure': 1009.9}
2025-07-15 12:40:13,515 - INFO - uv read successfully in 2.04s: {'uv_index': 12.39}
2025-07-15 12:40:13,560 - INFO - aqi read successfully in 0.04s: {'co2': nan, 'pm2_5': 38.6, 'pm10': 218.9, 'carbon_monoxide': 232.0, 'nitrogen_dioxide': 6.8, 'sulphur_dioxide': 12.0, 'ozone': 129.0}
2025-07-15 12:40:13,589 - INFO - wind_speed read successfully in 0.03s: {'wind_speed': 3.3}
2025-07-15 12:40:13,623 - INFO - wind_direction read successfully in 0.03s: {'wind_dir_degrees': 143, 'wind_dir_cardinal': 'SE'}
2025-07-15 12:40:13,653 - INFO - rainfall read successfully in 0.03s: {'rainfall': 0.0}
2025-07-15 12:40:13,653 - INFO - Read cycle complete. Successful: 6, Errors: 0
2025-07-15 12:40:13,653 - INFO - Current sensor data: {'timestamp': '2025-07-15T12:40:11.436625', 'temperature': 40.1, 'humidity': 44.1, 'pressure': 1009.9, 'uv_index': 12.39, 'co2': nan, 'pm2_5': 38.6, 'pm10': 218.9, 'carbon_monoxide': 232.0, 'nitrogen_dioxide': 6.8, 'sulphur_dioxide': 12.0, 'ozone': 129.0, 'wind_speed': 3.3, 'wind_dir_degrees': 143, 'wind_dir_cardinal': 'SE', 'rainfall': 0.0}
2025-07-15 12:40:13,653 - INFO - Sensor data queued for CSV write
2025-07-15 12:40:15,654 - INFO - Modbus connection successful (Attempt 1/3)
2025-07-15 12:40:15,688 - INFO - environment read successfully in 0.03s: {'temperature': 40.1, 'humidity': 44.1, 'pressure': 1010.0}
2025-07-15 12:40:17,734 - INFO - uv read successfully in 2.05s: {'uv_index': 12.5}
2025-07-15 12:40:17,793 - INFO - aqi read successfully in 0.06s: {'co2': nan, 'pm2_5': 38.6, 'pm10': 218.9, 'carbon_monoxide': 232.0, 'nitrogen_dioxide': 6.8, 'sulphur_dioxide': 12.0, 'ozone': 129.0}
2025-07-15 12:40:17,822 - INFO - wind_speed read successfully in 0.03s: {'wind_speed': 2.8}
2025-07-15 12:40:17,856 - INFO - wind_direction read successfully in 0.03s: {'wind_dir_degrees': 87, 'wind_dir_cardinal': 'E'}
2025-07-15 12:40:17,886 - INFO - rainfall read successfully in 0.03s: {'rainfall': 0.0}
2025-07-15 12:40:17,886 - INFO - Read cycle complete. Successful: 6, Errors: 0
2025-07-15 12:40:17,886 - INFO - Current sensor data: {'timestamp': '2025-07-15T12:40:15.654310', 'temperature': 40.1, 'humidity': 44.1, 'pressure': 1010.0, 'uv_index': 12.5, 'co2': nan, 'pm2_5': 38.6, 'pm10': 218.9, 'carbon_monoxide': 232.0, 'nitrogen_dioxide': 6.8, 'sulphur_dioxide': 12.0, 'ozone': 129.0, 'wind_speed': 2.8, 'wind_dir_degrees': 87, 'wind_dir_cardinal': 'E', 'rainfall': 0.0}
2025-07-15 12:40:19,886 - INFO - Modbus connection successful (Attempt 1/3)
2025-07-15 12:40:19,920 - INFO - environment read successfully in 0.03s: {'temperature': 40.0, 'humidity': 44.2, 'pressure': 1009.9}
2025-07-15 12:40:20,328 - INFO - Switched to GUI-2 (Next toggle in 5s
2025-07-15 12:40:20,455 - INFO - CSV write completed at 2025-07-15T12:40:20.455629
2025-07-15 12:40:21,966 - INFO - uv read successfully in 2.05s: {'uv_index': 12.57}
2025-07-15 12:40:22,011 - INFO - aqi read successfully in 0.04s: {'co2': nan, 'pm2_5': 38.6, 'pm10': 218.9, 'carbon_monoxide': 232.0, 'nitrogen_dioxide': 6.8, 'sulphur_dioxide': 12.0, 'ozone': 129.0}
2025-07-15 12:40:22,041 - INFO - wind_speed read successfully in 0.03s: {'wind_speed': 2.5}
2025-07-15 12:40:22,075 - INFO - wind_direction read successfully in 0.03s: {'wind_dir_degrees': 67, 'wind_dir_cardinal': 'NE'}
2025-07-15 12:40:22,105 - INFO - rainfall read successfully in 0.03s: {'rainfall': 0.0}
2025-07-15 12:40:22,105 - INFO - Read cycle complete. Successful: 6, Errors: 0
2025-07-15 12:40:22,105 - INFO - Current sensor data: {'timestamp': '2025-07-15T12:40:19.886976', 'temperature': 40.0, 'humidity': 44.2, 'pressure': 1009.9, 'uv_index': 12.57, 'co2': nan, 'pm2_5': 38.6, 'pm10': 218.9, 'carbon_monoxide': 232.0, 'nitrogen_dioxide': 6.8, 'sulphur_dioxide': 12.0, 'ozone': 129.0, 'wind_speed': 2.5, 'wind_dir_degrees': 67, 'wind_dir_cardinal': 'NE', 'rainfall': 0.0}
2025-07-15 12:40:24,105 - INFO - Modbus connection successful (Attempt 1/3)
2025-07-15 12:40:24,139 - INFO - environment read successfully in 0.03s: {'temperature': 40.0, 'humidity': 44.2, 'pressure': 1009.9}
2025-07-15 12:40:25,329 - INFO - Switched to GUI-1 (Next toggle in 10s
2025-07-15 12:40:26,184 - INFO - uv read successfully in 2.05s: {'uv_index': 12.4}
2025-07-15 12:40:26,228 - INFO - aqi read successfully in 0.04s: {'co2': nan, 'pm2_5': 38.6, 'pm10': 218.9, 'carbon_monoxide': 232.0, 'nitrogen_dioxide': 6.8, 'sulphur_dioxide': 12.0, 'ozone': 129.0}
2025-07-15 12:40:26,258 - INFO - wind_speed read successfully in 0.03s: {'wind_speed': 2.3}
2025-07-15 12:40:26,292 - INFO - wind_direction read successfully in 0.03s: {'wind_dir_degrees': 110, 'wind_dir_cardinal': 'E'}
2025-07-15 12:40:26,322 - INFO - rainfall read successfully in 0.03s: {'rainfall': 0.0}
2025-07-15 12:40:26,322 - INFO - Read cycle complete. Successful: 6, Errors: 0
2025-07-15 12:40:26,322 - INFO - Current sensor data: {'timestamp': '2025-07-15T12:40:24.105332', 'temperature': 40.0, 'humidity': 44.2, 'pressure': 1009.9, 'uv_index': 12.4, 'co2': nan, 'pm2_5': 38.6, 'pm10': 218.9, 'carbon_monoxide': 232.0, 'nitrogen_dioxide': 6.8, 'sulphur_dioxide': 12.0, 'ozone': 129.0, 'wind_speed': 2.3, 'wind_dir_degrees': 110, 'wind_dir_cardinal': 'E', 'rainfall': 0.0}
2025-07-15 12:40:28,322 - INFO - Modbus connection successful (Attempt 1/3)
2025-07-15 12:40:28,356 - INFO - environment read successfully in 0.03s: {'temperature': 40.0, 'humidity': 44.2, 'pressure': 1009.9}
2025-07-15 12:40:30,402 - INFO - uv read successfully in 2.05s: {'uv_index': 12.08}
2025-07-15 12:40:30,460 - INFO - aqi read successfully in 0.06s: {'co2': nan, 'pm2_5': 38.6, 'pm10': 218.9, 'carbon_monoxide': 232.0, 'nitrogen_dioxide': 6.8, 'sulphur_dioxide': 12.0, 'ozone': 129.0}
2025-07-15 12:40:30,490 - INFO - wind_speed read successfully in 0.03s: {'wind_speed': 2.1}
2025-07-15 12:40:30,524 - INFO - wind_direction read successfully in 0.03s: {'wind_dir_degrees': 203, 'wind_dir_cardinal': 'SW'}
2025-07-15 12:40:30,554 - INFO - rainfall read successfully in 0.03s: {'rainfall': 0.0}
2025-07-15 12:40:30,554 - INFO - Read cycle complete. Successful: 6, Errors: 0
2025-07-15 12:40:30,554 - INFO - Current sensor data: {'timestamp': '2025-07-15T12:40:28.322568', 'temperature': 40.0, 'humidity': 44.2, 'pressure': 1009.9, 'uv_index': 12.08, 'co2': nan, 'pm2_5': 38.6, 'pm10': 218.9, 'carbon_monoxide': 232.0, 'nitrogen_dioxide': 6.8, 'sulphur_dioxide': 12.0, 'ozone': 129.0, 'wind_speed': 2.1, 'wind_dir_degrees': 203, 'wind_dir_cardinal': 'SW', 'rainfall': 0.0}
2025-07-15 12:40:32,554 - INFO - Modbus connection successful (Attempt 1/3)
2025-07-15 12:40:32,588 - INFO - environment read successfully in 0.03s: {'temperature': 40.0, 'humidity': 44.3, 'pressure': 1009.9}
2025-07-15 12:40:34,633 - INFO - uv read successfully in 2.04s: {'uv_index': 12.11}
2025-07-15 12:40:34,680 - INFO - aqi read successfully in 0.05s: {'co2': nan, 'pm2_5': 38.6, 'pm10': 218.9, 'carbon_monoxide': 232.0, 'nitrogen_dioxide': 6.8, 'sulphur_dioxide': 12.0, 'ozone': 129.0}
2025-07-15 12:40:34,710 - INFO - wind_speed read successfully in 0.03s: {'wind_speed': 2.0}
2025-07-15 12:40:34,744 - INFO - wind_direction read successfully in 0.03s: {'wind_dir_degrees': 121, 'wind_dir_cardinal': 'SE'}
2025-07-15 12:40:34,774 - INFO - rainfall read successfully in 0.03s: {'rainfall': 0.0}
2025-07-15 12:40:34,774 - INFO - Read cycle complete. Successful: 6, Errors: 0
2025-07-15 12:40:34,774 - INFO - Current sensor data: {'timestamp': '2025-07-15T12:40:32.554421', 'temperature': 40.0, 'humidity': 44.3, 'pressure': 1009.9, 'uv_index': 12.11, 'co2': nan, 'pm2_5': 38.6, 'pm10': 218.9, 'carbon_monoxide': 232.0, 'nitrogen_dioxide': 6.8, 'sulphur_dioxide': 12.0, 'ozone': 129.0, 'wind_speed': 2.0, 'wind_dir_degrees': 121, 'wind_dir_cardinal': 'SE', 'rainfall': 0.0}
2025-07-15 12:40:35,329 - INFO - Switched to GUI-2 (Next toggle in 5s
2025-07-15 12:40:36,774 - INFO - Modbus connection successful (Attempt 1/3)
2025-07-15 12:40:36,808 - INFO - environment read successfully in 0.03s: {'temperature': 40.0, 'humidity': 44.3, 'pressure': 1009.9}
2025-07-15 12:40:38,853 - INFO - uv read successfully in 2.04s: {'uv_index': 12.33}
2025-07-15 12:40:38,897 - INFO - aqi read successfully in 0.04s: {'co2': nan, 'pm2_5': 38.6, 'pm10': 218.9, 'carbon_monoxide': 232.0, 'nitrogen_dioxide': 6.8, 'sulphur_dioxide': 12.0, 'ozone': 129.0}
2025-07-15 12:40:38,927 - INFO - wind_speed read successfully in 0.03s: {'wind_speed': 1.9}
2025-07-15 12:40:38,961 - INFO - wind_direction read successfully in 0.03s: {'wind_dir_degrees': 78, 'wind_dir_cardinal': 'E'}
2025-07-15 12:40:38,990 - INFO - rainfall read successfully in 0.03s: {'rainfall': 0.0}
2025-07-15 12:40:38,991 - INFO - Read cycle complete. Successful: 6, Errors: 0
2025-07-15 12:40:38,991 - INFO - Current sensor data: {'timestamp': '2025-07-15T12:40:36.774689', 'temperature': 40.0, 'humidity': 44.3, 'pressure': 1009.9, 'uv_index': 12.33, 'co2': nan, 'pm2_5': 38.6, 'pm10': 218.9, 'carbon_monoxide': 232.0, 'nitrogen_dioxide': 6.8, 'sulphur_dioxide': 12.0, 'ozone': 129.0, 'wind_speed': 1.9, 'wind_dir_degrees': 78, 'wind_dir_cardinal': 'E', 'rainfall': 0.0}
2025-07-15 12:40:40,329 - INFO - Switched to GUI-1 (Next toggle in 10s
2025-07-15 12:40:40,991 - INFO - Modbus connection successful (Attempt 1/3)
2025-07-15 12:40:41,025 - INFO - environment read successfully in 0.03s: {'temperature': 40.0, 'humidity': 44.4, 'pressure': 1009.9}
2025-07-15 12:40:43,071 - INFO - uv read successfully in 2.05s: {'uv_index': 12.36}
2025-07-15 12:40:43,129 - INFO - aqi read successfully in 0.06s: {'co2': nan, 'pm2_5': 38.6, 'pm10': 218.9, 'carbon_monoxide': 232.0, 'nitrogen_dioxide': 6.8, 'sulphur_dioxide': 12.0, 'ozone': 129.0}
2025-07-15 12:40:43,159 - INFO - wind_speed read successfully in 0.03s: {'wind_speed': 1.7}
2025-07-15 12:40:43,193 - INFO - wind_direction read successfully in 0.03s: {'wind_dir_degrees': 156, 'wind_dir_cardinal': 'SE'}
2025-07-15 12:40:43,222 - INFO - rainfall read successfully in 0.03s: {'rainfall': 0.0}
2025-07-15 12:40:43,222 - INFO - Read cycle complete. Successful: 6, Errors: 0
2025-07-15 12:40:43,222 - INFO - Current sensor data: {'timestamp': '2025-07-15T12:40:40.991305', 'temperature': 40.0, 'humidity': 44.4, 'pressure': 1009.9, 'uv_index': 12.36, 'co2': nan, 'pm2_5': 38.6, 'pm10': 218.9, 'carbon_monoxide': 232.0, 'nitrogen_dioxide': 6.8, 'sulphur_dioxide': 12.0, 'ozone': 129.0, 'wind_speed': 1.7, 'wind_dir_degrees': 156, 'wind_dir_cardinal': 'SE', 'rainfall': 0.0}
2025-07-15 12:40:45,223 - INFO - Modbus connection successful (Attempt 1/3)
2025-07-15 12:40:45,257 - INFO - environment read successfully in 0.03s: {'temperature': 40.0, 'humidity': 44.4, 'pressure': 1009.9}
2025-07-15 12:40:47,303 - INFO - uv read successfully in 2.05s: {'uv_index': 12.02}
2025-07-15 12:40:47,347 - INFO - aqi read successfully in 0.04s: {'co2': nan, 'pm2_5': 38.6, 'pm10': 218.9, 'carbon_monoxide': 232.0, 'nitrogen_dioxide': 6.8, 'sulphur_dioxide': 12.0, 'ozone': 129.0}
2025-07-15 12:40:47,376 - INFO - wind_speed read successfully in 0.03s: {'wind_speed': 1.6}
2025-07-15 12:40:47,410 - INFO - wind_direction read successfully in 0.03s: {'wind_dir_degrees': 14, 'wind_dir_cardinal': 'N'}
2025-07-15 12:40:47,440 - INFO - rainfall read successfully in 0.03s: {'rainfall': 0.0}
2025-07-15 12:40:47,440 - INFO - Read cycle complete. Successful: 6, Errors: 0
2025-07-15 12:40:47,440 - INFO - Current sensor data: {'timestamp': '2025-07-15T12:40:45.223155', 'temperature': 40.0, 'humidity': 44.4, 'pressure': 1009.9, 'uv_index': 12.02, 'co2': nan, 'pm2_5': 38.6, 'pm10': 218.9, 'carbon_monoxide': 232.0, 'nitrogen_dioxide': 6.8, 'sulphur_dioxide': 12.0, 'ozone': 129.0, 'wind_speed': 1.6, 'wind_dir_degrees': 14, 'wind_dir_cardinal': 'N', 'rainfall': 0.0}
2025-07-15 12:40:47,440 - INFO - Sensor data queued for CSV write
2025-07-15 12:40:49,440 - INFO - Modbus connection successful (Attempt 1/3)
2025-07-15 12:40:49,474 - INFO - environment read successfully in 0.03s: {'temperature': 39.9, 'humidity': 44.4, 'pressure': 1009.9}
2025-07-15 12:40:50,330 - INFO - Switched to GUI-2 (Next toggle in 5s
2025-07-15 12:40:50,461 - INFO - CSV write completed at 2025-07-15T12:40:50.461675
2025-07-15 12:40:51,519 - INFO - uv read successfully in 2.04s: {'uv_index': 11.64}
2025-07-15 12:40:51,587 - INFO - aqi read successfully in 0.07s: {'co2': nan, 'pm2_5': 38.6, 'pm10': 218.9, 'carbon_monoxide': 232.0, 'nitrogen_dioxide': 6.8, 'sulphur_dioxide': 12.0, 'ozone': 129.0}
2025-07-15 12:40:51,617 - INFO - wind_speed read successfully in 0.03s: {'wind_speed': 1.6}
2025-07-15 12:40:51,652 - INFO - wind_direction read successfully in 0.03s: {'wind_dir_degrees': 130, 'wind_dir_cardinal': 'SE'}
2025-07-15 12:40:51,682 - INFO - rainfall read successfully in 0.03s: {'rainfall': 0.0}
2025-07-15 12:40:51,682 - INFO - Read cycle complete. Successful: 6, Errors: 0
2025-07-15 12:40:51,682 - INFO - Current sensor data: {'timestamp': '2025-07-15T12:40:49.440974', 'temperature': 39.9, 'humidity': 44.4, 'pressure': 1009.9, 'uv_index': 11.64, 'co2': nan, 'pm2_5': 38.6, 'pm10': 218.9, 'carbon_monoxide': 232.0, 'nitrogen_dioxide': 6.8, 'sulphur_dioxide': 12.0, 'ozone': 129.0, 'wind_speed': 1.6, 'wind_dir_degrees': 130, 'wind_dir_cardinal': 'SE', 'rainfall': 0.0}
2025-07-15 12:40:53,682 - INFO - Modbus connection successful (Attempt 1/3)
2025-07-15 12:40:53,717 - INFO - environment read successfully in 0.03s: {'temperature': 40.0, 'humidity': 44.4, 'pressure': 1009.9}
2025-07-15 12:40:55,330 - INFO - Switched to GUI-1 (Next toggle in 10s
2025-07-15 12:40:55,762 - INFO - uv read successfully in 2.05s: {'uv_index': 11.7}
2025-07-15 12:40:55,854 - INFO - aqi read successfully in 0.09s: {'co2': nan, 'pm2_5': 38.6, 'pm10': 218.9, 'carbon_monoxide': 232.0, 'nitrogen_dioxide': 6.8, 'sulphur_dioxide': 12.0, 'ozone': 129.0}
2025-07-15 12:40:55,885 - INFO - wind_speed read successfully in 0.03s: {'wind_speed': 1.7}
2025-07-15 12:40:55,919 - INFO - wind_direction read successfully in 0.03s: {'wind_dir_degrees': 335, 'wind_dir_cardinal': 'NW'}
2025-07-15 12:40:55,949 - INFO - rainfall read successfully in 0.03s: {'rainfall': 0.0}
2025-07-15 12:40:55,949 - INFO - Read cycle complete. Successful: 6, Errors: 0
2025-07-15 12:40:55,949 - INFO - Current sensor data: {'timestamp': '2025-07-15T12:40:53.682866', 'temperature': 40.0, 'humidity': 44.4, 'pressure': 1009.9, 'uv_index': 11.7, 'co2': nan, 'pm2_5': 38.6, 'pm10': 218.9, 'carbon_monoxide': 232.0, 'nitrogen_dioxide': 6.8, 'sulphur_dioxide': 12.0, 'ozone': 129.0, 'wind_speed': 1.7, 'wind_dir_degrees': 335, 'wind_dir_cardinal': 'NW', 'rainfall': 0.0}
2025-07-15 12:40:57,949 - INFO - Modbus connection successful (Attempt 1/3)
2025-07-15 12:40:57,983 - INFO - environment read successfully in 0.03s: {'temperature': 39.9, 'humidity': 44.4, 'pressure': 1009.9}
2025-07-15 12:41:00,030 - INFO - uv read successfully in 2.05s: {'uv_index': 11.81}
2025-07-15 12:41:00,100 - INFO - aqi read successfully in 0.07s: {'co2': nan, 'pm2_5': 38.6, 'pm10': 218.9, 'carbon_monoxide': 232.0, 'nitrogen_dioxide': 6.8, 'sulphur_dioxide': 12.0, 'ozone': 129.0}
2025-07-15 12:41:00,130 - INFO - wind_speed read successfully in 0.03s: {'wind_speed': 1.7}
2025-07-15 12:41:00,164 - INFO - wind_direction read successfully in 0.03s: {'wind_dir_degrees': 125, 'wind_dir_cardinal': 'SE'}
2025-07-15 12:41:00,194 - INFO - rainfall read successfully in 0.03s: {'rainfall': 0.0}
2025-07-15 12:41:00,194 - INFO - Read cycle complete. Successful: 6, Errors: 0
2025-07-15 12:41:00,194 - INFO - Current sensor data: {'timestamp': '2025-07-15T12:40:57.949516', 'temperature': 39.9, 'humidity': 44.4, 'pressure': 1009.9, 'uv_index': 11.81, 'co2': nan, 'pm2_5': 38.6, 'pm10': 218.9, 'carbon_monoxide': 232.0, 'nitrogen_dioxide': 6.8, 'sulphur_dioxide': 12.0, 'ozone': 129.0, 'wind_speed': 1.7, 'wind_dir_degrees': 125, 'wind_dir_cardinal': 'SE', 'rainfall': 0.0}
2025-07-15 12:41:02,195 - INFO - Modbus connection successful (Attempt 1/3)
2025-07-15 12:41:02,229 - INFO - environment read successfully in 0.03s: {'temperature': 39.9, 'humidity': 44.4, 'pressure': 1009.9}
2025-07-15 12:41:04,272 - INFO - uv read successfully in 2.04s: {'uv_index': 11.58}
2025-07-15 12:41:04,357 - INFO - aqi read successfully in 0.09s: {'co2': nan, 'pm2_5': 38.6, 'pm10': 218.9, 'carbon_monoxide': 232.0, 'nitrogen_dioxide': 6.8, 'sulphur_dioxide': 12.0, 'ozone': 129.0}
2025-07-15 12:41:04,387 - INFO - wind_speed read successfully in 0.03s: {'wind_speed': 1.8}
2025-07-15 12:41:04,422 - INFO - wind_direction read successfully in 0.03s: {'wind_dir_degrees': 137, 'wind_dir_cardinal': 'SE'}
2025-07-15 12:41:04,451 - INFO - rainfall read successfully in 0.03s: {'rainfall': 0.0}
2025-07-15 12:41:04,451 - INFO - Read cycle complete. Successful: 6, Errors: 0
2025-07-15 12:41:04,451 - INFO - Current sensor data: {'timestamp': '2025-07-15T12:41:02.195194', 'temperature': 39.9, 'humidity': 44.4, 'pressure': 1009.9, 'uv_index': 11.58, 'co2': nan, 'pm2_5': 38.6, 'pm10': 218.9, 'carbon_monoxide': 232.0, 'nitrogen_dioxide': 6.8, 'sulphur_dioxide': 12.0, 'ozone': 129.0, 'wind_speed': 1.8, 'wind_dir_degrees': 137, 'wind_dir_cardinal': 'SE', 'rainfall': 0.0}
2025-07-15 12:41:05,331 - INFO - Switched to GUI-2 (Next toggle in 5s
2025-07-15 12:41:06,452 - INFO - Modbus connection successful (Attempt 1/3)
2025-07-15 12:41:06,486 - INFO - environment read successfully in 0.03s: {'temperature': 39.9, 'humidity': 44.4, 'pressure': 1009.9}
2025-07-15 12:41:08,533 - INFO - uv read successfully in 2.05s: {'uv_index': 11.29}
2025-07-15 12:41:08,602 - INFO - aqi read successfully in 0.07s: {'co2': nan, 'pm2_5': 38.6, 'pm10': 218.9, 'carbon_monoxide': 232.0, 'nitrogen_dioxide': 6.8, 'sulphur_dioxide': 12.0, 'ozone': 129.0}
2025-07-15 12:41:08,632 - INFO - wind_speed read successfully in 0.03s: {'wind_speed': 2.1}
2025-07-15 12:41:08,666 - INFO - wind_direction read successfully in 0.03s: {'wind_dir_degrees': 201, 'wind_dir_cardinal': 'S'}
2025-07-15 12:41:08,696 - INFO - rainfall read successfully in 0.03s: {'rainfall': 0.0}
2025-07-15 12:41:08,697 - INFO - Read cycle complete. Successful: 6, Errors: 0
2025-07-15 12:41:08,697 - INFO - Current sensor data: {'timestamp': '2025-07-15T12:41:06.452276', 'temperature': 39.9, 'humidity': 44.4, 'pressure': 1009.9, 'uv_index': 11.29, 'co2': nan, 'pm2_5': 38.6, 'pm10': 218.9, 'carbon_monoxide': 232.0, 'nitrogen_dioxide': 6.8, 'sulphur_dioxide': 12.0, 'ozone': 129.0, 'wind_speed': 2.1, 'wind_dir_degrees': 201, 'wind_dir_cardinal': 'S', 'rainfall': 0.0}
2025-07-15 12:41:10,331 - INFO - Switched to GUI-1 (Next toggle in 10s
2025-07-15 12:41:10,697 - INFO - Modbus connection successful (Attempt 1/3)
2025-07-15 12:41:10,731 - INFO - environment read successfully in 0.03s: {'temperature': 39.9, 'humidity': 44.4, 'pressure': 1009.9}
2025-07-15 12:41:12,778 - INFO - uv read successfully in 2.05s: {'uv_index': 11.48}
2025-07-15 12:41:12,846 - INFO - aqi read successfully in 0.07s: {'co2': nan, 'pm2_5': 38.6, 'pm10': 218.9, 'carbon_monoxide': 232.0, 'nitrogen_dioxide': 6.8, 'sulphur_dioxide': 12.0, 'ozone': 129.0}
2025-07-15 12:41:12,876 - INFO - wind_speed read successfully in 0.03s: {'wind_speed': 2.3}
2025-07-15 12:41:12,911 - INFO - wind_direction read successfully in 0.03s: {'wind_dir_degrees': 56, 'wind_dir_cardinal': 'NE'}
2025-07-15 12:41:12,940 - INFO - rainfall read successfully in 0.03s: {'rainfall': 0.0}
2025-07-15 12:41:12,941 - INFO - Read cycle complete. Successful: 6, Errors: 0
2025-07-15 12:41:12,941 - INFO - Current sensor data: {'timestamp': '2025-07-15T12:41:10.697497', 'temperature': 39.9, 'humidity': 44.4, 'pressure': 1009.9, 'uv_index': 11.48, 'co2': nan, 'pm2_5': 38.6, 'pm10': 218.9, 'carbon_monoxide': 232.0, 'nitrogen_dioxide': 6.8, 'sulphur_dioxide': 12.0, 'ozone': 129.0, 'wind_speed': 2.3, 'wind_dir_degrees': 56, 'wind_dir_cardinal': 'NE', 'rainfall': 0.0}
2025-07-15 12:41:14,941 - INFO - Modbus connection successful (Attempt 1/3)
2025-07-15 12:41:14,975 - INFO - environment read successfully in 0.03s: {'temperature': 39.9, 'humidity': 44.3, 'pressure': 1009.8}
2025-07-15 12:41:17,018 - INFO - uv read successfully in 2.04s: {'uv_index': 11.48}
2025-07-15 12:41:17,078 - INFO - aqi read successfully in 0.06s: {'co2': nan, 'pm2_5': 38.6, 'pm10': 218.9, 'carbon_monoxide': 232.0, 'nitrogen_dioxide': 6.8, 'sulphur_dioxide': 12.0, 'ozone': 129.0}
2025-07-15 12:41:17,108 - INFO - wind_speed read successfully in 0.03s: {'wind_speed': 2.3}
2025-07-15 12:41:17,142 - INFO - wind_direction read successfully in 0.03s: {'wind_dir_degrees': 0, 'wind_dir_cardinal': 'N'}
2025-07-15 12:41:17,172 - INFO - rainfall read successfully in 0.03s: {'rainfall': 0.0}
2025-07-15 12:41:17,172 - INFO - Read cycle complete. Successful: 6, Errors: 0
2025-07-15 12:41:17,172 - INFO - Current sensor data: {'timestamp': '2025-07-15T12:41:14.941400', 'temperature': 39.9, 'humidity': 44.3, 'pressure': 1009.8, 'uv_index': 11.48, 'co2': nan, 'pm2_5': 38.6, 'pm10': 218.9, 'carbon_monoxide': 232.0, 'nitrogen_dioxide': 6.8, 'sulphur_dioxide': 12.0, 'ozone': 129.0, 'wind_speed': 2.3, 'wind_dir_degrees': 0, 'wind_dir_cardinal': 'N', 'rainfall': 0.0}
2025-07-15 12:41:19,172 - INFO - Modbus connection successful (Attempt 1/3)
2025-07-15 12:41:19,206 - INFO - environment read successfully in 0.03s: {'temperature': 39.9, 'humidity': 44.5, 'pressure': 1009.9}
2025-07-15 12:41:20,332 - INFO - Switched to GUI-2 (Next toggle in 5s
2025-07-15 12:41:20,464 - INFO - CSV write completed at 2025-07-15T12:41:20.464615
2025-07-15 12:41:21,250 - INFO - uv read successfully in 2.04s: {'uv_index': 11.14}
2025-07-15 12:41:21,294 - INFO - aqi read successfully in 0.04s: {'co2': nan, 'pm2_5': 38.6, 'pm10': 218.9, 'carbon_monoxide': 232.0, 'nitrogen_dioxide': 6.8, 'sulphur_dioxide': 12.0, 'ozone': 129.0}
2025-07-15 12:41:21,324 - INFO - wind_speed read successfully in 0.03s: {'wind_speed': 2.1}
2025-07-15 12:41:21,358 - INFO - wind_direction read successfully in 0.03s: {'wind_dir_degrees': 34, 'wind_dir_cardinal': 'NE'}
2025-07-15 12:41:21,388 - INFO - rainfall read successfully in 0.03s: {'rainfall': 0.0}
2025-07-15 12:41:21,388 - INFO - Read cycle complete. Successful: 6, Errors: 0
2025-07-15 12:41:21,388 - INFO - Current sensor data: {'timestamp': '2025-07-15T12:41:19.172249', 'temperature': 39.9, 'humidity': 44.5, 'pressure': 1009.9, 'uv_index': 11.14, 'co2': nan, 'pm2_5': 38.6, 'pm10': 218.9, 'carbon_monoxide': 232.0, 'nitrogen_dioxide': 6.8, 'sulphur_dioxide': 12.0, 'ozone': 129.0, 'wind_speed': 2.1, 'wind_dir_degrees': 34, 'wind_dir_cardinal': 'NE', 'rainfall': 0.0}
2025-07-15 12:41:21,388 - INFO - Sensor data queued for CSV write
2025-07-15 12:41:23,388 - INFO - Modbus connection successful (Attempt 1/3)
2025-07-15 12:41:23,423 - INFO - environment read successfully in 0.03s: {'temperature': 39.9, 'humidity': 44.5, 'pressure': 1009.9}
2025-07-15 12:41:25,332 - INFO - Switched to GUI-1 (Next toggle in 10s
2025-07-15 12:41:25,467 - INFO - uv read successfully in 2.04s: {'uv_index': 11.48}
2025-07-15 12:41:25,538 - INFO - aqi read successfully in 0.07s: {'co2': nan, 'pm2_5': 38.6, 'pm10': 218.9, 'carbon_monoxide': 232.0, 'nitrogen_dioxide': 6.8, 'sulphur_dioxide': 12.0, 'ozone': 129.0}
2025-07-15 12:41:25,568 - INFO - wind_speed read successfully in 0.03s: {'wind_speed': 1.9}
2025-07-15 12:41:25,603 - INFO - wind_direction read successfully in 0.03s: {'wind_dir_degrees': 47, 'wind_dir_cardinal': 'NE'}
2025-07-15 12:41:25,632 - INFO - rainfall read successfully in 0.03s: {'rainfall': 0.0}
2025-07-15 12:41:25,633 - INFO - Read cycle complete. Successful: 6, Errors: 0
2025-07-15 12:41:25,633 - INFO - Current sensor data: {'timestamp': '2025-07-15T12:41:23.388752', 'temperature': 39.9, 'humidity': 44.5, 'pressure': 1009.9, 'uv_index': 11.48, 'co2': nan, 'pm2_5': 38.6, 'pm10': 218.9, 'carbon_monoxide': 232.0, 'nitrogen_dioxide': 6.8, 'sulphur_dioxide': 12.0, 'ozone': 129.0, 'wind_speed': 1.9, 'wind_dir_degrees': 47, 'wind_dir_cardinal': 'NE', 'rainfall': 0.0}
2025-07-15 12:41:27,633 - INFO - Modbus connection successful (Attempt 1/3)
2025-07-15 12:41:27,667 - INFO - environment read successfully in 0.03s: {'temperature': 39.9, 'humidity': 44.4, 'pressure': 1009.9}
2025-07-15 12:41:29,711 - INFO - uv read successfully in 2.04s: {'uv_index': 11.58}
2025-07-15 12:41:29,793 - INFO - aqi read successfully in 0.08s: {'co2': nan, 'pm2_5': 38.6, 'pm10': 218.9, 'carbon_monoxide': 232.0, 'nitrogen_dioxide': 6.8, 'sulphur_dioxide': 12.0, 'ozone': 129.0}
2025-07-15 12:41:29,823 - INFO - wind_speed read successfully in 0.03s: {'wind_speed': 1.8}
2025-07-15 12:41:29,857 - INFO - wind_direction read successfully in 0.03s: {'wind_dir_degrees': 188, 'wind_dir_cardinal': 'S'}
2025-07-15 12:41:29,887 - INFO - rainfall read successfully in 0.03s: {'rainfall': 0.0}
2025-07-15 12:41:29,887 - INFO - Read cycle complete. Successful: 6, Errors: 0
2025-07-15 12:41:29,887 - INFO - Current sensor data: {'timestamp': '2025-07-15T12:41:27.633401', 'temperature': 39.9, 'humidity': 44.4, 'pressure': 1009.9, 'uv_index': 11.58, 'co2': nan, 'pm2_5': 38.6, 'pm10': 218.9, 'carbon_monoxide': 232.0, 'nitrogen_dioxide': 6.8, 'sulphur_dioxide': 12.0, 'ozone': 129.0, 'wind_speed': 1.8, 'wind_dir_degrees': 188, 'wind_dir_cardinal': 'S', 'rainfall': 0.0}
2025-07-15 12:41:31,887 - INFO - Modbus connection successful (Attempt 1/3)
2025-07-15 12:41:31,922 - INFO - environment read successfully in 0.03s: {'temperature': 39.8, 'humidity': 44.5, 'pressure': 1009.9}
2025-07-15 12:41:33,967 - INFO - uv read successfully in 2.05s: {'uv_index': 11.34}
2025-07-15 12:41:34,012 - INFO - aqi read successfully in 0.04s: {'co2': nan, 'pm2_5': 38.6, 'pm10': 218.9, 'carbon_monoxide': 232.0, 'nitrogen_dioxide': 6.8, 'sulphur_dioxide': 12.0, 'ozone': 129.0}
2025-07-15 12:41:34,042 - INFO - wind_speed read successfully in 0.03s: {'wind_speed': 1.7}
2025-07-15 12:41:34,076 - INFO - wind_direction read successfully in 0.03s: {'wind_dir_degrees': 89, 'wind_dir_cardinal': 'E'}
2025-07-15 12:41:34,105 - INFO - rainfall read successfully in 0.03s: {'rainfall': 0.0}
2025-07-15 12:41:34,105 - INFO - Read cycle complete. Successful: 6, Errors: 0
2025-07-15 12:41:34,105 - INFO - Current sensor data: {'timestamp': '2025-07-15T12:41:31.887965', 'temperature': 39.8, 'humidity': 44.5, 'pressure': 1009.9, 'uv_index': 11.34, 'co2': nan, 'pm2_5': 38.6, 'pm10': 218.9, 'carbon_monoxide': 232.0, 'nitrogen_dioxide': 6.8, 'sulphur_dioxide': 12.0, 'ozone': 129.0, 'wind_speed': 1.7, 'wind_dir_degrees': 89, 'wind_dir_cardinal': 'E', 'rainfall': 0.0}
2025-07-15 12:41:35,332 - INFO - Switched to GUI-2 (Next toggle in 5s
2025-07-15 12:41:36,105 - INFO - Modbus connection successful (Attempt 1/3)
2025-07-15 12:41:36,140 - INFO - environment read successfully in 0.03s: {'temperature': 39.9, 'humidity': 44.6, 'pressure': 1009.8}
2025-07-15 12:41:38,184 - INFO - uv read successfully in 2.04s: {'uv_index': 11.22}
2025-07-15 12:41:38,228 - INFO - aqi read successfully in 0.04s: {'co2': nan, 'pm2_5': 38.6, 'pm10': 218.9, 'carbon_monoxide': 232.0, 'nitrogen_dioxide': 6.8, 'sulphur_dioxide': 12.0, 'ozone': 129.0}
2025-07-15 12:41:38,258 - INFO - wind_speed read successfully in 0.03s: {'wind_speed': 1.6}
2025-07-15 12:41:38,292 - INFO - wind_direction read successfully in 0.03s: {'wind_dir_degrees': 157, 'wind_dir_cardinal': 'SE'}
2025-07-15 12:41:38,322 - INFO - rainfall read successfully in 0.03s: {'rainfall': 0.0}
2025-07-15 12:41:38,322 - INFO - Read cycle complete. Successful: 6, Errors: 0
2025-07-15 12:41:38,322 - INFO - Current sensor data: {'timestamp': '2025-07-15T12:41:36.106020', 'temperature': 39.9, 'humidity': 44.6, 'pressure': 1009.8, 'uv_index': 11.22, 'co2': nan, 'pm2_5': 38.6, 'pm10': 218.9, 'carbon_monoxide': 232.0, 'nitrogen_dioxide': 6.8, 'sulphur_dioxide': 12.0, 'ozone': 129.0, 'wind_speed': 1.6, 'wind_dir_degrees': 157, 'wind_dir_cardinal': 'SE', 'rainfall': 0.0}
2025-07-15 12:41:40,322 - INFO - Modbus connection successful (Attempt 1/3)
2025-07-15 12:41:40,332 - INFO - Switched to GUI-1 (Next toggle in 10s
2025-07-15 12:41:40,357 - INFO - environment read successfully in 0.03s: {'temperature': 39.9, 'humidity': 44.6, 'pressure': 1009.9}
2025-07-15 12:41:42,402 - INFO - uv read successfully in 2.04s: {'uv_index': 11.34}
2025-07-15 12:41:42,446 - INFO - aqi read successfully in 0.04s: {'co2': nan, 'pm2_5': 38.6, 'pm10': 218.9, 'carbon_monoxide': 232.0, 'nitrogen_dioxide': 6.8, 'sulphur_dioxide': 12.0, 'ozone': 129.0}
2025-07-15 12:41:42,476 - INFO - wind_speed read successfully in 0.03s: {'wind_speed': 2.0}
2025-07-15 12:41:42,510 - INFO - wind_direction read successfully in 0.03s: {'wind_dir_degrees': 119, 'wind_dir_cardinal': 'SE'}
2025-07-15 12:41:42,539 - INFO - rainfall read successfully in 0.03s: {'rainfall': 0.0}
2025-07-15 12:41:42,539 - INFO - Read cycle complete. Successful: 6, Errors: 0
2025-07-15 12:41:42,539 - INFO - Current sensor data: {'timestamp': '2025-07-15T12:41:40.322594', 'temperature': 39.9, 'humidity': 44.6, 'pressure': 1009.9, 'uv_index': 11.34, 'co2': nan, 'pm2_5': 38.6, 'pm10': 218.9, 'carbon_monoxide': 232.0, 'nitrogen_dioxide': 6.8, 'sulphur_dioxide': 12.0, 'ozone': 129.0, 'wind_speed': 2.0, 'wind_dir_degrees': 119, 'wind_dir_cardinal': 'SE', 'rainfall': 0.0}
2025-07-15 12:41:44,539 - INFO - Modbus connection successful (Attempt 1/3)
2025-07-15 12:41:44,574 - INFO - environment read successfully in 0.03s: {'temperature': 39.8, 'humidity': 44.6, 'pressure': 1009.8}
2025-07-15 12:41:46,619 - INFO - uv read successfully in 2.05s: {'uv_index': 11.45}
2025-07-15 12:41:46,664 - INFO - aqi read successfully in 0.04s: {'co2': nan, 'pm2_5': 38.6, 'pm10': 218.9, 'carbon_monoxide': 232.0, 'nitrogen_dioxide': 6.8, 'sulphur_dioxide': 12.0, 'ozone': 129.0}
2025-07-15 12:41:46,694 - INFO - wind_speed read successfully in 0.03s: {'wind_speed': 2.4}
2025-07-15 12:41:46,728 - INFO - wind_direction read successfully in 0.03s: {'wind_dir_degrees': 106, 'wind_dir_cardinal': 'E'}
2025-07-15 12:41:46,758 - INFO - rainfall read successfully in 0.03s: {'rainfall': 0.0}
2025-07-15 12:41:46,758 - INFO - Read cycle complete. Successful: 6, Errors: 0
2025-07-15 12:41:46,758 - INFO - Current sensor data: {'timestamp': '2025-07-15T12:41:44.540046', 'temperature': 39.8, 'humidity': 44.6, 'pressure': 1009.8, 'uv_index': 11.45, 'co2': nan, 'pm2_5': 38.6, 'pm10': 218.9, 'carbon_monoxide': 232.0, 'nitrogen_dioxide': 6.8, 'sulphur_dioxide': 12.0, 'ozone': 129.0, 'wind_speed': 2.4, 'wind_dir_degrees': 106, 'wind_dir_cardinal': 'E', 'rainfall': 0.0}
2025-07-15 12:41:48,758 - INFO - Modbus connection successful (Attempt 1/3)
2025-07-15 12:41:48,792 - INFO - environment read successfully in 0.03s: {'temperature': 39.8, 'humidity': 44.7, 'pressure': 1009.8}
2025-07-15 12:41:50,333 - INFO - Switched to GUI-2 (Next toggle in 5s
2025-07-15 12:41:50,467 - INFO - CSV write completed at 2025-07-15T12:41:50.467513
2025-07-15 12:41:50,838 - INFO - uv read successfully in 2.05s: {'uv_index': 11.25}
2025-07-15 12:41:50,882 - INFO - aqi read successfully in 0.04s: {'co2': nan, 'pm2_5': 38.6, 'pm10': 218.9, 'carbon_monoxide': 232.0, 'nitrogen_dioxide': 6.8, 'sulphur_dioxide': 12.0, 'ozone': 129.0}
2025-07-15 12:41:50,911 - INFO - wind_speed read successfully in 0.03s: {'wind_speed': 2.2}
2025-07-15 12:41:50,945 - INFO - wind_direction read successfully in 0.03s: {'wind_dir_degrees': 331, 'wind_dir_cardinal': 'NW'}
2025-07-15 12:41:50,975 - INFO - rainfall read successfully in 0.03s: {'rainfall': 0.0}
2025-07-15 12:41:50,975 - INFO - Read cycle complete. Successful: 6, Errors: 0
2025-07-15 12:41:50,975 - INFO - Current sensor data: {'timestamp': '2025-07-15T12:41:48.758772', 'temperature': 39.8, 'humidity': 44.7, 'pressure': 1009.8, 'uv_index': 11.25, 'co2': nan, 'pm2_5': 38.6, 'pm10': 218.9, 'carbon_monoxide': 232.0, 'nitrogen_dioxide': 6.8, 'sulphur_dioxide': 12.0, 'ozone': 129.0, 'wind_speed': 2.2, 'wind_dir_degrees': 331, 'wind_dir_cardinal': 'NW', 'rainfall': 0.0}
2025-07-15 12:41:52,975 - INFO - Modbus connection successful (Attempt 1/3)
2025-07-15 12:41:53,009 - INFO - environment read successfully in 0.03s: {'temperature': 39.8, 'humidity': 44.7, 'pressure': 1009.8}
2025-07-15 12:41:55,055 - INFO - uv read successfully in 2.05s: {'uv_index': 10.68}
2025-07-15 12:41:55,113 - INFO - aqi read successfully in 0.06s: {'co2': nan, 'pm2_5': 38.6, 'pm10': 218.9, 'carbon_monoxide': 232.0, 'nitrogen_dioxide': 6.8, 'sulphur_dioxide': 12.0, 'ozone': 129.0}
2025-07-15 12:41:55,143 - INFO - wind_speed read successfully in 0.03s: {'wind_speed': 1.9}
2025-07-15 12:41:55,177 - INFO - wind_direction read successfully in 0.03s: {'wind_dir_degrees': 231, 'wind_dir_cardinal': 'SW'}
2025-07-15 12:41:55,206 - INFO - rainfall read successfully in 0.03s: {'rainfall': 0.0}
2025-07-15 12:41:55,206 - INFO - Read cycle complete. Successful: 6, Errors: 0
2025-07-15 12:41:55,206 - INFO - Current sensor data: {'timestamp': '2025-07-15T12:41:52.975885', 'temperature': 39.8, 'humidity': 44.7, 'pressure': 1009.8, 'uv_index': 10.68, 'co2': nan, 'pm2_5': 38.6, 'pm10': 218.9, 'carbon_monoxide': 232.0, 'nitrogen_dioxide': 6.8, 'sulphur_dioxide': 12.0, 'ozone': 129.0, 'wind_speed': 1.9, 'wind_dir_degrees': 231, 'wind_dir_cardinal': 'SW', 'rainfall': 0.0}
2025-07-15 12:41:55,206 - INFO - Sensor data queued for CSV write
2025-07-15 12:41:55,333 - INFO - Switched to GUI-1 (Next toggle in 10s
2025-07-15 12:41:57,207 - INFO - Modbus connection successful (Attempt 1/3)
2025-07-15 12:41:57,241 - INFO - environment read successfully in 0.03s: {'temperature': 39.8, 'humidity': 44.8, 'pressure': 1009.8}
2025-07-15 12:41:59,285 - INFO - uv read successfully in 2.04s: {'uv_index': 9.97}
2025-07-15 12:41:59,330 - INFO - aqi read successfully in 0.04s: {'co2': nan, 'pm2_5': 38.6, 'pm10': 218.9, 'carbon_monoxide': 232.0, 'nitrogen_dioxide': 6.8, 'sulphur_dioxide': 12.0, 'ozone': 129.0}
2025-07-15 12:41:59,359 - INFO - wind_speed read successfully in 0.03s: {'wind_speed': 1.7}
2025-07-15 12:41:59,393 - INFO - wind_direction read successfully in 0.03s: {'wind_dir_degrees': 218, 'wind_dir_cardinal': 'SW'}
2025-07-15 12:41:59,423 - INFO - rainfall read successfully in 0.03s: {'rainfall': 0.0}
2025-07-15 12:41:59,423 - INFO - Read cycle complete. Successful: 6, Errors: 0
2025-07-15 12:41:59,423 - INFO - Current sensor data: {'timestamp': '2025-07-15T12:41:57.207182', 'temperature': 39.8, 'humidity': 44.8, 'pressure': 1009.8, 'uv_index': 9.97, 'co2': nan, 'pm2_5': 38.6, 'pm10': 218.9, 'carbon_monoxide': 232.0, 'nitrogen_dioxide': 6.8, 'sulphur_dioxide': 12.0, 'ozone': 129.0, 'wind_speed': 1.7, 'wind_dir_degrees': 218, 'wind_dir_cardinal': 'SW', 'rainfall': 0.0}
2025-07-15 12:42:01,423 - INFO - Modbus connection successful (Attempt 1/3)
2025-07-15 12:42:01,457 - INFO - environment read successfully in 0.03s: {'temperature': 39.8, 'humidity': 44.8, 'pressure': 1009.8}
2025-07-15 12:42:03,504 - INFO - uv read successfully in 2.05s: {'uv_index': 10.15}
2025-07-15 12:42:03,562 - INFO - aqi read successfully in 0.06s: {'co2': nan, 'pm2_5': 38.6, 'pm10': 218.9, 'carbon_monoxide': 232.0, 'nitrogen_dioxide': 6.8, 'sulphur_dioxide': 12.0, 'ozone': 129.0}
2025-07-15 12:42:03,592 - INFO - wind_speed read successfully in 0.03s: {'wind_speed': 1.8}
2025-07-15 12:42:03,626 - INFO - wind_direction read successfully in 0.03s: {'wind_dir_degrees': 288, 'wind_dir_cardinal': 'W'}
2025-07-15 12:42:03,655 - INFO - rainfall read successfully in 0.03s: {'rainfall': 0.0}
2025-07-15 12:42:03,655 - INFO - Read cycle complete. Successful: 6, Errors: 0
2025-07-15 12:42:03,655 - INFO - Current sensor data: {'timestamp': '2025-07-15T12:42:01.423839', 'temperature': 39.8, 'humidity': 44.8, 'pressure': 1009.8, 'uv_index': 10.15, 'co2': nan, 'pm2_5': 38.6, 'pm10': 218.9, 'carbon_monoxide': 232.0, 'nitrogen_dioxide': 6.8, 'sulphur_dioxide': 12.0, 'ozone': 129.0, 'wind_speed': 1.8, 'wind_dir_degrees': 288, 'wind_dir_cardinal': 'W', 'rainfall': 0.0}
2025-07-15 12:42:05,333 - INFO - Switched to GUI-2 (Next toggle in 5s
2025-07-15 12:42:05,655 - INFO - Modbus connection successful (Attempt 1/3)
2025-07-15 12:42:05,690 - INFO - environment read successfully in 0.03s: {'temperature': 39.8, 'humidity': 44.8, 'pressure': 1009.8}
2025-07-15 12:42:07,735 - INFO - uv read successfully in 2.04s: {'uv_index': 10.32}
2025-07-15 12:42:07,779 - INFO - aqi read successfully in 0.04s: {'co2': nan, 'pm2_5': 38.6, 'pm10': 218.9, 'carbon_monoxide': 232.0, 'nitrogen_dioxide': 6.8, 'sulphur_dioxide': 12.0, 'ozone': 129.0}
2025-07-15 12:42:07,809 - INFO - wind_speed read successfully in 0.03s: {'wind_speed': 1.8}
2025-07-15 12:42:07,843 - INFO - wind_direction read successfully in 0.03s: {'wind_dir_degrees': 238, 'wind_dir_cardinal': 'SW'}
2025-07-15 12:42:07,872 - INFO - rainfall read successfully in 0.03s: {'rainfall': 0.0}
2025-07-15 12:42:07,872 - INFO - Read cycle complete. Successful: 6, Errors: 0
2025-07-15 12:42:07,872 - INFO - Current sensor data: {'timestamp': '2025-07-15T12:42:05.655999', 'temperature': 39.8, 'humidity': 44.8, 'pressure': 1009.8, 'uv_index': 10.32, 'co2': nan, 'pm2_5': 38.6, 'pm10': 218.9, 'carbon_monoxide': 232.0, 'nitrogen_dioxide': 6.8, 'sulphur_dioxide': 12.0, 'ozone': 129.0, 'wind_speed': 1.8, 'wind_dir_degrees': 238, 'wind_dir_cardinal': 'SW', 'rainfall': 0.0}
2025-07-15 12:42:09,872 - INFO - Modbus connection successful (Attempt 1/3)
2025-07-15 12:42:09,907 - INFO - environment read successfully in 0.03s: {'temperature': 39.8, 'humidity': 44.8, 'pressure': 1009.8}
2025-07-15 12:42:10,334 - INFO - Switched to GUI-1 (Next toggle in 10s
2025-07-15 12:42:11,952 - INFO - uv read successfully in 2.05s: {'uv_index': 10.08}
2025-07-15 12:42:11,996 - INFO - aqi read successfully in 0.04s: {'co2': nan, 'pm2_5': 38.6, 'pm10': 218.9, 'carbon_monoxide': 232.0, 'nitrogen_dioxide': 6.8, 'sulphur_dioxide': 12.0, 'ozone': 129.0}
2025-07-15 12:42:12,026 - INFO - wind_speed read successfully in 0.03s: {'wind_speed': 1.8}
2025-07-15 12:42:12,060 - INFO - wind_direction read successfully in 0.03s: {'wind_dir_degrees': 95, 'wind_dir_cardinal': 'E'}
2025-07-15 12:42:12,090 - INFO - rainfall read successfully in 0.03s: {'rainfall': 0.0}
2025-07-15 12:42:12,090 - INFO - Read cycle complete. Successful: 6, Errors: 0
2025-07-15 12:42:12,090 - INFO - Current sensor data: {'timestamp': '2025-07-15T12:42:09.873051', 'temperature': 39.8, 'humidity': 44.8, 'pressure': 1009.8, 'uv_index': 10.08, 'co2': nan, 'pm2_5': 38.6, 'pm10': 218.9, 'carbon_monoxide': 232.0, 'nitrogen_dioxide': 6.8, 'sulphur_dioxide': 12.0, 'ozone': 129.0, 'wind_speed': 1.8, 'wind_dir_degrees': 95, 'wind_dir_cardinal': 'E', 'rainfall': 0.0}
2025-07-15 12:42:14,090 - INFO - Modbus connection successful (Attempt 1/3)
2025-07-15 12:42:14,124 - INFO - environment read successfully in 0.03s: {'temperature': 39.7, 'humidity': 44.8, 'pressure': 1009.8}
2025-07-15 12:42:16,170 - INFO - uv read successfully in 2.05s: {'uv_index': 10.35}
2025-07-15 12:42:16,228 - INFO - aqi read successfully in 0.06s: {'co2': nan, 'pm2_5': 38.6, 'pm10': 218.9, 'carbon_monoxide': 232.0, 'nitrogen_dioxide': 6.8, 'sulphur_dioxide': 12.0, 'ozone': 129.0}
2025-07-15 12:42:16,257 - INFO - wind_speed read successfully in 0.03s: {'wind_speed': 1.7}
2025-07-15 12:42:16,291 - INFO - wind_direction read successfully in 0.03s: {'wind_dir_degrees': 121, 'wind_dir_cardinal': 'SE'}
2025-07-15 12:42:16,321 - INFO - rainfall read successfully in 0.03s: {'rainfall': 0.0}
2025-07-15 12:42:16,321 - INFO - Read cycle complete. Successful: 6, Errors: 0
2025-07-15 12:42:16,321 - INFO - Current sensor data: {'timestamp': '2025-07-15T12:42:14.090419', 'temperature': 39.7, 'humidity': 44.8, 'pressure': 1009.8, 'uv_index': 10.35, 'co2': nan, 'pm2_5': 38.6, 'pm10': 218.9, 'carbon_monoxide': 232.0, 'nitrogen_dioxide': 6.8, 'sulphur_dioxide': 12.0, 'ozone': 129.0, 'wind_speed': 1.7, 'wind_dir_degrees': 121, 'wind_dir_cardinal': 'SE', 'rainfall': 0.0}
2025-07-15 12:42:18,321 - INFO - Modbus connection successful (Attempt 1/3)
2025-07-15 12:42:18,356 - INFO - environment read successfully in 0.03s: {'temperature': 39.7, 'humidity': 44.8, 'pressure': 1009.8}
2025-07-15 12:42:20,334 - INFO - Switched to GUI-2 (Next toggle in 5s
2025-07-15 12:42:20,402 - INFO - uv read successfully in 2.05s: {'uv_index': 10.43}
2025-07-15 12:42:20,462 - INFO - aqi read successfully in 0.06s: {'co2': nan, 'pm2_5': 38.6, 'pm10': 218.9, 'carbon_monoxide': 232.0, 'nitrogen_dioxide': 6.8, 'sulphur_dioxide': 12.0, 'ozone': 129.0}
2025-07-15 12:42:20,470 - INFO - CSV write completed at 2025-07-15T12:42:20.470450
2025-07-15 12:42:20,491 - INFO - wind_speed read successfully in 0.03s: {'wind_speed': 2.2}
2025-07-15 12:42:20,525 - INFO - wind_direction read successfully in 0.03s: {'wind_dir_degrees': 340, 'wind_dir_cardinal': 'N'}
2025-07-15 12:42:20,555 - INFO - rainfall read successfully in 0.03s: {'rainfall': 0.0}
2025-07-15 12:42:20,555 - INFO - Read cycle complete. Successful: 6, Errors: 0
2025-07-15 12:42:20,555 - INFO - Current sensor data: {'timestamp': '2025-07-15T12:42:18.322043', 'temperature': 39.7, 'humidity': 44.8, 'pressure': 1009.8, 'uv_index': 10.43, 'co2': nan, 'pm2_5': 38.6, 'pm10': 218.9, 'carbon_monoxide': 232.0, 'nitrogen_dioxide': 6.8, 'sulphur_dioxide': 12.0, 'ozone': 129.0, 'wind_speed': 2.2, 'wind_dir_degrees': 340, 'wind_dir_cardinal': 'N', 'rainfall': 0.0}
2025-07-15 12:42:22,555 - INFO - Modbus connection successful (Attempt 1/3)
2025-07-15 12:42:22,589 - INFO - environment read successfully in 0.03s: {'temperature': 39.7, 'humidity': 44.7, 'pressure': 1009.7}
2025-07-15 12:42:24,634 - INFO - uv read successfully in 2.04s: {'uv_index': 10.61}
2025-07-15 12:42:24,679 - INFO - aqi read successfully in 0.04s: {'co2': nan, 'pm2_5': 38.6, 'pm10': 218.9, 'carbon_monoxide': 232.0, 'nitrogen_dioxide': 6.8, 'sulphur_dioxide': 12.0, 'ozone': 129.0}
2025-07-15 12:42:24,709 - INFO - wind_speed read successfully in 0.03s: {'wind_speed': 4.1}
2025-07-15 12:42:24,743 - INFO - wind_direction read successfully in 0.03s: {'wind_dir_degrees': 48, 'wind_dir_cardinal': 'NE'}
2025-07-15 12:42:24,773 - INFO - rainfall read successfully in 0.03s: {'rainfall': 0.0}
2025-07-15 12:42:24,773 - INFO - Read cycle complete. Successful: 6, Errors: 0
2025-07-15 12:42:24,773 - INFO - Current sensor data: {'timestamp': '2025-07-15T12:42:22.555928', 'temperature': 39.7, 'humidity': 44.7, 'pressure': 1009.7, 'uv_index': 10.61, 'co2': nan, 'pm2_5': 38.6, 'pm10': 218.9, 'carbon_monoxide': 232.0, 'nitrogen_dioxide': 6.8, 'sulphur_dioxide': 12.0, 'ozone': 129.0, 'wind_speed': 4.1, 'wind_dir_degrees': 48, 'wind_dir_cardinal': 'NE', 'rainfall': 0.0}
2025-07-15 12:42:25,334 - INFO - Switched to GUI-1 (Next toggle in 10s
2025-07-15 12:42:26,773 - INFO - Modbus connection successful (Attempt 1/3)
2025-07-15 12:42:26,807 - INFO - environment read successfully in 0.03s: {'temperature': 39.7, 'humidity': 44.7, 'pressure': 1009.8}
2025-07-15 12:42:28,853 - INFO - uv read successfully in 2.05s: {'uv_index': 10.75}
2025-07-15 12:42:28,911 - INFO - aqi read successfully in 0.06s: {'co2': nan, 'pm2_5': 38.6, 'pm10': 218.9, 'carbon_monoxide': 232.0, 'nitrogen_dioxide': 6.8, 'sulphur_dioxide': 12.0, 'ozone': 129.0}
2025-07-15 12:42:28,941 - INFO - wind_speed read successfully in 0.03s: {'wind_speed': 3.9}
2025-07-15 12:42:28,975 - INFO - wind_direction read successfully in 0.03s: {'wind_dir_degrees': 32, 'wind_dir_cardinal': 'NE'}
2025-07-15 12:42:29,005 - INFO - rainfall read successfully in 0.03s: {'rainfall': 0.0}
2025-07-15 12:42:29,005 - INFO - Read cycle complete. Successful: 6, Errors: 0
2025-07-15 12:42:29,005 - INFO - Current sensor data: {'timestamp': '2025-07-15T12:42:26.773338', 'temperature': 39.7, 'humidity': 44.7, 'pressure': 1009.8, 'uv_index': 10.75, 'co2': nan, 'pm2_5': 38.6, 'pm10': 218.9, 'carbon_monoxide': 232.0, 'nitrogen_dioxide': 6.8, 'sulphur_dioxide': 12.0, 'ozone': 129.0, 'wind_speed': 3.9, 'wind_dir_degrees': 32, 'wind_dir_cardinal': 'NE', 'rainfall': 0.0}
2025-07-15 12:42:29,005 - INFO - Sensor data queued for CSV write
2025-07-15 12:42:31,005 - INFO - Modbus connection successful (Attempt 1/3)
2025-07-15 12:42:31,039 - INFO - environment read successfully in 0.03s: {'temperature': 39.7, 'humidity': 44.7, 'pressure': 1009.7}
2025-07-15 12:42:33,083 - INFO - uv read successfully in 2.04s: {'uv_index': 10.84}
2025-07-15 12:42:33,128 - INFO - aqi read successfully in 0.04s: {'co2': nan, 'pm2_5': 38.6, 'pm10': 218.9, 'carbon_monoxide': 232.0, 'nitrogen_dioxide': 6.8, 'sulphur_dioxide': 12.0, 'ozone': 129.0}
2025-07-15 12:42:33,158 - INFO - wind_speed read successfully in 0.03s: {'wind_speed': 3.6}
2025-07-15 12:42:33,192 - INFO - wind_direction read successfully in 0.03s: {'wind_dir_degrees': 14, 'wind_dir_cardinal': 'N'}
2025-07-15 12:42:33,222 - INFO - rainfall read successfully in 0.03s: {'rainfall': 0.0}
2025-07-15 12:42:33,222 - INFO - Read cycle complete. Successful: 6, Errors: 0
2025-07-15 12:42:33,222 - INFO - Current sensor data: {'timestamp': '2025-07-15T12:42:31.005446', 'temperature': 39.7, 'humidity': 44.7, 'pressure': 1009.7, 'uv_index': 10.84, 'co2': nan, 'pm2_5': 38.6, 'pm10': 218.9, 'carbon_monoxide': 232.0, 'nitrogen_dioxide': 6.8, 'sulphur_dioxide': 12.0, 'ozone': 129.0, 'wind_speed': 3.6, 'wind_dir_degrees': 14, 'wind_dir_cardinal': 'N', 'rainfall': 0.0}
2025-07-15 12:42:35,222 - INFO - Modbus connection successful (Attempt 1/3)
2025-07-15 12:42:35,256 - INFO - environment read successfully in 0.03s: {'temperature': 39.7, 'humidity': 44.5, 'pressure': 1009.6}
2025-07-15 12:42:35,334 - INFO - Switched to GUI-2 (Next toggle in 5s
2025-07-15 12:42:37,301 - INFO - uv read successfully in 2.04s: {'uv_index': 11.0}
2025-07-15 12:42:37,345 - INFO - aqi read successfully in 0.04s: {'co2': nan, 'pm2_5': 38.6, 'pm10': 218.9, 'carbon_monoxide': 232.0, 'nitrogen_dioxide': 6.8, 'sulphur_dioxide': 12.0, 'ozone': 129.0}
2025-07-15 12:42:37,375 - INFO - wind_speed read successfully in 0.03s: {'wind_speed': 3.8}
2025-07-15 12:42:37,409 - INFO - wind_direction read successfully in 0.03s: {'wind_dir_degrees': 118, 'wind_dir_cardinal': 'SE'}
2025-07-15 12:42:37,439 - INFO - rainfall read successfully in 0.03s: {'rainfall': 0.0}
2025-07-15 12:42:37,439 - INFO - Read cycle complete. Successful: 6, Errors: 0
2025-07-15 12:42:37,439 - INFO - Current sensor data: {'timestamp': '2025-07-15T12:42:35.222372', 'temperature': 39.7, 'humidity': 44.5, 'pressure': 1009.6, 'uv_index': 11.0, 'co2': nan, 'pm2_5': 38.6, 'pm10': 218.9, 'carbon_monoxide': 232.0, 'nitrogen_dioxide': 6.8, 'sulphur_dioxide': 12.0, 'ozone': 129.0, 'wind_speed': 3.8, 'wind_dir_degrees': 118, 'wind_dir_cardinal': 'SE', 'rainfall': 0.0}
2025-07-15 12:42:39,439 - INFO - Modbus connection successful (Attempt 1/3)
2025-07-15 12:42:39,473 - INFO - environment read successfully in 0.03s: {'temperature': 39.6, 'humidity': 44.5, 'pressure': 1009.7}
2025-07-15 12:42:40,335 - INFO - Switched to GUI-1 (Next toggle in 10s
2025-07-15 12:42:41,519 - INFO - uv read successfully in 2.05s: {'uv_index': 10.85}
2025-07-15 12:42:41,577 - INFO - aqi read successfully in 0.06s: {'co2': nan, 'pm2_5': 38.6, 'pm10': 218.9, 'carbon_monoxide': 232.0, 'nitrogen_dioxide': 6.8, 'sulphur_dioxide': 12.0, 'ozone': 129.0}
2025-07-15 12:42:41,607 - INFO - wind_speed read successfully in 0.03s: {'wind_speed': 3.3}
2025-07-15 12:42:41,641 - INFO - wind_direction read successfully in 0.03s: {'wind_dir_degrees': 245, 'wind_dir_cardinal': 'SW'}
2025-07-15 12:42:41,671 - INFO - rainfall read successfully in 0.03s: {'rainfall': 0.0}
2025-07-15 12:42:41,671 - INFO - Read cycle complete. Successful: 6, Errors: 0
2025-07-15 12:42:41,671 - INFO - Current sensor data: {'timestamp': '2025-07-15T12:42:39.439535', 'temperature': 39.6, 'humidity': 44.5, 'pressure': 1009.7, 'uv_index': 10.85, 'co2': nan, 'pm2_5': 38.6, 'pm10': 218.9, 'carbon_monoxide': 232.0, 'nitrogen_dioxide': 6.8, 'sulphur_dioxide': 12.0, 'ozone': 129.0, 'wind_speed': 3.3, 'wind_dir_degrees': 245, 'wind_dir_cardinal': 'SW', 'rainfall': 0.0}
2025-07-15 12:42:43,671 - INFO - Modbus connection successful (Attempt 1/3)
2025-07-15 12:42:43,705 - INFO - environment read successfully in 0.03s: {'temperature': 39.6, 'humidity': 44.6, 'pressure': 1009.7}
2025-07-15 12:42:45,751 - INFO - uv read successfully in 2.05s: {'uv_index': 10.65}
2025-07-15 12:42:45,795 - INFO - aqi read successfully in 0.04s: {'co2': nan, 'pm2_5': 38.6, 'pm10': 218.9, 'carbon_monoxide': 232.0, 'nitrogen_dioxide': 6.8, 'sulphur_dioxide': 12.0, 'ozone': 129.0}
2025-07-15 12:42:45,825 - INFO - wind_speed read successfully in 0.03s: {'wind_speed': 3.1}
2025-07-15 12:42:45,859 - INFO - wind_direction read successfully in 0.03s: {'wind_dir_degrees': 334, 'wind_dir_cardinal': 'NW'}
2025-07-15 12:42:45,888 - INFO - rainfall read successfully in 0.03s: {'rainfall': 0.0}
2025-07-15 12:42:45,888 - INFO - Read cycle complete. Successful: 6, Errors: 0
2025-07-15 12:42:45,888 - INFO - Current sensor data: {'timestamp': '2025-07-15T12:42:43.671712', 'temperature': 39.6, 'humidity': 44.6, 'pressure': 1009.7, 'uv_index': 10.65, 'co2': nan, 'pm2_5': 38.6, 'pm10': 218.9, 'carbon_monoxide': 232.0, 'nitrogen_dioxide': 6.8, 'sulphur_dioxide': 12.0, 'ozone': 129.0, 'wind_speed': 3.1, 'wind_dir_degrees': 334, 'wind_dir_cardinal': 'NW', 'rainfall': 0.0}
2025-07-15 12:42:47,888 - INFO - Modbus connection successful (Attempt 1/3)
2025-07-15 12:42:47,923 - INFO - environment read successfully in 0.03s: {'temperature': 39.6, 'humidity': 44.6, 'pressure': 1009.7}
2025-07-15 12:42:49,969 - INFO - uv read successfully in 2.05s: {'uv_index': 10.81}
2025-07-15 12:42:50,027 - INFO - aqi read successfully in 0.06s: {'co2': nan, 'pm2_5': 38.6, 'pm10': 218.9, 'carbon_monoxide': 232.0, 'nitrogen_dioxide': 6.8, 'sulphur_dioxide': 12.0, 'ozone': 129.0}
2025-07-15 12:42:50,057 - INFO - wind_speed read successfully in 0.03s: {'wind_speed': 3.9}
2025-07-15 12:42:50,091 - INFO - wind_direction read successfully in 0.03s: {'wind_dir_degrees': 256, 'wind_dir_cardinal': 'W'}
2025-07-15 12:42:50,120 - INFO - rainfall read successfully in 0.03s: {'rainfall': 0.0}
2025-07-15 12:42:50,120 - INFO - Read cycle complete. Successful: 6, Errors: 0
2025-07-15 12:42:50,120 - INFO - Current sensor data: {'timestamp': '2025-07-15T12:42:47.889106', 'temperature': 39.6, 'humidity': 44.6, 'pressure': 1009.7, 'uv_index': 10.81, 'co2': nan, 'pm2_5': 38.6, 'pm10': 218.9, 'carbon_monoxide': 232.0, 'nitrogen_dioxide': 6.8, 'sulphur_dioxide': 12.0, 'ozone': 129.0, 'wind_speed': 3.9, 'wind_dir_degrees': 256, 'wind_dir_cardinal': 'W', 'rainfall': 0.0}
2025-07-15 12:42:50,335 - INFO - Switched to GUI-2 (Next toggle in 5s
2025-07-15 12:42:50,473 - INFO - CSV write completed at 2025-07-15T12:42:50.473321
2025-07-15 12:42:52,121 - INFO - Modbus connection successful (Attempt 1/3)
2025-07-15 12:42:52,155 - INFO - environment read successfully in 0.03s: {'temperature': 39.6, 'humidity': 44.7, 'pressure': 1009.7}
2025-07-15 12:42:54,199 - INFO - uv read successfully in 2.04s: {'uv_index': 11.1}
2025-07-15 12:42:54,243 - INFO - aqi read successfully in 0.04s: {'co2': nan, 'pm2_5': 38.6, 'pm10': 218.9, 'carbon_monoxide': 232.0, 'nitrogen_dioxide': 6.8, 'sulphur_dioxide': 12.0, 'ozone': 129.0}
2025-07-15 12:42:54,273 - INFO - wind_speed read successfully in 0.03s: {'wind_speed': 3.2}
2025-07-15 12:42:54,307 - INFO - wind_direction read successfully in 0.03s: {'wind_dir_degrees': 236, 'wind_dir_cardinal': 'SW'}
2025-07-15 12:42:54,337 - INFO - rainfall read successfully in 0.03s: {'rainfall': 0.0}
2025-07-15 12:42:54,337 - INFO - Read cycle complete. Successful: 6, Errors: 0
2025-07-15 12:42:54,337 - INFO - Current sensor data: {'timestamp': '2025-07-15T12:42:52.121121', 'temperature': 39.6, 'humidity': 44.7, 'pressure': 1009.7, 'uv_index': 11.1, 'co2': nan, 'pm2_5': 38.6, 'pm10': 218.9, 'carbon_monoxide': 232.0, 'nitrogen_dioxide': 6.8, 'sulphur_dioxide': 12.0, 'ozone': 129.0, 'wind_speed': 3.2, 'wind_dir_degrees': 236, 'wind_dir_cardinal': 'SW', 'rainfall': 0.0}
2025-07-15 12:42:55,336 - INFO - Switched to GUI-1 (Next toggle in 10s
2025-07-15 12:42:56,337 - INFO - Modbus connection successful (Attempt 1/3)
2025-07-15 12:42:56,371 - INFO - environment read successfully in 0.03s: {'temperature': 39.6, 'humidity': 44.8, 'pressure': 1009.7}
2025-07-15 12:42:58,416 - INFO - uv read successfully in 2.04s: {'uv_index': 11.22}
2025-07-15 12:42:58,460 - INFO - aqi read successfully in 0.04s: {'co2': nan, 'pm2_5': 38.6, 'pm10': 218.9, 'carbon_monoxide': 232.0, 'nitrogen_dioxide': 6.8, 'sulphur_dioxide': 12.0, 'ozone': 129.0}
2025-07-15 12:42:58,490 - INFO - wind_speed read successfully in 0.03s: {'wind_speed': 2.7}
2025-07-15 12:42:58,524 - INFO - wind_direction read successfully in 0.03s: {'wind_dir_degrees': 79, 'wind_dir_cardinal': 'E'}
2025-07-15 12:42:58,554 - INFO - rainfall read successfully in 0.03s: {'rainfall': 0.0}
2025-07-15 12:42:58,554 - INFO - Read cycle complete. Successful: 6, Errors: 0
2025-07-15 12:42:58,554 - INFO - Current sensor data: {'timestamp': '2025-07-15T12:42:56.337757', 'temperature': 39.6, 'humidity': 44.8, 'pressure': 1009.7, 'uv_index': 11.22, 'co2': nan, 'pm2_5': 38.6, 'pm10': 218.9, 'carbon_monoxide': 232.0, 'nitrogen_dioxide': 6.8, 'sulphur_dioxide': 12.0, 'ozone': 129.0, 'wind_speed': 2.7, 'wind_dir_degrees': 79, 'wind_dir_cardinal': 'E', 'rainfall': 0.0}
2025-07-15 12:43:00,554 - INFO - Modbus connection successful (Attempt 1/3)
2025-07-15 12:43:00,588 - INFO - environment read successfully in 0.03s: {'temperature': 39.6, 'humidity': 44.9, 'pressure': 1009.7}
2025-07-15 12:43:02,634 - INFO - uv read successfully in 2.05s: {'uv_index': 10.88}
2025-07-15 12:43:02,691 - INFO - aqi read successfully in 0.06s: {'co2': nan, 'pm2_5': 38.6, 'pm10': 218.9, 'carbon_monoxide': 232.0, 'nitrogen_dioxide': 6.8, 'sulphur_dioxide': 12.0, 'ozone': 129.0}
2025-07-15 12:43:02,721 - INFO - wind_speed read successfully in 0.03s: {'wind_speed': 2.5}
2025-07-15 12:43:02,756 - INFO - wind_direction read successfully in 0.03s: {'wind_dir_degrees': 95, 'wind_dir_cardinal': 'E'}
2025-07-15 12:43:02,785 - INFO - rainfall read successfully in 0.03s: {'rainfall': 0.0}
2025-07-15 12:43:02,785 - INFO - Read cycle complete. Successful: 6, Errors: 0
2025-07-15 12:43:02,785 - INFO - Current sensor data: {'timestamp': '2025-07-15T12:43:00.554705', 'temperature': 39.6, 'humidity': 44.9, 'pressure': 1009.7, 'uv_index': 10.88, 'co2': nan, 'pm2_5': 38.6, 'pm10': 218.9, 'carbon_monoxide': 232.0, 'nitrogen_dioxide': 6.8, 'sulphur_dioxide': 12.0, 'ozone': 129.0, 'wind_speed': 2.5, 'wind_dir_degrees': 95, 'wind_dir_cardinal': 'E', 'rainfall': 0.0}
2025-07-15 12:43:02,785 - INFO - Sensor data queued for CSV write
2025-07-15 12:43:04,786 - INFO - Modbus connection successful (Attempt 1/3)
2025-07-15 12:43:04,820 - INFO - environment read successfully in 0.03s: {'temperature': 39.5, 'humidity': 44.9, 'pressure': 1009.7}
2025-07-15 12:43:05,336 - INFO - Switched to GUI-2 (Next toggle in 5s
2025-07-15 12:43:06,866 - INFO - uv read successfully in 2.05s: {'uv_index': 10.97}
2025-07-15 12:43:06,924 - INFO - aqi read successfully in 0.06s: {'co2': nan, 'pm2_5': 38.6, 'pm10': 218.9, 'carbon_monoxide': 232.0, 'nitrogen_dioxide': 6.8, 'sulphur_dioxide': 12.0, 'ozone': 129.0}
2025-07-15 12:43:06,954 - INFO - wind_speed read successfully in 0.03s: {'wind_speed': 2.2}
2025-07-15 12:43:06,988 - INFO - wind_direction read successfully in 0.03s: {'wind_dir_degrees': 86, 'wind_dir_cardinal': 'E'}
2025-07-15 12:43:07,017 - INFO - rainfall read successfully in 0.03s: {'rainfall': 0.0}
2025-07-15 12:43:07,017 - INFO - Read cycle complete. Successful: 6, Errors: 0
2025-07-15 12:43:07,018 - INFO - Current sensor data: {'timestamp': '2025-07-15T12:43:04.786170', 'temperature': 39.5, 'humidity': 44.9, 'pressure': 1009.7, 'uv_index': 10.97, 'co2': nan, 'pm2_5': 38.6, 'pm10': 218.9, 'carbon_monoxide': 232.0, 'nitrogen_dioxide': 6.8, 'sulphur_dioxide': 12.0, 'ozone': 129.0, 'wind_speed': 2.2, 'wind_dir_degrees': 86, 'wind_dir_cardinal': 'E', 'rainfall': 0.0}
2025-07-15 12:43:09,018 - INFO - Modbus connection successful (Attempt 1/3)
2025-07-15 12:43:09,052 - INFO - environment read successfully in 0.03s: {'temperature': 39.5, 'humidity': 44.8, 'pressure': 1009.7}
2025-07-15 12:43:10,336 - INFO - Switched to GUI-1 (Next toggle in 10s
2025-07-15 12:43:11,097 - INFO - uv read successfully in 2.04s: {'uv_index': 11.2}
2025-07-15 12:43:11,141 - INFO - aqi read successfully in 0.04s: {'co2': nan, 'pm2_5': 38.6, 'pm10': 218.9, 'carbon_monoxide': 232.0, 'nitrogen_dioxide': 6.8, 'sulphur_dioxide': 12.0, 'ozone': 129.0}
2025-07-15 12:43:11,171 - INFO - wind_speed read successfully in 0.03s: {'wind_speed': 2.1}
2025-07-15 12:43:11,205 - INFO - wind_direction read successfully in 0.03s: {'wind_dir_degrees': 64, 'wind_dir_cardinal': 'NE'}
2025-07-15 12:43:11,234 - INFO - rainfall read successfully in 0.03s: {'rainfall': 0.0}
2025-07-15 12:43:11,234 - INFO - Read cycle complete. Successful: 6, Errors: 0
2025-07-15 12:43:11,234 - INFO - Current sensor data: {'timestamp': '2025-07-15T12:43:09.018245', 'temperature': 39.5, 'humidity': 44.8, 'pressure': 1009.7, 'uv_index': 11.2, 'co2': nan, 'pm2_5': 38.6, 'pm10': 218.9, 'carbon_monoxide': 232.0, 'nitrogen_dioxide': 6.8, 'sulphur_dioxide': 12.0, 'ozone': 129.0, 'wind_speed': 2.1, 'wind_dir_degrees': 64, 'wind_dir_cardinal': 'NE', 'rainfall': 0.0}
2025-07-15 12:43:13,234 - INFO - Modbus connection successful (Attempt 1/3)
2025-07-15 12:43:13,269 - INFO - environment read successfully in 0.03s: {'temperature': 39.5, 'humidity': 44.8, 'pressure': 1009.7}
2025-07-15 12:43:15,315 - INFO - uv read successfully in 2.05s: {'uv_index': 11.06}
2025-07-15 12:43:15,373 - INFO - aqi read successfully in 0.06s: {'co2': nan, 'pm2_5': 38.6, 'pm10': 218.9, 'carbon_monoxide': 232.0, 'nitrogen_dioxide': 6.8, 'sulphur_dioxide': 12.0, 'ozone': 129.0}
2025-07-15 12:43:15,402 - INFO - wind_speed read successfully in 0.03s: {'wind_speed': 2.5}
2025-07-15 12:43:15,436 - INFO - wind_direction read successfully in 0.03s: {'wind_dir_degrees': 4, 'wind_dir_cardinal': 'N'}
2025-07-15 12:43:15,466 - INFO - rainfall read successfully in 0.03s: {'rainfall': 0.0}
2025-07-15 12:43:15,466 - INFO - Read cycle complete. Successful: 6, Errors: 0
2025-07-15 12:43:15,466 - INFO - Current sensor data: {'timestamp': '2025-07-15T12:43:13.235078', 'temperature': 39.5, 'humidity': 44.8, 'pressure': 1009.7, 'uv_index': 11.06, 'co2': nan, 'pm2_5': 38.6, 'pm10': 218.9, 'carbon_monoxide': 232.0, 'nitrogen_dioxide': 6.8, 'sulphur_dioxide': 12.0, 'ozone': 129.0, 'wind_speed': 2.5, 'wind_dir_degrees': 4, 'wind_dir_cardinal': 'N', 'rainfall': 0.0}
2025-07-15 12:43:17,466 - INFO - Modbus connection successful (Attempt 1/3)
2025-07-15 12:43:17,500 - INFO - environment read successfully in 0.03s: {'temperature': 39.5, 'humidity': 44.7, 'pressure': 1009.7}
2025-07-15 12:43:19,545 - INFO - uv read successfully in 2.04s: {'uv_index': 10.87}
2025-07-15 12:43:19,589 - INFO - aqi read successfully in 0.04s: {'co2': nan, 'pm2_5': 38.6, 'pm10': 218.9, 'carbon_monoxide': 232.0, 'nitrogen_dioxide': 6.8, 'sulphur_dioxide': 12.0, 'ozone': 129.0}
2025-07-15 12:43:19,619 - INFO - wind_speed read successfully in 0.03s: {'wind_speed': 3.1}
2025-07-15 12:43:19,653 - INFO - wind_direction read successfully in 0.03s: {'wind_dir_degrees': 32, 'wind_dir_cardinal': 'NE'}
2025-07-15 12:43:19,683 - INFO - rainfall read successfully in 0.03s: {'rainfall': 0.0}
2025-07-15 12:43:19,683 - INFO - Read cycle complete. Successful: 6, Errors: 0
2025-07-15 12:43:19,683 - INFO - Current sensor data: {'timestamp': '2025-07-15T12:43:17.466951', 'temperature': 39.5, 'humidity': 44.7, 'pressure': 1009.7, 'uv_index': 10.87, 'co2': nan, 'pm2_5': 38.6, 'pm10': 218.9, 'carbon_monoxide': 232.0, 'nitrogen_dioxide': 6.8, 'sulphur_dioxide': 12.0, 'ozone': 129.0, 'wind_speed': 3.1, 'wind_dir_degrees': 32, 'wind_dir_cardinal': 'NE', 'rainfall': 0.0}
2025-07-15 12:43:20,339 - INFO - Switched to GUI-2 (Next toggle in 5s
2025-07-15 12:43:20,476 - INFO - CSV write completed at 2025-07-15T12:43:20.476402
2025-07-15 12:43:21,683 - INFO - Modbus connection successful (Attempt 1/3)
2025-07-15 12:43:21,717 - INFO - environment read successfully in 0.03s: {'temperature': 39.4, 'humidity': 44.7, 'pressure': 1009.7}
2025-07-15 12:43:23,762 - INFO - uv read successfully in 2.05s: {'uv_index': 10.7}
2025-07-15 12:43:23,831 - INFO - aqi read successfully in 0.07s: {'co2': nan, 'pm2_5': 38.6, 'pm10': 218.9, 'carbon_monoxide': 232.0, 'nitrogen_dioxide': 6.8, 'sulphur_dioxide': 12.0, 'ozone': 129.0}
2025-07-15 12:43:23,861 - INFO - wind_speed read successfully in 0.03s: {'wind_speed': 3.8}
2025-07-15 12:43:23,895 - INFO - wind_direction read successfully in 0.03s: {'wind_dir_degrees': 11, 'wind_dir_cardinal': 'N'}
2025-07-15 12:43:23,925 - INFO - rainfall read successfully in 0.03s: {'rainfall': 0.0}
2025-07-15 12:43:23,925 - INFO - Read cycle complete. Successful: 6, Errors: 0
2025-07-15 12:43:23,925 - INFO - Current sensor data: {'timestamp': '2025-07-15T12:43:21.683388', 'temperature': 39.4, 'humidity': 44.7, 'pressure': 1009.7, 'uv_index': 10.7, 'co2': nan, 'pm2_5': 38.6, 'pm10': 218.9, 'carbon_monoxide': 232.0, 'nitrogen_dioxide': 6.8, 'sulphur_dioxide': 12.0, 'ozone': 129.0, 'wind_speed': 3.8, 'wind_dir_degrees': 11, 'wind_dir_cardinal': 'N', 'rainfall': 0.0}
2025-07-15 12:43:25,339 - INFO - Switched to GUI-1 (Next toggle in 10s
2025-07-15 12:43:25,925 - INFO - Modbus connection successful (Attempt 1/3)
2025-07-15 12:43:25,959 - INFO - environment read successfully in 0.03s: {'temperature': 39.4, 'humidity': 44.8, 'pressure': 1009.6}
2025-07-15 12:43:28,003 - INFO - uv read successfully in 2.04s: {'uv_index': 10.84}
2025-07-15 12:43:28,061 - INFO - aqi read successfully in 0.06s: {'co2': nan, 'pm2_5': 38.6, 'pm10': 218.9, 'carbon_monoxide': 232.0, 'nitrogen_dioxide': 6.8, 'sulphur_dioxide': 12.0, 'ozone': 129.0}
2025-07-15 12:43:28,091 - INFO - wind_speed read successfully in 0.03s: {'wind_speed': 3.6}
2025-07-15 12:43:28,124 - INFO - wind_direction read successfully in 0.03s: {'wind_dir_degrees': 29, 'wind_dir_cardinal': 'NE'}
2025-07-15 12:43:28,154 - INFO - rainfall read successfully in 0.03s: {'rainfall': 0.0}
2025-07-15 12:43:28,154 - INFO - Read cycle complete. Successful: 6, Errors: 0
2025-07-15 12:43:28,154 - INFO - Current sensor data: {'timestamp': '2025-07-15T12:43:25.925700', 'temperature': 39.4, 'humidity': 44.8, 'pressure': 1009.6, 'uv_index': 10.84, 'co2': nan, 'pm2_5': 38.6, 'pm10': 218.9, 'carbon_monoxide': 232.0, 'nitrogen_dioxide': 6.8, 'sulphur_dioxide': 12.0, 'ozone': 129.0, 'wind_speed': 3.6, 'wind_dir_degrees': 29, 'wind_dir_cardinal': 'NE', 'rainfall': 0.0}
2025-07-15 12:43:30,154 - INFO - Modbus connection successful (Attempt 1/3)
2025-07-15 12:43:30,188 - INFO - environment read successfully in 0.03s: {'temperature': 39.4, 'humidity': 44.9, 'pressure': 1009.7}
2025-07-15 12:43:32,233 - INFO - uv read successfully in 2.04s: {'uv_index': 10.97}
2025-07-15 12:43:32,277 - INFO - aqi read successfully in 0.04s: {'co2': nan, 'pm2_5': 38.6, 'pm10': 218.9, 'carbon_monoxide': 232.0, 'nitrogen_dioxide': 6.8, 'sulphur_dioxide': 12.0, 'ozone': 129.0}
2025-07-15 12:43:32,307 - INFO - wind_speed read successfully in 0.03s: {'wind_speed': 3.3}
2025-07-15 12:43:32,341 - INFO - wind_direction read successfully in 0.03s: {'wind_dir_degrees': 120, 'wind_dir_cardinal': 'SE'}
2025-07-15 12:43:32,371 - INFO - rainfall read successfully in 0.03s: {'rainfall': 0.0}
2025-07-15 12:43:32,371 - INFO - Read cycle complete. Successful: 6, Errors: 0
2025-07-15 12:43:32,371 - INFO - Current sensor data: {'timestamp': '2025-07-15T12:43:30.154935', 'temperature': 39.4, 'humidity': 44.9, 'pressure': 1009.7, 'uv_index': 10.97, 'co2': nan, 'pm2_5': 38.6, 'pm10': 218.9, 'carbon_monoxide': 232.0, 'nitrogen_dioxide': 6.8, 'sulphur_dioxide': 12.0, 'ozone': 129.0, 'wind_speed': 3.3, 'wind_dir_degrees': 120, 'wind_dir_cardinal': 'SE', 'rainfall': 0.0}
2025-07-15 12:43:34,371 - INFO - Modbus connection successful (Attempt 1/3)
2025-07-15 12:43:34,405 - INFO - environment read successfully in 0.03s: {'temperature': 39.4, 'humidity': 45.0, 'pressure': 1009.6}
2025-07-15 12:43:35,340 - INFO - Switched to GUI-2 (Next toggle in 5s
2025-07-15 12:43:36,450 - INFO - uv read successfully in 2.04s: {'uv_index': 10.73}
2025-07-15 12:43:36,494 - INFO - aqi read successfully in 0.04s: {'co2': nan, 'pm2_5': 38.6, 'pm10': 218.9, 'carbon_monoxide': 232.0, 'nitrogen_dioxide': 6.8, 'sulphur_dioxide': 12.0, 'ozone': 129.0}
2025-07-15 12:43:36,524 - INFO - wind_speed read successfully in 0.03s: {'wind_speed': 3.1}
2025-07-15 12:43:36,558 - INFO - wind_direction read successfully in 0.03s: {'wind_dir_degrees': 48, 'wind_dir_cardinal': 'NE'}
2025-07-15 12:43:36,587 - INFO - rainfall read successfully in 0.03s: {'rainfall': 0.0}
2025-07-15 12:43:36,587 - INFO - Read cycle complete. Successful: 6, Errors: 0
2025-07-15 12:43:36,587 - INFO - Current sensor data: {'timestamp': '2025-07-15T12:43:34.371401', 'temperature': 39.4, 'humidity': 45.0, 'pressure': 1009.6, 'uv_index': 10.73, 'co2': nan, 'pm2_5': 38.6, 'pm10': 218.9, 'carbon_monoxide': 232.0, 'nitrogen_dioxide': 6.8, 'sulphur_dioxide': 12.0, 'ozone': 129.0, 'wind_speed': 3.1, 'wind_dir_degrees': 48, 'wind_dir_cardinal': 'NE', 'rainfall': 0.0}
2025-07-15 12:43:36,587 - INFO - Sensor data queued for CSV write
2025-07-15 12:43:38,587 - INFO - Modbus connection successful (Attempt 1/3)
2025-07-15 12:43:38,622 - INFO - environment read successfully in 0.03s: {'temperature': 39.3, 'humidity': 45.0, 'pressure': 1009.6}
2025-07-15 12:43:40,340 - INFO - Switched to GUI-1 (Next toggle in 10s
2025-07-15 12:43:40,667 - INFO - uv read successfully in 2.04s: {'uv_index': 10.35}
2025-07-15 12:43:40,751 - INFO - aqi read successfully in 0.08s: {'co2': nan, 'pm2_5': 38.6, 'pm10': 218.9, 'carbon_monoxide': 232.0, 'nitrogen_dioxide': 6.8, 'sulphur_dioxide': 12.0, 'ozone': 129.0}
2025-07-15 12:43:40,781 - INFO - wind_speed read successfully in 0.03s: {'wind_speed': 3.3}
2025-07-15 12:43:40,816 - INFO - wind_direction read successfully in 0.03s: {'wind_dir_degrees': 46, 'wind_dir_cardinal': 'NE'}
2025-07-15 12:43:40,846 - INFO - rainfall read successfully in 0.03s: {'rainfall': 0.0}
2025-07-15 12:43:40,846 - INFO - Read cycle complete. Successful: 6, Errors: 0
2025-07-15 12:43:40,846 - INFO - Current sensor data: {'timestamp': '2025-07-15T12:43:38.588066', 'temperature': 39.3, 'humidity': 45.0, 'pressure': 1009.6, 'uv_index': 10.35, 'co2': nan, 'pm2_5': 38.6, 'pm10': 218.9, 'carbon_monoxide': 232.0, 'nitrogen_dioxide': 6.8, 'sulphur_dioxide': 12.0, 'ozone': 129.0, 'wind_speed': 3.3, 'wind_dir_degrees': 46, 'wind_dir_cardinal': 'NE', 'rainfall': 0.0}
2025-07-15 12:43:42,846 - INFO - Modbus connection successful (Attempt 1/3)
2025-07-15 12:43:42,880 - INFO - environment read successfully in 0.03s: {'temperature': 39.3, 'humidity': 45.0, 'pressure': 1009.6}
2025-07-15 12:43:44,927 - INFO - uv read successfully in 2.05s: {'uv_index': 10.21}
2025-07-15 12:43:44,996 - INFO - aqi read successfully in 0.07s: {'co2': nan, 'pm2_5': 38.6, 'pm10': 218.9, 'carbon_monoxide': 232.0, 'nitrogen_dioxide': 6.8, 'sulphur_dioxide': 12.0, 'ozone': 129.0}
2025-07-15 12:43:45,026 - INFO - wind_speed read successfully in 0.03s: {'wind_speed': 3.2}
2025-07-15 12:43:45,060 - INFO - wind_direction read successfully in 0.03s: {'wind_dir_degrees': 147, 'wind_dir_cardinal': 'SE'}
2025-07-15 12:43:45,090 - INFO - rainfall read successfully in 0.03s: {'rainfall': 0.0}
2025-07-15 12:43:45,090 - INFO - Read cycle complete. Successful: 6, Errors: 0
2025-07-15 12:43:45,090 - INFO - Current sensor data: {'timestamp': '2025-07-15T12:43:42.846531', 'temperature': 39.3, 'humidity': 45.0, 'pressure': 1009.6, 'uv_index': 10.21, 'co2': nan, 'pm2_5': 38.6, 'pm10': 218.9, 'carbon_monoxide': 232.0, 'nitrogen_dioxide': 6.8, 'sulphur_dioxide': 12.0, 'ozone': 129.0, 'wind_speed': 3.2, 'wind_dir_degrees': 147, 'wind_dir_cardinal': 'SE', 'rainfall': 0.0}
2025-07-15 12:43:47,090 - INFO - Modbus connection successful (Attempt 1/3)
2025-07-15 12:43:47,125 - INFO - environment read successfully in 0.03s: {'temperature': 39.3, 'humidity': 45.1, 'pressure': 1009.6}
2025-07-15 12:43:49,168 - INFO - uv read successfully in 2.04s: {'uv_index': 10.35}
2025-07-15 12:43:49,252 - INFO - aqi read successfully in 0.08s: {'co2': nan, 'pm2_5': 38.6, 'pm10': 218.9, 'carbon_monoxide': 232.0, 'nitrogen_dioxide': 6.8, 'sulphur_dioxide': 12.0, 'ozone': 129.0}
2025-07-15 12:43:49,282 - INFO - wind_speed read successfully in 0.03s: {'wind_speed': 2.8}
2025-07-15 12:43:49,316 - INFO - wind_direction read successfully in 0.03s: {'wind_dir_degrees': 229, 'wind_dir_cardinal': 'SW'}
2025-07-15 12:43:49,346 - INFO - rainfall read successfully in 0.03s: {'rainfall': 0.0}
2025-07-15 12:43:49,346 - INFO - Read cycle complete. Successful: 6, Errors: 0
2025-07-15 12:43:49,346 - INFO - Current sensor data: {'timestamp': '2025-07-15T12:43:47.090943', 'temperature': 39.3, 'humidity': 45.1, 'pressure': 1009.6, 'uv_index': 10.35, 'co2': nan, 'pm2_5': 38.6, 'pm10': 218.9, 'carbon_monoxide': 232.0, 'nitrogen_dioxide': 6.8, 'sulphur_dioxide': 12.0, 'ozone': 129.0, 'wind_speed': 2.8, 'wind_dir_degrees': 229, 'wind_dir_cardinal': 'SW', 'rainfall': 0.0}
2025-07-15 12:43:50,340 - INFO - Switched to GUI-2 (Next toggle in 5s
2025-07-15 12:43:50,494 - INFO - CSV write completed at 2025-07-15T12:43:50.494261
2025-07-15 12:43:51,346 - INFO - Modbus connection successful (Attempt 1/3)
2025-07-15 12:43:51,381 - INFO - environment read successfully in 0.03s: {'temperature': 39.2, 'humidity': 45.2, 'pressure': 1009.6}
2025-07-15 12:43:53,424 - INFO - uv read successfully in 2.04s: {'uv_index': 10.52}
2025-07-15 12:43:53,491 - INFO - aqi read successfully in 0.07s: {'co2': nan, 'pm2_5': 38.6, 'pm10': 218.9, 'carbon_monoxide': 232.0, 'nitrogen_dioxide': 6.8, 'sulphur_dioxide': 12.0, 'ozone': 129.0}
2025-07-15 12:43:53,521 - INFO - wind_speed read successfully in 0.03s: {'wind_speed': 2.5}
2025-07-15 12:43:53,556 - INFO - wind_direction read successfully in 0.03s: {'wind_dir_degrees': 225, 'wind_dir_cardinal': 'SW'}
2025-07-15 12:43:53,585 - INFO - rainfall read successfully in 0.03s: {'rainfall': 0.0}
2025-07-15 12:43:53,585 - INFO - Read cycle complete. Successful: 6, Errors: 0
2025-07-15 12:43:53,586 - INFO - Current sensor data: {'timestamp': '2025-07-15T12:43:51.346922', 'temperature': 39.2, 'humidity': 45.2, 'pressure': 1009.6, 'uv_index': 10.52, 'co2': nan, 'pm2_5': 38.6, 'pm10': 218.9, 'carbon_monoxide': 232.0, 'nitrogen_dioxide': 6.8, 'sulphur_dioxide': 12.0, 'ozone': 129.0, 'wind_speed': 2.5, 'wind_dir_degrees': 225, 'wind_dir_cardinal': 'SW', 'rainfall': 0.0}
2025-07-15 12:43:55,341 - INFO - Switched to GUI-1 (Next toggle in 10s
2025-07-15 12:43:55,586 - INFO - Modbus connection successful (Attempt 1/3)
2025-07-15 12:43:55,620 - INFO - environment read successfully in 0.03s: {'temperature': 39.2, 'humidity': 45.3, 'pressure': 1009.6}
2025-07-15 12:43:57,667 - INFO - uv read successfully in 2.05s: {'uv_index': 10.47}
2025-07-15 12:43:57,735 - INFO - aqi read successfully in 0.07s: {'co2': nan, 'pm2_5': 38.6, 'pm10': 218.9, 'carbon_monoxide': 232.0, 'nitrogen_dioxide': 6.8, 'sulphur_dioxide': 12.0, 'ozone': 129.0}
2025-07-15 12:43:57,765 - INFO - wind_speed read successfully in 0.03s: {'wind_speed': 2.4}
2025-07-15 12:43:57,799 - INFO - wind_direction read successfully in 0.03s: {'wind_dir_degrees': 112, 'wind_dir_cardinal': 'E'}
2025-07-15 12:43:57,829 - INFO - rainfall read successfully in 0.03s: {'rainfall': 0.0}
2025-07-15 12:43:57,829 - INFO - Read cycle complete. Successful: 6, Errors: 0
2025-07-15 12:43:57,829 - INFO - Current sensor data: {'timestamp': '2025-07-15T12:43:55.586353', 'temperature': 39.2, 'humidity': 45.3, 'pressure': 1009.6, 'uv_index': 10.47, 'co2': nan, 'pm2_5': 38.6, 'pm10': 218.9, 'carbon_monoxide': 232.0, 'nitrogen_dioxide': 6.8, 'sulphur_dioxide': 12.0, 'ozone': 129.0, 'wind_speed': 2.4, 'wind_dir_degrees': 112, 'wind_dir_cardinal': 'E', 'rainfall': 0.0}
2025-07-15 12:43:59,830 - INFO - Modbus connection successful (Attempt 1/3)
2025-07-15 12:43:59,864 - INFO - environment read successfully in 0.03s: {'temperature': 39.2, 'humidity': 45.3, 'pressure': 1009.5}
2025-07-15 12:44:01,907 - INFO - uv read successfully in 2.04s: {'uv_index': 10.23}
2025-07-15 12:44:01,998 - INFO - aqi read successfully in 0.09s: {'co2': nan, 'pm2_5': 38.6, 'pm10': 218.9, 'carbon_monoxide': 232.0, 'nitrogen_dioxide': 6.8, 'sulphur_dioxide': 12.0, 'ozone': 129.0}
2025-07-15 12:44:02,028 - INFO - wind_speed read successfully in 0.03s: {'wind_speed': 2.0}
2025-07-15 12:44:02,062 - INFO - wind_direction read successfully in 0.03s: {'wind_dir_degrees': 3, 'wind_dir_cardinal': 'N'}
2025-07-15 12:44:02,092 - INFO - rainfall read successfully in 0.03s: {'rainfall': 0.0}
2025-07-15 12:44:02,092 - INFO - Read cycle complete. Successful: 6, Errors: 0
2025-07-15 12:44:02,092 - INFO - Current sensor data: {'timestamp': '2025-07-15T12:43:59.830189', 'temperature': 39.2, 'humidity': 45.3, 'pressure': 1009.5, 'uv_index': 10.23, 'co2': nan, 'pm2_5': 38.6, 'pm10': 218.9, 'carbon_monoxide': 232.0, 'nitrogen_dioxide': 6.8, 'sulphur_dioxide': 12.0, 'ozone': 129.0, 'wind_speed': 2.0, 'wind_dir_degrees': 3, 'wind_dir_cardinal': 'N', 'rainfall': 0.0}
2025-07-15 12:44:04,092 - INFO - Modbus connection successful (Attempt 1/3)
2025-07-15 12:44:04,127 - INFO - environment read successfully in 0.03s: {'temperature': 39.2, 'humidity': 45.3, 'pressure': 1009.6}
2025-07-15 12:44:05,341 - INFO - Switched to GUI-2 (Next toggle in 5s
2025-07-15 12:44:06,170 - INFO - uv read successfully in 2.04s: {'uv_index': 10.29}
2025-07-15 12:44:06,214 - INFO - aqi read successfully in 0.04s: {'co2': nan, 'pm2_5': 38.6, 'pm10': 218.9, 'carbon_monoxide': 232.0, 'nitrogen_dioxide': 6.8, 'sulphur_dioxide': 12.0, 'ozone': 129.0}
2025-07-15 12:44:06,244 - INFO - wind_speed read successfully in 0.03s: {'wind_speed': 1.9}
2025-07-15 12:44:06,278 - INFO - wind_direction read successfully in 0.03s: {'wind_dir_degrees': 241, 'wind_dir_cardinal': 'SW'}
2025-07-15 12:44:06,308 - INFO - rainfall read successfully in 0.03s: {'rainfall': 0.0}
2025-07-15 12:44:06,308 - INFO - Read cycle complete. Successful: 6, Errors: 0
2025-07-15 12:44:06,308 - INFO - Current sensor data: {'timestamp': '2025-07-15T12:44:04.093086', 'temperature': 39.2, 'humidity': 45.3, 'pressure': 1009.6, 'uv_index': 10.29, 'co2': nan, 'pm2_5': 38.6, 'pm10': 218.9, 'carbon_monoxide': 232.0, 'nitrogen_dioxide': 6.8, 'sulphur_dioxide': 12.0, 'ozone': 129.0, 'wind_speed': 1.9, 'wind_dir_degrees': 241, 'wind_dir_cardinal': 'SW', 'rainfall': 0.0}
2025-07-15 12:44:08,311 - INFO - Modbus connection successful (Attempt 1/3)
2025-07-15 12:44:08,344 - INFO - environment read successfully in 0.03s: {'temperature': 39.2, 'humidity': 45.5, 'pressure': 1009.5}
2025-07-15 12:44:10,341 - INFO - Switched to GUI-1 (Next toggle in 10s
2025-07-15 12:44:10,387 - INFO - uv read successfully in 2.04s: {'uv_index': 10.56}
2025-07-15 12:44:10,435 - INFO - aqi read successfully in 0.05s: {'co2': nan, 'pm2_5': 38.6, 'pm10': 218.9, 'carbon_monoxide': 232.0, 'nitrogen_dioxide': 6.8, 'sulphur_dioxide': 12.0, 'ozone': 129.0}
2025-07-15 12:44:10,464 - INFO - wind_speed read successfully in 0.03s: {'wind_speed': 1.7}
2025-07-15 12:44:10,498 - INFO - wind_direction read successfully in 0.03s: {'wind_dir_degrees': 20, 'wind_dir_cardinal': 'N'}
2025-07-15 12:44:10,528 - INFO - rainfall read successfully in 0.03s: {'rainfall': 0.0}
2025-07-15 12:44:10,528 - INFO - Read cycle complete. Successful: 6, Errors: 0
2025-07-15 12:44:10,528 - INFO - Current sensor data: {'timestamp': '2025-07-15T12:44:08.311568', 'temperature': 39.2, 'humidity': 45.5, 'pressure': 1009.5, 'uv_index': 10.56, 'co2': nan, 'pm2_5': 38.6, 'pm10': 218.9, 'carbon_monoxide': 232.0, 'nitrogen_dioxide': 6.8, 'sulphur_dioxide': 12.0, 'ozone': 129.0, 'wind_speed': 1.7, 'wind_dir_degrees': 20, 'wind_dir_cardinal': 'N', 'rainfall': 0.0}
2025-07-15 12:44:10,528 - INFO - Sensor data queued for CSV write
2025-07-15 12:44:12,528 - INFO - Modbus connection successful (Attempt 1/3)
2025-07-15 12:44:12,562 - INFO - environment read successfully in 0.03s: {'temperature': 39.1, 'humidity': 45.5, 'pressure': 1009.5}
2025-07-15 12:44:14,608 - INFO - uv read successfully in 2.05s: {'uv_index': 10.52}
2025-07-15 12:44:14,667 - INFO - aqi read successfully in 0.06s: {'co2': nan, 'pm2_5': 38.6, 'pm10': 218.9, 'carbon_monoxide': 232.0, 'nitrogen_dioxide': 6.8, 'sulphur_dioxide': 12.0, 'ozone': 129.0}
2025-07-15 12:44:14,696 - INFO - wind_speed read successfully in 0.03s: {'wind_speed': 1.7}
2025-07-15 12:44:14,730 - INFO - wind_direction read successfully in 0.03s: {'wind_dir_degrees': 214, 'wind_dir_cardinal': 'SW'}
2025-07-15 12:44:14,760 - INFO - rainfall read successfully in 0.03s: {'rainfall': 0.0}
2025-07-15 12:44:14,760 - INFO - Read cycle complete. Successful: 6, Errors: 0
2025-07-15 12:44:14,760 - INFO - Current sensor data: {'timestamp': '2025-07-15T12:44:12.528891', 'temperature': 39.1, 'humidity': 45.5, 'pressure': 1009.5, 'uv_index': 10.52, 'co2': nan, 'pm2_5': 38.6, 'pm10': 218.9, 'carbon_monoxide': 232.0, 'nitrogen_dioxide': 6.8, 'sulphur_dioxide': 12.0, 'ozone': 129.0, 'wind_speed': 1.7, 'wind_dir_degrees': 214, 'wind_dir_cardinal': 'SW', 'rainfall': 0.0}
2025-07-15 12:44:16,760 - INFO - Modbus connection successful (Attempt 1/3)
2025-07-15 12:44:16,795 - INFO - environment read successfully in 0.03s: {'temperature': 39.1, 'humidity': 45.5, 'pressure': 1009.5}
2025-07-15 12:44:18,841 - INFO - uv read successfully in 2.05s: {'uv_index': 10.21}
2025-07-15 12:44:18,899 - INFO - aqi read successfully in 0.06s: {'co2': nan, 'pm2_5': 38.6, 'pm10': 218.9, 'carbon_monoxide': 232.0, 'nitrogen_dioxide': 6.8, 'sulphur_dioxide': 12.0, 'ozone': 129.0}
2025-07-15 12:44:18,929 - INFO - wind_speed read successfully in 0.03s: {'wind_speed': 1.7}
2025-07-15 12:44:18,963 - INFO - wind_direction read successfully in 0.03s: {'wind_dir_degrees': 152, 'wind_dir_cardinal': 'SE'}
2025-07-15 12:44:18,992 - INFO - rainfall read successfully in 0.03s: {'rainfall': 0.0}
2025-07-15 12:44:18,992 - INFO - Read cycle complete. Successful: 6, Errors: 0
2025-07-15 12:44:18,992 - INFO - Current sensor data: {'timestamp': '2025-07-15T12:44:16.760977', 'temperature': 39.1, 'humidity': 45.5, 'pressure': 1009.5, 'uv_index': 10.21, 'co2': nan, 'pm2_5': 38.6, 'pm10': 218.9, 'carbon_monoxide': 232.0, 'nitrogen_dioxide': 6.8, 'sulphur_dioxide': 12.0, 'ozone': 129.0, 'wind_speed': 1.7, 'wind_dir_degrees': 152, 'wind_dir_cardinal': 'SE', 'rainfall': 0.0}
2025-07-15 12:44:20,342 - INFO - Switched to GUI-2 (Next toggle in 5s
2025-07-15 12:44:20,497 - INFO - CSV write completed at 2025-07-15T12:44:20.497369
2025-07-15 12:44:20,993 - INFO - Modbus connection successful (Attempt 1/3)
2025-07-15 12:44:21,027 - INFO - environment read successfully in 0.03s: {'temperature': 39.1, 'humidity': 45.6, 'pressure': 1009.5}
2025-07-15 12:44:23,071 - INFO - uv read successfully in 2.04s: {'uv_index': 10.44}
2025-07-15 12:44:23,116 - INFO - aqi read successfully in 0.04s: {'co2': nan, 'pm2_5': 38.6, 'pm10': 218.9, 'carbon_monoxide': 232.0, 'nitrogen_dioxide': 6.8, 'sulphur_dioxide': 12.0, 'ozone': 129.0}
2025-07-15 12:44:23,146 - INFO - wind_speed read successfully in 0.03s: {'wind_speed': 1.6}
2025-07-15 12:44:23,180 - INFO - wind_direction read successfully in 0.03s: {'wind_dir_degrees': 16, 'wind_dir_cardinal': 'N'}
2025-07-15 12:44:23,209 - INFO - rainfall read successfully in 0.03s: {'rainfall': 0.0}
2025-07-15 12:44:23,209 - INFO - Read cycle complete. Successful: 6, Errors: 0
2025-07-15 12:44:23,209 - INFO - Current sensor data: {'timestamp': '2025-07-15T12:44:20.993146', 'temperature': 39.1, 'humidity': 45.6, 'pressure': 1009.5, 'uv_index': 10.44, 'co2': nan, 'pm2_5': 38.6, 'pm10': 218.9, 'carbon_monoxide': 232.0, 'nitrogen_dioxide': 6.8, 'sulphur_dioxide': 12.0, 'ozone': 129.0, 'wind_speed': 1.6, 'wind_dir_degrees': 16, 'wind_dir_cardinal': 'N', 'rainfall': 0.0}
2025-07-15 12:44:25,209 - INFO - Modbus connection successful (Attempt 1/3)
2025-07-15 12:44:25,244 - INFO - environment read successfully in 0.03s: {'temperature': 39.1, 'humidity': 45.7, 'pressure': 1009.5}
2025-07-15 12:44:25,342 - INFO - Switched to GUI-1 (Next toggle in 10s
2025-07-15 12:44:27,289 - INFO - uv read successfully in 2.05s: {'uv_index': 10.59}
2025-07-15 12:44:27,334 - INFO - aqi read successfully in 0.04s: {'co2': nan, 'pm2_5': 38.6, 'pm10': 218.9, 'carbon_monoxide': 232.0, 'nitrogen_dioxide': 6.8, 'sulphur_dioxide': 12.0, 'ozone': 129.0}
2025-07-15 12:44:27,364 - INFO - wind_speed read successfully in 0.03s: {'wind_speed': 1.6}
2025-07-15 12:44:27,397 - INFO - wind_direction read successfully in 0.03s: {'wind_dir_degrees': 146, 'wind_dir_cardinal': 'SE'}
2025-07-15 12:44:27,427 - INFO - rainfall read successfully in 0.03s: {'rainfall': 0.0}
2025-07-15 12:44:27,427 - INFO - Read cycle complete. Successful: 6, Errors: 0
2025-07-15 12:44:27,427 - INFO - Current sensor data: {'timestamp': '2025-07-15T12:44:25.210084', 'temperature': 39.1, 'humidity': 45.7, 'pressure': 1009.5, 'uv_index': 10.59, 'co2': nan, 'pm2_5': 38.6, 'pm10': 218.9, 'carbon_monoxide': 232.0, 'nitrogen_dioxide': 6.8, 'sulphur_dioxide': 12.0, 'ozone': 129.0, 'wind_speed': 1.6, 'wind_dir_degrees': 146, 'wind_dir_cardinal': 'SE', 'rainfall': 0.0}
2025-07-15 12:44:29,427 - INFO - Modbus connection successful (Attempt 1/3)
2025-07-15 12:44:29,461 - INFO - environment read successfully in 0.03s: {'temperature': 39.0, 'humidity': 45.8, 'pressure': 1009.4}
2025-07-15 12:44:31,506 - INFO - uv read successfully in 2.04s: {'uv_index': 10.17}
2025-07-15 12:44:31,550 - INFO - aqi read successfully in 0.04s: {'co2': nan, 'pm2_5': 38.6, 'pm10': 218.9, 'carbon_monoxide': 232.0, 'nitrogen_dioxide': 6.8, 'sulphur_dioxide': 12.0, 'ozone': 129.0}
2025-07-15 12:44:31,580 - INFO - wind_speed read successfully in 0.03s: {'wind_speed': 1.7}
2025-07-15 12:44:31,614 - INFO - wind_direction read successfully in 0.03s: {'wind_dir_degrees': 345, 'wind_dir_cardinal': 'N'}
2025-07-15 12:44:31,644 - INFO - rainfall read successfully in 0.03s: {'rainfall': 0.0}
2025-07-15 12:44:31,644 - INFO - Read cycle complete. Successful: 6, Errors: 0
2025-07-15 12:44:31,644 - INFO - Current sensor data: {'timestamp': '2025-07-15T12:44:29.427918', 'temperature': 39.0, 'humidity': 45.8, 'pressure': 1009.4, 'uv_index': 10.17, 'co2': nan, 'pm2_5': 38.6, 'pm10': 218.9, 'carbon_monoxide': 232.0, 'nitrogen_dioxide': 6.8, 'sulphur_dioxide': 12.0, 'ozone': 129.0, 'wind_speed': 1.7, 'wind_dir_degrees': 345, 'wind_dir_cardinal': 'N', 'rainfall': 0.0}
2025-07-15 12:44:33,644 - INFO - Modbus connection successful (Attempt 1/3)
2025-07-15 12:44:33,678 - INFO - environment read successfully in 0.03s: {'temperature': 39.0, 'humidity': 45.8, 'pressure': 1009.5}
2025-07-15 12:44:35,342 - INFO - Switched to GUI-2 (Next toggle in 5s
2025-07-15 12:44:35,723 - INFO - uv read successfully in 2.04s: {'uv_index': 10.29}
2025-07-15 12:44:35,767 - INFO - aqi read successfully in 0.04s: {'co2': nan, 'pm2_5': 38.6, 'pm10': 218.9, 'carbon_monoxide': 232.0, 'nitrogen_dioxide': 6.8, 'sulphur_dioxide': 12.0, 'ozone': 129.0}
2025-07-15 12:44:35,798 - INFO - wind_speed read successfully in 0.03s: {'wind_speed': 2.0}
2025-07-15 12:44:35,832 - INFO - wind_direction read successfully in 0.03s: {'wind_dir_degrees': 188, 'wind_dir_cardinal': 'S'}
2025-07-15 12:44:35,862 - INFO - rainfall read successfully in 0.03s: {'rainfall': 0.0}
2025-07-15 12:44:35,862 - INFO - Read cycle complete. Successful: 6, Errors: 0
2025-07-15 12:44:35,862 - INFO - Current sensor data: {'timestamp': '2025-07-15T12:44:33.644679', 'temperature': 39.0, 'humidity': 45.8, 'pressure': 1009.5, 'uv_index': 10.29, 'co2': nan, 'pm2_5': 38.6, 'pm10': 218.9, 'carbon_monoxide': 232.0, 'nitrogen_dioxide': 6.8, 'sulphur_dioxide': 12.0, 'ozone': 129.0, 'wind_speed': 2.0, 'wind_dir_degrees': 188, 'wind_dir_cardinal': 'S', 'rainfall': 0.0}
2025-07-15 12:44:37,862 - INFO - Modbus connection successful (Attempt 1/3)
2025-07-15 12:44:37,897 - INFO - environment read successfully in 0.03s: {'temperature': 39.0, 'humidity': 45.9, 'pressure': 1009.5}
2025-07-15 12:44:39,940 - INFO - uv read successfully in 2.04s: {'uv_index': 10.5}
2025-07-15 12:44:40,022 - INFO - aqi read successfully in 0.08s: {'co2': nan, 'pm2_5': 38.6, 'pm10': 218.9, 'carbon_monoxide': 232.0, 'nitrogen_dioxide': 6.8, 'sulphur_dioxide': 12.0, 'ozone': 129.0}
2025-07-15 12:44:40,052 - INFO - wind_speed read successfully in 0.03s: {'wind_speed': 2.0}
2025-07-15 12:44:40,086 - INFO - wind_direction read successfully in 0.03s: {'wind_dir_degrees': 157, 'wind_dir_cardinal': 'SE'}
2025-07-15 12:44:40,116 - INFO - rainfall read successfully in 0.03s: {'rainfall': 0.0}
2025-07-15 12:44:40,116 - INFO - Read cycle complete. Successful: 6, Errors: 0
2025-07-15 12:44:40,116 - INFO - Current sensor data: {'timestamp': '2025-07-15T12:44:37.862858', 'temperature': 39.0, 'humidity': 45.9, 'pressure': 1009.5, 'uv_index': 10.5, 'co2': nan, 'pm2_5': 38.6, 'pm10': 218.9, 'carbon_monoxide': 232.0, 'nitrogen_dioxide': 6.8, 'sulphur_dioxide': 12.0, 'ozone': 129.0, 'wind_speed': 2.0, 'wind_dir_degrees': 157, 'wind_dir_cardinal': 'SE', 'rainfall': 0.0}
2025-07-15 12:44:40,342 - INFO - Switched to GUI-1 (Next toggle in 10s
2025-07-15 12:44:42,116 - INFO - Modbus connection successful (Attempt 1/3)
2025-07-15 12:44:42,150 - INFO - environment read successfully in 0.03s: {'temperature': 38.9, 'humidity': 46.0, 'pressure': 1009.4}
2025-07-15 12:44:44,196 - INFO - uv read successfully in 2.05s: {'uv_index': 10.09}
2025-07-15 12:44:44,241 - INFO - aqi read successfully in 0.04s: {'co2': nan, 'pm2_5': 38.6, 'pm10': 218.9, 'carbon_monoxide': 232.0, 'nitrogen_dioxide': 6.8, 'sulphur_dioxide': 12.0, 'ozone': 129.0}
2025-07-15 12:44:44,271 - INFO - wind_speed read successfully in 0.03s: {'wind_speed': 2.1}
2025-07-15 12:44:44,304 - INFO - wind_direction read successfully in 0.03s: {'wind_dir_degrees': 329, 'wind_dir_cardinal': 'NW'}
2025-07-15 12:44:44,334 - INFO - rainfall read successfully in 0.03s: {'rainfall': 0.0}
2025-07-15 12:44:44,334 - INFO - Read cycle complete. Successful: 6, Errors: 0
2025-07-15 12:44:44,334 - INFO - Current sensor data: {'timestamp': '2025-07-15T12:44:42.116539', 'temperature': 38.9, 'humidity': 46.0, 'pressure': 1009.4, 'uv_index': 10.09, 'co2': nan, 'pm2_5': 38.6, 'pm10': 218.9, 'carbon_monoxide': 232.0, 'nitrogen_dioxide': 6.8, 'sulphur_dioxide': 12.0, 'ozone': 129.0, 'wind_speed': 2.1, 'wind_dir_degrees': 329, 'wind_dir_cardinal': 'NW', 'rainfall': 0.0}
2025-07-15 12:44:44,334 - INFO - Sensor data queued for CSV write
2025-07-15 12:44:46,334 - INFO - Modbus connection successful (Attempt 1/3)
2025-07-15 12:44:46,369 - INFO - environment read successfully in 0.03s: {'temperature': 38.9, 'humidity': 46.0, 'pressure': 1009.4}
2025-07-15 12:44:48,414 - INFO - uv read successfully in 2.05s: {'uv_index': 10.4}
2025-07-15 12:44:48,472 - INFO - aqi read successfully in 0.06s: {'co2': nan, 'pm2_5': 38.6, 'pm10': 218.9, 'carbon_monoxide': 232.0, 'nitrogen_dioxide': 6.8, 'sulphur_dioxide': 12.0, 'ozone': 129.0}
2025-07-15 12:44:48,502 - INFO - wind_speed read successfully in 0.03s: {'wind_speed': 2.0}
2025-07-15 12:44:48,536 - INFO - wind_direction read successfully in 0.03s: {'wind_dir_degrees': 164, 'wind_dir_cardinal': 'S'}
2025-07-15 12:44:48,565 - INFO - rainfall read successfully in 0.03s: {'rainfall': 0.0}
2025-07-15 12:44:48,565 - INFO - Read cycle complete. Successful: 6, Errors: 0
2025-07-15 12:44:48,565 - INFO - Current sensor data: {'timestamp': '2025-07-15T12:44:46.334994', 'temperature': 38.9, 'humidity': 46.0, 'pressure': 1009.4, 'uv_index': 10.4, 'co2': nan, 'pm2_5': 38.6, 'pm10': 218.9, 'carbon_monoxide': 232.0, 'nitrogen_dioxide': 6.8, 'sulphur_dioxide': 12.0, 'ozone': 129.0, 'wind_speed': 2.0, 'wind_dir_degrees': 164, 'wind_dir_cardinal': 'S', 'rainfall': 0.0}
2025-07-15 12:44:50,343 - INFO - Switched to GUI-2 (Next toggle in 5s
2025-07-15 12:44:50,500 - INFO - CSV write completed at 2025-07-15T12:44:50.500359
2025-07-15 12:44:50,566 - INFO - Modbus connection successful (Attempt 1/3)
2025-07-15 12:44:50,600 - INFO - environment read successfully in 0.03s: {'temperature': 38.9, 'humidity': 46.1, 'pressure': 1009.4}
2025-07-15 12:44:52,646 - INFO - uv read successfully in 2.05s: {'uv_index': 10.33}
2025-07-15 12:44:52,703 - INFO - aqi read successfully in 0.06s: {'co2': nan, 'pm2_5': 38.6, 'pm10': 218.9, 'carbon_monoxide': 232.0, 'nitrogen_dioxide': 6.8, 'sulphur_dioxide': 12.0, 'ozone': 129.0}
2025-07-15 12:44:52,733 - INFO - wind_speed read successfully in 0.03s: {'wind_speed': 2.0}
2025-07-15 12:44:52,767 - INFO - wind_direction read successfully in 0.03s: {'wind_dir_degrees': 132, 'wind_dir_cardinal': 'SE'}
2025-07-15 12:44:52,797 - INFO - rainfall read successfully in 0.03s: {'rainfall': 0.0}
2025-07-15 12:44:52,797 - INFO - Read cycle complete. Successful: 6, Errors: 0
2025-07-15 12:44:52,797 - INFO - Current sensor data: {'timestamp': '2025-07-15T12:44:50.566129', 'temperature': 38.9, 'humidity': 46.1, 'pressure': 1009.4, 'uv_index': 10.33, 'co2': nan, 'pm2_5': 38.6, 'pm10': 218.9, 'carbon_monoxide': 232.0, 'nitrogen_dioxide': 6.8, 'sulphur_dioxide': 12.0, 'ozone': 129.0, 'wind_speed': 2.0, 'wind_dir_degrees': 132, 'wind_dir_cardinal': 'SE', 'rainfall': 0.0}
2025-07-15 12:44:54,797 - INFO - Modbus connection successful (Attempt 1/3)
2025-07-15 12:44:54,832 - INFO - environment read successfully in 0.03s: {'temperature': 38.9, 'humidity': 46.2, 'pressure': 1009.4}
2025-07-15 12:44:55,343 - INFO - Switched to GUI-1 (Next toggle in 10s
2025-07-15 12:44:56,877 - INFO - uv read successfully in 2.05s: {'uv_index': 10.21}
2025-07-15 12:44:56,921 - INFO - aqi read successfully in 0.04s: {'co2': nan, 'pm2_5': 38.6, 'pm10': 218.9, 'carbon_monoxide': 232.0, 'nitrogen_dioxide': 6.8, 'sulphur_dioxide': 12.0, 'ozone': 129.0}
2025-07-15 12:44:56,951 - INFO - wind_speed read successfully in 0.03s: {'wind_speed': 2.4}
2025-07-15 12:44:56,985 - INFO - wind_direction read successfully in 0.03s: {'wind_dir_degrees': 75, 'wind_dir_cardinal': 'E'}
2025-07-15 12:44:57,015 - INFO - rainfall read successfully in 0.03s: {'rainfall': 0.0}
2025-07-15 12:44:57,015 - INFO - Read cycle complete. Successful: 6, Errors: 0
2025-07-15 12:44:57,015 - INFO - Current sensor data: {'timestamp': '2025-07-15T12:44:54.797972', 'temperature': 38.9, 'humidity': 46.2, 'pressure': 1009.4, 'uv_index': 10.21, 'co2': nan, 'pm2_5': 38.6, 'pm10': 218.9, 'carbon_monoxide': 232.0, 'nitrogen_dioxide': 6.8, 'sulphur_dioxide': 12.0, 'ozone': 129.0, 'wind_speed': 2.4, 'wind_dir_degrees': 75, 'wind_dir_cardinal': 'E', 'rainfall': 0.0}
2025-07-15 12:44:59,015 - INFO - Modbus connection successful (Attempt 1/3)
2025-07-15 12:44:59,049 - INFO - environment read successfully in 0.03s: {'temperature': 38.9, 'humidity': 46.2, 'pressure': 1009.4}
2025-07-15 12:45:01,095 - INFO - uv read successfully in 2.05s: {'uv_index': 10.38}
2025-07-15 12:45:01,153 - INFO - aqi read successfully in 0.06s: {'co2': nan, 'pm2_5': 38.6, 'pm10': 218.9, 'carbon_monoxide': 232.0, 'nitrogen_dioxide': 6.8, 'sulphur_dioxide': 12.0, 'ozone': 129.0}
2025-07-15 12:45:01,183 - INFO - wind_speed read successfully in 0.03s: {'wind_speed': 2.3}
2025-07-15 12:45:01,217 - INFO - wind_direction read successfully in 0.03s: {'wind_dir_degrees': 175, 'wind_dir_cardinal': 'S'}
2025-07-15 12:45:01,247 - INFO - rainfall read successfully in 0.03s: {'rainfall': 0.0}
2025-07-15 12:45:01,247 - INFO - Read cycle complete. Successful: 6, Errors: 0
2025-07-15 12:45:01,247 - INFO - Current sensor data: {'timestamp': '2025-07-15T12:44:59.015490', 'temperature': 38.9, 'humidity': 46.2, 'pressure': 1009.4, 'uv_index': 10.38, 'co2': nan, 'pm2_5': 38.6, 'pm10': 218.9, 'carbon_monoxide': 232.0, 'nitrogen_dioxide': 6.8, 'sulphur_dioxide': 12.0, 'ozone': 129.0, 'wind_speed': 2.3, 'wind_dir_degrees': 175, 'wind_dir_cardinal': 'S', 'rainfall': 0.0}
2025-07-15 12:45:03,247 - INFO - Modbus connection successful (Attempt 1/3)
2025-07-15 12:45:03,281 - INFO - environment read successfully in 0.03s: {'temperature': 38.9, 'humidity': 46.3, 'pressure': 1009.4}
2025-07-15 12:45:05,327 - INFO - uv read successfully in 2.05s: {'uv_index': 10.09}
2025-07-15 12:45:05,383 - INFO - Switched to GUI-2 (Next toggle in 5s
2025-07-15 12:45:05,385 - INFO - aqi read successfully in 0.06s: {'co2': nan, 'pm2_5': 38.6, 'pm10': 218.9, 'carbon_monoxide': 232.0, 'nitrogen_dioxide': 6.8, 'sulphur_dioxide': 12.0, 'ozone': 129.0}
2025-07-15 12:45:05,416 - INFO - wind_speed read successfully in 0.03s: {'wind_speed': 2.1}
2025-07-15 12:45:05,451 - INFO - wind_direction read successfully in 0.03s: {'wind_dir_degrees': 180, 'wind_dir_cardinal': 'S'}
2025-07-15 12:45:05,481 - INFO - rainfall read successfully in 0.03s: {'rainfall': 0.0}
2025-07-15 12:45:05,481 - INFO - Read cycle complete. Successful: 6, Errors: 0
2025-07-15 12:45:05,481 - INFO - Current sensor data: {'timestamp': '2025-07-15T12:45:03.247440', 'temperature': 38.9, 'humidity': 46.3, 'pressure': 1009.4, 'uv_index': 10.09, 'co2': nan, 'pm2_5': 38.6, 'pm10': 218.9, 'carbon_monoxide': 232.0, 'nitrogen_dioxide': 6.8, 'sulphur_dioxide': 12.0, 'ozone': 129.0, 'wind_speed': 2.1, 'wind_dir_degrees': 180, 'wind_dir_cardinal': 'S', 'rainfall': 0.0}
                                                                                                                                                                                                                                                                                                                                                                                        2025-07-15 12:45:25,505 - INFO - Starting initialization...
2025-07-15 12:45:33,475 - INFO - Attempting Modbus connection on port /dev/ttyUSB0
2025-07-15 12:45:33,475 - ERROR - Modbus connection failed
2025-07-15 12:45:33,476 - INFO - CSV writer thread started. Output directory: /home/asif/Desktop/unified_creek_awos/csv_data
2025-07-15 12:45:33,476 - WARNING - Modbus connection failed (Attempt 1/3)
2025-07-15 12:45:33,481 - INFO - Switched to GUI-2 (Next toggle in 5s
2025-07-15 12:45:34,476 - WARNING - Modbus connection failed (Attempt 2/3)
2025-07-15 12:45:35,477 - WARNING - Modbus connection failed (Attempt 3/3)
2025-07-15 12:45:36,478 - CRITICAL - Critical error in sensor read loop: cannot access local variable 'conn_error' where it is not associated with a value
Traceback (most recent call last):
  File "/home/asif/Desktop/unified_creek_awos/awos.py", line 1088, in sensor_reader_loop
    f"Modbus connection failed after {retries} retries. Last error: {str(conn_error)}",
                                                                         ^^^^^^^^^^
UnboundLocalError: cannot access local variable 'conn_error' where it is not associated with a value

2025-07-15 12:45:36,957 - INFO - Shutting down weather station system
2025-07-15 12:45:38,957 - INFO - Cleanup completed, exiting application
2025-07-15 12:50:53,107 - INFO - Starting initialization...
2025-07-15 12:51:00,892 - INFO - Attempting Modbus connection on port /dev/ttyUSB0
2025-07-15 12:51:00,893 - ERROR - Modbus connection failed
2025-07-15 12:51:00,893 - INFO - CSV writer thread started. Output directory: /home/asif/Desktop/unified_creek_awos/csv_data
2025-07-15 12:51:00,893 - WARNING - Modbus connection failed (Attempt 1/3)
2025-07-15 12:51:00,896 - INFO - Switched to GUI-2 (Next toggle in 5s
2025-07-15 12:51:01,894 - WARNING - Modbus connection failed (Attempt 2/3)
2025-07-15 12:51:02,895 - WARNING - Modbus connection failed (Attempt 3/3)
2025-07-15 12:51:03,896 - CRITICAL - Critical error in sensor read loop: cannot access local variable 'conn_error' where it is not associated with a value
Traceback (most recent call last):
  File "/home/asif/Desktop/unified_creek_awos/awos.py", line 1088, in sensor_reader_loop
    f"Modbus connection failed after {retries} retries. Last error: {str(conn_error)}",
                                                                         ^^^^^^^^^^
UnboundLocalError: cannot access local variable 'conn_error' where it is not associated with a value

2025-07-15 12:51:05,897 - INFO - Switched to GUI-1 (Next toggle in 10s
2025-07-15 12:51:08,896 - INFO - Attempting Modbus connection on port /dev/ttyUSB0
2025-07-15 12:51:08,896 - ERROR - Modbus connection failed
2025-07-15 12:51:08,897 - WARNING - Modbus connection failed (Attempt 1/3)
2025-07-15 12:51:09,897 - WARNING - Modbus connection failed (Attempt 2/3)
2025-07-15 12:51:10,897 - WARNING - Modbus connection failed (Attempt 3/3)
2025-07-15 12:51:11,898 - CRITICAL - Critical error in sensor read loop: cannot access local variable 'conn_error' where it is not associated with a value
Traceback (most recent call last):
  File "/home/asif/Desktop/unified_creek_awos/awos.py", line 1088, in sensor_reader_loop
    f"Modbus connection failed after {retries} retries. Last error: {str(conn_error)}",
                                                                         ^^^^^^^^^^
UnboundLocalError: cannot access local variable 'conn_error' where it is not associated with a value

2025-07-15 12:51:15,897 - INFO - Switched to GUI-2 (Next toggle in 5s
2025-07-15 12:51:16,898 - INFO - Attempting Modbus connection on port /dev/ttyUSB0
2025-07-15 12:51:16,899 - ERROR - Modbus connection failed
2025-07-15 12:51:16,899 - WARNING - Modbus connection failed (Attempt 1/3)
2025-07-15 12:51:17,899 - WARNING - Modbus connection failed (Attempt 2/3)
2025-07-15 12:51:18,900 - WARNING - Modbus connection failed (Attempt 3/3)
2025-07-15 12:51:19,900 - CRITICAL - Critical error in sensor read loop: cannot access local variable 'conn_error' where it is not associated with a value
Traceback (most recent call last):
  File "/home/asif/Desktop/unified_creek_awos/awos.py", line 1088, in sensor_reader_loop
    f"Modbus connection failed after {retries} retries. Last error: {str(conn_error)}",
                                                                         ^^^^^^^^^^
UnboundLocalError: cannot access local variable 'conn_error' where it is not associated with a value

2025-07-15 12:51:20,897 - INFO - Switched to GUI-1 (Next toggle in 10s
2025-07-15 12:51:24,901 - INFO - Attempting Modbus connection on port /dev/ttyUSB0
2025-07-15 12:51:24,901 - ERROR - Modbus connection failed
2025-07-15 12:51:24,901 - WARNING - Modbus connection failed (Attempt 1/3)
2025-07-15 12:51:25,901 - WARNING - Modbus connection failed (Attempt 2/3)
2025-07-15 12:51:26,903 - WARNING - Modbus connection failed (Attempt 3/3)
2025-07-15 12:51:27,903 - CRITICAL - Critical error in sensor read loop: cannot access local variable 'conn_error' where it is not associated with a value
Traceback (most recent call last):
  File "/home/asif/Desktop/unified_creek_awos/awos.py", line 1088, in sensor_reader_loop
    f"Modbus connection failed after {retries} retries. Last error: {str(conn_error)}",
                                                                         ^^^^^^^^^^
UnboundLocalError: cannot access local variable 'conn_error' where it is not associated with a value

2025-07-15 12:51:30,898 - INFO - Switched to GUI-2 (Next toggle in 5s
2025-07-15 12:51:30,899 - INFO - CSV write completed at 2025-07-15T12:51:30.898981
2025-07-15 12:51:32,904 - INFO - Attempting Modbus connection on port /dev/ttyUSB0
2025-07-15 12:51:32,907 - ERROR - Modbus connection failed
2025-07-15 12:51:32,907 - WARNING - Modbus connection failed (Attempt 1/3)
2025-07-15 12:51:33,908 - WARNING - Modbus connection failed (Attempt 2/3)
2025-07-15 12:51:34,909 - WARNING - Modbus connection failed (Attempt 3/3)
2025-07-15 12:51:35,898 - INFO - Switched to GUI-1 (Next toggle in 10s
2025-07-15 12:51:35,910 - CRITICAL - Critical error in sensor read loop: cannot access local variable 'conn_error' where it is not associated with a value
Traceback (most recent call last):
  File "/home/asif/Desktop/unified_creek_awos/awos.py", line 1088, in sensor_reader_loop
    f"Modbus connection failed after {retries} retries. Last error: {str(conn_error)}",
                                                                         ^^^^^^^^^^
UnboundLocalError: cannot access local variable 'conn_error' where it is not associated with a value

2025-07-15 12:51:40,912 - INFO - Attempting Modbus connection on port /dev/ttyUSB0
2025-07-15 12:51:40,912 - ERROR - Modbus connection failed
2025-07-15 12:51:40,912 - WARNING - Modbus connection failed (Attempt 1/3)
2025-07-15 12:51:41,913 - WARNING - Modbus connection failed (Attempt 2/3)
2025-07-15 12:51:42,913 - WARNING - Modbus connection failed (Attempt 3/3)
2025-07-15 12:51:43,914 - CRITICAL - Critical error in sensor read loop: cannot access local variable 'conn_error' where it is not associated with a value
Traceback (most recent call last):
  File "/home/asif/Desktop/unified_creek_awos/awos.py", line 1088, in sensor_reader_loop
    f"Modbus connection failed after {retries} retries. Last error: {str(conn_error)}",
                                                                         ^^^^^^^^^^
UnboundLocalError: cannot access local variable 'conn_error' where it is not associated with a value

2025-07-15 12:51:45,901 - INFO - Switched to GUI-2 (Next toggle in 5s
2025-07-15 12:51:48,914 - INFO - Attempting Modbus connection on port /dev/ttyUSB0
2025-07-15 12:51:48,914 - ERROR - Modbus connection failed
2025-07-15 12:51:48,915 - WARNING - Modbus connection failed (Attempt 1/3)
2025-07-15 12:51:49,915 - WARNING - Modbus connection failed (Attempt 2/3)
2025-07-15 12:51:50,901 - INFO - Switched to GUI-1 (Next toggle in 10s
2025-07-15 12:51:50,917 - WARNING - Modbus connection failed (Attempt 3/3)
2025-07-15 12:51:51,918 - CRITICAL - Critical error in sensor read loop: cannot access local variable 'conn_error' where it is not associated with a value
Traceback (most recent call last):
  File "/home/asif/Desktop/unified_creek_awos/awos.py", line 1088, in sensor_reader_loop
    f"Modbus connection failed after {retries} retries. Last error: {str(conn_error)}",
                                                                         ^^^^^^^^^^
UnboundLocalError: cannot access local variable 'conn_error' where it is not associated with a value

2025-07-15 12:51:56,918 - INFO - Attempting Modbus connection on port /dev/ttyUSB0
2025-07-15 12:51:56,920 - ERROR - Modbus connection failed
2025-07-15 12:51:56,921 - WARNING - Modbus connection failed (Attempt 1/3)
2025-07-15 12:51:57,922 - WARNING - Modbus connection failed (Attempt 2/3)
2025-07-15 12:51:58,923 - WARNING - Modbus connection failed (Attempt 3/3)
2025-07-15 12:51:59,924 - CRITICAL - Critical error in sensor read loop: cannot access local variable 'conn_error' where it is not associated with a value
Traceback (most recent call last):
  File "/home/asif/Desktop/unified_creek_awos/awos.py", line 1088, in sensor_reader_loop
    f"Modbus connection failed after {retries} retries. Last error: {str(conn_error)}",
                                                                         ^^^^^^^^^^
UnboundLocalError: cannot access local variable 'conn_error' where it is not associated with a value

2025-07-15 12:52:00,902 - INFO - Switched to GUI-2 (Next toggle in 5s
2025-07-15 12:52:00,904 - INFO - CSV write completed at 2025-07-15T12:52:00.903916
2025-07-15 12:52:04,927 - INFO - Attempting Modbus connection on port /dev/ttyUSB0
2025-07-15 12:52:04,928 - ERROR - Modbus connection failed
2025-07-15 12:52:04,928 - WARNING - Modbus connection failed (Attempt 1/3)
2025-07-15 12:52:05,902 - INFO - Switched to GUI-1 (Next toggle in 10s
2025-07-15 12:52:05,929 - WARNING - Modbus connection failed (Attempt 2/3)
2025-07-15 12:52:06,929 - WARNING - Modbus connection failed (Attempt 3/3)
2025-07-15 12:52:07,931 - CRITICAL - Critical error in sensor read loop: cannot access local variable 'conn_error' where it is not associated with a value
Traceback (most recent call last):
  File "/home/asif/Desktop/unified_creek_awos/awos.py", line 1088, in sensor_reader_loop
    f"Modbus connection failed after {retries} retries. Last error: {str(conn_error)}",
                                                                         ^^^^^^^^^^
UnboundLocalError: cannot access local variable 'conn_error' where it is not associated with a value

2025-07-15 12:53:06,108 - INFO - Starting initialization...
2025-07-15 12:53:13,915 - INFO - Attempting Modbus connection on port /dev/ttyUSB0
2025-07-15 12:53:13,916 - ERROR - Modbus connection failed
2025-07-15 12:53:13,917 - INFO - CSV writer thread started. Output directory: /home/asif/Desktop/unified_creek_awos/csv_data
2025-07-15 12:53:13,917 - WARNING - Modbus connection failed (Attempt 1/3)
2025-07-15 12:53:13,920 - INFO - Switched to GUI-2 (Next toggle in 5s
2025-07-15 12:53:14,918 - WARNING - Modbus connection failed (Attempt 2/3)
2025-07-15 12:53:15,918 - WARNING - Modbus connection failed (Attempt 3/3)
2025-07-15 12:53:16,919 - CRITICAL - Critical error in sensor read loop: cannot access local variable 'conn_error' where it is not associated with a value
Traceback (most recent call last):
  File "/home/asif/Desktop/unified_creek_awos/awos.py", line 1088, in sensor_reader_loop
    f"Modbus connection failed after {retries} retries. Last error: {str(conn_error)}",
                                                                         ^^^^^^^^^^
UnboundLocalError: cannot access local variable 'conn_error' where it is not associated with a value

2025-07-15 12:53:18,920 - INFO - Switched to GUI-1 (Next toggle in 10s
2025-07-15 12:53:21,919 - INFO - Attempting Modbus connection on port /dev/ttyUSB0
2025-07-15 12:53:21,920 - ERROR - Modbus connection failed
2025-07-15 12:53:21,920 - WARNING - Modbus connection failed (Attempt 1/3)
2025-07-15 12:53:22,920 - WARNING - Modbus connection failed (Attempt 2/3)
2025-07-15 12:53:23,920 - WARNING - Modbus connection failed (Attempt 3/3)
2025-07-15 12:53:24,921 - CRITICAL - Critical error in sensor read loop: cannot access local variable 'conn_error' where it is not associated with a value
Traceback (most recent call last):
  File "/home/asif/Desktop/unified_creek_awos/awos.py", line 1088, in sensor_reader_loop
    f"Modbus connection failed after {retries} retries. Last error: {str(conn_error)}",
                                                                         ^^^^^^^^^^
UnboundLocalError: cannot access local variable 'conn_error' where it is not associated with a value

2025-07-15 12:53:28,921 - INFO - Switched to GUI-2 (Next toggle in 5s
2025-07-15 12:53:29,922 - INFO - Attempting Modbus connection on port /dev/ttyUSB0
2025-07-15 12:53:29,922 - ERROR - Modbus connection failed
2025-07-15 12:53:29,922 - WARNING - Modbus connection failed (Attempt 1/3)
2025-07-15 12:53:30,924 - WARNING - Modbus connection failed (Attempt 2/3)
2025-07-15 12:53:31,924 - WARNING - Modbus connection failed (Attempt 3/3)
2025-07-15 12:53:32,925 - CRITICAL - Critical error in sensor read loop: cannot access local variable 'conn_error' where it is not associated with a value
Traceback (most recent call last):
  File "/home/asif/Desktop/unified_creek_awos/awos.py", line 1088, in sensor_reader_loop
    f"Modbus connection failed after {retries} retries. Last error: {str(conn_error)}",
                                                                         ^^^^^^^^^^
UnboundLocalError: cannot access local variable 'conn_error' where it is not associated with a value

2025-07-15 12:53:33,923 - INFO - Switched to GUI-1 (Next toggle in 10s
2025-07-15 12:53:37,925 - INFO - Attempting Modbus connection on port /dev/ttyUSB0
2025-07-15 12:53:37,925 - ERROR - Modbus connection failed
2025-07-15 12:53:37,925 - WARNING - Modbus connection failed (Attempt 1/3)
2025-07-15 12:53:38,926 - WARNING - Modbus connection failed (Attempt 2/3)
2025-07-15 12:53:39,927 - WARNING - Modbus connection failed (Attempt 3/3)
2025-07-15 12:53:40,928 - CRITICAL - Critical error in sensor read loop: cannot access local variable 'conn_error' where it is not associated with a value
Traceback (most recent call last):
  File "/home/asif/Desktop/unified_creek_awos/awos.py", line 1088, in sensor_reader_loop
    f"Modbus connection failed after {retries} retries. Last error: {str(conn_error)}",
                                                                         ^^^^^^^^^^
UnboundLocalError: cannot access local variable 'conn_error' where it is not associated with a value

2025-07-15 12:53:43,923 - INFO - CSV write completed at 2025-07-15T12:53:43.923423
2025-07-15 12:53:43,924 - INFO - Switched to GUI-2 (Next toggle in 5s
2025-07-15 12:53:45,928 - INFO - Attempting Modbus connection on port /dev/ttyUSB0
2025-07-15 12:53:45,929 - ERROR - Modbus connection failed
2025-07-15 12:53:45,930 - WARNING - Modbus connection failed (Attempt 1/3)
2025-07-15 12:53:46,930 - WARNING - Modbus connection failed (Attempt 2/3)
2025-07-15 12:53:47,932 - WARNING - Modbus connection failed (Attempt 3/3)
2025-07-15 12:53:48,925 - INFO - Switched to GUI-1 (Next toggle in 10s
2025-07-15 12:53:48,934 - CRITICAL - Critical error in sensor read loop: cannot access local variable 'conn_error' where it is not associated with a value
Traceback (most recent call last):
  File "/home/asif/Desktop/unified_creek_awos/awos.py", line 1088, in sensor_reader_loop
    f"Modbus connection failed after {retries} retries. Last error: {str(conn_error)}",
                                                                         ^^^^^^^^^^
UnboundLocalError: cannot access local variable 'conn_error' where it is not associated with a value

2025-07-15 12:53:53,936 - INFO - Attempting Modbus connection on port /dev/ttyUSB0
2025-07-15 12:53:53,936 - ERROR - Modbus connection failed
2025-07-15 12:53:53,938 - WARNING - Modbus connection failed (Attempt 1/3)
2025-07-15 12:53:54,939 - WARNING - Modbus connection failed (Attempt 2/3)
2025-07-15 12:53:55,939 - WARNING - Modbus connection failed (Attempt 3/3)
2025-07-15 12:53:56,941 - CRITICAL - Critical error in sensor read loop: cannot access local variable 'conn_error' where it is not associated with a value
Traceback (most recent call last):
  File "/home/asif/Desktop/unified_creek_awos/awos.py", line 1088, in sensor_reader_loop
    f"Modbus connection failed after {retries} retries. Last error: {str(conn_error)}",
                                                                         ^^^^^^^^^^
UnboundLocalError: cannot access local variable 'conn_error' where it is not associated with a value

2025-07-15 12:53:58,925 - INFO - Switched to GUI-2 (Next toggle in 5s
2025-07-15 12:54:01,941 - INFO - Attempting Modbus connection on port /dev/ttyUSB0
2025-07-15 12:54:01,942 - ERROR - Modbus connection failed
2025-07-15 12:54:01,942 - WARNING - Modbus connection failed (Attempt 1/3)
2025-07-15 12:54:02,943 - WARNING - Modbus connection failed (Attempt 2/3)
2025-07-15 12:54:06,245 - INFO - Starting initialization...
2025-07-15 12:54:14,284 - INFO - Attempting Modbus connection on port /dev/ttyUSB0
2025-07-15 12:54:14,284 - ERROR - Modbus connection failed
2025-07-15 12:54:14,285 - INFO - CSV writer thread started. Output directory: /home/asif/Desktop/unified_creek_awos/csv_data
2025-07-15 12:54:14,285 - WARNING - Modbus connection failed (Attempt 1/3)
2025-07-15 12:54:14,288 - INFO - Switched to GUI-2 (Next toggle in 5s
2025-07-15 12:54:15,286 - WARNING - Modbus connection failed (Attempt 2/3)
2025-07-15 12:54:16,286 - WARNING - Modbus connection failed (Attempt 3/3)
2025-07-15 12:54:17,287 - CRITICAL - Critical error in sensor read loop: cannot access local variable 'conn_error' where it is not associated with a value
Traceback (most recent call last):
  File "/home/asif/Desktop/unified_creek_awos/awos.py", line 1088, in sensor_reader_loop
    f"Modbus connection failed after {retries} retries. Last error: {str(conn_error)}",
                                                                         ^^^^^^^^^^
UnboundLocalError: cannot access local variable 'conn_error' where it is not associated with a value

2025-07-15 12:54:19,288 - INFO - Switched to GUI-1 (Next toggle in 10s
2025-07-15 12:54:22,287 - INFO - Attempting Modbus connection on port /dev/ttyUSB0
2025-07-15 12:54:22,288 - ERROR - Modbus connection failed
2025-07-15 12:54:22,288 - WARNING - Modbus connection failed (Attempt 1/3)
2025-07-15 12:54:23,290 - WARNING - Modbus connection failed (Attempt 2/3)
2025-07-15 12:54:24,291 - WARNING - Modbus connection failed (Attempt 3/3)
2025-07-15 12:54:25,291 - CRITICAL - Critical error in sensor read loop: cannot access local variable 'conn_error' where it is not associated with a value
Traceback (most recent call last):
  File "/home/asif/Desktop/unified_creek_awos/awos.py", line 1088, in sensor_reader_loop
    f"Modbus connection failed after {retries} retries. Last error: {str(conn_error)}",
                                                                         ^^^^^^^^^^
UnboundLocalError: cannot access local variable 'conn_error' where it is not associated with a value

2025-07-15 12:54:29,289 - INFO - Switched to GUI-2 (Next toggle in 5s
2025-07-15 12:54:30,292 - INFO - Attempting Modbus connection on port /dev/ttyUSB0
2025-07-15 12:54:30,292 - ERROR - Modbus connection failed
2025-07-15 12:54:30,293 - WARNING - Modbus connection failed (Attempt 1/3)
2025-07-15 12:54:31,295 - WARNING - Modbus connection failed (Attempt 2/3)
2025-07-15 12:54:32,295 - WARNING - Modbus connection failed (Attempt 3/3)
2025-07-15 12:54:33,296 - CRITICAL - Critical error in sensor read loop: cannot access local variable 'conn_error' where it is not associated with a value
Traceback (most recent call last):
  File "/home/asif/Desktop/unified_creek_awos/awos.py", line 1088, in sensor_reader_loop
    f"Modbus connection failed after {retries} retries. Last error: {str(conn_error)}",
                                                                         ^^^^^^^^^^
UnboundLocalError: cannot access local variable 'conn_error' where it is not associated with a value

2025-07-15 12:54:34,289 - INFO - Switched to GUI-1 (Next toggle in 10s
2025-07-15 12:54:38,296 - INFO - Attempting Modbus connection on port /dev/ttyUSB0
2025-07-15 12:54:38,296 - ERROR - Modbus connection failed
2025-07-15 12:54:38,297 - WARNING - Modbus connection failed (Attempt 1/3)
2025-07-15 12:54:39,297 - WARNING - Modbus connection failed (Attempt 2/3)
2025-07-15 12:54:40,298 - WARNING - Modbus connection failed (Attempt 3/3)
2025-07-15 12:54:41,298 - CRITICAL - Critical error in sensor read loop: cannot access local variable 'conn_error' where it is not associated with a value
Traceback (most recent call last):
  File "/home/asif/Desktop/unified_creek_awos/awos.py", line 1088, in sensor_reader_loop
    f"Modbus connection failed after {retries} retries. Last error: {str(conn_error)}",
                                                                         ^^^^^^^^^^
UnboundLocalError: cannot access local variable 'conn_error' where it is not associated with a value

2025-07-15 12:54:44,289 - INFO - CSV write completed at 2025-07-15T12:54:44.289353
2025-07-15 12:54:44,289 - INFO - Switched to GUI-2 (Next toggle in 5s
2025-07-15 12:54:46,299 - INFO - Attempting Modbus connection on port /dev/ttyUSB0
2025-07-15 12:54:46,299 - ERROR - Modbus connection failed
2025-07-15 12:54:46,299 - WARNING - Modbus connection failed (Attempt 1/3)
2025-07-15 12:54:47,299 - WARNING - Modbus connection failed (Attempt 2/3)
2025-07-15 12:54:48,300 - WARNING - Modbus connection failed (Attempt 3/3)
2025-07-15 12:54:49,292 - INFO - Switched to GUI-1 (Next toggle in 10s
2025-07-15 12:54:49,302 - CRITICAL - Critical error in sensor read loop: cannot access local variable 'conn_error' where it is not associated with a value
Traceback (most recent call last):
  File "/home/asif/Desktop/unified_creek_awos/awos.py", line 1088, in sensor_reader_loop
    f"Modbus connection failed after {retries} retries. Last error: {str(conn_error)}",
                                                                         ^^^^^^^^^^
UnboundLocalError: cannot access local variable 'conn_error' where it is not associated with a value

2025-07-15 12:54:54,303 - INFO - Attempting Modbus connection on port /dev/ttyUSB0
2025-07-15 12:54:54,303 - ERROR - Modbus connection failed
2025-07-15 12:54:54,303 - WARNING - Modbus connection failed (Attempt 1/3)
2025-07-15 12:54:55,304 - WARNING - Modbus connection failed (Attempt 2/3)
2025-07-15 12:54:56,306 - WARNING - Modbus connection failed (Attempt 3/3)
2025-07-15 12:54:57,307 - CRITICAL - Critical error in sensor read loop: cannot access local variable 'conn_error' where it is not associated with a value
Traceback (most recent call last):
  File "/home/asif/Desktop/unified_creek_awos/awos.py", line 1088, in sensor_reader_loop
    f"Modbus connection failed after {retries} retries. Last error: {str(conn_error)}",
                                                                         ^^^^^^^^^^
UnboundLocalError: cannot access local variable 'conn_error' where it is not associated with a value

2025-07-15 12:54:59,292 - INFO - Switched to GUI-2 (Next toggle in 5s
2025-07-15 12:55:02,307 - INFO - Attempting Modbus connection on port /dev/ttyUSB0
2025-07-15 12:55:02,308 - ERROR - Modbus connection failed
2025-07-15 12:55:02,308 - WARNING - Modbus connection failed (Attempt 1/3)
2025-07-15 12:55:03,308 - WARNING - Modbus connection failed (Attempt 2/3)
2025-07-15 12:55:04,293 - INFO - Switched to GUI-1 (Next toggle in 10s
2025-07-15 12:55:04,309 - WARNING - Modbus connection failed (Attempt 3/3)
2025-07-15 12:55:05,310 - CRITICAL - Critical error in sensor read loop: cannot access local variable 'conn_error' where it is not associated with a value
Traceback (most recent call last):
  File "/home/asif/Desktop/unified_creek_awos/awos.py", line 1088, in sensor_reader_loop
    f"Modbus connection failed after {retries} retries. Last error: {str(conn_error)}",
                                                                         ^^^^^^^^^^
UnboundLocalError: cannot access local variable 'conn_error' where it is not associated with a value

2025-07-15 12:55:10,310 - INFO - Attempting Modbus connection on port /dev/ttyUSB0
2025-07-15 12:55:10,311 - ERROR - Modbus connection failed
2025-07-15 12:55:10,311 - WARNING - Modbus connection failed (Attempt 1/3)
2025-07-15 12:55:11,311 - WARNING - Modbus connection failed (Attempt 2/3)
2025-07-15 12:55:12,312 - WARNING - Modbus connection failed (Attempt 3/3)
2025-07-15 12:55:13,312 - CRITICAL - Critical error in sensor read loop: cannot access local variable 'conn_error' where it is not associated with a value
Traceback (most recent call last):
  File "/home/asif/Desktop/unified_creek_awos/awos.py", line 1088, in sensor_reader_loop
    f"Modbus connection failed after {retries} retries. Last error: {str(conn_error)}",
                                                                         ^^^^^^^^^^
UnboundLocalError: cannot access local variable 'conn_error' where it is not associated with a value

2025-07-15 12:55:14,294 - INFO - Switched to GUI-2 (Next toggle in 5s
2025-07-15 12:55:14,297 - INFO - CSV write completed at 2025-07-15T12:55:14.297666
2025-07-15 12:55:18,313 - INFO - Attempting Modbus connection on port /dev/ttyUSB0
2025-07-15 12:55:18,313 - ERROR - Modbus connection failed
2025-07-15 12:55:18,313 - WARNING - Modbus connection failed (Attempt 1/3)
2025-07-15 12:55:21,985 - INFO - Starting initialization...
2025-07-15 12:55:30,033 - INFO - Attempting Modbus connection on port /dev/ttyUSB0
2025-07-15 12:55:30,034 - ERROR - Modbus connection failed
2025-07-15 12:55:30,035 - INFO - CSV writer thread started. Output directory: /home/asif/Desktop/unified_creek_awos/csv_data
2025-07-15 12:55:30,035 - WARNING - Modbus connection failed (Attempt 1/3)
2025-07-15 12:55:30,039 - INFO - Switched to GUI-2 (Next toggle in 5s
2025-07-15 12:55:31,036 - WARNING - Modbus connection failed (Attempt 2/3)
2025-07-15 12:55:32,037 - WARNING - Modbus connection failed (Attempt 3/3)
2025-07-15 12:55:33,038 - CRITICAL - Critical error in sensor read loop: cannot access local variable 'conn_error' where it is not associated with a value
Traceback (most recent call last):
  File "/home/asif/Desktop/unified_creek_awos/awos.py", line 1088, in sensor_reader_loop
    f"Modbus connection failed after {retries} retries. Last error: {str(conn_error)}",
                                                                         ^^^^^^^^^^
UnboundLocalError: cannot access local variable 'conn_error' where it is not associated with a value

2025-07-15 12:55:35,048 - INFO - Switched to GUI-1 (Next toggle in 10s
2025-07-15 12:55:38,038 - INFO - Attempting Modbus connection on port /dev/ttyUSB0
2025-07-15 12:55:38,039 - ERROR - Modbus connection failed
2025-07-15 12:55:38,039 - WARNING - Modbus connection failed (Attempt 1/3)
2025-07-15 12:55:39,040 - WARNING - Modbus connection failed (Attempt 2/3)
2025-07-15 12:55:40,040 - WARNING - Modbus connection failed (Attempt 3/3)
2025-07-15 12:55:41,041 - CRITICAL - Critical error in sensor read loop: cannot access local variable 'conn_error' where it is not associated with a value
Traceback (most recent call last):
  File "/home/asif/Desktop/unified_creek_awos/awos.py", line 1088, in sensor_reader_loop
    f"Modbus connection failed after {retries} retries. Last error: {str(conn_error)}",
                                                                         ^^^^^^^^^^
UnboundLocalError: cannot access local variable 'conn_error' where it is not associated with a value

2025-07-15 12:55:45,051 - INFO - Switched to GUI-2 (Next toggle in 5s
2025-07-15 12:55:46,041 - INFO - Attempting Modbus connection on port /dev/ttyUSB0
2025-07-15 12:55:46,083 - ERROR - Modbus connection failed
2025-07-15 12:55:46,083 - WARNING - Modbus connection failed (Attempt 1/3)
2025-07-15 12:55:47,084 - WARNING - Modbus connection failed (Attempt 2/3)
2025-07-15 12:55:48,085 - WARNING - Modbus connection failed (Attempt 3/3)
2025-07-15 12:55:49,086 - CRITICAL - Critical error in sensor read loop: cannot access local variable 'conn_error' where it is not associated with a value
Traceback (most recent call last):
  File "/home/asif/Desktop/unified_creek_awos/awos.py", line 1088, in sensor_reader_loop
    f"Modbus connection failed after {retries} retries. Last error: {str(conn_error)}",
                                                                         ^^^^^^^^^^
UnboundLocalError: cannot access local variable 'conn_error' where it is not associated with a value

2025-07-15 12:55:50,058 - INFO - Switched to GUI-1 (Next toggle in 10s
2025-07-15 12:55:54,086 - INFO - Attempting Modbus connection on port /dev/ttyUSB0
2025-07-15 12:55:54,087 - ERROR - Modbus connection failed
2025-07-15 12:55:54,088 - WARNING - Modbus connection failed (Attempt 1/3)
2025-07-15 12:55:55,089 - WARNING - Modbus connection failed (Attempt 2/3)
2025-07-15 12:55:56,089 - WARNING - Modbus connection failed (Attempt 3/3)
2025-07-15 12:55:57,090 - CRITICAL - Critical error in sensor read loop: cannot access local variable 'conn_error' where it is not associated with a value
Traceback (most recent call last):
  File "/home/asif/Desktop/unified_creek_awos/awos.py", line 1088, in sensor_reader_loop
    f"Modbus connection failed after {retries} retries. Last error: {str(conn_error)}",
                                                                         ^^^^^^^^^^
UnboundLocalError: cannot access local variable 'conn_error' where it is not associated with a value

2025-07-15 12:56:00,042 - INFO - CSV write completed at 2025-07-15T12:56:00.042486
2025-07-15 12:56:00,058 - INFO - Switched to GUI-2 (Next toggle in 5s
2025-07-15 12:56:02,091 - INFO - Attempting Modbus connection on port /dev/ttyUSB0
2025-07-15 12:56:02,092 - ERROR - Modbus connection failed
2025-07-15 12:56:02,094 - WARNING - Modbus connection failed (Attempt 1/3)
2025-07-15 12:56:02,930 - INFO - Shutting down weather station system
2025-07-15 12:56:03,094 - WARNING - Modbus connection failed (Attempt 2/3)
2025-07-15 12:56:04,095 - WARNING - Modbus connection failed (Attempt 3/3)
2025-07-15 12:56:04,930 - INFO - Cleanup completed, exiting application
2025-07-15 12:56:32,121 - INFO - Starting initialization...
2025-07-15 12:56:39,914 - INFO - Attempting Modbus connection on port /dev/ttyUSB0
2025-07-15 12:56:39,915 - ERROR - Modbus connection failed
2025-07-15 12:56:39,915 - INFO - CSV writer thread started. Output directory: /home/asif/Desktop/unified_creek_awos/csv_data
2025-07-15 12:56:39,915 - WARNING - Modbus connection failed (Attempt 1/3)
2025-07-15 12:56:39,919 - INFO - Switched to GUI-2 (Next toggle in 5s
2025-07-15 12:56:40,916 - WARNING - Modbus connection failed (Attempt 2/3)
2025-07-15 12:56:41,917 - WARNING - Modbus connection failed (Attempt 3/3)
2025-07-15 12:56:42,918 - CRITICAL - Critical error in sensor read loop: cannot access local variable 'conn_error' where it is not associated with a value
Traceback (most recent call last):
  File "/home/asif/Desktop/unified_creek_awos/awos.py", line 1088, in sensor_reader_loop
    f"Modbus connection failed after {retries} retries. Last error: {str(conn_error)}",
                                                                         ^^^^^^^^^^
UnboundLocalError: cannot access local variable 'conn_error' where it is not associated with a value

2025-07-15 12:56:44,919 - INFO - Switched to GUI-1 (Next toggle in 10s
2025-07-15 12:56:47,918 - INFO - Attempting Modbus connection on port /dev/ttyUSB0
2025-07-15 12:56:47,919 - ERROR - Modbus connection failed
2025-07-15 12:56:47,919 - WARNING - Modbus connection failed (Attempt 1/3)
2025-07-15 12:56:48,920 - WARNING - Modbus connection failed (Attempt 2/3)
2025-07-15 12:56:49,920 - WARNING - Modbus connection failed (Attempt 3/3)
2025-07-15 12:56:50,921 - CRITICAL - Critical error in sensor read loop: cannot access local variable 'conn_error' where it is not associated with a value
Traceback (most recent call last):
  File "/home/asif/Desktop/unified_creek_awos/awos.py", line 1088, in sensor_reader_loop
    f"Modbus connection failed after {retries} retries. Last error: {str(conn_error)}",
                                                                         ^^^^^^^^^^
UnboundLocalError: cannot access local variable 'conn_error' where it is not associated with a value

2025-07-15 12:56:52,044 - INFO - Shutting down weather station system
2025-07-15 12:56:54,044 - INFO - Cleanup completed, exiting application
2025-07-15 12:57:09,124 - INFO - Starting initialization...
2025-07-15 12:57:16,987 - INFO - Attempting Modbus connection on port /dev/ttyUSB0
2025-07-15 12:57:16,988 - ERROR - Modbus connection failed
2025-07-15 12:57:16,989 - INFO - CSV writer thread started. Output directory: /home/asif/Desktop/unified_creek_awos/csv_data
2025-07-15 12:57:16,989 - WARNING - Modbus connection failed (Attempt 1/3)
2025-07-15 12:57:16,996 - INFO - Switched to GUI-2 (Next toggle in 5s
2025-07-15 12:57:17,990 - WARNING - Modbus connection failed (Attempt 2/3)
2025-07-15 12:57:18,990 - WARNING - Modbus connection failed (Attempt 3/3)
2025-07-15 12:57:19,991 - CRITICAL - Critical error in sensor read loop: cannot access local variable 'conn_error' where it is not associated with a value
Traceback (most recent call last):
  File "/home/asif/Desktop/unified_creek_awos/awos.py", line 1088, in sensor_reader_loop
    f"Modbus connection failed after {retries} retries. Last error: {str(conn_error)}",
                                                                         ^^^^^^^^^^
UnboundLocalError: cannot access local variable 'conn_error' where it is not associated with a value

2025-07-15 12:57:22,001 - INFO - Switched to GUI-1 (Next toggle in 10s
2025-07-15 12:57:24,992 - INFO - Attempting Modbus connection on port /dev/ttyUSB0
2025-07-15 12:57:24,992 - ERROR - Modbus connection failed
2025-07-15 12:57:24,992 - WARNING - Modbus connection failed (Attempt 1/3)
2025-07-15 12:57:25,993 - WARNING - Modbus connection failed (Attempt 2/3)
2025-07-15 12:57:26,993 - WARNING - Modbus connection failed (Attempt 3/3)
2025-07-15 12:57:27,994 - CRITICAL - Critical error in sensor read loop: cannot access local variable 'conn_error' where it is not associated with a value
Traceback (most recent call last):
  File "/home/asif/Desktop/unified_creek_awos/awos.py", line 1088, in sensor_reader_loop
    f"Modbus connection failed after {retries} retries. Last error: {str(conn_error)}",
                                                                         ^^^^^^^^^^
UnboundLocalError: cannot access local variable 'conn_error' where it is not associated with a value

2025-07-15 12:57:32,007 - INFO - Switched to GUI-2 (Next toggle in 5s
2025-07-15 12:57:32,994 - INFO - Attempting Modbus connection on port /dev/ttyUSB0
2025-07-15 12:57:32,994 - ERROR - Modbus connection failed
2025-07-15 12:57:32,995 - WARNING - Modbus connection failed (Attempt 1/3)
2025-07-15 12:57:33,995 - WARNING - Modbus connection failed (Attempt 2/3)
2025-07-15 12:57:34,996 - WARNING - Modbus connection failed (Attempt 3/3)
2025-07-15 12:57:35,996 - CRITICAL - Critical error in sensor read loop: cannot access local variable 'conn_error' where it is not associated with a value
Traceback (most recent call last):
  File "/home/asif/Desktop/unified_creek_awos/awos.py", line 1088, in sensor_reader_loop
    f"Modbus connection failed after {retries} retries. Last error: {str(conn_error)}",
                                                                         ^^^^^^^^^^
UnboundLocalError: cannot access local variable 'conn_error' where it is not associated with a value

2025-07-15 12:57:37,010 - INFO - Switched to GUI-1 (Next toggle in 10s
2025-07-15 12:57:40,996 - INFO - Attempting Modbus connection on port /dev/ttyUSB0
2025-07-15 12:57:40,997 - ERROR - Modbus connection failed
2025-07-15 12:57:40,997 - WARNING - Modbus connection failed (Attempt 1/3)
2025-07-15 12:57:41,997 - WARNING - Modbus connection failed (Attempt 2/3)
2025-07-15 12:57:42,998 - WARNING - Modbus connection failed (Attempt 3/3)
2025-07-15 12:57:43,998 - CRITICAL - Critical error in sensor read loop: cannot access local variable 'conn_error' where it is not associated with a value
Traceback (most recent call last):
  File "/home/asif/Desktop/unified_creek_awos/awos.py", line 1088, in sensor_reader_loop
    f"Modbus connection failed after {retries} retries. Last error: {str(conn_error)}",
                                                                         ^^^^^^^^^^
UnboundLocalError: cannot access local variable 'conn_error' where it is not associated with a value

2025-07-15 12:57:46,996 - INFO - CSV write completed at 2025-07-15T12:57:46.996620
2025-07-15 12:57:47,012 - INFO - Switched to GUI-2 (Next toggle in 5s
2025-07-15 12:57:48,999 - INFO - Attempting Modbus connection on port /dev/ttyUSB0
2025-07-15 12:57:48,999 - ERROR - Modbus connection failed
2025-07-15 12:57:48,999 - WARNING - Modbus connection failed (Attempt 1/3)
2025-07-15 12:57:50,000 - WARNING - Modbus connection failed (Attempt 2/3)
2025-07-15 12:57:51,000 - WARNING - Modbus connection failed (Attempt 3/3)
2025-07-15 12:57:51,911 - INFO - Shutting down weather station system
2025-07-15 12:57:52,000 - CRITICAL - Critical error in sensor read loop: cannot access local variable 'conn_error' where it is not associated with a value
Traceback (most recent call last):
  File "/home/asif/Desktop/unified_creek_awos/awos.py", line 1088, in sensor_reader_loop
    f"Modbus connection failed after {retries} retries. Last error: {str(conn_error)}",
                                                                         ^^^^^^^^^^
UnboundLocalError: cannot access local variable 'conn_error' where it is not associated with a value

2025-07-15 12:57:53,912 - INFO - Cleanup completed, exiting application
