2025-07-14 08:44:17,812 - ERROR - Modbus connection failed after 3 retries. Last error: None
2025-07-14 08:44:17,812 - WARNING - Attempting to close and recreate Modbus client
2025-07-14 08:44:17,812 - INFO - Attempting Modbus connection on port /dev/ttyUSB0
2025-07-14 08:44:17,813 - ERROR - Modbus connection failed
2025-07-14 08:44:17,980 - INFO - CSV write completed at 2025-07-14T08:44:17.980941
2025-07-14 08:44:22,813 - WARNING - Modbus connection failed (Attempt 1/3)
2025-07-14 08:44:23,813 - WARNING - Modbus connection failed (Attempt 2/3)
2025-07-14 08:44:24,813 - WARNING - Modbus connection failed (Attempt 3/3)
2025-07-14 08:44:25,814 - ERROR - Modbus connection failed after 3 retries. Last error: None
2025-07-14 08:44:25,814 - WARNING - Attempting to close and recreate Modbus client
2025-07-14 08:44:25,814 - INFO - Attempting Modbus connection on port /dev/ttyUSB0
2025-07-14 08:44:25,814 - ERROR - Modbus connection failed
2025-07-14 08:44:30,814 - WARNING - Modbus connection failed (Attempt 1/3)
2025-07-14 08:44:31,815 - WARNING - Modbus connection failed (Attempt 2/3)
2025-07-14 08:44:32,815 - WARNING - Modbus connection failed (Attempt 3/3)
2025-07-14 08:44:33,815 - ERROR - Modbus connection failed after 3 retries. Last error: None
2025-07-14 08:44:33,815 - WARNING - Attempting to close and recreate Modbus client
2025-07-14 08:44:33,815 - INFO - Attempting Modbus connection on port /dev/ttyUSB0
2025-07-14 08:44:33,815 - ERROR - Modbus connection failed
2025-07-14 08:44:38,816 - WARNING - Modbus connection failed (Attempt 1/3)
2025-07-14 08:44:39,816 - WARNING - Modbus connection failed (Attempt 2/3)
2025-07-14 08:44:40,823 - WARNING - Modbus connection failed (Attempt 3/3)
2025-07-14 08:44:41,823 - ERROR - Modbus connection failed after 3 retries. Last error: None
2025-07-14 08:44:41,824 - WARNING - Attempting to close and recreate Modbus client
2025-07-14 08:44:41,824 - INFO - Attempting Modbus connection on port /dev/ttyUSB0
2025-07-14 08:44:41,824 - ERROR - Modbus connection failed
2025-07-14 08:44:46,824 - WARNING - Modbus connection failed (Attempt 1/3)
2025-07-14 08:44:47,658 - INFO - Switched to GUI-2 (Next toggle in 30s
2025-07-14 08:44:47,825 - WARNING - Modbus connection failed (Attempt 2/3)
2025-07-14 08:44:47,983 - INFO - CSV write completed at 2025-07-14T08:44:47.983558
2025-07-14 08:44:48,825 - WARNING - Modbus connection failed (Attempt 3/3)
2025-07-14 08:44:49,825 - ERROR - Modbus connection failed after 3 retries. Last error: None
2025-07-14 08:44:49,825 - WARNING - Attempting to close and recreate Modbus client
2025-07-14 08:44:49,825 - INFO - Attempting Modbus connection on port /dev/ttyUSB0
2025-07-14 08:44:49,825 - ERROR - Modbus connection failed
2025-07-14 08:44:54,826 - WARNING - Modbus connection failed (Attempt 1/3)
2025-07-14 08:44:55,827 - WARNING - Modbus connection failed (Attempt 2/3)
2025-07-14 08:44:56,828 - WARNING - Modbus connection failed (Attempt 3/3)
2025-07-14 08:44:57,838 - ERROR - Modbus connection failed after 3 retries. Last error: None
2025-07-14 08:44:57,838 - WARNING - Attempting to close and recreate Modbus client
2025-07-14 08:44:57,838 - INFO - Attempting Modbus connection on port /dev/ttyUSB0
2025-07-14 08:44:57,838 - ERROR - Modbus connection failed
2025-07-14 08:45:02,839 - WARNING - Modbus connection failed (Attempt 1/3)
2025-07-14 08:45:03,840 - WARNING - Modbus connection failed (Attempt 2/3)
2025-07-14 08:45:04,840 - WARNING - Modbus connection failed (Attempt 3/3)
2025-07-14 08:45:05,840 - ERROR - Modbus connection failed after 3 retries. Last error: None
2025-07-14 08:45:05,840 - WARNING - Attempting to close and recreate Modbus client
2025-07-14 08:45:05,841 - INFO - Attempting Modbus connection on port /dev/ttyUSB0
2025-07-14 08:45:05,841 - ERROR - Modbus connection failed
2025-07-14 08:45:10,841 - WARNING - Modbus connection failed (Attempt 1/3)
2025-07-14 08:45:11,841 - WARNING - Modbus connection failed (Attempt 2/3)
2025-07-14 08:45:12,842 - WARNING - Modbus connection failed (Attempt 3/3)
2025-07-14 08:45:13,842 - ERROR - Modbus connection failed after 3 retries. Last error: None
2025-07-14 08:45:13,842 - WARNING - Attempting to close and recreate Modbus client
2025-07-14 08:45:13,842 - INFO - Attempting Modbus connection on port /dev/ttyUSB0
2025-07-14 08:45:13,842 - ERROR - Modbus connection failed
2025-07-14 08:45:17,658 - INFO - Switched to GUI-1 (Next toggle in 30s
2025-07-14 08:45:17,992 - INFO - CSV write completed at 2025-07-14T08:45:17.992829
2025-07-14 08:45:18,843 - WARNING - Modbus connection failed (Attempt 1/3)
2025-07-14 08:45:19,843 - WARNING - Modbus connection failed (Attempt 2/3)
2025-07-14 08:45:20,847 - WARNING - Modbus connection failed (Attempt 3/3)
2025-07-14 08:45:21,847 - ERROR - Modbus connection failed after 3 retries. Last error: None
2025-07-14 08:45:21,847 - WARNING - Attempting to close and recreate Modbus client
2025-07-14 08:45:21,847 - INFO - Attempting Modbus connection on port /dev/ttyUSB0
2025-07-14 08:45:21,848 - ERROR - Modbus connection failed
2025-07-14 08:45:26,848 - WARNING - Modbus connection failed (Attempt 1/3)
2025-07-14 08:45:27,848 - WARNING - Modbus connection failed (Attempt 2/3)
2025-07-14 08:45:28,849 - WARNING - Modbus connection failed (Attempt 3/3)
2025-07-14 08:45:29,849 - ERROR - Modbus connection failed after 3 retries. Last error: None
2025-07-14 08:45:29,849 - WARNING - Attempting to close and recreate Modbus client
2025-07-14 08:45:29,849 - INFO - Attempting Modbus connection on port /dev/ttyUSB0
2025-07-14 08:45:29,849 - ERROR - Modbus connection failed
2025-07-14 08:45:34,850 - WARNING - Modbus connection failed (Attempt 1/3)
2025-07-14 08:45:35,850 - WARNING - Modbus connection failed (Attempt 2/3)
2025-07-14 08:45:36,850 - WARNING - Modbus connection failed (Attempt 3/3)
2025-07-14 08:45:37,851 - ERROR - Modbus connection failed after 3 retries. Last error: None
2025-07-14 08:45:37,851 - WARNING - Attempting to close and recreate Modbus client
2025-07-14 08:45:37,851 - INFO - Attempting Modbus connection on port /dev/ttyUSB0
2025-07-14 08:45:37,851 - ERROR - Modbus connection failed
2025-07-14 08:45:42,851 - WARNING - Modbus connection failed (Attempt 1/3)
2025-07-14 08:45:43,852 - WARNING - Modbus connection failed (Attempt 2/3)
2025-07-14 08:45:44,855 - WARNING - Modbus connection failed (Attempt 3/3)
2025-07-14 08:45:45,855 - ERROR - Modbus connection failed after 3 retries. Last error: None
2025-07-14 08:45:45,855 - WARNING - Attempting to close and recreate Modbus client
2025-07-14 08:45:45,855 - INFO - Attempting Modbus connection on port /dev/ttyUSB0
2025-07-14 08:45:45,856 - ERROR - Modbus connection failed
2025-07-14 08:45:47,658 - INFO - Switched to GUI-2 (Next toggle in 30s
2025-07-14 08:45:47,997 - INFO - CSV write completed at 2025-07-14T08:45:47.997132
2025-07-14 08:45:50,856 - WARNING - Modbus connection failed (Attempt 1/3)
2025-07-14 08:45:51,856 - WARNING - Modbus connection failed (Attempt 2/3)
2025-07-14 08:45:52,857 - WARNING - Modbus connection failed (Attempt 3/3)
2025-07-14 08:45:53,857 - ERROR - Modbus connection failed after 3 retries. Last error: None
2025-07-14 08:45:53,857 - WARNING - Attempting to close and recreate Modbus client
2025-07-14 08:45:53,857 - INFO - Attempting Modbus connection on port /dev/ttyUSB0
2025-07-14 08:45:53,857 - ERROR - Modbus connection failed
2025-07-14 08:45:58,857 - WARNING - Modbus connection failed (Attempt 1/3)
2025-07-14 08:45:59,866 - WARNING - Modbus connection failed (Attempt 2/3)
2025-07-14 08:46:00,866 - WARNING - Modbus connection failed (Attempt 3/3)
2025-07-14 08:46:01,866 - ERROR - Modbus connection failed after 3 retries. Last error: None
2025-07-14 08:46:01,866 - WARNING - Attempting to close and recreate Modbus client
2025-07-14 08:46:01,866 - INFO - Attempting Modbus connection on port /dev/ttyUSB0
2025-07-14 08:46:01,867 - ERROR - Modbus connection failed
2025-07-14 08:46:06,867 - WARNING - Modbus connection failed (Attempt 1/3)
2025-07-14 08:46:07,867 - WARNING - Modbus connection failed (Attempt 2/3)
2025-07-14 08:46:08,867 - WARNING - Modbus connection failed (Attempt 3/3)
2025-07-14 08:46:09,868 - ERROR - Modbus connection failed after 3 retries. Last error: None
2025-07-14 08:46:09,868 - WARNING - Attempting to close and recreate Modbus client
2025-07-14 08:46:09,868 - INFO - Attempting Modbus connection on port /dev/ttyUSB0
2025-07-14 08:46:09,868 - ERROR - Modbus connection failed
2025-07-14 08:46:14,868 - WARNING - Modbus connection failed (Attempt 1/3)
2025-07-14 08:46:15,868 - WARNING - Modbus connection failed (Attempt 2/3)
2025-07-14 08:46:16,869 - WARNING - Modbus connection failed (Attempt 3/3)
2025-07-14 08:46:17,659 - INFO - Switched to GUI-1 (Next toggle in 30s
2025-07-14 08:46:17,869 - ERROR - Modbus connection failed after 3 retries. Last error: None
2025-07-14 08:46:17,869 - WARNING - Attempting to close and recreate Modbus client
2025-07-14 08:46:17,869 - INFO - Attempting Modbus connection on port /dev/ttyUSB0
2025-07-14 08:46:17,869 - ERROR - Modbus connection failed
2025-07-14 08:46:18,007 - INFO - CSV write completed at 2025-07-14T08:46:18.007073
2025-07-14 08:46:22,870 - WARNING - Modbus connection failed (Attempt 1/3)
2025-07-14 08:46:23,870 - WARNING - Modbus connection failed (Attempt 2/3)
2025-07-14 08:46:24,870 - WARNING - Modbus connection failed (Attempt 3/3)
2025-07-14 08:46:25,870 - ERROR - Modbus connection failed after 3 retries. Last error: None
2025-07-14 08:46:25,870 - WARNING - Attempting to close and recreate Modbus client
2025-07-14 08:46:25,871 - INFO - Attempting Modbus connection on port /dev/ttyUSB0
2025-07-14 08:46:25,871 - ERROR - Modbus connection failed
2025-07-14 08:46:30,871 - WARNING - Modbus connection failed (Attempt 1/3)
2025-07-14 08:46:31,879 - WARNING - Modbus connection failed (Attempt 2/3)
2025-07-14 08:46:32,879 - WARNING - Modbus connection failed (Attempt 3/3)
2025-07-14 08:46:33,879 - ERROR - Modbus connection failed after 3 retries. Last error: None
2025-07-14 08:46:33,880 - WARNING - Attempting to close and recreate Modbus client
2025-07-14 08:46:33,880 - INFO - Attempting Modbus connection on port /dev/ttyUSB0
2025-07-14 08:46:33,880 - ERROR - Modbus connection failed
2025-07-14 08:46:38,880 - WARNING - Modbus connection failed (Attempt 1/3)
2025-07-14 08:46:39,880 - WARNING - Modbus connection failed (Attempt 2/3)
2025-07-14 08:46:40,881 - WARNING - Modbus connection failed (Attempt 3/3)
2025-07-14 08:46:41,881 - ERROR - Modbus connection failed after 3 retries. Last error: None
2025-07-14 08:46:41,881 - WARNING - Attempting to close and recreate Modbus client
2025-07-14 08:46:41,881 - INFO - Attempting Modbus connection on port /dev/ttyUSB0
2025-07-14 08:46:41,881 - ERROR - Modbus connection failed
2025-07-14 08:46:46,881 - WARNING - Modbus connection failed (Attempt 1/3)
2025-07-14 08:46:47,659 - INFO - Switched to GUI-2 (Next toggle in 30s
2025-07-14 08:46:47,882 - WARNING - Modbus connection failed (Attempt 2/3)
2025-07-14 08:46:48,009 - INFO - CSV write completed at 2025-07-14T08:46:48.009709
2025-07-14 08:46:48,882 - WARNING - Modbus connection failed (Attempt 3/3)
2025-07-14 08:46:49,882 - ERROR - Modbus connection failed after 3 retries. Last error: None
2025-07-14 08:46:49,882 - WARNING - Attempting to close and recreate Modbus client
2025-07-14 08:46:49,882 - INFO - Attempting Modbus connection on port /dev/ttyUSB0
2025-07-14 08:46:49,883 - ERROR - Modbus connection failed
2025-07-14 08:46:54,883 - WARNING - Modbus connection failed (Attempt 1/3)
2025-07-14 08:46:55,883 - WARNING - Modbus connection failed (Attempt 2/3)
2025-07-14 08:46:56,883 - WARNING - Modbus connection failed (Attempt 3/3)
2025-07-14 08:46:57,883 - ERROR - Modbus connection failed after 3 retries. Last error: None
2025-07-14 08:46:57,883 - WARNING - Attempting to close and recreate Modbus client
2025-07-14 08:46:57,884 - INFO - Attempting Modbus connection on port /dev/ttyUSB0
2025-07-14 08:46:57,884 - ERROR - Modbus connection failed
2025-07-14 08:47:02,884 - WARNING - Modbus connection failed (Attempt 1/3)
2025-07-14 08:47:03,884 - WARNING - Modbus connection failed (Attempt 2/3)
2025-07-14 08:47:04,885 - WARNING - Modbus connection failed (Attempt 3/3)
2025-07-14 08:47:05,885 - ERROR - Modbus connection failed after 3 retries. Last error: None
2025-07-14 08:47:05,885 - WARNING - Attempting to close and recreate Modbus client
2025-07-14 08:47:05,885 - INFO - Attempting Modbus connection on port /dev/ttyUSB0
2025-07-14 08:47:05,885 - ERROR - Modbus connection failed
2025-07-14 08:47:10,885 - WARNING - Modbus connection failed (Attempt 1/3)
2025-07-14 08:47:11,886 - WARNING - Modbus connection failed (Attempt 2/3)
2025-07-14 08:47:12,886 - WARNING - Modbus connection failed (Attempt 3/3)
2025-07-14 08:47:13,886 - ERROR - Modbus connection failed after 3 retries. Last error: None
2025-07-14 08:47:13,886 - WARNING - Attempting to close and recreate Modbus client
2025-07-14 08:47:13,886 - INFO - Attempting Modbus connection on port /dev/ttyUSB0
2025-07-14 08:47:13,886 - ERROR - Modbus connection failed
2025-07-14 08:47:17,659 - INFO - Switched to GUI-1 (Next toggle in 30s
2025-07-14 08:47:18,012 - INFO - CSV write completed at 2025-07-14T08:47:18.012483
2025-07-14 08:47:18,887 - WARNING - Modbus connection failed (Attempt 1/3)
2025-07-14 08:47:19,887 - WARNING - Modbus connection failed (Attempt 2/3)
2025-07-14 08:47:20,887 - WARNING - Modbus connection failed (Attempt 3/3)
2025-07-14 08:47:21,887 - ERROR - Modbus connection failed after 3 retries. Last error: None
2025-07-14 08:47:21,887 - WARNING - Attempting to close and recreate Modbus client
2025-07-14 08:47:21,888 - INFO - Attempting Modbus connection on port /dev/ttyUSB0
2025-07-14 08:47:21,888 - ERROR - Modbus connection failed
2025-07-14 08:47:26,888 - WARNING - Modbus connection failed (Attempt 1/3)
2025-07-14 08:47:27,888 - WARNING - Modbus connection failed (Attempt 2/3)
2025-07-14 08:47:28,889 - WARNING - Modbus connection failed (Attempt 3/3)
2025-07-14 08:47:29,889 - ERROR - Modbus connection failed after 3 retries. Last error: None
2025-07-14 08:47:29,889 - WARNING - Attempting to close and recreate Modbus client
2025-07-14 08:47:29,889 - INFO - Attempting Modbus connection on port /dev/ttyUSB0
2025-07-14 08:47:29,889 - ERROR - Modbus connection failed
2025-07-14 08:47:34,889 - WARNING - Modbus connection failed (Attempt 1/3)
2025-07-14 08:47:35,890 - WARNING - Modbus connection failed (Attempt 2/3)
2025-07-14 08:47:36,890 - WARNING - Modbus connection failed (Attempt 3/3)
2025-07-14 08:47:37,890 - ERROR - Modbus connection failed after 3 retries. Last error: None
2025-07-14 08:47:37,890 - WARNING - Attempting to close and recreate Modbus client
2025-07-14 08:47:37,890 - INFO - Attempting Modbus connection on port /dev/ttyUSB0
2025-07-14 08:47:37,891 - ERROR - Modbus connection failed
2025-07-14 08:47:42,891 - WARNING - Modbus connection failed (Attempt 1/3)
2025-07-14 08:47:43,891 - WARNING - Modbus connection failed (Attempt 2/3)
2025-07-14 08:47:44,891 - WARNING - Modbus connection failed (Attempt 3/3)
2025-07-14 08:47:45,891 - ERROR - Modbus connection failed after 3 retries. Last error: None
2025-07-14 08:47:45,892 - WARNING - Attempting to close and recreate Modbus client
2025-07-14 08:47:45,892 - INFO - Attempting Modbus connection on port /dev/ttyUSB0
2025-07-14 08:47:45,892 - ERROR - Modbus connection failed
2025-07-14 08:47:47,659 - INFO - Switched to GUI-2 (Next toggle in 30s
2025-07-14 08:47:48,015 - INFO - CSV write completed at 2025-07-14T08:47:48.015277
2025-07-14 08:47:50,892 - WARNING - Modbus connection failed (Attempt 1/3)
2025-07-14 08:47:51,892 - WARNING - Modbus connection failed (Attempt 2/3)
2025-07-14 08:47:52,893 - WARNING - Modbus connection failed (Attempt 3/3)
2025-07-14 08:47:53,893 - ERROR - Modbus connection failed after 3 retries. Last error: None
2025-07-14 08:47:53,893 - WARNING - Attempting to close and recreate Modbus client
2025-07-14 08:47:53,893 - INFO - Attempting Modbus connection on port /dev/ttyUSB0
2025-07-14 08:47:53,893 - ERROR - Modbus connection failed
2025-07-14 08:47:58,893 - WARNING - Modbus connection failed (Attempt 1/3)
2025-07-14 08:47:59,900 - WARNING - Modbus connection failed (Attempt 2/3)
2025-07-14 08:48:00,900 - WARNING - Modbus connection failed (Attempt 3/3)
2025-07-14 08:48:01,900 - ERROR - Modbus connection failed after 3 retries. Last error: None
2025-07-14 08:48:01,900 - WARNING - Attempting to close and recreate Modbus client
2025-07-14 08:48:01,901 - INFO - Attempting Modbus connection on port /dev/ttyUSB0
2025-07-14 08:48:01,901 - ERROR - Modbus connection failed
2025-07-14 08:48:06,901 - WARNING - Modbus connection failed (Attempt 1/3)
2025-07-14 08:48:07,901 - WARNING - Modbus connection failed (Attempt 2/3)
2025-07-14 08:48:08,901 - WARNING - Modbus connection failed (Attempt 3/3)
2025-07-14 08:48:09,902 - ERROR - Modbus connection failed after 3 retries. Last error: None
2025-07-14 08:48:09,902 - WARNING - Attempting to close and recreate Modbus client
2025-07-14 08:48:09,902 - INFO - Attempting Modbus connection on port /dev/ttyUSB0
2025-07-14 08:48:09,902 - ERROR - Modbus connection failed
2025-07-14 08:48:14,902 - WARNING - Modbus connection failed (Attempt 1/3)
2025-07-14 08:48:15,903 - WARNING - Modbus connection failed (Attempt 2/3)
2025-07-14 08:48:16,903 - WARNING - Modbus connection failed (Attempt 3/3)
2025-07-14 08:48:17,660 - INFO - Switched to GUI-1 (Next toggle in 30s
2025-07-14 08:48:17,903 - ERROR - Modbus connection failed after 3 retries. Last error: None
2025-07-14 08:48:17,903 - WARNING - Attempting to close and recreate Modbus client
2025-07-14 08:48:17,903 - INFO - Attempting Modbus connection on port /dev/ttyUSB0
2025-07-14 08:48:17,903 - ERROR - Modbus connection failed
2025-07-14 08:48:18,024 - INFO - CSV write completed at 2025-07-14T08:48:18.024536
2025-07-14 08:48:22,904 - WARNING - Modbus connection failed (Attempt 1/3)
2025-07-14 08:48:23,904 - WARNING - Modbus connection failed (Attempt 2/3)
2025-07-14 08:48:24,904 - WARNING - Modbus connection failed (Attempt 3/3)
2025-07-14 08:48:25,904 - ERROR - Modbus connection failed after 3 retries. Last error: None
2025-07-14 08:48:25,905 - WARNING - Attempting to close and recreate Modbus client
2025-07-14 08:48:25,905 - INFO - Attempting Modbus connection on port /dev/ttyUSB0
2025-07-14 08:48:25,905 - ERROR - Modbus connection failed
2025-07-14 08:48:30,905 - WARNING - Modbus connection failed (Attempt 1/3)
2025-07-14 08:48:31,905 - WARNING - Modbus connection failed (Attempt 2/3)
2025-07-14 08:48:32,906 - WARNING - Modbus connection failed (Attempt 3/3)
2025-07-14 08:48:33,906 - ERROR - Modbus connection failed after 3 retries. Last error: None
2025-07-14 08:48:33,906 - WARNING - Attempting to close and recreate Modbus client
2025-07-14 08:48:33,906 - INFO - Attempting Modbus connection on port /dev/ttyUSB0
2025-07-14 08:48:33,906 - ERROR - Modbus connection failed
2025-07-14 08:48:38,907 - WARNING - Modbus connection failed (Attempt 1/3)
2025-07-14 08:48:39,907 - WARNING - Modbus connection failed (Attempt 2/3)
2025-07-14 08:48:40,907 - WARNING - Modbus connection failed (Attempt 3/3)
2025-07-14 08:48:41,907 - ERROR - Modbus connection failed after 3 retries. Last error: None
2025-07-14 08:48:41,907 - WARNING - Attempting to close and recreate Modbus client
2025-07-14 08:48:41,907 - INFO - Attempting Modbus connection on port /dev/ttyUSB0
2025-07-14 08:48:41,908 - ERROR - Modbus connection failed
2025-07-14 08:48:46,908 - WARNING - Modbus connection failed (Attempt 1/3)
2025-07-14 08:48:47,660 - INFO - Switched to GUI-2 (Next toggle in 30s
2025-07-14 08:48:47,908 - WARNING - Modbus connection failed (Attempt 2/3)
2025-07-14 08:48:48,029 - INFO - CSV write completed at 2025-07-14T08:48:48.029111
2025-07-14 08:48:48,909 - WARNING - Modbus connection failed (Attempt 3/3)
2025-07-14 08:48:49,909 - ERROR - Modbus connection failed after 3 retries. Last error: None
2025-07-14 08:48:49,909 - WARNING - Attempting to close and recreate Modbus client
2025-07-14 08:48:49,909 - INFO - Attempting Modbus connection on port /dev/ttyUSB0
2025-07-14 08:48:49,909 - ERROR - Modbus connection failed
2025-07-14 08:48:54,909 - WARNING - Modbus connection failed (Attempt 1/3)
2025-07-14 08:48:55,910 - WARNING - Modbus connection failed (Attempt 2/3)
2025-07-14 08:48:56,910 - WARNING - Modbus connection failed (Attempt 3/3)
2025-07-14 08:48:57,910 - ERROR - Modbus connection failed after 3 retries. Last error: None
2025-07-14 08:48:57,910 - WARNING - Attempting to close and recreate Modbus client
2025-07-14 08:48:57,910 - INFO - Attempting Modbus connection on port /dev/ttyUSB0
2025-07-14 08:48:57,919 - ERROR - Modbus connection failed
2025-07-14 08:49:02,920 - WARNING - Modbus connection failed (Attempt 1/3)
2025-07-14 08:49:03,930 - WARNING - Modbus connection failed (Attempt 2/3)
2025-07-14 08:49:04,930 - WARNING - Modbus connection failed (Attempt 3/3)
2025-07-14 08:49:05,930 - ERROR - Modbus connection failed after 3 retries. Last error: None
2025-07-14 08:49:05,930 - WARNING - Attempting to close and recreate Modbus client
2025-07-14 08:49:05,930 - INFO - Attempting Modbus connection on port /dev/ttyUSB0
2025-07-14 08:49:05,930 - ERROR - Modbus connection failed
2025-07-14 08:49:10,931 - WARNING - Modbus connection failed (Attempt 1/3)
2025-07-14 08:49:11,931 - WARNING - Modbus connection failed (Attempt 2/3)
2025-07-14 08:49:12,931 - WARNING - Modbus connection failed (Attempt 3/3)
2025-07-14 08:49:13,932 - ERROR - Modbus connection failed after 3 retries. Last error: None
2025-07-14 08:49:13,932 - WARNING - Attempting to close and recreate Modbus client
2025-07-14 08:49:13,932 - INFO - Attempting Modbus connection on port /dev/ttyUSB0
2025-07-14 08:49:13,932 - ERROR - Modbus connection failed
2025-07-14 08:49:17,660 - INFO - Switched to GUI-1 (Next toggle in 30s
2025-07-14 08:49:18,031 - INFO - CSV write completed at 2025-07-14T08:49:18.031256
2025-07-14 08:49:18,932 - WARNING - Modbus connection failed (Attempt 1/3)
2025-07-14 08:49:19,933 - WARNING - Modbus connection failed (Attempt 2/3)
2025-07-14 08:49:20,933 - WARNING - Modbus connection failed (Attempt 3/3)
2025-07-14 08:49:21,933 - ERROR - Modbus connection failed after 3 retries. Last error: None
2025-07-14 08:49:21,933 - WARNING - Attempting to close and recreate Modbus client
2025-07-14 08:49:21,933 - INFO - Attempting Modbus connection on port /dev/ttyUSB0
2025-07-14 08:49:21,933 - ERROR - Modbus connection failed
2025-07-14 08:49:26,934 - WARNING - Modbus connection failed (Attempt 1/3)
2025-07-14 08:49:27,934 - WARNING - Modbus connection failed (Attempt 2/3)
2025-07-14 08:49:28,934 - WARNING - Modbus connection failed (Attempt 3/3)
2025-07-14 08:49:29,934 - ERROR - Modbus connection failed after 3 retries. Last error: None
2025-07-14 08:49:29,934 - WARNING - Attempting to close and recreate Modbus client
2025-07-14 08:49:29,934 - INFO - Attempting Modbus connection on port /dev/ttyUSB0
2025-07-14 08:49:29,934 - ERROR - Modbus connection failed
2025-07-14 08:49:34,935 - WARNING - Modbus connection failed (Attempt 1/3)
2025-07-14 08:49:35,935 - WARNING - Modbus connection failed (Attempt 2/3)
2025-07-14 08:49:36,935 - WARNING - Modbus connection failed (Attempt 3/3)
2025-07-14 08:49:37,935 - ERROR - Modbus connection failed after 3 retries. Last error: None
2025-07-14 08:49:37,935 - WARNING - Attempting to close and recreate Modbus client
2025-07-14 08:49:37,936 - INFO - Attempting Modbus connection on port /dev/ttyUSB0
2025-07-14 08:49:37,936 - ERROR - Modbus connection failed
2025-07-14 08:49:42,936 - WARNING - Modbus connection failed (Attempt 1/3)
2025-07-14 08:49:43,936 - WARNING - Modbus connection failed (Attempt 2/3)
2025-07-14 08:49:44,937 - WARNING - Modbus connection failed (Attempt 3/3)
2025-07-14 08:49:45,937 - ERROR - Modbus connection failed after 3 retries. Last error: None
2025-07-14 08:49:45,937 - WARNING - Attempting to close and recreate Modbus client
2025-07-14 08:49:45,943 - INFO - Attempting Modbus connection on port /dev/ttyUSB0
2025-07-14 08:49:45,944 - ERROR - Modbus connection failed
2025-07-14 08:49:47,661 - INFO - Switched to GUI-2 (Next toggle in 30s
2025-07-14 08:49:48,033 - INFO - CSV write completed at 2025-07-14T08:49:48.033442
2025-07-14 08:49:50,944 - WARNING - Modbus connection failed (Attempt 1/3)
2025-07-14 08:49:51,951 - WARNING - Modbus connection failed (Attempt 2/3)
2025-07-14 08:49:52,951 - WARNING - Modbus connection failed (Attempt 3/3)
2025-07-14 08:49:53,951 - ERROR - Modbus connection failed after 3 retries. Last error: None
2025-07-14 08:49:53,951 - WARNING - Attempting to close and recreate Modbus client
2025-07-14 08:49:53,951 - INFO - Attempting Modbus connection on port /dev/ttyUSB0
2025-07-14 08:49:53,951 - ERROR - Modbus connection failed
2025-07-14 08:49:58,952 - WARNING - Modbus connection failed (Attempt 1/3)
2025-07-14 08:49:59,952 - WARNING - Modbus connection failed (Attempt 2/3)
2025-07-14 08:50:00,952 - WARNING - Modbus connection failed (Attempt 3/3)
2025-07-14 08:50:01,952 - ERROR - Modbus connection failed after 3 retries. Last error: None
2025-07-14 08:50:01,952 - WARNING - Attempting to close and recreate Modbus client
2025-07-14 08:50:01,953 - INFO - Attempting Modbus connection on port /dev/ttyUSB0
2025-07-14 08:50:01,953 - ERROR - Modbus connection failed
2025-07-14 08:50:06,953 - WARNING - Modbus connection failed (Attempt 1/3)
2025-07-14 08:50:07,953 - WARNING - Modbus connection failed (Attempt 2/3)
2025-07-14 08:50:08,953 - WARNING - Modbus connection failed (Attempt 3/3)
2025-07-14 08:50:09,954 - ERROR - Modbus connection failed after 3 retries. Last error: None
2025-07-14 08:50:09,954 - WARNING - Attempting to close and recreate Modbus client
2025-07-14 08:50:09,954 - INFO - Attempting Modbus connection on port /dev/ttyUSB0
2025-07-14 08:50:09,954 - ERROR - Modbus connection failed
2025-07-14 08:50:14,954 - WARNING - Modbus connection failed (Attempt 1/3)
2025-07-14 08:50:15,954 - WARNING - Modbus connection failed (Attempt 2/3)
2025-07-14 08:50:16,955 - WARNING - Modbus connection failed (Attempt 3/3)
2025-07-14 08:50:17,661 - INFO - Switched to GUI-1 (Next toggle in 30s
2025-07-14 08:50:17,955 - ERROR - Modbus connection failed after 3 retries. Last error: None
2025-07-14 08:50:17,955 - WARNING - Attempting to close and recreate Modbus client
2025-07-14 08:50:17,955 - INFO - Attempting Modbus connection on port /dev/ttyUSB0
2025-07-14 08:50:17,955 - ERROR - Modbus connection failed
2025-07-14 08:50:18,035 - INFO - CSV write completed at 2025-07-14T08:50:18.035868
2025-07-14 08:50:22,956 - WARNING - Modbus connection failed (Attempt 1/3)
2025-07-14 08:50:23,956 - WARNING - Modbus connection failed (Attempt 2/3)
2025-07-14 08:50:24,956 - WARNING - Modbus connection failed (Attempt 3/3)
2025-07-14 08:50:25,956 - ERROR - Modbus connection failed after 3 retries. Last error: None
2025-07-14 08:50:25,956 - WARNING - Attempting to close and recreate Modbus client
2025-07-14 08:50:25,956 - INFO - Attempting Modbus connection on port /dev/ttyUSB0
2025-07-14 08:50:25,957 - ERROR - Modbus connection failed
2025-07-14 08:50:30,957 - WARNING - Modbus connection failed (Attempt 1/3)
2025-07-14 08:50:31,957 - WARNING - Modbus connection failed (Attempt 2/3)
2025-07-14 08:50:32,957 - WARNING - Modbus connection failed (Attempt 3/3)
2025-07-14 08:50:33,958 - ERROR - Modbus connection failed after 3 retries. Last error: None
2025-07-14 08:50:33,958 - WARNING - Attempting to close and recreate Modbus client
2025-07-14 08:50:33,958 - INFO - Attempting Modbus connection on port /dev/ttyUSB0
2025-07-14 08:50:33,958 - ERROR - Modbus connection failed
2025-07-14 08:50:38,958 - WARNING - Modbus connection failed (Attempt 1/3)
2025-07-14 08:50:39,958 - WARNING - Modbus connection failed (Attempt 2/3)
2025-07-14 08:50:40,959 - WARNING - Modbus connection failed (Attempt 3/3)
2025-07-14 08:50:41,959 - ERROR - Modbus connection failed after 3 retries. Last error: None
2025-07-14 08:50:41,959 - WARNING - Attempting to close and recreate Modbus client
2025-07-14 08:50:41,959 - INFO - Attempting Modbus connection on port /dev/ttyUSB0
2025-07-14 08:50:41,959 - ERROR - Modbus connection failed
2025-07-14 08:50:46,959 - WARNING - Modbus connection failed (Attempt 1/3)
2025-07-14 08:50:47,661 - INFO - Switched to GUI-2 (Next toggle in 30s
2025-07-14 08:50:47,960 - WARNING - Modbus connection failed (Attempt 2/3)
2025-07-14 08:50:48,038 - INFO - CSV write completed at 2025-07-14T08:50:48.038491
2025-07-14 08:50:48,960 - WARNING - Modbus connection failed (Attempt 3/3)
2025-07-14 08:50:49,960 - ERROR - Modbus connection failed after 3 retries. Last error: None
2025-07-14 08:50:49,960 - WARNING - Attempting to close and recreate Modbus client
2025-07-14 08:50:49,961 - INFO - Attempting Modbus connection on port /dev/ttyUSB0
2025-07-14 08:50:49,961 - ERROR - Modbus connection failed
2025-07-14 08:50:54,961 - WARNING - Modbus connection failed (Attempt 1/3)
2025-07-14 08:50:55,961 - WARNING - Modbus connection failed (Attempt 2/3)
2025-07-14 08:50:56,962 - WARNING - Modbus connection failed (Attempt 3/3)
2025-07-14 08:50:57,962 - ERROR - Modbus connection failed after 3 retries. Last error: None
2025-07-14 08:50:57,962 - WARNING - Attempting to close and recreate Modbus client
2025-07-14 08:50:57,962 - INFO - Attempting Modbus connection on port /dev/ttyUSB0
2025-07-14 08:50:57,962 - ERROR - Modbus connection failed
2025-07-14 08:51:02,962 - WARNING - Modbus connection failed (Attempt 1/3)
2025-07-14 08:51:03,963 - WARNING - Modbus connection failed (Attempt 2/3)
2025-07-14 08:51:04,963 - WARNING - Modbus connection failed (Attempt 3/3)
2025-07-14 08:51:05,963 - ERROR - Modbus connection failed after 3 retries. Last error: None
2025-07-14 08:51:05,963 - WARNING - Attempting to close and recreate Modbus client
2025-07-14 08:51:05,963 - INFO - Attempting Modbus connection on port /dev/ttyUSB0
2025-07-14 08:51:05,967 - ERROR - Modbus connection failed
2025-07-14 08:51:10,967 - WARNING - Modbus connection failed (Attempt 1/3)
2025-07-14 08:51:11,974 - WARNING - Modbus connection failed (Attempt 2/3)
2025-07-14 08:51:12,975 - WARNING - Modbus connection failed (Attempt 3/3)
2025-07-14 08:51:13,975 - ERROR - Modbus connection failed after 3 retries. Last error: None
2025-07-14 08:51:13,975 - WARNING - Attempting to close and recreate Modbus client
2025-07-14 08:51:13,975 - INFO - Attempting Modbus connection on port /dev/ttyUSB0
2025-07-14 08:51:13,975 - ERROR - Modbus connection failed
2025-07-14 08:51:17,661 - INFO - Switched to GUI-1 (Next toggle in 30s
2025-07-14 08:51:18,043 - INFO - CSV write completed at 2025-07-14T08:51:18.043957
2025-07-14 08:51:18,975 - WARNING - Modbus connection failed (Attempt 1/3)
2025-07-14 08:51:19,976 - WARNING - Modbus connection failed (Attempt 2/3)
2025-07-14 08:51:20,976 - WARNING - Modbus connection failed (Attempt 3/3)
2025-07-14 08:51:21,976 - ERROR - Modbus connection failed after 3 retries. Last error: None
2025-07-14 08:51:21,976 - WARNING - Attempting to close and recreate Modbus client
2025-07-14 08:51:21,976 - INFO - Attempting Modbus connection on port /dev/ttyUSB0
2025-07-14 08:51:21,977 - ERROR - Modbus connection failed
2025-07-14 08:51:26,977 - WARNING - Modbus connection failed (Attempt 1/3)
2025-07-14 08:51:27,977 - WARNING - Modbus connection failed (Attempt 2/3)
2025-07-14 08:51:28,977 - WARNING - Modbus connection failed (Attempt 3/3)
2025-07-14 08:51:29,977 - ERROR - Modbus connection failed after 3 retries. Last error: None
2025-07-14 08:51:29,977 - WARNING - Attempting to close and recreate Modbus client
2025-07-14 08:51:29,978 - INFO - Attempting Modbus connection on port /dev/ttyUSB0
2025-07-14 08:51:29,978 - ERROR - Modbus connection failed
2025-07-14 08:51:34,978 - WARNING - Modbus connection failed (Attempt 1/3)
2025-07-14 08:51:35,978 - WARNING - Modbus connection failed (Attempt 2/3)
2025-07-14 08:51:36,979 - WARNING - Modbus connection failed (Attempt 3/3)
2025-07-14 08:51:37,979 - ERROR - Modbus connection failed after 3 retries. Last error: None
2025-07-14 08:51:37,979 - WARNING - Attempting to close and recreate Modbus client
2025-07-14 08:51:37,979 - INFO - Attempting Modbus connection on port /dev/ttyUSB0
2025-07-14 08:51:37,979 - ERROR - Modbus connection failed
2025-07-14 08:51:42,979 - WARNING - Modbus connection failed (Attempt 1/3)
2025-07-14 08:51:43,980 - WARNING - Modbus connection failed (Attempt 2/3)
2025-07-14 08:51:44,980 - WARNING - Modbus connection failed (Attempt 3/3)
2025-07-14 08:51:45,980 - ERROR - Modbus connection failed after 3 retries. Last error: None
2025-07-14 08:51:45,980 - WARNING - Attempting to close and recreate Modbus client
2025-07-14 08:51:45,980 - INFO - Attempting Modbus connection on port /dev/ttyUSB0
2025-07-14 08:51:45,980 - ERROR - Modbus connection failed
2025-07-14 08:51:47,662 - INFO - Switched to GUI-2 (Next toggle in 30s
2025-07-14 08:51:48,049 - INFO - CSV write completed at 2025-07-14T08:51:48.049469
2025-07-14 08:51:50,981 - WARNING - Modbus connection failed (Attempt 1/3)
2025-07-14 08:51:51,981 - WARNING - Modbus connection failed (Attempt 2/3)
2025-07-14 08:51:52,981 - WARNING - Modbus connection failed (Attempt 3/3)
2025-07-14 08:51:53,981 - ERROR - Modbus connection failed after 3 retries. Last error: None
2025-07-14 08:51:53,981 - WARNING - Attempting to close and recreate Modbus client
2025-07-14 08:51:53,982 - INFO - Attempting Modbus connection on port /dev/ttyUSB0
2025-07-14 08:51:53,982 - ERROR - Modbus connection failed
2025-07-14 08:51:58,982 - WARNING - Modbus connection failed (Attempt 1/3)
2025-07-14 08:51:59,986 - WARNING - Modbus connection failed (Attempt 2/3)
2025-07-14 08:52:00,987 - WARNING - Modbus connection failed (Attempt 3/3)
2025-07-14 08:52:01,987 - ERROR - Modbus connection failed after 3 retries. Last error: None
2025-07-14 08:52:01,987 - WARNING - Attempting to close and recreate Modbus client
2025-07-14 08:52:01,987 - INFO - Attempting Modbus connection on port /dev/ttyUSB0
2025-07-14 08:52:01,987 - ERROR - Modbus connection failed
2025-07-14 08:52:06,987 - WARNING - Modbus connection failed (Attempt 1/3)
2025-07-14 08:52:07,988 - WARNING - Modbus connection failed (Attempt 2/3)
2025-07-14 08:52:08,988 - WARNING - Modbus connection failed (Attempt 3/3)
2025-07-14 08:52:09,988 - ERROR - Modbus connection failed after 3 retries. Last error: None
2025-07-14 08:52:09,988 - WARNING - Attempting to close and recreate Modbus client
2025-07-14 08:52:09,988 - INFO - Attempting Modbus connection on port /dev/ttyUSB0
2025-07-14 08:52:09,988 - ERROR - Modbus connection failed
2025-07-14 08:52:14,989 - WARNING - Modbus connection failed (Attempt 1/3)
2025-07-14 08:52:15,989 - WARNING - Modbus connection failed (Attempt 2/3)
2025-07-14 08:52:16,989 - WARNING - Modbus connection failed (Attempt 3/3)
2025-07-14 08:52:17,662 - INFO - Switched to GUI-1 (Next toggle in 30s
2025-07-14 08:52:17,989 - ERROR - Modbus connection failed after 3 retries. Last error: None
2025-07-14 08:52:17,989 - WARNING - Attempting to close and recreate Modbus client
2025-07-14 08:52:17,990 - INFO - Attempting Modbus connection on port /dev/ttyUSB0
2025-07-14 08:52:17,990 - ERROR - Modbus connection failed
2025-07-14 08:52:18,056 - INFO - CSV write completed at 2025-07-14T08:52:18.056737
2025-07-14 08:52:22,990 - WARNING - Modbus connection failed (Attempt 1/3)
2025-07-14 08:52:23,997 - WARNING - Modbus connection failed (Attempt 2/3)
2025-07-14 08:52:24,998 - WARNING - Modbus connection failed (Attempt 3/3)
2025-07-14 08:52:25,998 - ERROR - Modbus connection failed after 3 retries. Last error: None
2025-07-14 08:52:25,998 - WARNING - Attempting to close and recreate Modbus client
2025-07-14 08:52:25,998 - INFO - Attempting Modbus connection on port /dev/ttyUSB0
2025-07-14 08:52:25,998 - ERROR - Modbus connection failed
2025-07-14 08:52:30,998 - WARNING - Modbus connection failed (Attempt 1/3)
2025-07-14 08:52:31,999 - WARNING - Modbus connection failed (Attempt 2/3)
2025-07-14 08:52:32,999 - WARNING - Modbus connection failed (Attempt 3/3)
2025-07-14 08:52:33,999 - ERROR - Modbus connection failed after 3 retries. Last error: None
2025-07-14 08:52:33,999 - WARNING - Attempting to close and recreate Modbus client
2025-07-14 08:52:33,999 - INFO - Attempting Modbus connection on port /dev/ttyUSB0
2025-07-14 08:52:34,000 - ERROR - Modbus connection failed
2025-07-14 08:52:39,000 - WARNING - Modbus connection failed (Attempt 1/3)
2025-07-14 08:52:40,000 - WARNING - Modbus connection failed (Attempt 2/3)
2025-07-14 08:52:41,000 - WARNING - Modbus connection failed (Attempt 3/3)
2025-07-14 08:52:42,001 - ERROR - Modbus connection failed after 3 retries. Last error: None
2025-07-14 08:52:42,001 - WARNING - Attempting to close and recreate Modbus client
2025-07-14 08:52:42,001 - INFO - Attempting Modbus connection on port /dev/ttyUSB0
2025-07-14 08:52:42,001 - ERROR - Modbus connection failed
2025-07-14 08:52:47,001 - WARNING - Modbus connection failed (Attempt 1/3)
2025-07-14 08:52:47,662 - INFO - Switched to GUI-2 (Next toggle in 30s
2025-07-14 08:52:48,002 - WARNING - Modbus connection failed (Attempt 2/3)
2025-07-14 08:52:48,059 - INFO - CSV write completed at 2025-07-14T08:52:48.059463
2025-07-14 08:52:49,002 - WARNING - Modbus connection failed (Attempt 3/3)
2025-07-14 08:52:50,002 - ERROR - Modbus connection failed after 3 retries. Last error: None
2025-07-14 08:52:50,002 - WARNING - Attempting to close and recreate Modbus client
2025-07-14 08:52:50,002 - INFO - Attempting Modbus connection on port /dev/ttyUSB0
2025-07-14 08:52:50,002 - ERROR - Modbus connection failed
2025-07-14 08:52:55,003 - WARNING - Modbus connection failed (Attempt 1/3)
2025-07-14 08:52:56,003 - WARNING - Modbus connection failed (Attempt 2/3)
2025-07-14 08:52:57,003 - WARNING - Modbus connection failed (Attempt 3/3)
2025-07-14 08:52:58,003 - ERROR - Modbus connection failed after 3 retries. Last error: None
2025-07-14 08:52:58,004 - WARNING - Attempting to close and recreate Modbus client
2025-07-14 08:52:58,004 - INFO - Attempting Modbus connection on port /dev/ttyUSB0
2025-07-14 08:52:58,004 - ERROR - Modbus connection failed
2025-07-14 08:53:03,004 - WARNING - Modbus connection failed (Attempt 1/3)
2025-07-14 08:53:04,004 - WARNING - Modbus connection failed (Attempt 2/3)
2025-07-14 08:53:05,005 - WARNING - Modbus connection failed (Attempt 3/3)
2025-07-14 08:53:06,005 - ERROR - Modbus connection failed after 3 retries. Last error: None
2025-07-14 08:53:06,005 - WARNING - Attempting to close and recreate Modbus client
2025-07-14 08:53:06,005 - INFO - Attempting Modbus connection on port /dev/ttyUSB0
2025-07-14 08:53:06,005 - ERROR - Modbus connection failed
2025-07-14 08:53:11,005 - WARNING - Modbus connection failed (Attempt 1/3)
2025-07-14 08:53:12,006 - WARNING - Modbus connection failed (Attempt 2/3)
2025-07-14 08:53:13,006 - WARNING - Modbus connection failed (Attempt 3/3)
2025-07-14 08:53:14,006 - ERROR - Modbus connection failed after 3 retries. Last error: None
2025-07-14 08:53:14,006 - WARNING - Attempting to close and recreate Modbus client
2025-07-14 08:53:14,006 - INFO - Attempting Modbus connection on port /dev/ttyUSB0
2025-07-14 08:53:14,006 - ERROR - Modbus connection failed
2025-07-14 08:53:17,662 - INFO - Switched to GUI-1 (Next toggle in 30s
2025-07-14 08:53:18,062 - INFO - CSV write completed at 2025-07-14T08:53:18.062377
2025-07-14 08:53:19,007 - WARNING - Modbus connection failed (Attempt 1/3)
2025-07-14 08:53:20,007 - WARNING - Modbus connection failed (Attempt 2/3)
2025-07-14 08:53:21,007 - WARNING - Modbus connection failed (Attempt 3/3)
2025-07-14 08:53:22,008 - ERROR - Modbus connection failed after 3 retries. Last error: None
2025-07-14 08:53:22,008 - WARNING - Attempting to close and recreate Modbus client
2025-07-14 08:53:22,008 - INFO - Attempting Modbus connection on port /dev/ttyUSB0
2025-07-14 08:53:22,008 - ERROR - Modbus connection failed
2025-07-14 08:53:27,008 - WARNING - Modbus connection failed (Attempt 1/3)
2025-07-14 08:53:28,009 - WARNING - Modbus connection failed (Attempt 2/3)
2025-07-14 08:53:29,009 - WARNING - Modbus connection failed (Attempt 3/3)
2025-07-14 08:53:30,009 - ERROR - Modbus connection failed after 3 retries. Last error: None
2025-07-14 08:53:30,009 - WARNING - Attempting to close and recreate Modbus client
2025-07-14 08:53:30,009 - INFO - Attempting Modbus connection on port /dev/ttyUSB0
2025-07-14 08:53:30,009 - ERROR - Modbus connection failed
2025-07-14 08:53:35,010 - WARNING - Modbus connection failed (Attempt 1/3)
2025-07-14 08:53:36,010 - WARNING - Modbus connection failed (Attempt 2/3)
2025-07-14 08:53:37,010 - WARNING - Modbus connection failed (Attempt 3/3)
2025-07-14 08:53:38,010 - ERROR - Modbus connection failed after 3 retries. Last error: None
2025-07-14 08:53:38,010 - WARNING - Attempting to close and recreate Modbus client
2025-07-14 08:53:38,011 - INFO - Attempting Modbus connection on port /dev/ttyUSB0
2025-07-14 08:53:38,011 - ERROR - Modbus connection failed
2025-07-14 08:53:43,011 - WARNING - Modbus connection failed (Attempt 1/3)
2025-07-14 08:53:44,011 - WARNING - Modbus connection failed (Attempt 2/3)
2025-07-14 08:53:45,012 - WARNING - Modbus connection failed (Attempt 3/3)
2025-07-14 08:53:46,012 - ERROR - Modbus connection failed after 3 retries. Last error: None
2025-07-14 08:53:46,012 - WARNING - Attempting to close and recreate Modbus client
2025-07-14 08:53:46,012 - INFO - Attempting Modbus connection on port /dev/ttyUSB0
2025-07-14 08:53:46,012 - ERROR - Modbus connection failed
2025-07-14 08:53:47,663 - INFO - Switched to GUI-2 (Next toggle in 30s
2025-07-14 08:53:48,071 - INFO - CSV write completed at 2025-07-14T08:53:48.071725
2025-07-14 08:53:51,013 - WARNING - Modbus connection failed (Attempt 1/3)
2025-07-14 08:53:52,013 - WARNING - Modbus connection failed (Attempt 2/3)
2025-07-14 08:53:53,013 - WARNING - Modbus connection failed (Attempt 3/3)
2025-07-14 08:53:54,013 - ERROR - Modbus connection failed after 3 retries. Last error: None
2025-07-14 08:53:54,013 - WARNING - Attempting to close and recreate Modbus client
2025-07-14 08:53:54,014 - INFO - Attempting Modbus connection on port /dev/ttyUSB0
2025-07-14 08:53:54,014 - ERROR - Modbus connection failed
2025-07-14 08:53:59,014 - WARNING - Modbus connection failed (Attempt 1/3)
2025-07-14 08:54:00,014 - WARNING - Modbus connection failed (Attempt 2/3)
2025-07-14 08:54:01,015 - WARNING - Modbus connection failed (Attempt 3/3)
2025-07-14 08:54:02,015 - ERROR - Modbus connection failed after 3 retries. Last error: None
2025-07-14 08:54:02,015 - WARNING - Attempting to close and recreate Modbus client
2025-07-14 08:54:02,015 - INFO - Attempting Modbus connection on port /dev/ttyUSB0
2025-07-14 08:54:02,016 - ERROR - Modbus connection failed
2025-07-14 08:54:07,017 - WARNING - Modbus connection failed (Attempt 1/3)
2025-07-14 08:54:08,017 - WARNING - Modbus connection failed (Attempt 2/3)
2025-07-14 08:54:09,017 - WARNING - Modbus connection failed (Attempt 3/3)
2025-07-14 08:54:10,017 - ERROR - Modbus connection failed after 3 retries. Last error: None
2025-07-14 08:54:10,017 - WARNING - Attempting to close and recreate Modbus client
2025-07-14 08:54:10,018 - INFO - Attempting Modbus connection on port /dev/ttyUSB0
2025-07-14 08:54:10,018 - ERROR - Modbus connection failed
2025-07-14 08:54:15,018 - WARNING - Modbus connection failed (Attempt 1/3)
2025-07-14 08:54:16,018 - WARNING - Modbus connection failed (Attempt 2/3)
2025-07-14 08:54:17,019 - WARNING - Modbus connection failed (Attempt 3/3)
2025-07-14 08:54:17,663 - INFO - Switched to GUI-1 (Next toggle in 30s
2025-07-14 08:54:18,019 - ERROR - Modbus connection failed after 3 retries. Last error: None
2025-07-14 08:54:18,019 - WARNING - Attempting to close and recreate Modbus client
2025-07-14 08:54:18,019 - INFO - Attempting Modbus connection on port /dev/ttyUSB0
2025-07-14 08:54:18,019 - ERROR - Modbus connection failed
2025-07-14 08:54:18,074 - INFO - CSV write completed at 2025-07-14T08:54:18.074526
2025-07-14 08:54:23,020 - WARNING - Modbus connection failed (Attempt 1/3)
2025-07-14 08:54:24,020 - WARNING - Modbus connection failed (Attempt 2/3)
2025-07-14 08:54:25,020 - WARNING - Modbus connection failed (Attempt 3/3)
2025-07-14 08:54:26,020 - ERROR - Modbus connection failed after 3 retries. Last error: None
2025-07-14 08:54:26,020 - WARNING - Attempting to close and recreate Modbus client
2025-07-14 08:54:26,021 - INFO - Attempting Modbus connection on port /dev/ttyUSB0
2025-07-14 08:54:26,021 - ERROR - Modbus connection failed
2025-07-14 08:54:31,021 - WARNING - Modbus connection failed (Attempt 1/3)
2025-07-14 08:54:32,021 - WARNING - Modbus connection failed (Attempt 2/3)
2025-07-14 08:54:33,022 - WARNING - Modbus connection failed (Attempt 3/3)
2025-07-14 08:54:34,022 - ERROR - Modbus connection failed after 3 retries. Last error: None
2025-07-14 08:54:34,022 - WARNING - Attempting to close and recreate Modbus client
2025-07-14 08:54:34,022 - INFO - Attempting Modbus connection on port /dev/ttyUSB0
2025-07-14 08:54:34,022 - ERROR - Modbus connection failed
2025-07-14 08:54:39,022 - WARNING - Modbus connection failed (Attempt 1/3)
2025-07-14 08:54:40,023 - WARNING - Modbus connection failed (Attempt 2/3)
2025-07-14 08:54:41,023 - WARNING - Modbus connection failed (Attempt 3/3)
2025-07-14 08:54:42,023 - ERROR - Modbus connection failed after 3 retries. Last error: None
2025-07-14 08:54:42,023 - WARNING - Attempting to close and recreate Modbus client
2025-07-14 08:54:42,023 - INFO - Attempting Modbus connection on port /dev/ttyUSB0
2025-07-14 08:54:42,023 - ERROR - Modbus connection failed
2025-07-14 08:54:47,024 - WARNING - Modbus connection failed (Attempt 1/3)
2025-07-14 08:54:47,663 - INFO - Switched to GUI-2 (Next toggle in 30s
2025-07-14 08:54:48,024 - WARNING - Modbus connection failed (Attempt 2/3)
2025-07-14 08:54:48,077 - INFO - CSV write completed at 2025-07-14T08:54:48.077286
2025-07-14 08:54:49,024 - WARNING - Modbus connection failed (Attempt 3/3)
2025-07-14 08:54:50,024 - ERROR - Modbus connection failed after 3 retries. Last error: None
2025-07-14 08:54:50,025 - WARNING - Attempting to close and recreate Modbus client
2025-07-14 08:54:50,025 - INFO - Attempting Modbus connection on port /dev/ttyUSB0
2025-07-14 08:54:50,025 - ERROR - Modbus connection failed
2025-07-14 08:54:55,025 - WARNING - Modbus connection failed (Attempt 1/3)
2025-07-14 08:54:56,025 - WARNING - Modbus connection failed (Attempt 2/3)
2025-07-14 08:54:57,026 - WARNING - Modbus connection failed (Attempt 3/3)
2025-07-14 08:54:58,026 - ERROR - Modbus connection failed after 3 retries. Last error: None
2025-07-14 08:54:58,026 - WARNING - Attempting to close and recreate Modbus client
2025-07-14 08:54:58,026 - INFO - Attempting Modbus connection on port /dev/ttyUSB0
2025-07-14 08:54:58,026 - ERROR - Modbus connection failed
2025-07-14 08:55:03,026 - WARNING - Modbus connection failed (Attempt 1/3)
2025-07-14 08:55:04,027 - WARNING - Modbus connection failed (Attempt 2/3)
2025-07-14 08:55:05,027 - WARNING - Modbus connection failed (Attempt 3/3)
2025-07-14 08:55:06,027 - ERROR - Modbus connection failed after 3 retries. Last error: None
2025-07-14 08:55:06,027 - WARNING - Attempting to close and recreate Modbus client
2025-07-14 08:55:06,027 - INFO - Attempting Modbus connection on port /dev/ttyUSB0
2025-07-14 08:55:06,027 - ERROR - Modbus connection failed
2025-07-14 08:55:11,028 - WARNING - Modbus connection failed (Attempt 1/3)
2025-07-14 08:55:12,028 - WARNING - Modbus connection failed (Attempt 2/3)
2025-07-14 08:55:13,028 - WARNING - Modbus connection failed (Attempt 3/3)
2025-07-14 08:55:14,028 - ERROR - Modbus connection failed after 3 retries. Last error: None
2025-07-14 08:55:14,028 - WARNING - Attempting to close and recreate Modbus client
2025-07-14 08:55:14,029 - INFO - Attempting Modbus connection on port /dev/ttyUSB0
2025-07-14 08:55:14,029 - ERROR - Modbus connection failed
2025-07-14 08:55:17,664 - INFO - Switched to GUI-1 (Next toggle in 30s
2025-07-14 08:55:18,080 - INFO - CSV write completed at 2025-07-14T08:55:18.080133
2025-07-14 08:55:19,029 - WARNING - Modbus connection failed (Attempt 1/3)
2025-07-14 08:55:20,029 - WARNING - Modbus connection failed (Attempt 2/3)
2025-07-14 08:55:21,030 - WARNING - Modbus connection failed (Attempt 3/3)
2025-07-14 08:55:22,030 - ERROR - Modbus connection failed after 3 retries. Last error: None
2025-07-14 08:55:22,030 - WARNING - Attempting to close and recreate Modbus client
2025-07-14 08:55:22,030 - INFO - Attempting Modbus connection on port /dev/ttyUSB0
2025-07-14 08:55:22,030 - ERROR - Modbus connection failed
2025-07-14 08:55:27,030 - WARNING - Modbus connection failed (Attempt 1/3)
2025-07-14 08:55:28,031 - WARNING - Modbus connection failed (Attempt 2/3)
2025-07-14 08:55:29,031 - WARNING - Modbus connection failed (Attempt 3/3)
2025-07-14 08:55:30,031 - ERROR - Modbus connection failed after 3 retries. Last error: None
2025-07-14 08:55:30,031 - WARNING - Attempting to close and recreate Modbus client
2025-07-14 08:55:30,031 - INFO - Attempting Modbus connection on port /dev/ttyUSB0
2025-07-14 08:55:30,031 - ERROR - Modbus connection failed
2025-07-14 08:55:35,032 - WARNING - Modbus connection failed (Attempt 1/3)
2025-07-14 08:55:36,032 - WARNING - Modbus connection failed (Attempt 2/3)
2025-07-14 08:55:37,032 - WARNING - Modbus connection failed (Attempt 3/3)
2025-07-14 08:55:38,032 - ERROR - Modbus connection failed after 3 retries. Last error: None
2025-07-14 08:55:38,032 - WARNING - Attempting to close and recreate Modbus client
2025-07-14 08:55:38,032 - INFO - Attempting Modbus connection on port /dev/ttyUSB0
2025-07-14 08:55:38,033 - ERROR - Modbus connection failed
2025-07-14 08:55:43,033 - WARNING - Modbus connection failed (Attempt 1/3)
2025-07-14 08:55:44,033 - WARNING - Modbus connection failed (Attempt 2/3)
2025-07-14 08:55:45,033 - WARNING - Modbus connection failed (Attempt 3/3)
2025-07-14 08:55:46,034 - ERROR - Modbus connection failed after 3 retries. Last error: None
2025-07-14 08:55:46,034 - WARNING - Attempting to close and recreate Modbus client
2025-07-14 08:55:46,034 - INFO - Attempting Modbus connection on port /dev/ttyUSB0
2025-07-14 08:55:46,034 - ERROR - Modbus connection failed
2025-07-14 08:55:47,664 - INFO - Switched to GUI-2 (Next toggle in 30s
2025-07-14 08:55:48,085 - INFO - CSV write completed at 2025-07-14T08:55:48.085923
2025-07-14 08:55:51,034 - WARNING - Modbus connection failed (Attempt 1/3)
2025-07-14 08:55:52,035 - WARNING - Modbus connection failed (Attempt 2/3)
2025-07-14 08:55:53,035 - WARNING - Modbus connection failed (Attempt 3/3)
2025-07-14 08:55:54,035 - ERROR - Modbus connection failed after 3 retries. Last error: None
2025-07-14 08:55:54,035 - WARNING - Attempting to close and recreate Modbus client
2025-07-14 08:55:54,035 - INFO - Attempting Modbus connection on port /dev/ttyUSB0
2025-07-14 08:55:54,035 - ERROR - Modbus connection failed
2025-07-14 08:55:59,036 - WARNING - Modbus connection failed (Attempt 1/3)
2025-07-14 08:56:00,036 - WARNING - Modbus connection failed (Attempt 2/3)
2025-07-14 08:56:01,036 - WARNING - Modbus connection failed (Attempt 3/3)
2025-07-14 08:56:02,036 - ERROR - Modbus connection failed after 3 retries. Last error: None
2025-07-14 08:56:02,036 - WARNING - Attempting to close and recreate Modbus client
2025-07-14 08:56:02,037 - INFO - Attempting Modbus connection on port /dev/ttyUSB0
2025-07-14 08:56:02,037 - ERROR - Modbus connection failed
2025-07-14 08:56:07,037 - WARNING - Modbus connection failed (Attempt 1/3)
2025-07-14 08:56:08,037 - WARNING - Modbus connection failed (Attempt 2/3)
2025-07-14 08:56:09,038 - WARNING - Modbus connection failed (Attempt 3/3)
2025-07-14 08:56:10,038 - ERROR - Modbus connection failed after 3 retries. Last error: None
2025-07-14 08:56:10,038 - WARNING - Attempting to close and recreate Modbus client
2025-07-14 08:56:10,038 - INFO - Attempting Modbus connection on port /dev/ttyUSB0
2025-07-14 08:56:10,038 - ERROR - Modbus connection failed
2025-07-14 08:56:15,038 - WARNING - Modbus connection failed (Attempt 1/3)
2025-07-14 08:56:16,039 - WARNING - Modbus connection failed (Attempt 2/3)
2025-07-14 08:56:17,039 - WARNING - Modbus connection failed (Attempt 3/3)
2025-07-14 08:56:17,664 - INFO - Switched to GUI-1 (Next toggle in 30s
2025-07-14 08:56:18,039 - ERROR - Modbus connection failed after 3 retries. Last error: None
2025-07-14 08:56:18,039 - WARNING - Attempting to close and recreate Modbus client
2025-07-14 08:56:18,040 - INFO - Attempting Modbus connection on port /dev/ttyUSB0
2025-07-14 08:56:18,040 - ERROR - Modbus connection failed
2025-07-14 08:56:18,088 - INFO - CSV write completed at 2025-07-14T08:56:18.088752
2025-07-14 08:56:23,040 - WARNING - Modbus connection failed (Attempt 1/3)
2025-07-14 08:56:24,040 - WARNING - Modbus connection failed (Attempt 2/3)
2025-07-14 08:56:25,041 - WARNING - Modbus connection failed (Attempt 3/3)
2025-07-14 08:56:26,041 - ERROR - Modbus connection failed after 3 retries. Last error: None
2025-07-14 08:56:26,041 - WARNING - Attempting to close and recreate Modbus client
2025-07-14 08:56:26,041 - INFO - Attempting Modbus connection on port /dev/ttyUSB0
2025-07-14 08:56:26,041 - ERROR - Modbus connection failed
2025-07-14 08:56:31,041 - WARNING - Modbus connection failed (Attempt 1/3)
2025-07-14 08:56:32,042 - WARNING - Modbus connection failed (Attempt 2/3)
2025-07-14 08:56:33,042 - WARNING - Modbus connection failed (Attempt 3/3)
2025-07-14 08:56:34,042 - ERROR - Modbus connection failed after 3 retries. Last error: None
2025-07-14 08:56:34,042 - WARNING - Attempting to close and recreate Modbus client
2025-07-14 08:56:34,042 - INFO - Attempting Modbus connection on port /dev/ttyUSB0
2025-07-14 08:56:34,042 - ERROR - Modbus connection failed
2025-07-14 08:56:39,043 - WARNING - Modbus connection failed (Attempt 1/3)
2025-07-14 08:56:40,044 - WARNING - Modbus connection failed (Attempt 2/3)
2025-07-14 08:56:41,044 - WARNING - Modbus connection failed (Attempt 3/3)
2025-07-14 08:56:42,045 - ERROR - Modbus connection failed after 3 retries. Last error: None
2025-07-14 08:56:42,045 - WARNING - Attempting to close and recreate Modbus client
2025-07-14 08:56:42,045 - INFO - Attempting Modbus connection on port /dev/ttyUSB0
2025-07-14 08:56:42,045 - ERROR - Modbus connection failed
2025-07-14 08:56:47,045 - WARNING - Modbus connection failed (Attempt 1/3)
2025-07-14 08:56:47,664 - INFO - Switched to GUI-2 (Next toggle in 30s
2025-07-14 08:56:48,046 - WARNING - Modbus connection failed (Attempt 2/3)
2025-07-14 08:56:48,091 - INFO - CSV write completed at 2025-07-14T08:56:48.091502
2025-07-14 08:56:49,046 - WARNING - Modbus connection failed (Attempt 3/3)
2025-07-14 08:56:50,046 - ERROR - Modbus connection failed after 3 retries. Last error: None
2025-07-14 08:56:50,046 - WARNING - Attempting to close and recreate Modbus client
2025-07-14 08:56:50,046 - INFO - Attempting Modbus connection on port /dev/ttyUSB0
2025-07-14 08:56:50,046 - ERROR - Modbus connection failed
2025-07-14 08:56:55,047 - WARNING - Modbus connection failed (Attempt 1/3)
2025-07-14 08:56:56,047 - WARNING - Modbus connection failed (Attempt 2/3)
2025-07-14 08:56:57,047 - WARNING - Modbus connection failed (Attempt 3/3)
2025-07-14 08:56:58,047 - ERROR - Modbus connection failed after 3 retries. Last error: None
2025-07-14 08:56:58,047 - WARNING - Attempting to close and recreate Modbus client
2025-07-14 08:56:58,048 - INFO - Attempting Modbus connection on port /dev/ttyUSB0
2025-07-14 08:56:58,048 - ERROR - Modbus connection failed
2025-07-14 08:57:03,048 - WARNING - Modbus connection failed (Attempt 1/3)
2025-07-14 08:57:04,048 - WARNING - Modbus connection failed (Attempt 2/3)
2025-07-14 08:57:05,049 - WARNING - Modbus connection failed (Attempt 3/3)
2025-07-14 08:57:06,049 - ERROR - Modbus connection failed after 3 retries. Last error: None
2025-07-14 08:57:06,049 - WARNING - Attempting to close and recreate Modbus client
2025-07-14 08:57:06,049 - INFO - Attempting Modbus connection on port /dev/ttyUSB0
2025-07-14 08:57:06,049 - ERROR - Modbus connection failed
2025-07-14 08:57:11,049 - WARNING - Modbus connection failed (Attempt 1/3)
2025-07-14 08:57:12,050 - WARNING - Modbus connection failed (Attempt 2/3)
2025-07-14 08:57:13,050 - WARNING - Modbus connection failed (Attempt 3/3)
2025-07-14 08:57:14,050 - ERROR - Modbus connection failed after 3 retries. Last error: None
2025-07-14 08:57:14,050 - WARNING - Attempting to close and recreate Modbus client
2025-07-14 08:57:14,050 - INFO - Attempting Modbus connection on port /dev/ttyUSB0
2025-07-14 08:57:14,050 - ERROR - Modbus connection failed
2025-07-14 08:57:17,665 - INFO - Switched to GUI-1 (Next toggle in 30s
2025-07-14 08:57:18,096 - INFO - CSV write completed at 2025-07-14T08:57:18.096575
2025-07-14 08:57:19,051 - WARNING - Modbus connection failed (Attempt 1/3)
2025-07-14 08:57:20,051 - WARNING - Modbus connection failed (Attempt 2/3)
2025-07-14 08:57:21,051 - WARNING - Modbus connection failed (Attempt 3/3)
2025-07-14 08:57:22,051 - ERROR - Modbus connection failed after 3 retries. Last error: None
2025-07-14 08:57:22,051 - WARNING - Attempting to close and recreate Modbus client
2025-07-14 08:57:22,052 - INFO - Attempting Modbus connection on port /dev/ttyUSB0
2025-07-14 08:57:22,052 - ERROR - Modbus connection failed
2025-07-14 08:57:27,052 - WARNING - Modbus connection failed (Attempt 1/3)
2025-07-14 08:57:28,052 - WARNING - Modbus connection failed (Attempt 2/3)
2025-07-14 08:57:29,053 - WARNING - Modbus connection failed (Attempt 3/3)
2025-07-14 08:57:30,053 - ERROR - Modbus connection failed after 3 retries. Last error: None
2025-07-14 08:57:30,053 - WARNING - Attempting to close and recreate Modbus client
2025-07-14 08:57:30,053 - INFO - Attempting Modbus connection on port /dev/ttyUSB0
2025-07-14 08:57:30,053 - ERROR - Modbus connection failed
2025-07-14 08:57:35,053 - WARNING - Modbus connection failed (Attempt 1/3)
2025-07-14 08:57:36,054 - WARNING - Modbus connection failed (Attempt 2/3)
2025-07-14 08:57:37,054 - WARNING - Modbus connection failed (Attempt 3/3)
2025-07-14 08:57:38,054 - ERROR - Modbus connection failed after 3 retries. Last error: None
2025-07-14 08:57:38,054 - WARNING - Attempting to close and recreate Modbus client
2025-07-14 08:57:38,055 - INFO - Attempting Modbus connection on port /dev/ttyUSB0
2025-07-14 08:57:38,055 - ERROR - Modbus connection failed
2025-07-14 08:57:43,055 - WARNING - Modbus connection failed (Attempt 1/3)
2025-07-14 08:57:44,058 - WARNING - Modbus connection failed (Attempt 2/3)
2025-07-14 08:57:45,058 - WARNING - Modbus connection failed (Attempt 3/3)
2025-07-14 08:57:46,058 - ERROR - Modbus connection failed after 3 retries. Last error: None
2025-07-14 08:57:46,058 - WARNING - Attempting to close and recreate Modbus client
2025-07-14 08:57:46,058 - INFO - Attempting Modbus connection on port /dev/ttyUSB0
2025-07-14 08:57:46,058 - ERROR - Modbus connection failed
2025-07-14 08:57:47,665 - INFO - Switched to GUI-2 (Next toggle in 30s
2025-07-14 08:57:48,099 - INFO - CSV write completed at 2025-07-14T08:57:48.099302
2025-07-14 08:57:51,059 - WARNING - Modbus connection failed (Attempt 1/3)
2025-07-14 08:57:52,059 - WARNING - Modbus connection failed (Attempt 2/3)
2025-07-14 08:57:53,059 - WARNING - Modbus connection failed (Attempt 3/3)
2025-07-14 08:57:54,060 - ERROR - Modbus connection failed after 3 retries. Last error: None
2025-07-14 08:57:54,060 - WARNING - Attempting to close and recreate Modbus client
2025-07-14 08:57:54,060 - INFO - Attempting Modbus connection on port /dev/ttyUSB0
2025-07-14 08:57:54,060 - ERROR - Modbus connection failed
2025-07-14 08:57:59,060 - WARNING - Modbus connection failed (Attempt 1/3)
2025-07-14 08:58:00,061 - WARNING - Modbus connection failed (Attempt 2/3)
2025-07-14 08:58:01,062 - WARNING - Modbus connection failed (Attempt 3/3)
2025-07-14 08:58:02,062 - ERROR - Modbus connection failed after 3 retries. Last error: None
2025-07-14 08:58:02,062 - WARNING - Attempting to close and recreate Modbus client
2025-07-14 08:58:02,062 - INFO - Attempting Modbus connection on port /dev/ttyUSB0
2025-07-14 08:58:02,062 - ERROR - Modbus connection failed
2025-07-14 08:58:07,062 - WARNING - Modbus connection failed (Attempt 1/3)
2025-07-14 08:58:08,063 - WARNING - Modbus connection failed (Attempt 2/3)
2025-07-14 08:58:09,063 - WARNING - Modbus connection failed (Attempt 3/3)
2025-07-14 08:58:10,064 - ERROR - Modbus connection failed after 3 retries. Last error: None
2025-07-14 08:58:10,064 - WARNING - Attempting to close and recreate Modbus client
2025-07-14 08:58:10,065 - INFO - Attempting Modbus connection on port /dev/ttyUSB0
2025-07-14 08:58:10,065 - ERROR - Modbus connection failed
2025-07-14 08:58:15,065 - WARNING - Modbus connection failed (Attempt 1/3)
2025-07-14 08:58:16,065 - WARNING - Modbus connection failed (Attempt 2/3)
2025-07-14 08:58:17,066 - WARNING - Modbus connection failed (Attempt 3/3)
2025-07-14 08:58:17,665 - INFO - Switched to GUI-1 (Next toggle in 30s
2025-07-14 08:58:18,066 - ERROR - Modbus connection failed after 3 retries. Last error: None
2025-07-14 08:58:18,066 - WARNING - Attempting to close and recreate Modbus client
2025-07-14 08:58:18,066 - INFO - Attempting Modbus connection on port /dev/ttyUSB0
2025-07-14 08:58:18,066 - ERROR - Modbus connection failed
2025-07-14 08:58:18,102 - INFO - CSV write completed at 2025-07-14T08:58:18.102037
2025-07-14 08:58:23,067 - WARNING - Modbus connection failed (Attempt 1/3)
2025-07-14 08:58:24,067 - WARNING - Modbus connection failed (Attempt 2/3)
2025-07-14 08:58:25,067 - WARNING - Modbus connection failed (Attempt 3/3)
2025-07-14 08:58:26,067 - ERROR - Modbus connection failed after 3 retries. Last error: None
2025-07-14 08:58:26,067 - WARNING - Attempting to close and recreate Modbus client
2025-07-14 08:58:26,067 - INFO - Attempting Modbus connection on port /dev/ttyUSB0
2025-07-14 08:58:26,068 - ERROR - Modbus connection failed
2025-07-14 08:58:31,068 - WARNING - Modbus connection failed (Attempt 1/3)
2025-07-14 08:58:32,068 - WARNING - Modbus connection failed (Attempt 2/3)
2025-07-14 08:58:33,068 - WARNING - Modbus connection failed (Attempt 3/3)
2025-07-14 08:58:34,068 - ERROR - Modbus connection failed after 3 retries. Last error: None
2025-07-14 08:58:34,068 - WARNING - Attempting to close and recreate Modbus client
2025-07-14 08:58:34,069 - INFO - Attempting Modbus connection on port /dev/ttyUSB0
2025-07-14 08:58:34,069 - ERROR - Modbus connection failed
2025-07-14 08:58:39,069 - WARNING - Modbus connection failed (Attempt 1/3)
2025-07-14 08:58:40,069 - WARNING - Modbus connection failed (Attempt 2/3)
2025-07-14 08:58:41,070 - WARNING - Modbus connection failed (Attempt 3/3)
2025-07-14 08:58:42,070 - ERROR - Modbus connection failed after 3 retries. Last error: None
2025-07-14 08:58:42,070 - WARNING - Attempting to close and recreate Modbus client
2025-07-14 08:58:42,073 - INFO - Attempting Modbus connection on port /dev/ttyUSB0
2025-07-14 08:58:42,073 - ERROR - Modbus connection failed
2025-07-14 08:58:47,073 - WARNING - Modbus connection failed (Attempt 1/3)
2025-07-14 08:58:47,666 - INFO - Switched to GUI-2 (Next toggle in 30s
2025-07-14 08:58:48,074 - WARNING - Modbus connection failed (Attempt 2/3)
2025-07-14 08:58:48,104 - INFO - CSV write completed at 2025-07-14T08:58:48.104729
2025-07-14 08:58:49,074 - WARNING - Modbus connection failed (Attempt 3/3)
2025-07-14 08:58:50,074 - ERROR - Modbus connection failed after 3 retries. Last error: None
2025-07-14 08:58:50,074 - WARNING - Attempting to close and recreate Modbus client
2025-07-14 08:58:50,075 - INFO - Attempting Modbus connection on port /dev/ttyUSB0
2025-07-14 08:58:50,075 - ERROR - Modbus connection failed
2025-07-14 08:58:55,075 - WARNING - Modbus connection failed (Attempt 1/3)
2025-07-14 08:58:56,075 - WARNING - Modbus connection failed (Attempt 2/3)
2025-07-14 08:58:57,076 - WARNING - Modbus connection failed (Attempt 3/3)
2025-07-14 08:58:58,076 - ERROR - Modbus connection failed after 3 retries. Last error: None
2025-07-14 08:58:58,076 - WARNING - Attempting to close and recreate Modbus client
2025-07-14 08:58:58,076 - INFO - Attempting Modbus connection on port /dev/ttyUSB0
2025-07-14 08:58:58,076 - ERROR - Modbus connection failed
2025-07-14 08:59:03,076 - WARNING - Modbus connection failed (Attempt 1/3)
2025-07-14 08:59:04,077 - WARNING - Modbus connection failed (Attempt 2/3)
2025-07-14 08:59:05,077 - WARNING - Modbus connection failed (Attempt 3/3)
2025-07-14 08:59:06,079 - ERROR - Modbus connection failed after 3 retries. Last error: None
2025-07-14 08:59:06,079 - WARNING - Attempting to close and recreate Modbus client
2025-07-14 08:59:06,079 - INFO - Attempting Modbus connection on port /dev/ttyUSB0
2025-07-14 08:59:06,079 - ERROR - Modbus connection failed
2025-07-14 08:59:11,080 - WARNING - Modbus connection failed (Attempt 1/3)
2025-07-14 08:59:12,080 - WARNING - Modbus connection failed (Attempt 2/3)
2025-07-14 08:59:13,080 - WARNING - Modbus connection failed (Attempt 3/3)
2025-07-14 08:59:14,080 - ERROR - Modbus connection failed after 3 retries. Last error: None
2025-07-14 08:59:14,080 - WARNING - Attempting to close and recreate Modbus client
2025-07-14 08:59:14,081 - INFO - Attempting Modbus connection on port /dev/ttyUSB0
2025-07-14 08:59:14,081 - ERROR - Modbus connection failed
2025-07-14 08:59:17,666 - INFO - Switched to GUI-1 (Next toggle in 30s
2025-07-14 08:59:18,107 - INFO - CSV write completed at 2025-07-14T08:59:18.107539
2025-07-14 08:59:19,081 - WARNING - Modbus connection failed (Attempt 1/3)
2025-07-14 08:59:20,081 - WARNING - Modbus connection failed (Attempt 2/3)
2025-07-14 08:59:21,081 - WARNING - Modbus connection failed (Attempt 3/3)
2025-07-14 08:59:22,082 - ERROR - Modbus connection failed after 3 retries. Last error: None
2025-07-14 08:59:22,082 - WARNING - Attempting to close and recreate Modbus client
2025-07-14 08:59:22,082 - INFO - Attempting Modbus connection on port /dev/ttyUSB0
2025-07-14 08:59:22,082 - ERROR - Modbus connection failed
2025-07-14 08:59:27,082 - WARNING - Modbus connection failed (Attempt 1/3)
2025-07-14 08:59:28,083 - WARNING - Modbus connection failed (Attempt 2/3)
2025-07-14 08:59:29,083 - WARNING - Modbus connection failed (Attempt 3/3)
2025-07-14 08:59:30,083 - ERROR - Modbus connection failed after 3 retries. Last error: None
2025-07-14 08:59:30,083 - WARNING - Attempting to close and recreate Modbus client
2025-07-14 08:59:30,083 - INFO - Attempting Modbus connection on port /dev/ttyUSB0
2025-07-14 08:59:30,083 - ERROR - Modbus connection failed
2025-07-14 08:59:35,084 - WARNING - Modbus connection failed (Attempt 1/3)
2025-07-14 08:59:36,084 - WARNING - Modbus connection failed (Attempt 2/3)
2025-07-14 08:59:37,084 - WARNING - Modbus connection failed (Attempt 3/3)
2025-07-14 08:59:38,084 - ERROR - Modbus connection failed after 3 retries. Last error: None
2025-07-14 08:59:38,084 - WARNING - Attempting to close and recreate Modbus client
2025-07-14 08:59:38,084 - INFO - Attempting Modbus connection on port /dev/ttyUSB0
2025-07-14 08:59:38,085 - ERROR - Modbus connection failed
2025-07-14 08:59:43,085 - WARNING - Modbus connection failed (Attempt 1/3)
2025-07-14 08:59:44,085 - WARNING - Modbus connection failed (Attempt 2/3)
2025-07-14 08:59:45,085 - WARNING - Modbus connection failed (Attempt 3/3)
2025-07-14 08:59:46,086 - ERROR - Modbus connection failed after 3 retries. Last error: None
2025-07-14 08:59:46,086 - WARNING - Attempting to close and recreate Modbus client
2025-07-14 08:59:46,086 - INFO - Attempting Modbus connection on port /dev/ttyUSB0
2025-07-14 08:59:46,086 - ERROR - Modbus connection failed
2025-07-14 08:59:47,666 - INFO - Switched to GUI-2 (Next toggle in 30s
2025-07-14 08:59:48,110 - INFO - CSV write completed at 2025-07-14T08:59:48.110209
2025-07-14 08:59:51,086 - WARNING - Modbus connection failed (Attempt 1/3)
2025-07-14 08:59:52,086 - WARNING - Modbus connection failed (Attempt 2/3)
2025-07-14 08:59:53,087 - WARNING - Modbus connection failed (Attempt 3/3)
2025-07-14 08:59:54,087 - ERROR - Modbus connection failed after 3 retries. Last error: None
2025-07-14 08:59:54,087 - WARNING - Attempting to close and recreate Modbus client
2025-07-14 08:59:54,087 - INFO - Attempting Modbus connection on port /dev/ttyUSB0
2025-07-14 08:59:54,087 - ERROR - Modbus connection failed
2025-07-14 08:59:59,087 - WARNING - Modbus connection failed (Attempt 1/3)
2025-07-14 09:00:00,092 - WARNING - Modbus connection failed (Attempt 2/3)
2025-07-14 09:00:01,092 - WARNING - Modbus connection failed (Attempt 3/3)
2025-07-14 09:00:02,092 - ERROR - Modbus connection failed after 3 retries. Last error: None
2025-07-14 09:00:02,092 - WARNING - Attempting to close and recreate Modbus client
2025-07-14 09:00:02,092 - INFO - Attempting Modbus connection on port /dev/ttyUSB0
2025-07-14 09:00:02,092 - ERROR - Modbus connection failed
2025-07-14 09:00:07,093 - WARNING - Modbus connection failed (Attempt 1/3)
2025-07-14 09:00:08,093 - WARNING - Modbus connection failed (Attempt 2/3)
2025-07-14 09:00:09,093 - WARNING - Modbus connection failed (Attempt 3/3)
2025-07-14 09:00:10,094 - ERROR - Modbus connection failed after 3 retries. Last error: None
2025-07-14 09:00:10,094 - WARNING - Attempting to close and recreate Modbus client
2025-07-14 09:00:10,094 - INFO - Attempting Modbus connection on port /dev/ttyUSB0
2025-07-14 09:00:10,094 - ERROR - Modbus connection failed
2025-07-14 09:00:15,094 - WARNING - Modbus connection failed (Attempt 1/3)
2025-07-14 09:00:16,096 - WARNING - Modbus connection failed (Attempt 2/3)
2025-07-14 09:00:17,097 - WARNING - Modbus connection failed (Attempt 3/3)
2025-07-14 09:00:17,667 - INFO - Switched to GUI-1 (Next toggle in 30s
2025-07-14 09:00:18,097 - ERROR - Modbus connection failed after 3 retries. Last error: None
2025-07-14 09:00:18,097 - WARNING - Attempting to close and recreate Modbus client
2025-07-14 09:00:18,097 - INFO - Attempting Modbus connection on port /dev/ttyUSB0
2025-07-14 09:00:18,097 - ERROR - Modbus connection failed
2025-07-14 09:00:18,112 - INFO - CSV write completed at 2025-07-14T09:00:18.112928
2025-07-14 09:00:23,097 - WARNING - Modbus connection failed (Attempt 1/3)
2025-07-14 09:00:24,098 - WARNING - Modbus connection failed (Attempt 2/3)
2025-07-14 09:00:25,098 - WARNING - Modbus connection failed (Attempt 3/3)
2025-07-14 09:00:26,098 - ERROR - Modbus connection failed after 3 retries. Last error: None
2025-07-14 09:00:26,098 - WARNING - Attempting to close and recreate Modbus client
2025-07-14 09:00:26,098 - INFO - Attempting Modbus connection on port /dev/ttyUSB0
2025-07-14 09:00:26,099 - ERROR - Modbus connection failed
2025-07-14 09:00:31,099 - WARNING - Modbus connection failed (Attempt 1/3)
2025-07-14 09:00:32,099 - WARNING - Modbus connection failed (Attempt 2/3)
2025-07-14 09:00:33,099 - WARNING - Modbus connection failed (Attempt 3/3)
2025-07-14 09:00:34,099 - ERROR - Modbus connection failed after 3 retries. Last error: None
2025-07-14 09:00:34,100 - WARNING - Attempting to close and recreate Modbus client
2025-07-14 09:00:34,100 - INFO - Attempting Modbus connection on port /dev/ttyUSB0
2025-07-14 09:00:34,100 - ERROR - Modbus connection failed
2025-07-14 09:00:39,100 - WARNING - Modbus connection failed (Attempt 1/3)
2025-07-14 09:00:40,100 - WARNING - Modbus connection failed (Attempt 2/3)
2025-07-14 09:00:41,101 - WARNING - Modbus connection failed (Attempt 3/3)
2025-07-14 09:00:42,101 - ERROR - Modbus connection failed after 3 retries. Last error: None
2025-07-14 09:00:42,101 - WARNING - Attempting to close and recreate Modbus client
2025-07-14 09:00:42,101 - INFO - Attempting Modbus connection on port /dev/ttyUSB0
2025-07-14 09:00:42,101 - ERROR - Modbus connection failed
2025-07-14 09:00:47,101 - WARNING - Modbus connection failed (Attempt 1/3)
2025-07-14 09:00:47,667 - INFO - Switched to GUI-2 (Next toggle in 30s
2025-07-14 09:00:48,102 - WARNING - Modbus connection failed (Attempt 2/3)
2025-07-14 09:00:48,115 - INFO - CSV write completed at 2025-07-14T09:00:48.115516
2025-07-14 09:00:49,102 - WARNING - Modbus connection failed (Attempt 3/3)
2025-07-14 09:00:50,102 - ERROR - Modbus connection failed after 3 retries. Last error: None
2025-07-14 09:00:50,102 - WARNING - Attempting to close and recreate Modbus client
2025-07-14 09:00:50,102 - INFO - Attempting Modbus connection on port /dev/ttyUSB0
2025-07-14 09:00:50,102 - ERROR - Modbus connection failed
2025-07-14 09:00:55,103 - WARNING - Modbus connection failed (Attempt 1/3)
2025-07-14 09:00:56,103 - WARNING - Modbus connection failed (Attempt 2/3)
2025-07-14 09:00:57,103 - WARNING - Modbus connection failed (Attempt 3/3)
2025-07-14 09:00:58,103 - ERROR - Modbus connection failed after 3 retries. Last error: None
2025-07-14 09:00:58,103 - WARNING - Attempting to close and recreate Modbus client
2025-07-14 09:00:58,104 - INFO - Attempting Modbus connection on port /dev/ttyUSB0
2025-07-14 09:00:58,104 - ERROR - Modbus connection failed
2025-07-14 09:01:03,104 - WARNING - Modbus connection failed (Attempt 1/3)
2025-07-14 09:01:04,104 - WARNING - Modbus connection failed (Attempt 2/3)
2025-07-14 09:01:05,105 - WARNING - Modbus connection failed (Attempt 3/3)
2025-07-14 09:01:06,105 - ERROR - Modbus connection failed after 3 retries. Last error: None
2025-07-14 09:01:06,105 - WARNING - Attempting to close and recreate Modbus client
2025-07-14 09:01:06,105 - INFO - Attempting Modbus connection on port /dev/ttyUSB0
2025-07-14 09:01:06,105 - ERROR - Modbus connection failed
2025-07-14 09:01:11,105 - WARNING - Modbus connection failed (Attempt 1/3)
2025-07-14 09:01:12,106 - WARNING - Modbus connection failed (Attempt 2/3)
2025-07-14 09:01:13,106 - WARNING - Modbus connection failed (Attempt 3/3)
2025-07-14 09:01:14,106 - ERROR - Modbus connection failed after 3 retries. Last error: None
2025-07-14 09:01:14,106 - WARNING - Attempting to close and recreate Modbus client
2025-07-14 09:01:14,106 - INFO - Attempting Modbus connection on port /dev/ttyUSB0
2025-07-14 09:01:14,107 - ERROR - Modbus connection failed
2025-07-14 09:01:17,667 - INFO - Switched to GUI-1 (Next toggle in 30s
2025-07-14 09:01:18,118 - INFO - CSV write completed at 2025-07-14T09:01:18.118228
2025-07-14 09:01:19,107 - WARNING - Modbus connection failed (Attempt 1/3)
2025-07-14 09:01:20,107 - WARNING - Modbus connection failed (Attempt 2/3)
2025-07-14 09:01:21,108 - WARNING - Modbus connection failed (Attempt 3/3)
2025-07-14 09:01:22,108 - ERROR - Modbus connection failed after 3 retries. Last error: None
2025-07-14 09:01:22,108 - WARNING - Attempting to close and recreate Modbus client
2025-07-14 09:01:22,108 - INFO - Attempting Modbus connection on port /dev/ttyUSB0
2025-07-14 09:01:22,108 - ERROR - Modbus connection failed
2025-07-14 09:01:27,109 - WARNING - Modbus connection failed (Attempt 1/3)
2025-07-14 09:01:28,109 - WARNING - Modbus connection failed (Attempt 2/3)
2025-07-14 09:01:29,109 - WARNING - Modbus connection failed (Attempt 3/3)
2025-07-14 09:01:30,109 - ERROR - Modbus connection failed after 3 retries. Last error: None
2025-07-14 09:01:30,109 - WARNING - Attempting to close and recreate Modbus client
2025-07-14 09:01:30,109 - INFO - Attempting Modbus connection on port /dev/ttyUSB0
2025-07-14 09:01:30,109 - ERROR - Modbus connection failed
2025-07-14 09:01:35,110 - WARNING - Modbus connection failed (Attempt 1/3)
2025-07-14 09:01:36,110 - WARNING - Modbus connection failed (Attempt 2/3)
2025-07-14 09:01:37,110 - WARNING - Modbus connection failed (Attempt 3/3)
2025-07-14 09:01:38,110 - ERROR - Modbus connection failed after 3 retries. Last error: None
2025-07-14 09:01:38,110 - WARNING - Attempting to close and recreate Modbus client
2025-07-14 09:01:38,111 - INFO - Attempting Modbus connection on port /dev/ttyUSB0
2025-07-14 09:01:38,111 - ERROR - Modbus connection failed
2025-07-14 09:01:43,111 - WARNING - Modbus connection failed (Attempt 1/3)
2025-07-14 09:01:44,111 - WARNING - Modbus connection failed (Attempt 2/3)
2025-07-14 09:01:45,112 - WARNING - Modbus connection failed (Attempt 3/3)
2025-07-14 09:01:46,112 - ERROR - Modbus connection failed after 3 retries. Last error: None
2025-07-14 09:01:46,112 - WARNING - Attempting to close and recreate Modbus client
2025-07-14 09:01:46,112 - INFO - Attempting Modbus connection on port /dev/ttyUSB0
2025-07-14 09:01:46,112 - ERROR - Modbus connection failed
2025-07-14 09:01:47,667 - INFO - Switched to GUI-2 (Next toggle in 30s
2025-07-14 09:01:48,120 - INFO - CSV write completed at 2025-07-14T09:01:48.120824
2025-07-14 09:01:51,112 - WARNING - Modbus connection failed (Attempt 1/3)
2025-07-14 09:01:52,113 - WARNING - Modbus connection failed (Attempt 2/3)
2025-07-14 09:01:53,113 - WARNING - Modbus connection failed (Attempt 3/3)
2025-07-14 09:01:54,113 - ERROR - Modbus connection failed after 3 retries. Last error: None
2025-07-14 09:01:54,113 - WARNING - Attempting to close and recreate Modbus client
2025-07-14 09:01:54,113 - INFO - Attempting Modbus connection on port /dev/ttyUSB0
2025-07-14 09:01:54,113 - ERROR - Modbus connection failed
2025-07-14 09:01:59,114 - WARNING - Modbus connection failed (Attempt 1/3)
2025-07-14 09:02:00,118 - WARNING - Modbus connection failed (Attempt 2/3)
2025-07-14 09:02:01,118 - WARNING - Modbus connection failed (Attempt 3/3)
2025-07-14 09:02:02,118 - ERROR - Modbus connection failed after 3 retries. Last error: None
2025-07-14 09:02:02,118 - WARNING - Attempting to close and recreate Modbus client
2025-07-14 09:02:02,118 - INFO - Attempting Modbus connection on port /dev/ttyUSB0
2025-07-14 09:02:02,118 - ERROR - Modbus connection failed
2025-07-14 09:02:07,119 - WARNING - Modbus connection failed (Attempt 1/3)
2025-07-14 09:02:08,119 - WARNING - Modbus connection failed (Attempt 2/3)
2025-07-14 09:02:09,119 - WARNING - Modbus connection failed (Attempt 3/3)
2025-07-14 09:02:10,120 - ERROR - Modbus connection failed after 3 retries. Last error: None
2025-07-14 09:02:10,120 - WARNING - Attempting to close and recreate Modbus client
2025-07-14 09:02:10,120 - INFO - Attempting Modbus connection on port /dev/ttyUSB0
2025-07-14 09:02:10,120 - ERROR - Modbus connection failed
2025-07-14 09:02:15,120 - WARNING - Modbus connection failed (Attempt 1/3)
2025-07-14 09:02:16,120 - WARNING - Modbus connection failed (Attempt 2/3)
2025-07-14 09:02:17,121 - WARNING - Modbus connection failed (Attempt 3/3)
2025-07-14 09:02:17,668 - INFO - Switched to GUI-1 (Next toggle in 30s
2025-07-14 09:02:18,121 - ERROR - Modbus connection failed after 3 retries. Last error: None
2025-07-14 09:02:18,121 - WARNING - Attempting to close and recreate Modbus client
2025-07-14 09:02:18,121 - INFO - Attempting Modbus connection on port /dev/ttyUSB0
2025-07-14 09:02:18,121 - ERROR - Modbus connection failed
2025-07-14 09:02:18,124 - INFO - CSV write completed at 2025-07-14T09:02:18.124842
2025-07-14 09:02:23,122 - WARNING - Modbus connection failed (Attempt 1/3)
2025-07-14 09:02:24,122 - WARNING - Modbus connection failed (Attempt 2/3)
2025-07-14 09:02:25,122 - WARNING - Modbus connection failed (Attempt 3/3)
2025-07-14 09:02:26,122 - ERROR - Modbus connection failed after 3 retries. Last error: None
2025-07-14 09:02:26,122 - WARNING - Attempting to close and recreate Modbus client
2025-07-14 09:02:26,122 - INFO - Attempting Modbus connection on port /dev/ttyUSB0
2025-07-14 09:02:26,123 - ERROR - Modbus connection failed
2025-07-14 09:02:31,123 - WARNING - Modbus connection failed (Attempt 1/3)
2025-07-14 09:02:32,123 - WARNING - Modbus connection failed (Attempt 2/3)
2025-07-14 09:02:33,123 - WARNING - Modbus connection failed (Attempt 3/3)
2025-07-14 09:02:34,124 - ERROR - Modbus connection failed after 3 retries. Last error: None
2025-07-14 09:02:34,124 - WARNING - Attempting to close and recreate Modbus client
2025-07-14 09:02:34,124 - INFO - Attempting Modbus connection on port /dev/ttyUSB0
2025-07-14 09:02:34,124 - ERROR - Modbus connection failed
2025-07-14 09:02:39,124 - WARNING - Modbus connection failed (Attempt 1/3)
2025-07-14 09:02:40,124 - WARNING - Modbus connection failed (Attempt 2/3)
2025-07-14 09:02:41,125 - WARNING - Modbus connection failed (Attempt 3/3)
2025-07-14 09:02:42,125 - ERROR - Modbus connection failed after 3 retries. Last error: None
2025-07-14 09:02:42,125 - WARNING - Attempting to close and recreate Modbus client
2025-07-14 09:02:42,125 - INFO - Attempting Modbus connection on port /dev/ttyUSB0
2025-07-14 09:02:42,125 - ERROR - Modbus connection failed
2025-07-14 09:02:47,126 - WARNING - Modbus connection failed (Attempt 1/3)
2025-07-14 09:02:47,668 - INFO - Switched to GUI-2 (Next toggle in 30s
2025-07-14 09:02:48,126 - WARNING - Modbus connection failed (Attempt 2/3)
2025-07-14 09:02:48,127 - INFO - CSV write completed at 2025-07-14T09:02:48.127702
2025-07-14 09:02:49,126 - WARNING - Modbus connection failed (Attempt 3/3)
2025-07-14 09:02:50,126 - ERROR - Modbus connection failed after 3 retries. Last error: None
2025-07-14 09:02:50,126 - WARNING - Attempting to close and recreate Modbus client
2025-07-14 09:02:50,127 - INFO - Attempting Modbus connection on port /dev/ttyUSB0
2025-07-14 09:02:50,127 - ERROR - Modbus connection failed
2025-07-14 09:02:55,127 - WARNING - Modbus connection failed (Attempt 1/3)
2025-07-14 09:02:56,127 - WARNING - Modbus connection failed (Attempt 2/3)
2025-07-14 09:02:57,128 - WARNING - Modbus connection failed (Attempt 3/3)
2025-07-14 09:02:58,128 - ERROR - Modbus connection failed after 3 retries. Last error: None
2025-07-14 09:02:58,128 - WARNING - Attempting to close and recreate Modbus client
2025-07-14 09:02:58,128 - INFO - Attempting Modbus connection on port /dev/ttyUSB0
2025-07-14 09:02:58,128 - ERROR - Modbus connection failed
2025-07-14 09:03:03,128 - WARNING - Modbus connection failed (Attempt 1/3)
2025-07-14 09:03:04,129 - WARNING - Modbus connection failed (Attempt 2/3)
2025-07-14 09:03:05,129 - WARNING - Modbus connection failed (Attempt 3/3)
2025-07-14 09:03:06,129 - ERROR - Modbus connection failed after 3 retries. Last error: None
2025-07-14 09:03:06,129 - WARNING - Attempting to close and recreate Modbus client
2025-07-14 09:03:06,129 - INFO - Attempting Modbus connection on port /dev/ttyUSB0
2025-07-14 09:03:06,130 - ERROR - Modbus connection failed
2025-07-14 09:03:11,130 - WARNING - Modbus connection failed (Attempt 1/3)
2025-07-14 09:03:12,135 - WARNING - Modbus connection failed (Attempt 2/3)
2025-07-14 09:03:13,135 - WARNING - Modbus connection failed (Attempt 3/3)
2025-07-14 09:03:14,135 - ERROR - Modbus connection failed after 3 retries. Last error: None
2025-07-14 09:03:14,135 - WARNING - Attempting to close and recreate Modbus client
2025-07-14 09:03:14,135 - INFO - Attempting Modbus connection on port /dev/ttyUSB0
2025-07-14 09:03:14,136 - ERROR - Modbus connection failed
2025-07-14 09:03:17,668 - INFO - Switched to GUI-1 (Next toggle in 30s
2025-07-14 09:03:18,130 - INFO - CSV write completed at 2025-07-14T09:03:18.130659
2025-07-14 09:03:19,136 - WARNING - Modbus connection failed (Attempt 1/3)
2025-07-14 09:03:20,136 - WARNING - Modbus connection failed (Attempt 2/3)
2025-07-14 09:03:21,137 - WARNING - Modbus connection failed (Attempt 3/3)
2025-07-14 09:03:22,137 - ERROR - Modbus connection failed after 3 retries. Last error: None
2025-07-14 09:03:22,137 - WARNING - Attempting to close and recreate Modbus client
2025-07-14 09:03:22,137 - INFO - Attempting Modbus connection on port /dev/ttyUSB0
2025-07-14 09:03:22,137 - ERROR - Modbus connection failed
2025-07-14 09:03:27,137 - WARNING - Modbus connection failed (Attempt 1/3)
2025-07-14 09:03:28,138 - WARNING - Modbus connection failed (Attempt 2/3)
2025-07-14 09:03:29,138 - WARNING - Modbus connection failed (Attempt 3/3)
2025-07-14 09:03:30,138 - ERROR - Modbus connection failed after 3 retries. Last error: None
2025-07-14 09:03:30,138 - WARNING - Attempting to close and recreate Modbus client
2025-07-14 09:03:30,138 - INFO - Attempting Modbus connection on port /dev/ttyUSB0
2025-07-14 09:03:30,138 - ERROR - Modbus connection failed
2025-07-14 09:03:35,139 - WARNING - Modbus connection failed (Attempt 1/3)
2025-07-14 09:03:36,139 - WARNING - Modbus connection failed (Attempt 2/3)
2025-07-14 09:03:37,139 - WARNING - Modbus connection failed (Attempt 3/3)
2025-07-14 09:03:38,139 - ERROR - Modbus connection failed after 3 retries. Last error: None
2025-07-14 09:03:38,139 - WARNING - Attempting to close and recreate Modbus client
2025-07-14 09:03:38,140 - INFO - Attempting Modbus connection on port /dev/ttyUSB0
2025-07-14 09:03:38,140 - ERROR - Modbus connection failed
2025-07-14 09:03:43,140 - WARNING - Modbus connection failed (Attempt 1/3)
2025-07-14 09:03:44,140 - WARNING - Modbus connection failed (Attempt 2/3)
2025-07-14 09:03:45,141 - WARNING - Modbus connection failed (Attempt 3/3)
2025-07-14 09:03:46,141 - ERROR - Modbus connection failed after 3 retries. Last error: None
2025-07-14 09:03:46,141 - WARNING - Attempting to close and recreate Modbus client
2025-07-14 09:03:46,141 - INFO - Attempting Modbus connection on port /dev/ttyUSB0
2025-07-14 09:03:46,141 - ERROR - Modbus connection failed
2025-07-14 09:03:47,669 - INFO - Switched to GUI-2 (Next toggle in 30s
2025-07-14 09:03:48,133 - INFO - CSV write completed at 2025-07-14T09:03:48.133512
2025-07-14 09:03:51,141 - WARNING - Modbus connection failed (Attempt 1/3)
2025-07-14 09:03:52,142 - WARNING - Modbus connection failed (Attempt 2/3)
2025-07-14 09:03:53,142 - WARNING - Modbus connection failed (Attempt 3/3)
2025-07-14 09:03:54,142 - ERROR - Modbus connection failed after 3 retries. Last error: None
2025-07-14 09:03:54,142 - WARNING - Attempting to close and recreate Modbus client
2025-07-14 09:03:54,142 - INFO - Attempting Modbus connection on port /dev/ttyUSB0
2025-07-14 09:03:54,143 - ERROR - Modbus connection failed
2025-07-14 09:03:59,143 - WARNING - Modbus connection failed (Attempt 1/3)
2025-07-14 09:04:00,143 - WARNING - Modbus connection failed (Attempt 2/3)
2025-07-14 09:04:01,143 - WARNING - Modbus connection failed (Attempt 3/3)
2025-07-14 09:04:02,143 - ERROR - Modbus connection failed after 3 retries. Last error: None
2025-07-14 09:04:02,144 - WARNING - Attempting to close and recreate Modbus client
2025-07-14 09:04:02,144 - INFO - Attempting Modbus connection on port /dev/ttyUSB0
2025-07-14 09:04:02,144 - ERROR - Modbus connection failed
2025-07-14 09:04:07,144 - WARNING - Modbus connection failed (Attempt 1/3)
2025-07-14 09:04:08,144 - WARNING - Modbus connection failed (Attempt 2/3)
2025-07-14 09:04:09,145 - WARNING - Modbus connection failed (Attempt 3/3)
2025-07-14 09:04:10,145 - ERROR - Modbus connection failed after 3 retries. Last error: None
2025-07-14 09:04:10,145 - WARNING - Attempting to close and recreate Modbus client
2025-07-14 09:04:10,145 - INFO - Attempting Modbus connection on port /dev/ttyUSB0
2025-07-14 09:04:10,145 - ERROR - Modbus connection failed
2025-07-14 09:04:15,145 - WARNING - Modbus connection failed (Attempt 1/3)
2025-07-14 09:04:16,146 - WARNING - Modbus connection failed (Attempt 2/3)
2025-07-14 09:04:17,146 - WARNING - Modbus connection failed (Attempt 3/3)
2025-07-14 09:04:17,669 - INFO - Switched to GUI-1 (Next toggle in 30s
2025-07-14 09:04:18,136 - INFO - CSV write completed at 2025-07-14T09:04:18.136319
2025-07-14 09:04:18,146 - ERROR - Modbus connection failed after 3 retries. Last error: None
2025-07-14 09:04:18,146 - WARNING - Attempting to close and recreate Modbus client
2025-07-14 09:04:18,147 - INFO - Attempting Modbus connection on port /dev/ttyUSB0
2025-07-14 09:04:18,147 - ERROR - Modbus connection failed
2025-07-14 09:04:23,147 - WARNING - Modbus connection failed (Attempt 1/3)
2025-07-14 09:04:24,151 - WARNING - Modbus connection failed (Attempt 2/3)
2025-07-14 09:04:25,151 - WARNING - Modbus connection failed (Attempt 3/3)
2025-07-14 09:04:26,152 - ERROR - Modbus connection failed after 3 retries. Last error: None
2025-07-14 09:04:26,152 - WARNING - Attempting to close and recreate Modbus client
2025-07-14 09:04:26,152 - INFO - Attempting Modbus connection on port /dev/ttyUSB0
2025-07-14 09:04:26,152 - ERROR - Modbus connection failed
2025-07-14 09:04:31,152 - WARNING - Modbus connection failed (Attempt 1/3)
2025-07-14 09:04:32,152 - WARNING - Modbus connection failed (Attempt 2/3)
2025-07-14 09:04:33,153 - WARNING - Modbus connection failed (Attempt 3/3)
2025-07-14 09:04:34,153 - ERROR - Modbus connection failed after 3 retries. Last error: None
2025-07-14 09:04:34,153 - WARNING - Attempting to close and recreate Modbus client
2025-07-14 09:04:34,153 - INFO - Attempting Modbus connection on port /dev/ttyUSB0
2025-07-14 09:04:34,153 - ERROR - Modbus connection failed
2025-07-14 09:04:39,153 - WARNING - Modbus connection failed (Attempt 1/3)
2025-07-14 09:04:40,154 - WARNING - Modbus connection failed (Attempt 2/3)
2025-07-14 09:04:41,154 - WARNING - Modbus connection failed (Attempt 3/3)
2025-07-14 09:04:42,154 - ERROR - Modbus connection failed after 3 retries. Last error: None
2025-07-14 09:04:42,154 - WARNING - Attempting to close and recreate Modbus client
2025-07-14 09:04:42,154 - INFO - Attempting Modbus connection on port /dev/ttyUSB0
2025-07-14 09:04:42,154 - ERROR - Modbus connection failed
2025-07-14 09:04:47,155 - WARNING - Modbus connection failed (Attempt 1/3)
2025-07-14 09:04:47,669 - INFO - Switched to GUI-2 (Next toggle in 30s
2025-07-14 09:04:48,139 - INFO - CSV write completed at 2025-07-14T09:04:48.139104
2025-07-14 09:04:48,155 - WARNING - Modbus connection failed (Attempt 2/3)
2025-07-14 09:04:49,155 - WARNING - Modbus connection failed (Attempt 3/3)
2025-07-14 09:04:50,155 - ERROR - Modbus connection failed after 3 retries. Last error: None
2025-07-14 09:04:50,155 - WARNING - Attempting to close and recreate Modbus client
2025-07-14 09:04:50,156 - INFO - Attempting Modbus connection on port /dev/ttyUSB0
2025-07-14 09:04:50,156 - ERROR - Modbus connection failed
2025-07-14 09:04:55,156 - WARNING - Modbus connection failed (Attempt 1/3)
2025-07-14 09:04:56,156 - WARNING - Modbus connection failed (Attempt 2/3)
2025-07-14 09:04:57,157 - WARNING - Modbus connection failed (Attempt 3/3)
2025-07-14 09:04:58,157 - ERROR - Modbus connection failed after 3 retries. Last error: None
2025-07-14 09:04:58,157 - WARNING - Attempting to close and recreate Modbus client
2025-07-14 09:04:58,157 - INFO - Attempting Modbus connection on port /dev/ttyUSB0
2025-07-14 09:04:58,157 - ERROR - Modbus connection failed
2025-07-14 09:05:03,159 - WARNING - Modbus connection failed (Attempt 1/3)
2025-07-14 09:05:04,159 - WARNING - Modbus connection failed (Attempt 2/3)
2025-07-14 09:05:05,160 - WARNING - Modbus connection failed (Attempt 3/3)
2025-07-14 09:05:06,160 - ERROR - Modbus connection failed after 3 retries. Last error: None
2025-07-14 09:05:06,160 - WARNING - Attempting to close and recreate Modbus client
2025-07-14 09:05:06,160 - INFO - Attempting Modbus connection on port /dev/ttyUSB0
2025-07-14 09:05:06,160 - ERROR - Modbus connection failed
2025-07-14 09:05:11,160 - WARNING - Modbus connection failed (Attempt 1/3)
2025-07-14 09:05:12,161 - WARNING - Modbus connection failed (Attempt 2/3)
2025-07-14 09:05:13,161 - WARNING - Modbus connection failed (Attempt 3/3)
2025-07-14 09:05:14,161 - ERROR - Modbus connection failed after 3 retries. Last error: None
2025-07-14 09:05:14,161 - WARNING - Attempting to close and recreate Modbus client
2025-07-14 09:05:14,161 - INFO - Attempting Modbus connection on port /dev/ttyUSB0
2025-07-14 09:05:14,161 - ERROR - Modbus connection failed
2025-07-14 09:05:17,669 - INFO - Switched to GUI-1 (Next toggle in 30s
2025-07-14 09:05:18,144 - INFO - CSV write completed at 2025-07-14T09:05:18.144314
2025-07-14 09:05:19,162 - WARNING - Modbus connection failed (Attempt 1/3)
2025-07-14 09:05:20,162 - WARNING - Modbus connection failed (Attempt 2/3)
2025-07-14 09:05:21,162 - WARNING - Modbus connection failed (Attempt 3/3)
2025-07-14 09:05:22,162 - ERROR - Modbus connection failed after 3 retries. Last error: None
2025-07-14 09:05:22,162 - WARNING - Attempting to close and recreate Modbus client
2025-07-14 09:05:22,163 - INFO - Attempting Modbus connection on port /dev/ttyUSB0
2025-07-14 09:05:22,163 - ERROR - Modbus connection failed
2025-07-14 09:05:27,163 - WARNING - Modbus connection failed (Attempt 1/3)
2025-07-14 09:05:28,163 - WARNING - Modbus connection failed (Attempt 2/3)
2025-07-14 09:05:29,164 - WARNING - Modbus connection failed (Attempt 3/3)
2025-07-14 09:05:30,164 - ERROR - Modbus connection failed after 3 retries. Last error: None
2025-07-14 09:05:30,164 - WARNING - Attempting to close and recreate Modbus client
2025-07-14 09:05:30,164 - INFO - Attempting Modbus connection on port /dev/ttyUSB0
2025-07-14 09:05:30,164 - ERROR - Modbus connection failed
2025-07-14 09:05:35,164 - WARNING - Modbus connection failed (Attempt 1/3)
2025-07-14 09:05:36,165 - WARNING - Modbus connection failed (Attempt 2/3)
2025-07-14 09:05:37,165 - WARNING - Modbus connection failed (Attempt 3/3)
2025-07-14 09:05:38,165 - ERROR - Modbus connection failed after 3 retries. Last error: None
2025-07-14 09:05:38,165 - WARNING - Attempting to close and recreate Modbus client
2025-07-14 09:05:38,165 - INFO - Attempting Modbus connection on port /dev/ttyUSB0
2025-07-14 09:05:38,165 - ERROR - Modbus connection failed
2025-07-14 09:05:43,165 - WARNING - Modbus connection failed (Attempt 1/3)
2025-07-14 09:05:44,166 - WARNING - Modbus connection failed (Attempt 2/3)
2025-07-14 09:05:45,166 - WARNING - Modbus connection failed (Attempt 3/3)
2025-07-14 09:05:46,166 - ERROR - Modbus connection failed after 3 retries. Last error: None
2025-07-14 09:05:46,166 - WARNING - Attempting to close and recreate Modbus client
2025-07-14 09:05:46,166 - INFO - Attempting Modbus connection on port /dev/ttyUSB0
2025-07-14 09:05:46,167 - ERROR - Modbus connection failed
2025-07-14 09:05:47,670 - INFO - Switched to GUI-2 (Next toggle in 30s
2025-07-14 09:05:48,147 - INFO - CSV write completed at 2025-07-14T09:05:48.147081
2025-07-14 09:05:51,167 - WARNING - Modbus connection failed (Attempt 1/3)
2025-07-14 09:05:52,171 - WARNING - Modbus connection failed (Attempt 2/3)
2025-07-14 09:05:53,172 - WARNING - Modbus connection failed (Attempt 3/3)
2025-07-14 09:05:54,172 - ERROR - Modbus connection failed after 3 retries. Last error: None
2025-07-14 09:05:54,172 - WARNING - Attempting to close and recreate Modbus client
2025-07-14 09:05:54,172 - INFO - Attempting Modbus connection on port /dev/ttyUSB0
2025-07-14 09:05:54,172 - ERROR - Modbus connection failed
2025-07-14 09:05:59,172 - WARNING - Modbus connection failed (Attempt 1/3)
2025-07-14 09:06:00,173 - WARNING - Modbus connection failed (Attempt 2/3)
2025-07-14 09:06:01,173 - WARNING - Modbus connection failed (Attempt 3/3)
2025-07-14 09:06:02,173 - ERROR - Modbus connection failed after 3 retries. Last error: None
2025-07-14 09:06:02,173 - WARNING - Attempting to close and recreate Modbus client
2025-07-14 09:06:02,173 - INFO - Attempting Modbus connection on port /dev/ttyUSB0
2025-07-14 09:06:02,173 - ERROR - Modbus connection failed
2025-07-14 09:06:07,174 - WARNING - Modbus connection failed (Attempt 1/3)
2025-07-14 09:06:08,174 - WARNING - Modbus connection failed (Attempt 2/3)
2025-07-14 09:06:09,174 - WARNING - Modbus connection failed (Attempt 3/3)
2025-07-14 09:06:10,174 - ERROR - Modbus connection failed after 3 retries. Last error: None
2025-07-14 09:06:10,175 - WARNING - Attempting to close and recreate Modbus client
2025-07-14 09:06:10,175 - INFO - Attempting Modbus connection on port /dev/ttyUSB0
2025-07-14 09:06:10,175 - ERROR - Modbus connection failed
2025-07-14 09:06:15,175 - WARNING - Modbus connection failed (Attempt 1/3)
2025-07-14 09:06:16,176 - WARNING - Modbus connection failed (Attempt 2/3)
2025-07-14 09:06:17,176 - WARNING - Modbus connection failed (Attempt 3/3)
2025-07-14 09:06:17,670 - INFO - Switched to GUI-1 (Next toggle in 30s
2025-07-14 09:06:18,149 - INFO - CSV write completed at 2025-07-14T09:06:18.149909
2025-07-14 09:06:18,176 - ERROR - Modbus connection failed after 3 retries. Last error: None
2025-07-14 09:06:18,176 - WARNING - Attempting to close and recreate Modbus client
2025-07-14 09:06:18,176 - INFO - Attempting Modbus connection on port /dev/ttyUSB0
2025-07-14 09:06:18,176 - ERROR - Modbus connection failed
2025-07-14 09:06:23,177 - WARNING - Modbus connection failed (Attempt 1/3)
2025-07-14 09:06:24,177 - WARNING - Modbus connection failed (Attempt 2/3)
2025-07-14 09:06:25,177 - WARNING - Modbus connection failed (Attempt 3/3)
2025-07-14 09:06:26,177 - ERROR - Modbus connection failed after 3 retries. Last error: None
2025-07-14 09:06:26,177 - WARNING - Attempting to close and recreate Modbus client
2025-07-14 09:06:26,178 - INFO - Attempting Modbus connection on port /dev/ttyUSB0
2025-07-14 09:06:26,178 - ERROR - Modbus connection failed
2025-07-14 09:06:31,178 - WARNING - Modbus connection failed (Attempt 1/3)
2025-07-14 09:06:32,178 - WARNING - Modbus connection failed (Attempt 2/3)
2025-07-14 09:06:33,179 - WARNING - Modbus connection failed (Attempt 3/3)
2025-07-14 09:06:34,179 - ERROR - Modbus connection failed after 3 retries. Last error: None
2025-07-14 09:06:34,179 - WARNING - Attempting to close and recreate Modbus client
2025-07-14 09:06:34,179 - INFO - Attempting Modbus connection on port /dev/ttyUSB0
2025-07-14 09:06:34,179 - ERROR - Modbus connection failed
2025-07-14 09:06:39,179 - WARNING - Modbus connection failed (Attempt 1/3)
2025-07-14 09:06:40,180 - WARNING - Modbus connection failed (Attempt 2/3)
2025-07-14 09:06:41,180 - WARNING - Modbus connection failed (Attempt 3/3)
2025-07-14 09:06:42,180 - ERROR - Modbus connection failed after 3 retries. Last error: None
2025-07-14 09:06:42,180 - WARNING - Attempting to close and recreate Modbus client
2025-07-14 09:06:42,180 - INFO - Attempting Modbus connection on port /dev/ttyUSB0
2025-07-14 09:06:42,180 - ERROR - Modbus connection failed
2025-07-14 09:06:47,181 - WARNING - Modbus connection failed (Attempt 1/3)
2025-07-14 09:06:47,670 - INFO - Switched to GUI-2 (Next toggle in 30s
2025-07-14 09:06:48,152 - INFO - CSV write completed at 2025-07-14T09:06:48.152653
2025-07-14 09:06:48,181 - WARNING - Modbus connection failed (Attempt 2/3)
2025-07-14 09:06:49,181 - WARNING - Modbus connection failed (Attempt 3/3)
2025-07-14 09:06:50,181 - ERROR - Modbus connection failed after 3 retries. Last error: None
2025-07-14 09:06:50,181 - WARNING - Attempting to close and recreate Modbus client
2025-07-14 09:06:50,182 - INFO - Attempting Modbus connection on port /dev/ttyUSB0
2025-07-14 09:06:50,182 - ERROR - Modbus connection failed
2025-07-14 09:06:55,182 - WARNING - Modbus connection failed (Attempt 1/3)
2025-07-14 09:06:56,182 - WARNING - Modbus connection failed (Attempt 2/3)
2025-07-14 09:06:57,183 - WARNING - Modbus connection failed (Attempt 3/3)
2025-07-14 09:06:58,183 - ERROR - Modbus connection failed after 3 retries. Last error: None
2025-07-14 09:06:58,183 - WARNING - Attempting to close and recreate Modbus client
2025-07-14 09:06:58,183 - INFO - Attempting Modbus connection on port /dev/ttyUSB0
2025-07-14 09:06:58,183 - ERROR - Modbus connection failed
2025-07-14 09:07:03,183 - WARNING - Modbus connection failed (Attempt 1/3)
2025-07-14 09:07:04,184 - WARNING - Modbus connection failed (Attempt 2/3)
2025-07-14 09:07:05,184 - WARNING - Modbus connection failed (Attempt 3/3)
2025-07-14 09:07:06,184 - ERROR - Modbus connection failed after 3 retries. Last error: None
2025-07-14 09:07:06,184 - WARNING - Attempting to close and recreate Modbus client
2025-07-14 09:07:06,184 - INFO - Attempting Modbus connection on port /dev/ttyUSB0
2025-07-14 09:07:06,184 - ERROR - Modbus connection failed
2025-07-14 09:07:11,185 - WARNING - Modbus connection failed (Attempt 1/3)
2025-07-14 09:07:12,185 - WARNING - Modbus connection failed (Attempt 2/3)
2025-07-14 09:07:13,185 - WARNING - Modbus connection failed (Attempt 3/3)
2025-07-14 09:07:14,185 - ERROR - Modbus connection failed after 3 retries. Last error: None
2025-07-14 09:07:14,185 - WARNING - Attempting to close and recreate Modbus client
2025-07-14 09:07:14,186 - INFO - Attempting Modbus connection on port /dev/ttyUSB0
2025-07-14 09:07:14,186 - ERROR - Modbus connection failed
2025-07-14 09:07:17,670 - INFO - Switched to GUI-1 (Next toggle in 30s
2025-07-14 09:07:18,155 - INFO - CSV write completed at 2025-07-14T09:07:18.155441
2025-07-14 09:07:19,186 - WARNING - Modbus connection failed (Attempt 1/3)
2025-07-14 09:07:20,186 - WARNING - Modbus connection failed (Attempt 2/3)
2025-07-14 09:07:21,187 - WARNING - Modbus connection failed (Attempt 3/3)
2025-07-14 09:07:22,187 - ERROR - Modbus connection failed after 3 retries. Last error: None
2025-07-14 09:07:22,187 - WARNING - Attempting to close and recreate Modbus client
2025-07-14 09:07:22,187 - INFO - Attempting Modbus connection on port /dev/ttyUSB0
2025-07-14 09:07:22,187 - ERROR - Modbus connection failed
2025-07-14 09:07:27,187 - WARNING - Modbus connection failed (Attempt 1/3)
2025-07-14 09:07:28,190 - WARNING - Modbus connection failed (Attempt 2/3)
2025-07-14 09:07:29,190 - WARNING - Modbus connection failed (Attempt 3/3)
2025-07-14 09:07:30,190 - ERROR - Modbus connection failed after 3 retries. Last error: None
2025-07-14 09:07:30,190 - WARNING - Attempting to close and recreate Modbus client
2025-07-14 09:07:30,190 - INFO - Attempting Modbus connection on port /dev/ttyUSB0
2025-07-14 09:07:30,191 - ERROR - Modbus connection failed
2025-07-14 09:07:35,191 - WARNING - Modbus connection failed (Attempt 1/3)
2025-07-14 09:07:36,191 - WARNING - Modbus connection failed (Attempt 2/3)
2025-07-14 09:07:37,191 - WARNING - Modbus connection failed (Attempt 3/3)
2025-07-14 09:07:38,191 - ERROR - Modbus connection failed after 3 retries. Last error: None
2025-07-14 09:07:38,191 - WARNING - Attempting to close and recreate Modbus client
2025-07-14 09:07:38,192 - INFO - Attempting Modbus connection on port /dev/ttyUSB0
2025-07-14 09:07:38,192 - ERROR - Modbus connection failed
2025-07-14 09:07:43,192 - WARNING - Modbus connection failed (Attempt 1/3)
2025-07-14 09:07:44,192 - WARNING - Modbus connection failed (Attempt 2/3)
2025-07-14 09:07:45,193 - WARNING - Modbus connection failed (Attempt 3/3)
2025-07-14 09:07:46,193 - ERROR - Modbus connection failed after 3 retries. Last error: None
2025-07-14 09:07:46,193 - WARNING - Attempting to close and recreate Modbus client
2025-07-14 09:07:46,193 - INFO - Attempting Modbus connection on port /dev/ttyUSB0
2025-07-14 09:07:46,193 - ERROR - Modbus connection failed
2025-07-14 09:07:47,671 - INFO - Switched to GUI-2 (Next toggle in 30s
2025-07-14 09:07:48,158 - INFO - CSV write completed at 2025-07-14T09:07:48.158188
2025-07-14 09:07:51,193 - WARNING - Modbus connection failed (Attempt 1/3)
2025-07-14 09:07:52,194 - WARNING - Modbus connection failed (Attempt 2/3)
2025-07-14 09:07:53,194 - WARNING - Modbus connection failed (Attempt 3/3)
2025-07-14 09:07:54,194 - ERROR - Modbus connection failed after 3 retries. Last error: None
2025-07-14 09:07:54,194 - WARNING - Attempting to close and recreate Modbus client
2025-07-14 09:07:54,199 - INFO - Attempting Modbus connection on port /dev/ttyUSB0
2025-07-14 09:07:54,199 - ERROR - Modbus connection failed
2025-07-14 09:07:59,200 - WARNING - Modbus connection failed (Attempt 1/3)
2025-07-14 09:08:00,204 - WARNING - Modbus connection failed (Attempt 2/3)
2025-07-14 09:08:01,204 - WARNING - Modbus connection failed (Attempt 3/3)
2025-07-14 09:08:02,204 - ERROR - Modbus connection failed after 3 retries. Last error: None
2025-07-14 09:08:02,204 - WARNING - Attempting to close and recreate Modbus client
2025-07-14 09:08:02,204 - INFO - Attempting Modbus connection on port /dev/ttyUSB0
2025-07-14 09:08:02,204 - ERROR - Modbus connection failed
2025-07-14 09:08:07,205 - WARNING - Modbus connection failed (Attempt 1/3)
2025-07-14 09:08:08,205 - WARNING - Modbus connection failed (Attempt 2/3)
2025-07-14 09:08:09,205 - WARNING - Modbus connection failed (Attempt 3/3)
2025-07-14 09:08:10,205 - ERROR - Modbus connection failed after 3 retries. Last error: None
2025-07-14 09:08:10,205 - WARNING - Attempting to close and recreate Modbus client
2025-07-14 09:08:10,205 - INFO - Attempting Modbus connection on port /dev/ttyUSB0
2025-07-14 09:08:10,206 - ERROR - Modbus connection failed
2025-07-14 09:08:15,206 - WARNING - Modbus connection failed (Attempt 1/3)
2025-07-14 09:08:16,206 - WARNING - Modbus connection failed (Attempt 2/3)
2025-07-14 09:08:17,206 - WARNING - Modbus connection failed (Attempt 3/3)
2025-07-14 09:08:17,671 - INFO - Switched to GUI-1 (Next toggle in 30s
2025-07-14 09:08:18,168 - INFO - CSV write completed at 2025-07-14T09:08:18.168269
2025-07-14 09:08:18,207 - ERROR - Modbus connection failed after 3 retries. Last error: None
2025-07-14 09:08:18,207 - WARNING - Attempting to close and recreate Modbus client
2025-07-14 09:08:18,207 - INFO - Attempting Modbus connection on port /dev/ttyUSB0
2025-07-14 09:08:18,207 - ERROR - Modbus connection failed
2025-07-14 09:08:23,207 - WARNING - Modbus connection failed (Attempt 1/3)
2025-07-14 09:08:24,208 - WARNING - Modbus connection failed (Attempt 2/3)
2025-07-14 09:08:25,208 - WARNING - Modbus connection failed (Attempt 3/3)
2025-07-14 09:08:26,208 - ERROR - Modbus connection failed after 3 retries. Last error: None
2025-07-14 09:08:26,208 - WARNING - Attempting to close and recreate Modbus client
2025-07-14 09:08:26,208 - INFO - Attempting Modbus connection on port /dev/ttyUSB0
2025-07-14 09:08:26,208 - ERROR - Modbus connection failed
2025-07-14 09:08:31,209 - WARNING - Modbus connection failed (Attempt 1/3)
2025-07-14 09:08:32,209 - WARNING - Modbus connection failed (Attempt 2/3)
2025-07-14 09:08:33,209 - WARNING - Modbus connection failed (Attempt 3/3)
2025-07-14 09:08:34,209 - ERROR - Modbus connection failed after 3 retries. Last error: None
2025-07-14 09:08:34,209 - WARNING - Attempting to close and recreate Modbus client
2025-07-14 09:08:34,209 - INFO - Attempting Modbus connection on port /dev/ttyUSB0
2025-07-14 09:08:34,210 - ERROR - Modbus connection failed
2025-07-14 09:08:39,210 - WARNING - Modbus connection failed (Attempt 1/3)
2025-07-14 09:08:40,210 - WARNING - Modbus connection failed (Attempt 2/3)
2025-07-14 09:08:41,210 - WARNING - Modbus connection failed (Attempt 3/3)
2025-07-14 09:08:42,210 - ERROR - Modbus connection failed after 3 retries. Last error: None
2025-07-14 09:08:42,210 - WARNING - Attempting to close and recreate Modbus client
2025-07-14 09:08:42,211 - INFO - Attempting Modbus connection on port /dev/ttyUSB0
2025-07-14 09:08:42,211 - ERROR - Modbus connection failed
2025-07-14 09:08:47,211 - WARNING - Modbus connection failed (Attempt 1/3)
2025-07-14 09:08:47,671 - INFO - Switched to GUI-2 (Next toggle in 30s
2025-07-14 09:08:48,176 - INFO - CSV write completed at 2025-07-14T09:08:48.176049
2025-07-14 09:08:48,211 - WARNING - Modbus connection failed (Attempt 2/3)
2025-07-14 09:08:49,212 - WARNING - Modbus connection failed (Attempt 3/3)
2025-07-14 09:08:50,212 - ERROR - Modbus connection failed after 3 retries. Last error: None
2025-07-14 09:08:50,212 - WARNING - Attempting to close and recreate Modbus client
2025-07-14 09:08:50,212 - INFO - Attempting Modbus connection on port /dev/ttyUSB0
2025-07-14 09:08:50,212 - ERROR - Modbus connection failed
2025-07-14 09:08:55,212 - WARNING - Modbus connection failed (Attempt 1/3)
2025-07-14 09:08:56,213 - WARNING - Modbus connection failed (Attempt 2/3)
2025-07-14 09:08:57,213 - WARNING - Modbus connection failed (Attempt 3/3)
2025-07-14 09:08:58,213 - ERROR - Modbus connection failed after 3 retries. Last error: None
2025-07-14 09:08:58,213 - WARNING - Attempting to close and recreate Modbus client
2025-07-14 09:08:58,213 - INFO - Attempting Modbus connection on port /dev/ttyUSB0
2025-07-14 09:08:58,213 - ERROR - Modbus connection failed
2025-07-14 09:09:03,213 - WARNING - Modbus connection failed (Attempt 1/3)
2025-07-14 09:09:04,214 - WARNING - Modbus connection failed (Attempt 2/3)
2025-07-14 09:09:05,214 - WARNING - Modbus connection failed (Attempt 3/3)
2025-07-14 09:09:06,214 - ERROR - Modbus connection failed after 3 retries. Last error: None
2025-07-14 09:09:06,214 - WARNING - Attempting to close and recreate Modbus client
2025-07-14 09:09:06,214 - INFO - Attempting Modbus connection on port /dev/ttyUSB0
2025-07-14 09:09:06,214 - ERROR - Modbus connection failed
2025-07-14 09:09:11,215 - WARNING - Modbus connection failed (Attempt 1/3)
2025-07-14 09:09:12,215 - WARNING - Modbus connection failed (Attempt 2/3)
2025-07-14 09:09:13,215 - WARNING - Modbus connection failed (Attempt 3/3)
2025-07-14 09:09:14,215 - ERROR - Modbus connection failed after 3 retries. Last error: None
2025-07-14 09:09:14,215 - WARNING - Attempting to close and recreate Modbus client
2025-07-14 09:09:14,215 - INFO - Attempting Modbus connection on port /dev/ttyUSB0
2025-07-14 09:09:14,216 - ERROR - Modbus connection failed
2025-07-14 09:09:17,671 - INFO - Switched to GUI-1 (Next toggle in 30s
2025-07-14 09:09:18,178 - INFO - CSV write completed at 2025-07-14T09:09:18.178172
2025-07-14 09:09:19,216 - WARNING - Modbus connection failed (Attempt 1/3)
2025-07-14 09:09:20,216 - WARNING - Modbus connection failed (Attempt 2/3)
2025-07-14 09:09:21,216 - WARNING - Modbus connection failed (Attempt 3/3)
2025-07-14 09:09:22,216 - ERROR - Modbus connection failed after 3 retries. Last error: None
2025-07-14 09:09:22,216 - WARNING - Attempting to close and recreate Modbus client
2025-07-14 09:09:22,217 - INFO - Attempting Modbus connection on port /dev/ttyUSB0
2025-07-14 09:09:22,217 - ERROR - Modbus connection failed
2025-07-14 09:09:27,217 - WARNING - Modbus connection failed (Attempt 1/3)
2025-07-14 09:09:28,217 - WARNING - Modbus connection failed (Attempt 2/3)
2025-07-14 09:09:29,218 - WARNING - Modbus connection failed (Attempt 3/3)
2025-07-14 09:09:30,218 - ERROR - Modbus connection failed after 3 retries. Last error: None
2025-07-14 09:09:30,218 - WARNING - Attempting to close and recreate Modbus client
2025-07-14 09:09:30,218 - INFO - Attempting Modbus connection on port /dev/ttyUSB0
2025-07-14 09:09:30,218 - ERROR - Modbus connection failed
2025-07-14 09:09:35,218 - WARNING - Modbus connection failed (Attempt 1/3)
2025-07-14 09:09:36,219 - WARNING - Modbus connection failed (Attempt 2/3)
2025-07-14 09:09:37,219 - WARNING - Modbus connection failed (Attempt 3/3)
2025-07-14 09:09:38,219 - ERROR - Modbus connection failed after 3 retries. Last error: None
2025-07-14 09:09:38,219 - WARNING - Attempting to close and recreate Modbus client
2025-07-14 09:09:38,219 - INFO - Attempting Modbus connection on port /dev/ttyUSB0
2025-07-14 09:09:38,219 - ERROR - Modbus connection failed
2025-07-14 09:09:43,220 - WARNING - Modbus connection failed (Attempt 1/3)
2025-07-14 09:09:44,220 - WARNING - Modbus connection failed (Attempt 2/3)
2025-07-14 09:09:45,220 - WARNING - Modbus connection failed (Attempt 3/3)
2025-07-14 09:09:46,220 - ERROR - Modbus connection failed after 3 retries. Last error: None
2025-07-14 09:09:46,220 - WARNING - Attempting to close and recreate Modbus client
2025-07-14 09:09:46,221 - INFO - Attempting Modbus connection on port /dev/ttyUSB0
2025-07-14 09:09:46,222 - ERROR - Modbus connection failed
2025-07-14 09:09:47,672 - INFO - Switched to GUI-2 (Next toggle in 30s
2025-07-14 09:09:48,180 - INFO - CSV write completed at 2025-07-14T09:09:48.180351
2025-07-14 09:09:51,222 - WARNING - Modbus connection failed (Attempt 1/3)
2025-07-14 09:09:52,227 - WARNING - Modbus connection failed (Attempt 2/3)
2025-07-14 09:09:53,227 - WARNING - Modbus connection failed (Attempt 3/3)
2025-07-14 09:09:54,228 - ERROR - Modbus connection failed after 3 retries. Last error: None
2025-07-14 09:09:54,228 - WARNING - Attempting to close and recreate Modbus client
2025-07-14 09:09:54,228 - INFO - Attempting Modbus connection on port /dev/ttyUSB0
2025-07-14 09:09:54,228 - ERROR - Modbus connection failed
2025-07-14 09:09:59,228 - WARNING - Modbus connection failed (Attempt 1/3)
2025-07-14 09:10:00,228 - WARNING - Modbus connection failed (Attempt 2/3)
2025-07-14 09:10:01,229 - WARNING - Modbus connection failed (Attempt 3/3)
2025-07-14 09:10:02,229 - ERROR - Modbus connection failed after 3 retries. Last error: None
2025-07-14 09:10:02,229 - WARNING - Attempting to close and recreate Modbus client
2025-07-14 09:10:02,229 - INFO - Attempting Modbus connection on port /dev/ttyUSB0
2025-07-14 09:10:02,229 - ERROR - Modbus connection failed
2025-07-14 09:10:07,230 - WARNING - Modbus connection failed (Attempt 1/3)
2025-07-14 09:10:08,230 - WARNING - Modbus connection failed (Attempt 2/3)
2025-07-14 09:10:09,230 - WARNING - Modbus connection failed (Attempt 3/3)
2025-07-14 09:10:10,230 - ERROR - Modbus connection failed after 3 retries. Last error: None
2025-07-14 09:10:10,230 - WARNING - Attempting to close and recreate Modbus client
2025-07-14 09:10:10,234 - INFO - Attempting Modbus connection on port /dev/ttyUSB0
2025-07-14 09:10:10,234 - ERROR - Modbus connection failed
2025-07-14 09:10:15,235 - WARNING - Modbus connection failed (Attempt 1/3)
2025-07-14 09:10:16,236 - WARNING - Modbus connection failed (Attempt 2/3)
2025-07-14 09:10:17,236 - WARNING - Modbus connection failed (Attempt 3/3)
2025-07-14 09:10:17,672 - INFO - Switched to GUI-1 (Next toggle in 30s
2025-07-14 09:10:18,182 - INFO - CSV write completed at 2025-07-14T09:10:18.182866
2025-07-14 09:10:18,237 - ERROR - Modbus connection failed after 3 retries. Last error: None
2025-07-14 09:10:18,237 - WARNING - Attempting to close and recreate Modbus client
2025-07-14 09:10:18,237 - INFO - Attempting Modbus connection on port /dev/ttyUSB0
2025-07-14 09:10:18,237 - ERROR - Modbus connection failed
2025-07-14 09:10:23,237 - WARNING - Modbus connection failed (Attempt 1/3)
2025-07-14 09:10:24,238 - WARNING - Modbus connection failed (Attempt 2/3)
2025-07-14 09:10:25,238 - WARNING - Modbus connection failed (Attempt 3/3)
2025-07-14 09:10:26,238 - ERROR - Modbus connection failed after 3 retries. Last error: None
2025-07-14 09:10:26,238 - WARNING - Attempting to close and recreate Modbus client
2025-07-14 09:10:26,238 - INFO - Attempting Modbus connection on port /dev/ttyUSB0
2025-07-14 09:10:26,238 - ERROR - Modbus connection failed
2025-07-14 09:10:31,239 - WARNING - Modbus connection failed (Attempt 1/3)
2025-07-14 09:10:32,239 - WARNING - Modbus connection failed (Attempt 2/3)
2025-07-14 09:10:33,239 - WARNING - Modbus connection failed (Attempt 3/3)
2025-07-14 09:10:34,240 - ERROR - Modbus connection failed after 3 retries. Last error: None
2025-07-14 09:10:34,240 - WARNING - Attempting to close and recreate Modbus client
2025-07-14 09:10:34,240 - INFO - Attempting Modbus connection on port /dev/ttyUSB0
2025-07-14 09:10:34,240 - ERROR - Modbus connection failed
2025-07-14 09:10:39,240 - WARNING - Modbus connection failed (Attempt 1/3)
2025-07-14 09:10:40,241 - WARNING - Modbus connection failed (Attempt 2/3)
2025-07-14 09:10:41,241 - WARNING - Modbus connection failed (Attempt 3/3)
2025-07-14 09:10:42,241 - ERROR - Modbus connection failed after 3 retries. Last error: None
2025-07-14 09:10:42,241 - WARNING - Attempting to close and recreate Modbus client
2025-07-14 09:10:42,241 - INFO - Attempting Modbus connection on port /dev/ttyUSB0
2025-07-14 09:10:42,241 - ERROR - Modbus connection failed
2025-07-14 09:10:47,242 - WARNING - Modbus connection failed (Attempt 1/3)
2025-07-14 09:10:47,672 - INFO - Switched to GUI-2 (Next toggle in 30s
2025-07-14 09:10:48,185 - INFO - CSV write completed at 2025-07-14T09:10:48.185480
2025-07-14 09:10:48,242 - WARNING - Modbus connection failed (Attempt 2/3)
2025-07-14 09:10:49,242 - WARNING - Modbus connection failed (Attempt 3/3)
2025-07-14 09:10:50,242 - ERROR - Modbus connection failed after 3 retries. Last error: None
2025-07-14 09:10:50,242 - WARNING - Attempting to close and recreate Modbus client
2025-07-14 09:10:50,243 - INFO - Attempting Modbus connection on port /dev/ttyUSB0
2025-07-14 09:10:50,243 - ERROR - Modbus connection failed
2025-07-14 09:10:55,243 - WARNING - Modbus connection failed (Attempt 1/3)
2025-07-14 09:10:56,243 - WARNING - Modbus connection failed (Attempt 2/3)
2025-07-14 09:10:57,243 - WARNING - Modbus connection failed (Attempt 3/3)
2025-07-14 09:10:58,244 - ERROR - Modbus connection failed after 3 retries. Last error: None
2025-07-14 09:10:58,244 - WARNING - Attempting to close and recreate Modbus client
2025-07-14 09:10:58,244 - INFO - Attempting Modbus connection on port /dev/ttyUSB0
2025-07-14 09:10:58,244 - ERROR - Modbus connection failed
2025-07-14 09:11:03,244 - WARNING - Modbus connection failed (Attempt 1/3)
2025-07-14 09:11:04,244 - WARNING - Modbus connection failed (Attempt 2/3)
2025-07-14 09:11:05,245 - WARNING - Modbus connection failed (Attempt 3/3)
2025-07-14 09:11:06,245 - ERROR - Modbus connection failed after 3 retries. Last error: None
2025-07-14 09:11:06,245 - WARNING - Attempting to close and recreate Modbus client
2025-07-14 09:11:06,245 - INFO - Attempting Modbus connection on port /dev/ttyUSB0
2025-07-14 09:11:06,245 - ERROR - Modbus connection failed
2025-07-14 09:11:11,245 - WARNING - Modbus connection failed (Attempt 1/3)
2025-07-14 09:11:12,246 - WARNING - Modbus connection failed (Attempt 2/3)
2025-07-14 09:11:13,246 - WARNING - Modbus connection failed (Attempt 3/3)
2025-07-14 09:11:14,246 - ERROR - Modbus connection failed after 3 retries. Last error: None
2025-07-14 09:11:14,246 - WARNING - Attempting to close and recreate Modbus client
2025-07-14 09:11:14,246 - INFO - Attempting Modbus connection on port /dev/ttyUSB0
2025-07-14 09:11:14,247 - ERROR - Modbus connection failed
2025-07-14 09:11:17,673 - INFO - Switched to GUI-1 (Next toggle in 30s
2025-07-14 09:11:18,188 - INFO - CSV write completed at 2025-07-14T09:11:18.188036
2025-07-14 09:11:19,247 - WARNING - Modbus connection failed (Attempt 1/3)
2025-07-14 09:11:20,247 - WARNING - Modbus connection failed (Attempt 2/3)
2025-07-14 09:11:21,247 - WARNING - Modbus connection failed (Attempt 3/3)
2025-07-14 09:11:22,248 - ERROR - Modbus connection failed after 3 retries. Last error: None
2025-07-14 09:11:22,248 - WARNING - Attempting to close and recreate Modbus client
2025-07-14 09:11:22,248 - INFO - Attempting Modbus connection on port /dev/ttyUSB0
2025-07-14 09:11:22,248 - ERROR - Modbus connection failed
2025-07-14 09:11:27,248 - WARNING - Modbus connection failed (Attempt 1/3)
2025-07-14 09:11:28,249 - WARNING - Modbus connection failed (Attempt 2/3)
2025-07-14 09:11:29,249 - WARNING - Modbus connection failed (Attempt 3/3)
2025-07-14 09:11:30,249 - ERROR - Modbus connection failed after 3 retries. Last error: None
2025-07-14 09:11:30,249 - WARNING - Attempting to close and recreate Modbus client
2025-07-14 09:11:30,249 - INFO - Attempting Modbus connection on port /dev/ttyUSB0
2025-07-14 09:11:30,249 - ERROR - Modbus connection failed
2025-07-14 09:11:35,250 - WARNING - Modbus connection failed (Attempt 1/3)
2025-07-14 09:11:36,250 - WARNING - Modbus connection failed (Attempt 2/3)
2025-07-14 09:11:37,250 - WARNING - Modbus connection failed (Attempt 3/3)
2025-07-14 09:11:38,250 - ERROR - Modbus connection failed after 3 retries. Last error: None
2025-07-14 09:11:38,250 - WARNING - Attempting to close and recreate Modbus client
2025-07-14 09:11:38,251 - INFO - Attempting Modbus connection on port /dev/ttyUSB0
2025-07-14 09:11:38,251 - ERROR - Modbus connection failed
2025-07-14 09:11:43,251 - WARNING - Modbus connection failed (Attempt 1/3)
2025-07-14 09:11:44,251 - WARNING - Modbus connection failed (Attempt 2/3)
2025-07-14 09:11:45,252 - WARNING - Modbus connection failed (Attempt 3/3)
2025-07-14 09:11:46,252 - ERROR - Modbus connection failed after 3 retries. Last error: None
2025-07-14 09:11:46,252 - WARNING - Attempting to close and recreate Modbus client
2025-07-14 09:11:46,252 - INFO - Attempting Modbus connection on port /dev/ttyUSB0
2025-07-14 09:11:46,252 - ERROR - Modbus connection failed
2025-07-14 09:11:47,673 - INFO - Switched to GUI-2 (Next toggle in 30s
2025-07-14 09:11:48,190 - INFO - CSV write completed at 2025-07-14T09:11:48.190452
2025-07-14 09:11:51,252 - WARNING - Modbus connection failed (Attempt 1/3)
2025-07-14 09:11:52,253 - WARNING - Modbus connection failed (Attempt 2/3)
2025-07-14 09:11:53,253 - WARNING - Modbus connection failed (Attempt 3/3)
2025-07-14 09:11:54,257 - ERROR - Modbus connection failed after 3 retries. Last error: None
2025-07-14 09:11:54,257 - WARNING - Attempting to close and recreate Modbus client
2025-07-14 09:11:54,257 - INFO - Attempting Modbus connection on port /dev/ttyUSB0
2025-07-14 09:11:54,257 - ERROR - Modbus connection failed
2025-07-14 09:11:59,257 - WARNING - Modbus connection failed (Attempt 1/3)
2025-07-14 09:12:00,258 - WARNING - Modbus connection failed (Attempt 2/3)
2025-07-14 09:12:01,258 - WARNING - Modbus connection failed (Attempt 3/3)
2025-07-14 09:12:02,258 - ERROR - Modbus connection failed after 3 retries. Last error: None
2025-07-14 09:12:02,258 - WARNING - Attempting to close and recreate Modbus client
2025-07-14 09:12:02,258 - INFO - Attempting Modbus connection on port /dev/ttyUSB0
2025-07-14 09:12:02,258 - ERROR - Modbus connection failed
2025-07-14 09:12:07,259 - WARNING - Modbus connection failed (Attempt 1/3)
2025-07-14 09:12:08,259 - WARNING - Modbus connection failed (Attempt 2/3)
2025-07-14 09:12:09,259 - WARNING - Modbus connection failed (Attempt 3/3)
2025-07-14 09:12:10,259 - ERROR - Modbus connection failed after 3 retries. Last error: None
2025-07-14 09:12:10,260 - WARNING - Attempting to close and recreate Modbus client
2025-07-14 09:12:10,260 - INFO - Attempting Modbus connection on port /dev/ttyUSB0
2025-07-14 09:12:10,260 - ERROR - Modbus connection failed
2025-07-14 09:12:15,260 - WARNING - Modbus connection failed (Attempt 1/3)
2025-07-14 09:12:16,260 - WARNING - Modbus connection failed (Attempt 2/3)
2025-07-14 09:12:17,261 - WARNING - Modbus connection failed (Attempt 3/3)
2025-07-14 09:12:17,673 - INFO - Switched to GUI-1 (Next toggle in 30s
2025-07-14 09:12:18,192 - INFO - CSV write completed at 2025-07-14T09:12:18.192639
2025-07-14 09:12:18,261 - ERROR - Modbus connection failed after 3 retries. Last error: None
2025-07-14 09:12:18,261 - WARNING - Attempting to close and recreate Modbus client
2025-07-14 09:12:18,261 - INFO - Attempting Modbus connection on port /dev/ttyUSB0
2025-07-14 09:12:18,261 - ERROR - Modbus connection failed
2025-07-14 09:12:23,261 - WARNING - Modbus connection failed (Attempt 1/3)
2025-07-14 09:12:24,262 - WARNING - Modbus connection failed (Attempt 2/3)
2025-07-14 09:12:25,262 - WARNING - Modbus connection failed (Attempt 3/3)
2025-07-14 09:12:26,262 - ERROR - Modbus connection failed after 3 retries. Last error: None
2025-07-14 09:12:26,262 - WARNING - Attempting to close and recreate Modbus client
2025-07-14 09:12:26,262 - INFO - Attempting Modbus connection on port /dev/ttyUSB0
2025-07-14 09:12:26,262 - ERROR - Modbus connection failed
2025-07-14 09:12:31,263 - WARNING - Modbus connection failed (Attempt 1/3)
2025-07-14 09:12:32,263 - WARNING - Modbus connection failed (Attempt 2/3)
2025-07-14 09:12:33,263 - WARNING - Modbus connection failed (Attempt 3/3)
2025-07-14 09:12:34,263 - ERROR - Modbus connection failed after 3 retries. Last error: None
2025-07-14 09:12:34,264 - WARNING - Attempting to close and recreate Modbus client
2025-07-14 09:12:34,264 - INFO - Attempting Modbus connection on port /dev/ttyUSB0
2025-07-14 09:12:34,264 - ERROR - Modbus connection failed
2025-07-14 09:12:39,264 - WARNING - Modbus connection failed (Attempt 1/3)
2025-07-14 09:12:40,264 - WARNING - Modbus connection failed (Attempt 2/3)
2025-07-14 09:12:41,265 - WARNING - Modbus connection failed (Attempt 3/3)
2025-07-14 09:12:42,265 - ERROR - Modbus connection failed after 3 retries. Last error: None
2025-07-14 09:12:42,265 - WARNING - Attempting to close and recreate Modbus client
2025-07-14 09:12:42,265 - INFO - Attempting Modbus connection on port /dev/ttyUSB0
2025-07-14 09:12:42,265 - ERROR - Modbus connection failed
2025-07-14 09:12:47,265 - WARNING - Modbus connection failed (Attempt 1/3)
2025-07-14 09:12:47,673 - INFO - Switched to GUI-2 (Next toggle in 30s
2025-07-14 09:12:48,197 - INFO - CSV write completed at 2025-07-14T09:12:48.197045
2025-07-14 09:12:48,266 - WARNING - Modbus connection failed (Attempt 2/3)
2025-07-14 09:12:49,266 - WARNING - Modbus connection failed (Attempt 3/3)
2025-07-14 09:12:50,266 - ERROR - Modbus connection failed after 3 retries. Last error: None
2025-07-14 09:12:50,266 - WARNING - Attempting to close and recreate Modbus client
2025-07-14 09:12:50,266 - INFO - Attempting Modbus connection on port /dev/ttyUSB0
2025-07-14 09:12:50,266 - ERROR - Modbus connection failed
2025-07-14 09:12:55,267 - WARNING - Modbus connection failed (Attempt 1/3)
2025-07-14 09:12:56,267 - WARNING - Modbus connection failed (Attempt 2/3)
2025-07-14 09:12:57,267 - WARNING - Modbus connection failed (Attempt 3/3)
2025-07-14 09:12:58,267 - ERROR - Modbus connection failed after 3 retries. Last error: None
2025-07-14 09:12:58,268 - WARNING - Attempting to close and recreate Modbus client
2025-07-14 09:12:58,268 - INFO - Attempting Modbus connection on port /dev/ttyUSB0
2025-07-14 09:12:58,268 - ERROR - Modbus connection failed
2025-07-14 09:13:03,268 - WARNING - Modbus connection failed (Attempt 1/3)
2025-07-14 09:13:04,268 - WARNING - Modbus connection failed (Attempt 2/3)
2025-07-14 09:13:05,269 - WARNING - Modbus connection failed (Attempt 3/3)
2025-07-14 09:13:06,269 - ERROR - Modbus connection failed after 3 retries. Last error: None
2025-07-14 09:13:06,269 - WARNING - Attempting to close and recreate Modbus client
2025-07-14 09:13:06,269 - INFO - Attempting Modbus connection on port /dev/ttyUSB0
2025-07-14 09:13:06,269 - ERROR - Modbus connection failed
2025-07-14 09:13:11,269 - WARNING - Modbus connection failed (Attempt 1/3)
2025-07-14 09:13:12,270 - WARNING - Modbus connection failed (Attempt 2/3)
2025-07-14 09:13:13,270 - WARNING - Modbus connection failed (Attempt 3/3)
2025-07-14 09:13:14,270 - ERROR - Modbus connection failed after 3 retries. Last error: None
2025-07-14 09:13:14,270 - WARNING - Attempting to close and recreate Modbus client
2025-07-14 09:13:14,270 - INFO - Attempting Modbus connection on port /dev/ttyUSB0
2025-07-14 09:13:14,270 - ERROR - Modbus connection failed
2025-07-14 09:13:17,674 - INFO - Switched to GUI-1 (Next toggle in 30s
2025-07-14 09:13:18,204 - INFO - CSV write completed at 2025-07-14T09:13:18.204639
2025-07-14 09:13:19,271 - WARNING - Modbus connection failed (Attempt 1/3)
2025-07-14 09:13:20,271 - WARNING - Modbus connection failed (Attempt 2/3)
2025-07-14 09:13:21,271 - WARNING - Modbus connection failed (Attempt 3/3)
2025-07-14 09:13:22,271 - ERROR - Modbus connection failed after 3 retries. Last error: None
2025-07-14 09:13:22,272 - WARNING - Attempting to close and recreate Modbus client
2025-07-14 09:13:22,272 - INFO - Attempting Modbus connection on port /dev/ttyUSB0
2025-07-14 09:13:22,272 - ERROR - Modbus connection failed
2025-07-14 09:13:27,272 - WARNING - Modbus connection failed (Attempt 1/3)
2025-07-14 09:13:28,272 - WARNING - Modbus connection failed (Attempt 2/3)
2025-07-14 09:13:29,273 - WARNING - Modbus connection failed (Attempt 3/3)
2025-07-14 09:13:30,273 - ERROR - Modbus connection failed after 3 retries. Last error: None
2025-07-14 09:13:30,273 - WARNING - Attempting to close and recreate Modbus client
2025-07-14 09:13:30,273 - INFO - Attempting Modbus connection on port /dev/ttyUSB0
2025-07-14 09:13:30,273 - ERROR - Modbus connection failed
2025-07-14 09:13:35,273 - WARNING - Modbus connection failed (Attempt 1/3)
2025-07-14 09:13:36,274 - WARNING - Modbus connection failed (Attempt 2/3)
2025-07-14 09:13:37,274 - WARNING - Modbus connection failed (Attempt 3/3)
2025-07-14 09:13:38,274 - ERROR - Modbus connection failed after 3 retries. Last error: None
2025-07-14 09:13:38,274 - WARNING - Attempting to close and recreate Modbus client
2025-07-14 09:13:38,274 - INFO - Attempting Modbus connection on port /dev/ttyUSB0
2025-07-14 09:13:38,274 - ERROR - Modbus connection failed
2025-07-14 09:13:43,275 - WARNING - Modbus connection failed (Attempt 1/3)
2025-07-14 09:13:44,275 - WARNING - Modbus connection failed (Attempt 2/3)
2025-07-14 09:13:45,275 - WARNING - Modbus connection failed (Attempt 3/3)
2025-07-14 09:13:46,276 - ERROR - Modbus connection failed after 3 retries. Last error: None
2025-07-14 09:13:46,276 - WARNING - Attempting to close and recreate Modbus client
2025-07-14 09:13:46,276 - INFO - Attempting Modbus connection on port /dev/ttyUSB0
2025-07-14 09:13:46,276 - ERROR - Modbus connection failed
2025-07-14 09:13:47,674 - INFO - Switched to GUI-2 (Next toggle in 30s
2025-07-14 09:13:48,206 - INFO - CSV write completed at 2025-07-14T09:13:48.206854
2025-07-14 09:13:51,276 - WARNING - Modbus connection failed (Attempt 1/3)
2025-07-14 09:13:52,277 - WARNING - Modbus connection failed (Attempt 2/3)
2025-07-14 09:13:53,277 - WARNING - Modbus connection failed (Attempt 3/3)
2025-07-14 09:13:54,277 - ERROR - Modbus connection failed after 3 retries. Last error: None
2025-07-14 09:13:54,277 - WARNING - Attempting to close and recreate Modbus client
2025-07-14 09:13:54,277 - INFO - Attempting Modbus connection on port /dev/ttyUSB0
2025-07-14 09:13:54,277 - ERROR - Modbus connection failed
2025-07-14 09:13:59,278 - WARNING - Modbus connection failed (Attempt 1/3)
2025-07-14 09:14:00,278 - WARNING - Modbus connection failed (Attempt 2/3)
2025-07-14 09:14:01,278 - WARNING - Modbus connection failed (Attempt 3/3)
2025-07-14 09:14:02,278 - ERROR - Modbus connection failed after 3 retries. Last error: None
2025-07-14 09:14:02,278 - WARNING - Attempting to close and recreate Modbus client
2025-07-14 09:14:02,279 - INFO - Attempting Modbus connection on port /dev/ttyUSB0
2025-07-14 09:14:02,279 - ERROR - Modbus connection failed
2025-07-14 09:14:07,279 - WARNING - Modbus connection failed (Attempt 1/3)
2025-07-14 09:14:08,279 - WARNING - Modbus connection failed (Attempt 2/3)
2025-07-14 09:14:09,280 - WARNING - Modbus connection failed (Attempt 3/3)
2025-07-14 09:14:10,280 - ERROR - Modbus connection failed after 3 retries. Last error: None
2025-07-14 09:14:10,280 - WARNING - Attempting to close and recreate Modbus client
2025-07-14 09:14:10,280 - INFO - Attempting Modbus connection on port /dev/ttyUSB0
2025-07-14 09:14:10,280 - ERROR - Modbus connection failed
2025-07-14 09:14:15,281 - WARNING - Modbus connection failed (Attempt 1/3)
2025-07-14 09:14:16,281 - WARNING - Modbus connection failed (Attempt 2/3)
2025-07-14 09:14:17,281 - WARNING - Modbus connection failed (Attempt 3/3)
2025-07-14 09:14:17,674 - INFO - Switched to GUI-1 (Next toggle in 30s
2025-07-14 09:14:18,209 - INFO - CSV write completed at 2025-07-14T09:14:18.209408
2025-07-14 09:14:18,281 - ERROR - Modbus connection failed after 3 retries. Last error: None
2025-07-14 09:14:18,281 - WARNING - Attempting to close and recreate Modbus client
2025-07-14 09:14:18,281 - INFO - Attempting Modbus connection on port /dev/ttyUSB0
2025-07-14 09:14:18,282 - ERROR - Modbus connection failed
2025-07-14 09:14:23,282 - WARNING - Modbus connection failed (Attempt 1/3)
2025-07-14 09:14:24,282 - WARNING - Modbus connection failed (Attempt 2/3)
2025-07-14 09:14:25,283 - WARNING - Modbus connection failed (Attempt 3/3)
2025-07-14 09:14:26,283 - ERROR - Modbus connection failed after 3 retries. Last error: None
2025-07-14 09:14:26,283 - WARNING - Attempting to close and recreate Modbus client
2025-07-14 09:14:26,283 - INFO - Attempting Modbus connection on port /dev/ttyUSB0
2025-07-14 09:14:26,283 - ERROR - Modbus connection failed
2025-07-14 09:14:31,283 - WARNING - Modbus connection failed (Attempt 1/3)
2025-07-14 09:14:32,284 - WARNING - Modbus connection failed (Attempt 2/3)
2025-07-14 09:14:33,284 - WARNING - Modbus connection failed (Attempt 3/3)
2025-07-14 09:14:34,284 - ERROR - Modbus connection failed after 3 retries. Last error: None
2025-07-14 09:14:34,284 - WARNING - Attempting to close and recreate Modbus client
2025-07-14 09:14:34,284 - INFO - Attempting Modbus connection on port /dev/ttyUSB0
2025-07-14 09:14:34,285 - ERROR - Modbus connection failed
2025-07-14 09:14:39,285 - WARNING - Modbus connection failed (Attempt 1/3)
2025-07-14 09:14:40,285 - WARNING - Modbus connection failed (Attempt 2/3)
2025-07-14 09:14:41,286 - WARNING - Modbus connection failed (Attempt 3/3)
2025-07-14 09:14:42,286 - ERROR - Modbus connection failed after 3 retries. Last error: None
2025-07-14 09:14:42,286 - WARNING - Attempting to close and recreate Modbus client
2025-07-14 09:14:42,286 - INFO - Attempting Modbus connection on port /dev/ttyUSB0
2025-07-14 09:14:42,286 - ERROR - Modbus connection failed
2025-07-14 09:14:47,286 - WARNING - Modbus connection failed (Attempt 1/3)
2025-07-14 09:14:47,674 - INFO - Switched to GUI-2 (Next toggle in 30s
2025-07-14 09:14:48,212 - INFO - CSV write completed at 2025-07-14T09:14:48.212089
2025-07-14 09:14:48,287 - WARNING - Modbus connection failed (Attempt 2/3)
2025-07-14 09:14:49,287 - WARNING - Modbus connection failed (Attempt 3/3)
2025-07-14 09:14:50,287 - ERROR - Modbus connection failed after 3 retries. Last error: None
2025-07-14 09:14:50,287 - WARNING - Attempting to close and recreate Modbus client
2025-07-14 09:14:50,287 - INFO - Attempting Modbus connection on port /dev/ttyUSB0
2025-07-14 09:14:50,287 - ERROR - Modbus connection failed
2025-07-14 09:14:55,288 - WARNING - Modbus connection failed (Attempt 1/3)
2025-07-14 09:14:56,288 - WARNING - Modbus connection failed (Attempt 2/3)
2025-07-14 09:14:57,288 - WARNING - Modbus connection failed (Attempt 3/3)
2025-07-14 09:14:58,289 - ERROR - Modbus connection failed after 3 retries. Last error: None
2025-07-14 09:14:58,289 - WARNING - Attempting to close and recreate Modbus client
2025-07-14 09:14:58,291 - INFO - Attempting Modbus connection on port /dev/ttyUSB0
2025-07-14 09:14:58,291 - ERROR - Modbus connection failed
2025-07-14 09:15:03,292 - WARNING - Modbus connection failed (Attempt 1/3)
2025-07-14 09:15:04,294 - WARNING - Modbus connection failed (Attempt 2/3)
2025-07-14 09:15:05,294 - WARNING - Modbus connection failed (Attempt 3/3)
2025-07-14 09:15:06,295 - ERROR - Modbus connection failed after 3 retries. Last error: None
2025-07-14 09:15:06,295 - WARNING - Attempting to close and recreate Modbus client
2025-07-14 09:15:06,295 - INFO - Attempting Modbus connection on port /dev/ttyUSB0
2025-07-14 09:15:06,295 - ERROR - Modbus connection failed
2025-07-14 09:15:11,295 - WARNING - Modbus connection failed (Attempt 1/3)
2025-07-14 09:15:12,295 - WARNING - Modbus connection failed (Attempt 2/3)
2025-07-14 09:15:13,296 - WARNING - Modbus connection failed (Attempt 3/3)
2025-07-14 09:15:14,296 - ERROR - Modbus connection failed after 3 retries. Last error: None
2025-07-14 09:15:14,296 - WARNING - Attempting to close and recreate Modbus client
2025-07-14 09:15:14,296 - INFO - Attempting Modbus connection on port /dev/ttyUSB0
2025-07-14 09:15:14,296 - ERROR - Modbus connection failed
2025-07-14 09:15:17,675 - INFO - Switched to GUI-1 (Next toggle in 30s
2025-07-14 09:15:18,214 - INFO - CSV write completed at 2025-07-14T09:15:18.214759
2025-07-14 09:15:19,296 - WARNING - Modbus connection failed (Attempt 1/3)
2025-07-14 09:15:20,302 - WARNING - Modbus connection failed (Attempt 2/3)
2025-07-14 09:15:21,303 - WARNING - Modbus connection failed (Attempt 3/3)
2025-07-14 09:15:22,303 - ERROR - Modbus connection failed after 3 retries. Last error: None
2025-07-14 09:15:22,303 - WARNING - Attempting to close and recreate Modbus client
2025-07-14 09:15:22,303 - INFO - Attempting Modbus connection on port /dev/ttyUSB0
2025-07-14 09:15:22,303 - ERROR - Modbus connection failed
2025-07-14 09:15:27,303 - WARNING - Modbus connection failed (Attempt 1/3)
2025-07-14 09:15:28,304 - WARNING - Modbus connection failed (Attempt 2/3)
2025-07-14 09:15:29,304 - WARNING - Modbus connection failed (Attempt 3/3)
2025-07-14 09:15:30,304 - ERROR - Modbus connection failed after 3 retries. Last error: None
2025-07-14 09:15:30,304 - WARNING - Attempting to close and recreate Modbus client
2025-07-14 09:15:30,304 - INFO - Attempting Modbus connection on port /dev/ttyUSB0
2025-07-14 09:15:30,305 - ERROR - Modbus connection failed
2025-07-14 09:15:35,305 - WARNING - Modbus connection failed (Attempt 1/3)
2025-07-14 09:15:36,305 - WARNING - Modbus connection failed (Attempt 2/3)
2025-07-14 09:15:37,305 - WARNING - Modbus connection failed (Attempt 3/3)
2025-07-14 09:15:38,305 - ERROR - Modbus connection failed after 3 retries. Last error: None
2025-07-14 09:15:38,306 - WARNING - Attempting to close and recreate Modbus client
2025-07-14 09:15:38,306 - INFO - Attempting Modbus connection on port /dev/ttyUSB0
2025-07-14 09:15:38,306 - ERROR - Modbus connection failed
2025-07-14 09:15:43,306 - WARNING - Modbus connection failed (Attempt 1/3)
2025-07-14 09:15:44,306 - WARNING - Modbus connection failed (Attempt 2/3)
2025-07-14 09:15:45,307 - WARNING - Modbus connection failed (Attempt 3/3)
2025-07-14 09:15:46,307 - ERROR - Modbus connection failed after 3 retries. Last error: None
2025-07-14 09:15:46,307 - WARNING - Attempting to close and recreate Modbus client
2025-07-14 09:15:46,307 - INFO - Attempting Modbus connection on port /dev/ttyUSB0
2025-07-14 09:15:46,307 - ERROR - Modbus connection failed
2025-07-14 09:15:47,675 - INFO - Switched to GUI-2 (Next toggle in 30s
2025-07-14 09:15:48,219 - INFO - CSV write completed at 2025-07-14T09:15:48.219781
2025-07-14 09:15:51,307 - WARNING - Modbus connection failed (Attempt 1/3)
2025-07-14 09:15:52,308 - WARNING - Modbus connection failed (Attempt 2/3)
2025-07-14 09:15:53,308 - WARNING - Modbus connection failed (Attempt 3/3)
2025-07-14 09:15:54,308 - ERROR - Modbus connection failed after 3 retries. Last error: None
2025-07-14 09:15:54,308 - WARNING - Attempting to close and recreate Modbus client
2025-07-14 09:15:54,313 - INFO - Attempting Modbus connection on port /dev/ttyUSB0
2025-07-14 09:15:54,313 - ERROR - Modbus connection failed
2025-07-14 09:15:59,313 - WARNING - Modbus connection failed (Attempt 1/3)
2025-07-14 09:16:00,314 - WARNING - Modbus connection failed (Attempt 2/3)
2025-07-14 09:16:01,315 - WARNING - Modbus connection failed (Attempt 3/3)
2025-07-14 09:16:02,315 - ERROR - Modbus connection failed after 3 retries. Last error: None
2025-07-14 09:16:02,315 - WARNING - Attempting to close and recreate Modbus client
2025-07-14 09:16:02,315 - INFO - Attempting Modbus connection on port /dev/ttyUSB0
2025-07-14 09:16:02,315 - ERROR - Modbus connection failed
2025-07-14 09:16:07,315 - WARNING - Modbus connection failed (Attempt 1/3)
2025-07-14 09:16:08,316 - WARNING - Modbus connection failed (Attempt 2/3)
2025-07-14 09:16:09,316 - WARNING - Modbus connection failed (Attempt 3/3)
2025-07-14 09:16:10,316 - ERROR - Modbus connection failed after 3 retries. Last error: None
2025-07-14 09:16:10,316 - WARNING - Attempting to close and recreate Modbus client
2025-07-14 09:16:10,316 - INFO - Attempting Modbus connection on port /dev/ttyUSB0
2025-07-14 09:16:10,316 - ERROR - Modbus connection failed
2025-07-14 09:16:15,317 - WARNING - Modbus connection failed (Attempt 1/3)
2025-07-14 09:16:16,317 - WARNING - Modbus connection failed (Attempt 2/3)
2025-07-14 09:16:17,317 - WARNING - Modbus connection failed (Attempt 3/3)
2025-07-14 09:16:17,675 - INFO - Switched to GUI-1 (Next toggle in 30s
2025-07-14 09:16:18,222 - INFO - CSV write completed at 2025-07-14T09:16:18.222426
2025-07-14 09:16:18,317 - ERROR - Modbus connection failed after 3 retries. Last error: None
2025-07-14 09:16:18,318 - WARNING - Attempting to close and recreate Modbus client
2025-07-14 09:16:18,318 - INFO - Attempting Modbus connection on port /dev/ttyUSB0
2025-07-14 09:16:18,318 - ERROR - Modbus connection failed
2025-07-14 09:16:23,318 - WARNING - Modbus connection failed (Attempt 1/3)
2025-07-14 09:16:24,318 - WARNING - Modbus connection failed (Attempt 2/3)
2025-07-14 09:16:25,319 - WARNING - Modbus connection failed (Attempt 3/3)
2025-07-14 09:16:26,319 - ERROR - Modbus connection failed after 3 retries. Last error: None
2025-07-14 09:16:26,319 - WARNING - Attempting to close and recreate Modbus client
2025-07-14 09:16:26,319 - INFO - Attempting Modbus connection on port /dev/ttyUSB0
2025-07-14 09:16:26,319 - ERROR - Modbus connection failed
2025-07-14 09:16:31,320 - WARNING - Modbus connection failed (Attempt 1/3)
2025-07-14 09:16:32,320 - WARNING - Modbus connection failed (Attempt 2/3)
2025-07-14 09:16:33,320 - WARNING - Modbus connection failed (Attempt 3/3)
2025-07-14 09:16:34,320 - ERROR - Modbus connection failed after 3 retries. Last error: None
2025-07-14 09:16:34,320 - WARNING - Attempting to close and recreate Modbus client
2025-07-14 09:16:34,320 - INFO - Attempting Modbus connection on port /dev/ttyUSB0
2025-07-14 09:16:34,321 - ERROR - Modbus connection failed
2025-07-14 09:16:39,321 - WARNING - Modbus connection failed (Attempt 1/3)
2025-07-14 09:16:40,321 - WARNING - Modbus connection failed (Attempt 2/3)
2025-07-14 09:16:41,321 - WARNING - Modbus connection failed (Attempt 3/3)
2025-07-14 09:16:42,322 - ERROR - Modbus connection failed after 3 retries. Last error: None
2025-07-14 09:16:42,322 - WARNING - Attempting to close and recreate Modbus client
2025-07-14 09:16:42,322 - INFO - Attempting Modbus connection on port /dev/ttyUSB0
2025-07-14 09:16:42,322 - ERROR - Modbus connection failed
2025-07-14 09:16:47,322 - WARNING - Modbus connection failed (Attempt 1/3)
2025-07-14 09:16:47,676 - INFO - Switched to GUI-2 (Next toggle in 30s
2025-07-14 09:16:48,225 - INFO - CSV write completed at 2025-07-14T09:16:48.225061
2025-07-14 09:16:48,322 - WARNING - Modbus connection failed (Attempt 2/3)
2025-07-14 09:16:49,323 - WARNING - Modbus connection failed (Attempt 3/3)
2025-07-14 09:16:50,323 - ERROR - Modbus connection failed after 3 retries. Last error: None
2025-07-14 09:16:50,323 - WARNING - Attempting to close and recreate Modbus client
2025-07-14 09:16:50,323 - INFO - Attempting Modbus connection on port /dev/ttyUSB0
2025-07-14 09:16:50,323 - ERROR - Modbus connection failed
2025-07-14 09:16:55,324 - WARNING - Modbus connection failed (Attempt 1/3)
2025-07-14 09:16:56,324 - WARNING - Modbus connection failed (Attempt 2/3)
2025-07-14 09:16:57,324 - WARNING - Modbus connection failed (Attempt 3/3)
2025-07-14 09:16:58,324 - ERROR - Modbus connection failed after 3 retries. Last error: None
2025-07-14 09:16:58,324 - WARNING - Attempting to close and recreate Modbus client
2025-07-14 09:16:58,324 - INFO - Attempting Modbus connection on port /dev/ttyUSB0
2025-07-14 09:16:58,325 - ERROR - Modbus connection failed
2025-07-14 09:17:03,325 - WARNING - Modbus connection failed (Attempt 1/3)
2025-07-14 09:17:04,325 - WARNING - Modbus connection failed (Attempt 2/3)
2025-07-14 09:17:05,326 - WARNING - Modbus connection failed (Attempt 3/3)
2025-07-14 09:17:06,326 - ERROR - Modbus connection failed after 3 retries. Last error: None
2025-07-14 09:17:06,326 - WARNING - Attempting to close and recreate Modbus client
2025-07-14 09:17:06,326 - INFO - Attempting Modbus connection on port /dev/ttyUSB0
2025-07-14 09:17:06,326 - ERROR - Modbus connection failed
2025-07-14 09:17:11,326 - WARNING - Modbus connection failed (Attempt 1/3)
2025-07-14 09:17:12,327 - WARNING - Modbus connection failed (Attempt 2/3)
2025-07-14 09:17:13,327 - WARNING - Modbus connection failed (Attempt 3/3)
2025-07-14 09:17:14,327 - ERROR - Modbus connection failed after 3 retries. Last error: None
2025-07-14 09:17:14,327 - WARNING - Attempting to close and recreate Modbus client
2025-07-14 09:17:14,327 - INFO - Attempting Modbus connection on port /dev/ttyUSB0
2025-07-14 09:17:14,327 - ERROR - Modbus connection failed
2025-07-14 09:17:17,676 - INFO - Switched to GUI-1 (Next toggle in 30s
2025-07-14 09:17:18,227 - INFO - CSV write completed at 2025-07-14T09:17:18.227706
2025-07-14 09:17:19,328 - WARNING - Modbus connection failed (Attempt 1/3)
2025-07-14 09:17:20,328 - WARNING - Modbus connection failed (Attempt 2/3)
2025-07-14 09:17:21,328 - WARNING - Modbus connection failed (Attempt 3/3)
2025-07-14 09:17:22,328 - ERROR - Modbus connection failed after 3 retries. Last error: None
2025-07-14 09:17:22,328 - WARNING - Attempting to close and recreate Modbus client
2025-07-14 09:17:22,328 - INFO - Attempting Modbus connection on port /dev/ttyUSB0
2025-07-14 09:17:22,329 - ERROR - Modbus connection failed
2025-07-14 09:17:27,329 - WARNING - Modbus connection failed (Attempt 1/3)
2025-07-14 09:17:28,329 - WARNING - Modbus connection failed (Attempt 2/3)
2025-07-14 09:17:29,329 - WARNING - Modbus connection failed (Attempt 3/3)
2025-07-14 09:17:30,330 - ERROR - Modbus connection failed after 3 retries. Last error: None
2025-07-14 09:17:30,330 - WARNING - Attempting to close and recreate Modbus client
2025-07-14 09:17:30,330 - INFO - Attempting Modbus connection on port /dev/ttyUSB0
2025-07-14 09:17:30,330 - ERROR - Modbus connection failed
2025-07-14 09:17:35,330 - WARNING - Modbus connection failed (Attempt 1/3)
2025-07-14 09:17:36,331 - WARNING - Modbus connection failed (Attempt 2/3)
2025-07-14 09:17:37,331 - WARNING - Modbus connection failed (Attempt 3/3)
2025-07-14 09:17:38,331 - ERROR - Modbus connection failed after 3 retries. Last error: None
2025-07-14 09:17:38,331 - WARNING - Attempting to close and recreate Modbus client
2025-07-14 09:17:38,331 - INFO - Attempting Modbus connection on port /dev/ttyUSB0
2025-07-14 09:17:38,332 - ERROR - Modbus connection failed
2025-07-14 09:17:43,332 - WARNING - Modbus connection failed (Attempt 1/3)
2025-07-14 09:17:44,332 - WARNING - Modbus connection failed (Attempt 2/3)
2025-07-14 09:17:45,332 - WARNING - Modbus connection failed (Attempt 3/3)
2025-07-14 09:17:46,332 - ERROR - Modbus connection failed after 3 retries. Last error: None
2025-07-14 09:17:46,333 - WARNING - Attempting to close and recreate Modbus client
2025-07-14 09:17:46,333 - INFO - Attempting Modbus connection on port /dev/ttyUSB0
2025-07-14 09:17:46,333 - ERROR - Modbus connection failed
2025-07-14 09:17:47,676 - INFO - Switched to GUI-2 (Next toggle in 30s
2025-07-14 09:17:48,230 - INFO - CSV write completed at 2025-07-14T09:17:48.230336
2025-07-14 09:17:51,333 - WARNING - Modbus connection failed (Attempt 1/3)
2025-07-14 09:17:52,333 - WARNING - Modbus connection failed (Attempt 2/3)
2025-07-14 09:17:53,334 - WARNING - Modbus connection failed (Attempt 3/3)
2025-07-14 09:17:54,334 - ERROR - Modbus connection failed after 3 retries. Last error: None
2025-07-14 09:17:54,334 - WARNING - Attempting to close and recreate Modbus client
2025-07-14 09:17:54,334 - INFO - Attempting Modbus connection on port /dev/ttyUSB0
2025-07-14 09:17:54,334 - ERROR - Modbus connection failed
2025-07-14 09:17:59,335 - WARNING - Modbus connection failed (Attempt 1/3)
2025-07-14 09:18:00,335 - WARNING - Modbus connection failed (Attempt 2/3)
2025-07-14 09:18:01,335 - WARNING - Modbus connection failed (Attempt 3/3)
2025-07-14 09:18:02,335 - ERROR - Modbus connection failed after 3 retries. Last error: None
2025-07-14 09:18:02,335 - WARNING - Attempting to close and recreate Modbus client
2025-07-14 09:18:02,336 - INFO - Attempting Modbus connection on port /dev/ttyUSB0
2025-07-14 09:18:02,336 - ERROR - Modbus connection failed
2025-07-14 09:18:07,336 - WARNING - Modbus connection failed (Attempt 1/3)
2025-07-14 09:18:08,336 - WARNING - Modbus connection failed (Attempt 2/3)
2025-07-14 09:18:09,336 - WARNING - Modbus connection failed (Attempt 3/3)
2025-07-14 09:18:10,337 - ERROR - Modbus connection failed after 3 retries. Last error: None
2025-07-14 09:18:10,337 - WARNING - Attempting to close and recreate Modbus client
2025-07-14 09:18:10,337 - INFO - Attempting Modbus connection on port /dev/ttyUSB0
2025-07-14 09:18:10,337 - ERROR - Modbus connection failed
2025-07-14 09:18:15,337 - WARNING - Modbus connection failed (Attempt 1/3)
2025-07-14 09:18:16,337 - WARNING - Modbus connection failed (Attempt 2/3)
2025-07-14 09:18:17,338 - WARNING - Modbus connection failed (Attempt 3/3)
2025-07-14 09:18:17,676 - INFO - Switched to GUI-1 (Next toggle in 30s
2025-07-14 09:18:18,233 - INFO - CSV write completed at 2025-07-14T09:18:18.232974
2025-07-14 09:18:18,338 - ERROR - Modbus connection failed after 3 retries. Last error: None
2025-07-14 09:18:18,338 - WARNING - Attempting to close and recreate Modbus client
2025-07-14 09:18:18,338 - INFO - Attempting Modbus connection on port /dev/ttyUSB0
2025-07-14 09:18:18,338 - ERROR - Modbus connection failed
2025-07-14 09:18:23,339 - WARNING - Modbus connection failed (Attempt 1/3)
2025-07-14 09:18:24,339 - WARNING - Modbus connection failed (Attempt 2/3)
2025-07-14 09:18:25,339 - WARNING - Modbus connection failed (Attempt 3/3)
2025-07-14 09:18:26,349 - ERROR - Modbus connection failed after 3 retries. Last error: None
2025-07-14 09:18:26,349 - WARNING - Attempting to close and recreate Modbus client
2025-07-14 09:18:26,349 - INFO - Attempting Modbus connection on port /dev/ttyUSB0
2025-07-14 09:18:26,349 - ERROR - Modbus connection failed
2025-07-14 09:18:31,350 - WARNING - Modbus connection failed (Attempt 1/3)
2025-07-14 09:18:32,350 - WARNING - Modbus connection failed (Attempt 2/3)
2025-07-14 09:18:33,350 - WARNING - Modbus connection failed (Attempt 3/3)
2025-07-14 09:18:34,350 - ERROR - Modbus connection failed after 3 retries. Last error: None
2025-07-14 09:18:34,350 - WARNING - Attempting to close and recreate Modbus client
2025-07-14 09:18:34,350 - INFO - Attempting Modbus connection on port /dev/ttyUSB0
2025-07-14 09:18:34,351 - ERROR - Modbus connection failed
2025-07-14 09:18:39,351 - WARNING - Modbus connection failed (Attempt 1/3)
2025-07-14 09:18:40,351 - WARNING - Modbus connection failed (Attempt 2/3)
2025-07-14 09:18:41,352 - WARNING - Modbus connection failed (Attempt 3/3)
2025-07-14 09:18:42,352 - ERROR - Modbus connection failed after 3 retries. Last error: None
2025-07-14 09:18:42,352 - WARNING - Attempting to close and recreate Modbus client
2025-07-14 09:18:42,352 - INFO - Attempting Modbus connection on port /dev/ttyUSB0
2025-07-14 09:18:42,352 - ERROR - Modbus connection failed
2025-07-14 09:18:47,352 - WARNING - Modbus connection failed (Attempt 1/3)
2025-07-14 09:18:47,677 - INFO - Switched to GUI-2 (Next toggle in 30s
2025-07-14 09:18:48,235 - INFO - CSV write completed at 2025-07-14T09:18:48.235626
2025-07-14 09:18:48,353 - WARNING - Modbus connection failed (Attempt 2/3)
2025-07-14 09:18:49,353 - WARNING - Modbus connection failed (Attempt 3/3)
2025-07-14 09:18:50,353 - ERROR - Modbus connection failed after 3 retries. Last error: None
2025-07-14 09:18:50,353 - WARNING - Attempting to close and recreate Modbus client
2025-07-14 09:18:50,353 - INFO - Attempting Modbus connection on port /dev/ttyUSB0
2025-07-14 09:18:50,353 - ERROR - Modbus connection failed
2025-07-14 09:18:55,354 - WARNING - Modbus connection failed (Attempt 1/3)
2025-07-14 09:18:56,354 - WARNING - Modbus connection failed (Attempt 2/3)
2025-07-14 09:18:57,354 - WARNING - Modbus connection failed (Attempt 3/3)
2025-07-14 09:18:58,354 - ERROR - Modbus connection failed after 3 retries. Last error: None
2025-07-14 09:18:58,354 - WARNING - Attempting to close and recreate Modbus client
2025-07-14 09:18:58,354 - INFO - Attempting Modbus connection on port /dev/ttyUSB0
2025-07-14 09:18:58,355 - ERROR - Modbus connection failed
2025-07-14 09:19:03,355 - WARNING - Modbus connection failed (Attempt 1/3)
2025-07-14 09:19:04,355 - WARNING - Modbus connection failed (Attempt 2/3)
2025-07-14 09:19:05,355 - WARNING - Modbus connection failed (Attempt 3/3)
2025-07-14 09:19:06,355 - ERROR - Modbus connection failed after 3 retries. Last error: None
2025-07-14 09:19:06,356 - WARNING - Attempting to close and recreate Modbus client
2025-07-14 09:19:06,356 - INFO - Attempting Modbus connection on port /dev/ttyUSB0
2025-07-14 09:19:06,356 - ERROR - Modbus connection failed
2025-07-14 09:19:11,356 - WARNING - Modbus connection failed (Attempt 1/3)
2025-07-14 09:19:12,356 - WARNING - Modbus connection failed (Attempt 2/3)
2025-07-14 09:19:13,357 - WARNING - Modbus connection failed (Attempt 3/3)
2025-07-14 09:19:14,357 - ERROR - Modbus connection failed after 3 retries. Last error: None
2025-07-14 09:19:14,357 - WARNING - Attempting to close and recreate Modbus client
2025-07-14 09:19:14,357 - INFO - Attempting Modbus connection on port /dev/ttyUSB0
2025-07-14 09:19:14,357 - ERROR - Modbus connection failed
2025-07-14 09:19:17,677 - INFO - Switched to GUI-1 (Next toggle in 30s
2025-07-14 09:19:18,238 - INFO - CSV write completed at 2025-07-14T09:19:18.238179
2025-07-14 09:19:19,357 - WARNING - Modbus connection failed (Attempt 1/3)
2025-07-14 09:19:20,358 - WARNING - Modbus connection failed (Attempt 2/3)
2025-07-14 09:19:21,358 - WARNING - Modbus connection failed (Attempt 3/3)
2025-07-14 09:19:22,358 - ERROR - Modbus connection failed after 3 retries. Last error: None
2025-07-14 09:19:22,358 - WARNING - Attempting to close and recreate Modbus client
2025-07-14 09:19:22,358 - INFO - Attempting Modbus connection on port /dev/ttyUSB0
2025-07-14 09:19:22,358 - ERROR - Modbus connection failed
2025-07-14 09:19:27,359 - WARNING - Modbus connection failed (Attempt 1/3)
2025-07-14 09:19:28,359 - WARNING - Modbus connection failed (Attempt 2/3)
2025-07-14 09:19:29,359 - WARNING - Modbus connection failed (Attempt 3/3)
2025-07-14 09:19:30,359 - ERROR - Modbus connection failed after 3 retries. Last error: None
2025-07-14 09:19:30,359 - WARNING - Attempting to close and recreate Modbus client
2025-07-14 09:19:30,359 - INFO - Attempting Modbus connection on port /dev/ttyUSB0
2025-07-14 09:19:30,360 - ERROR - Modbus connection failed
2025-07-14 09:19:35,360 - WARNING - Modbus connection failed (Attempt 1/3)
2025-07-14 09:19:36,360 - WARNING - Modbus connection failed (Attempt 2/3)
2025-07-14 09:19:37,361 - WARNING - Modbus connection failed (Attempt 3/3)
2025-07-14 09:19:38,361 - ERROR - Modbus connection failed after 3 retries. Last error: None
2025-07-14 09:19:38,361 - WARNING - Attempting to close and recreate Modbus client
2025-07-14 09:19:38,361 - INFO - Attempting Modbus connection on port /dev/ttyUSB0
2025-07-14 09:19:38,361 - ERROR - Modbus connection failed
2025-07-14 09:19:43,361 - WARNING - Modbus connection failed (Attempt 1/3)
2025-07-14 09:19:44,362 - WARNING - Modbus connection failed (Attempt 2/3)
2025-07-14 09:19:45,362 - WARNING - Modbus connection failed (Attempt 3/3)
2025-07-14 09:19:46,362 - ERROR - Modbus connection failed after 3 retries. Last error: None
2025-07-14 09:19:46,362 - WARNING - Attempting to close and recreate Modbus client
2025-07-14 09:19:46,362 - INFO - Attempting Modbus connection on port /dev/ttyUSB0
2025-07-14 09:19:46,362 - ERROR - Modbus connection failed
2025-07-14 09:19:47,677 - INFO - Switched to GUI-2 (Next toggle in 30s
2025-07-14 09:19:48,240 - INFO - CSV write completed at 2025-07-14T09:19:48.240615
2025-07-14 09:19:51,363 - WARNING - Modbus connection failed (Attempt 1/3)
2025-07-14 09:19:52,363 - WARNING - Modbus connection failed (Attempt 2/3)
2025-07-14 09:19:53,363 - WARNING - Modbus connection failed (Attempt 3/3)
2025-07-14 09:19:54,363 - ERROR - Modbus connection failed after 3 retries. Last error: None
2025-07-14 09:19:54,363 - WARNING - Attempting to close and recreate Modbus client
2025-07-14 09:19:54,364 - INFO - Attempting Modbus connection on port /dev/ttyUSB0
2025-07-14 09:19:54,364 - ERROR - Modbus connection failed
2025-07-14 09:19:59,364 - WARNING - Modbus connection failed (Attempt 1/3)
2025-07-14 09:20:00,364 - WARNING - Modbus connection failed (Attempt 2/3)
2025-07-14 09:20:01,365 - WARNING - Modbus connection failed (Attempt 3/3)
2025-07-14 09:20:02,365 - ERROR - Modbus connection failed after 3 retries. Last error: None
2025-07-14 09:20:02,365 - WARNING - Attempting to close and recreate Modbus client
2025-07-14 09:20:02,374 - INFO - Attempting Modbus connection on port /dev/ttyUSB0
2025-07-14 09:20:02,374 - ERROR - Modbus connection failed
2025-07-14 09:20:07,374 - WARNING - Modbus connection failed (Attempt 1/3)
2025-07-14 09:20:08,382 - WARNING - Modbus connection failed (Attempt 2/3)
2025-07-14 09:20:09,383 - WARNING - Modbus connection failed (Attempt 3/3)
2025-07-14 09:20:10,383 - ERROR - Modbus connection failed after 3 retries. Last error: None
2025-07-14 09:20:10,383 - WARNING - Attempting to close and recreate Modbus client
2025-07-14 09:20:10,383 - INFO - Attempting Modbus connection on port /dev/ttyUSB0
2025-07-14 09:20:10,383 - ERROR - Modbus connection failed
2025-07-14 09:20:15,383 - WARNING - Modbus connection failed (Attempt 1/3)
2025-07-14 09:20:16,384 - WARNING - Modbus connection failed (Attempt 2/3)
2025-07-14 09:20:17,384 - WARNING - Modbus connection failed (Attempt 3/3)
2025-07-14 09:20:17,677 - INFO - Switched to GUI-1 (Next toggle in 30s
2025-07-14 09:20:18,242 - INFO - CSV write completed at 2025-07-14T09:20:18.242766
2025-07-14 09:20:18,384 - ERROR - Modbus connection failed after 3 retries. Last error: None
2025-07-14 09:20:18,384 - WARNING - Attempting to close and recreate Modbus client
2025-07-14 09:20:18,384 - INFO - Attempting Modbus connection on port /dev/ttyUSB0
2025-07-14 09:20:18,385 - ERROR - Modbus connection failed
2025-07-14 09:20:23,385 - WARNING - Modbus connection failed (Attempt 1/3)
2025-07-14 09:20:24,385 - WARNING - Modbus connection failed (Attempt 2/3)
2025-07-14 09:20:25,385 - WARNING - Modbus connection failed (Attempt 3/3)
2025-07-14 09:20:26,386 - ERROR - Modbus connection failed after 3 retries. Last error: None
2025-07-14 09:20:26,386 - WARNING - Attempting to close and recreate Modbus client
2025-07-14 09:20:26,386 - INFO - Attempting Modbus connection on port /dev/ttyUSB0
2025-07-14 09:20:26,386 - ERROR - Modbus connection failed
2025-07-14 09:20:31,386 - WARNING - Modbus connection failed (Attempt 1/3)
2025-07-14 09:20:32,387 - WARNING - Modbus connection failed (Attempt 2/3)
2025-07-14 09:20:33,387 - WARNING - Modbus connection failed (Attempt 3/3)
2025-07-14 09:20:34,387 - ERROR - Modbus connection failed after 3 retries. Last error: None
2025-07-14 09:20:34,387 - WARNING - Attempting to close and recreate Modbus client
2025-07-14 09:20:34,387 - INFO - Attempting Modbus connection on port /dev/ttyUSB0
2025-07-14 09:20:34,387 - ERROR - Modbus connection failed
2025-07-14 09:20:39,388 - WARNING - Modbus connection failed (Attempt 1/3)
2025-07-14 09:20:40,388 - WARNING - Modbus connection failed (Attempt 2/3)
2025-07-14 09:20:41,388 - WARNING - Modbus connection failed (Attempt 3/3)
2025-07-14 09:20:42,388 - ERROR - Modbus connection failed after 3 retries. Last error: None
2025-07-14 09:20:42,388 - WARNING - Attempting to close and recreate Modbus client
2025-07-14 09:20:42,388 - INFO - Attempting Modbus connection on port /dev/ttyUSB0
2025-07-14 09:20:42,388 - ERROR - Modbus connection failed
2025-07-14 09:20:47,389 - WARNING - Modbus connection failed (Attempt 1/3)
2025-07-14 09:20:47,678 - INFO - Switched to GUI-2 (Next toggle in 30s
2025-07-14 09:20:48,244 - INFO - CSV write completed at 2025-07-14T09:20:48.244863
2025-07-14 09:20:48,389 - WARNING - Modbus connection failed (Attempt 2/3)
2025-07-14 09:20:49,389 - WARNING - Modbus connection failed (Attempt 3/3)
2025-07-14 09:20:50,390 - ERROR - Modbus connection failed after 3 retries. Last error: None
2025-07-14 09:20:50,390 - WARNING - Attempting to close and recreate Modbus client
2025-07-14 09:20:50,390 - INFO - Attempting Modbus connection on port /dev/ttyUSB0
2025-07-14 09:20:50,390 - ERROR - Modbus connection failed
2025-07-14 09:20:55,390 - WARNING - Modbus connection failed (Attempt 1/3)
2025-07-14 09:20:56,391 - WARNING - Modbus connection failed (Attempt 2/3)
2025-07-14 09:20:57,391 - WARNING - Modbus connection failed (Attempt 3/3)
2025-07-14 09:20:58,391 - ERROR - Modbus connection failed after 3 retries. Last error: None
2025-07-14 09:20:58,391 - WARNING - Attempting to close and recreate Modbus client
2025-07-14 09:20:58,395 - INFO - Attempting Modbus connection on port /dev/ttyUSB0
2025-07-14 09:20:58,395 - ERROR - Modbus connection failed
2025-07-14 09:21:03,396 - WARNING - Modbus connection failed (Attempt 1/3)
2025-07-14 09:21:04,402 - WARNING - Modbus connection failed (Attempt 2/3)
2025-07-14 09:21:05,402 - WARNING - Modbus connection failed (Attempt 3/3)
2025-07-14 09:21:06,402 - ERROR - Modbus connection failed after 3 retries. Last error: None
2025-07-14 09:21:06,402 - WARNING - Attempting to close and recreate Modbus client
2025-07-14 09:21:06,402 - INFO - Attempting Modbus connection on port /dev/ttyUSB0
2025-07-14 09:21:06,403 - ERROR - Modbus connection failed
2025-07-14 09:21:11,403 - WARNING - Modbus connection failed (Attempt 1/3)
2025-07-14 09:21:12,403 - WARNING - Modbus connection failed (Attempt 2/3)
2025-07-14 09:21:13,403 - WARNING - Modbus connection failed (Attempt 3/3)
2025-07-14 09:21:14,404 - ERROR - Modbus connection failed after 3 retries. Last error: None
2025-07-14 09:21:14,404 - WARNING - Attempting to close and recreate Modbus client
2025-07-14 09:21:14,404 - INFO - Attempting Modbus connection on port /dev/ttyUSB0
2025-07-14 09:21:14,404 - ERROR - Modbus connection failed
2025-07-14 09:21:17,678 - INFO - Switched to GUI-1 (Next toggle in 30s
2025-07-14 09:21:18,247 - INFO - CSV write completed at 2025-07-14T09:21:18.247025
2025-07-14 09:21:19,404 - WARNING - Modbus connection failed (Attempt 1/3)
2025-07-14 09:21:20,405 - WARNING - Modbus connection failed (Attempt 2/3)
2025-07-14 09:21:21,405 - WARNING - Modbus connection failed (Attempt 3/3)
2025-07-14 09:21:22,405 - ERROR - Modbus connection failed after 3 retries. Last error: None
2025-07-14 09:21:22,405 - WARNING - Attempting to close and recreate Modbus client
2025-07-14 09:21:22,405 - INFO - Attempting Modbus connection on port /dev/ttyUSB0
2025-07-14 09:21:22,405 - ERROR - Modbus connection failed
2025-07-14 09:21:27,406 - WARNING - Modbus connection failed (Attempt 1/3)
2025-07-14 09:21:28,406 - WARNING - Modbus connection failed (Attempt 2/3)
2025-07-14 09:21:29,406 - WARNING - Modbus connection failed (Attempt 3/3)
2025-07-14 09:21:30,406 - ERROR - Modbus connection failed after 3 retries. Last error: None
2025-07-14 09:21:30,406 - WARNING - Attempting to close and recreate Modbus client
2025-07-14 09:21:30,406 - INFO - Attempting Modbus connection on port /dev/ttyUSB0
2025-07-14 09:21:30,406 - ERROR - Modbus connection failed
2025-07-14 09:21:35,407 - WARNING - Modbus connection failed (Attempt 1/3)
2025-07-14 09:21:36,407 - WARNING - Modbus connection failed (Attempt 2/3)
2025-07-14 09:21:37,407 - WARNING - Modbus connection failed (Attempt 3/3)
2025-07-14 09:21:38,407 - ERROR - Modbus connection failed after 3 retries. Last error: None
2025-07-14 09:21:38,407 - WARNING - Attempting to close and recreate Modbus client
2025-07-14 09:21:38,408 - INFO - Attempting Modbus connection on port /dev/ttyUSB0
2025-07-14 09:21:38,408 - ERROR - Modbus connection failed
2025-07-14 09:21:43,408 - WARNING - Modbus connection failed (Attempt 1/3)
2025-07-14 09:21:44,408 - WARNING - Modbus connection failed (Attempt 2/3)
2025-07-14 09:21:45,409 - WARNING - Modbus connection failed (Attempt 3/3)
2025-07-14 09:21:46,409 - ERROR - Modbus connection failed after 3 retries. Last error: None
2025-07-14 09:21:46,409 - WARNING - Attempting to close and recreate Modbus client
2025-07-14 09:21:46,409 - INFO - Attempting Modbus connection on port /dev/ttyUSB0
2025-07-14 09:21:46,409 - ERROR - Modbus connection failed
2025-07-14 09:21:47,678 - INFO - Switched to GUI-2 (Next toggle in 30s
2025-07-14 09:21:48,252 - INFO - CSV write completed at 2025-07-14T09:21:48.252313
2025-07-14 09:21:51,410 - WARNING - Modbus connection failed (Attempt 1/3)
2025-07-14 09:21:52,410 - WARNING - Modbus connection failed (Attempt 2/3)
2025-07-14 09:21:53,410 - WARNING - Modbus connection failed (Attempt 3/3)
2025-07-14 09:21:54,410 - ERROR - Modbus connection failed after 3 retries. Last error: None
2025-07-14 09:21:54,410 - WARNING - Attempting to close and recreate Modbus client
2025-07-14 09:21:54,410 - INFO - Attempting Modbus connection on port /dev/ttyUSB0
2025-07-14 09:21:54,411 - ERROR - Modbus connection failed
2025-07-14 09:21:59,411 - WARNING - Modbus connection failed (Attempt 1/3)
2025-07-14 09:22:00,414 - WARNING - Modbus connection failed (Attempt 2/3)
2025-07-14 09:22:01,415 - WARNING - Modbus connection failed (Attempt 3/3)
2025-07-14 09:22:02,415 - ERROR - Modbus connection failed after 3 retries. Last error: None
2025-07-14 09:22:02,415 - WARNING - Attempting to close and recreate Modbus client
2025-07-14 09:22:02,415 - INFO - Attempting Modbus connection on port /dev/ttyUSB0
2025-07-14 09:22:02,415 - ERROR - Modbus connection failed
2025-07-14 09:22:07,415 - WARNING - Modbus connection failed (Attempt 1/3)
2025-07-14 09:22:08,419 - WARNING - Modbus connection failed (Attempt 2/3)
2025-07-14 09:22:09,419 - WARNING - Modbus connection failed (Attempt 3/3)
2025-07-14 09:22:10,419 - ERROR - Modbus connection failed after 3 retries. Last error: None
2025-07-14 09:22:10,419 - WARNING - Attempting to close and recreate Modbus client
2025-07-14 09:22:10,419 - INFO - Attempting Modbus connection on port /dev/ttyUSB0
2025-07-14 09:22:10,419 - ERROR - Modbus connection failed
2025-07-14 09:22:15,420 - WARNING - Modbus connection failed (Attempt 1/3)
2025-07-14 09:22:16,420 - WARNING - Modbus connection failed (Attempt 2/3)
2025-07-14 09:22:17,420 - WARNING - Modbus connection failed (Attempt 3/3)
2025-07-14 09:22:17,678 - INFO - Switched to GUI-1 (Next toggle in 30s
2025-07-14 09:22:18,257 - INFO - CSV write completed at 2025-07-14T09:22:18.257156
2025-07-14 09:22:18,420 - ERROR - Modbus connection failed after 3 retries. Last error: None
2025-07-14 09:22:18,420 - WARNING - Attempting to close and recreate Modbus client
2025-07-14 09:22:18,420 - INFO - Attempting Modbus connection on port /dev/ttyUSB0
2025-07-14 09:22:18,421 - ERROR - Modbus connection failed
2025-07-14 09:22:23,421 - WARNING - Modbus connection failed (Attempt 1/3)
2025-07-14 09:22:24,421 - WARNING - Modbus connection failed (Attempt 2/3)
2025-07-14 09:22:25,421 - WARNING - Modbus connection failed (Attempt 3/3)
2025-07-14 09:22:26,422 - ERROR - Modbus connection failed after 3 retries. Last error: None
2025-07-14 09:22:26,422 - WARNING - Attempting to close and recreate Modbus client
2025-07-14 09:22:26,422 - INFO - Attempting Modbus connection on port /dev/ttyUSB0
2025-07-14 09:22:26,422 - ERROR - Modbus connection failed
2025-07-14 09:22:31,422 - WARNING - Modbus connection failed (Attempt 1/3)
2025-07-14 09:22:32,422 - WARNING - Modbus connection failed (Attempt 2/3)
2025-07-14 09:22:33,423 - WARNING - Modbus connection failed (Attempt 3/3)
2025-07-14 09:22:34,423 - ERROR - Modbus connection failed after 3 retries. Last error: None
2025-07-14 09:22:34,423 - WARNING - Attempting to close and recreate Modbus client
2025-07-14 09:22:34,423 - INFO - Attempting Modbus connection on port /dev/ttyUSB0
2025-07-14 09:22:34,423 - ERROR - Modbus connection failed
2025-07-14 09:22:39,424 - WARNING - Modbus connection failed (Attempt 1/3)
2025-07-14 09:22:40,424 - WARNING - Modbus connection failed (Attempt 2/3)
2025-07-14 09:22:41,424 - WARNING - Modbus connection failed (Attempt 3/3)
2025-07-14 09:22:42,424 - ERROR - Modbus connection failed after 3 retries. Last error: None
2025-07-14 09:22:42,424 - WARNING - Attempting to close and recreate Modbus client
2025-07-14 09:22:42,424 - INFO - Attempting Modbus connection on port /dev/ttyUSB0
2025-07-14 09:22:42,425 - ERROR - Modbus connection failed
2025-07-14 09:22:47,425 - WARNING - Modbus connection failed (Attempt 1/3)
2025-07-14 09:22:47,679 - INFO - Switched to GUI-2 (Next toggle in 30s
2025-07-14 09:22:48,259 - INFO - CSV write completed at 2025-07-14T09:22:48.259394
2025-07-14 09:22:48,425 - WARNING - Modbus connection failed (Attempt 2/3)
2025-07-14 09:22:49,426 - WARNING - Modbus connection failed (Attempt 3/3)
2025-07-14 09:22:50,426 - ERROR - Modbus connection failed after 3 retries. Last error: None
2025-07-14 09:22:50,426 - WARNING - Attempting to close and recreate Modbus client
2025-07-14 09:22:50,426 - INFO - Attempting Modbus connection on port /dev/ttyUSB0
2025-07-14 09:22:50,426 - ERROR - Modbus connection failed
2025-07-14 09:22:55,426 - WARNING - Modbus connection failed (Attempt 1/3)
2025-07-14 09:22:56,427 - WARNING - Modbus connection failed (Attempt 2/3)
2025-07-14 09:22:57,427 - WARNING - Modbus connection failed (Attempt 3/3)
2025-07-14 09:22:58,427 - ERROR - Modbus connection failed after 3 retries. Last error: None
2025-07-14 09:22:58,427 - WARNING - Attempting to close and recreate Modbus client
2025-07-14 09:22:58,427 - INFO - Attempting Modbus connection on port /dev/ttyUSB0
2025-07-14 09:22:58,428 - ERROR - Modbus connection failed
2025-07-14 09:23:03,428 - WARNING - Modbus connection failed (Attempt 1/3)
2025-07-14 09:23:04,428 - WARNING - Modbus connection failed (Attempt 2/3)
2025-07-14 09:23:05,428 - WARNING - Modbus connection failed (Attempt 3/3)
2025-07-14 09:23:06,428 - ERROR - Modbus connection failed after 3 retries. Last error: None
2025-07-14 09:23:06,428 - WARNING - Attempting to close and recreate Modbus client
2025-07-14 09:23:06,429 - INFO - Attempting Modbus connection on port /dev/ttyUSB0
2025-07-14 09:23:06,429 - ERROR - Modbus connection failed
2025-07-14 09:23:11,429 - WARNING - Modbus connection failed (Attempt 1/3)
2025-07-14 09:23:12,429 - WARNING - Modbus connection failed (Attempt 2/3)
2025-07-14 09:23:13,430 - WARNING - Modbus connection failed (Attempt 3/3)
2025-07-14 09:23:14,430 - ERROR - Modbus connection failed after 3 retries. Last error: None
2025-07-14 09:23:14,430 - WARNING - Attempting to close and recreate Modbus client
2025-07-14 09:23:14,430 - INFO - Attempting Modbus connection on port /dev/ttyUSB0
2025-07-14 09:23:14,430 - ERROR - Modbus connection failed
2025-07-14 09:23:17,679 - INFO - Switched to GUI-1 (Next toggle in 30s
2025-07-14 09:23:18,262 - INFO - CSV write completed at 2025-07-14T09:23:18.262688
2025-07-14 09:23:19,430 - WARNING - Modbus connection failed (Attempt 1/3)
2025-07-14 09:23:20,431 - WARNING - Modbus connection failed (Attempt 2/3)
2025-07-14 09:23:21,431 - WARNING - Modbus connection failed (Attempt 3/3)
2025-07-14 09:23:22,431 - ERROR - Modbus connection failed after 3 retries. Last error: None
2025-07-14 09:23:22,431 - WARNING - Attempting to close and recreate Modbus client
2025-07-14 09:23:22,431 - INFO - Attempting Modbus connection on port /dev/ttyUSB0
2025-07-14 09:23:22,432 - ERROR - Modbus connection failed
2025-07-14 09:23:27,432 - WARNING - Modbus connection failed (Attempt 1/3)
2025-07-14 09:23:28,432 - WARNING - Modbus connection failed (Attempt 2/3)
2025-07-14 09:23:29,432 - WARNING - Modbus connection failed (Attempt 3/3)
2025-07-14 09:23:30,433 - ERROR - Modbus connection failed after 3 retries. Last error: None
2025-07-14 09:23:30,433 - WARNING - Attempting to close and recreate Modbus client
2025-07-14 09:23:30,433 - INFO - Attempting Modbus connection on port /dev/ttyUSB0
2025-07-14 09:23:30,433 - ERROR - Modbus connection failed
2025-07-14 09:23:35,433 - WARNING - Modbus connection failed (Attempt 1/3)
2025-07-14 09:23:36,434 - WARNING - Modbus connection failed (Attempt 2/3)
2025-07-14 09:23:37,434 - WARNING - Modbus connection failed (Attempt 3/3)
2025-07-14 09:23:38,434 - ERROR - Modbus connection failed after 3 retries. Last error: None
2025-07-14 09:23:38,434 - WARNING - Attempting to close and recreate Modbus client
2025-07-14 09:23:38,434 - INFO - Attempting Modbus connection on port /dev/ttyUSB0
2025-07-14 09:23:38,434 - ERROR - Modbus connection failed
2025-07-14 09:23:43,435 - WARNING - Modbus connection failed (Attempt 1/3)
2025-07-14 09:23:44,435 - WARNING - Modbus connection failed (Attempt 2/3)
2025-07-14 09:23:45,435 - WARNING - Modbus connection failed (Attempt 3/3)
2025-07-14 09:23:46,435 - ERROR - Modbus connection failed after 3 retries. Last error: None
2025-07-14 09:23:46,435 - WARNING - Attempting to close and recreate Modbus client
2025-07-14 09:23:46,436 - INFO - Attempting Modbus connection on port /dev/ttyUSB0
2025-07-14 09:23:46,436 - ERROR - Modbus connection failed
2025-07-14 09:23:47,679 - INFO - Switched to GUI-2 (Next toggle in 30s
2025-07-14 09:23:48,266 - INFO - CSV write completed at 2025-07-14T09:23:48.265996
2025-07-14 09:23:51,436 - WARNING - Modbus connection failed (Attempt 1/3)
2025-07-14 09:23:52,436 - WARNING - Modbus connection failed (Attempt 2/3)
2025-07-14 09:23:53,437 - WARNING - Modbus connection failed (Attempt 3/3)
2025-07-14 09:23:54,437 - ERROR - Modbus connection failed after 3 retries. Last error: None
2025-07-14 09:23:54,437 - WARNING - Attempting to close and recreate Modbus client
2025-07-14 09:23:54,437 - INFO - Attempting Modbus connection on port /dev/ttyUSB0
2025-07-14 09:23:54,437 - ERROR - Modbus connection failed
2025-07-14 09:23:59,437 - WARNING - Modbus connection failed (Attempt 1/3)
2025-07-14 09:24:00,438 - WARNING - Modbus connection failed (Attempt 2/3)
2025-07-14 09:24:01,438 - WARNING - Modbus connection failed (Attempt 3/3)
2025-07-14 09:24:02,438 - ERROR - Modbus connection failed after 3 retries. Last error: None
2025-07-14 09:24:02,438 - WARNING - Attempting to close and recreate Modbus client
2025-07-14 09:24:02,438 - INFO - Attempting Modbus connection on port /dev/ttyUSB0
2025-07-14 09:24:02,438 - ERROR - Modbus connection failed
2025-07-14 09:24:07,439 - WARNING - Modbus connection failed (Attempt 1/3)
2025-07-14 09:24:08,442 - WARNING - Modbus connection failed (Attempt 2/3)
2025-07-14 09:24:09,442 - WARNING - Modbus connection failed (Attempt 3/3)
2025-07-14 09:24:10,442 - ERROR - Modbus connection failed after 3 retries. Last error: None
2025-07-14 09:24:10,442 - WARNING - Attempting to close and recreate Modbus client
2025-07-14 09:24:10,443 - INFO - Attempting Modbus connection on port /dev/ttyUSB0
2025-07-14 09:24:10,443 - ERROR - Modbus connection failed
2025-07-14 09:24:15,443 - WARNING - Modbus connection failed (Attempt 1/3)
2025-07-14 09:24:16,443 - WARNING - Modbus connection failed (Attempt 2/3)
2025-07-14 09:24:17,444 - WARNING - Modbus connection failed (Attempt 3/3)
2025-07-14 09:24:17,680 - INFO - Switched to GUI-1 (Next toggle in 30s
2025-07-14 09:24:18,269 - INFO - CSV write completed at 2025-07-14T09:24:18.269113
2025-07-14 09:24:18,444 - ERROR - Modbus connection failed after 3 retries. Last error: None
2025-07-14 09:24:18,444 - WARNING - Attempting to close and recreate Modbus client
2025-07-14 09:24:18,444 - INFO - Attempting Modbus connection on port /dev/ttyUSB0
2025-07-14 09:24:18,444 - ERROR - Modbus connection failed
2025-07-14 09:24:23,444 - WARNING - Modbus connection failed (Attempt 1/3)
2025-07-14 09:24:24,445 - WARNING - Modbus connection failed (Attempt 2/3)
2025-07-14 09:24:25,445 - WARNING - Modbus connection failed (Attempt 3/3)
2025-07-14 09:24:26,445 - ERROR - Modbus connection failed after 3 retries. Last error: None
2025-07-14 09:24:26,445 - WARNING - Attempting to close and recreate Modbus client
2025-07-14 09:24:26,445 - INFO - Attempting Modbus connection on port /dev/ttyUSB0
2025-07-14 09:24:26,445 - ERROR - Modbus connection failed
2025-07-14 09:24:31,446 - WARNING - Modbus connection failed (Attempt 1/3)
2025-07-14 09:24:32,446 - WARNING - Modbus connection failed (Attempt 2/3)
2025-07-14 09:24:33,446 - WARNING - Modbus connection failed (Attempt 3/3)
2025-07-14 09:24:34,447 - ERROR - Modbus connection failed after 3 retries. Last error: None
2025-07-14 09:24:34,447 - WARNING - Attempting to close and recreate Modbus client
2025-07-14 09:24:34,447 - INFO - Attempting Modbus connection on port /dev/ttyUSB0
2025-07-14 09:24:34,447 - ERROR - Modbus connection failed
2025-07-14 09:24:39,447 - WARNING - Modbus connection failed (Attempt 1/3)
2025-07-14 09:24:40,448 - WARNING - Modbus connection failed (Attempt 2/3)
2025-07-14 09:24:41,448 - WARNING - Modbus connection failed (Attempt 3/3)
2025-07-14 09:24:42,448 - ERROR - Modbus connection failed after 3 retries. Last error: None
2025-07-14 09:24:42,448 - WARNING - Attempting to close and recreate Modbus client
2025-07-14 09:24:42,448 - INFO - Attempting Modbus connection on port /dev/ttyUSB0
2025-07-14 09:24:42,448 - ERROR - Modbus connection failed
2025-07-14 09:24:47,449 - WARNING - Modbus connection failed (Attempt 1/3)
2025-07-14 09:24:47,680 - INFO - Switched to GUI-2 (Next toggle in 30s
2025-07-14 09:24:48,272 - INFO - CSV write completed at 2025-07-14T09:24:48.272206
2025-07-14 09:24:48,449 - WARNING - Modbus connection failed (Attempt 2/3)
2025-07-14 09:24:49,449 - WARNING - Modbus connection failed (Attempt 3/3)
2025-07-14 09:24:50,450 - ERROR - Modbus connection failed after 3 retries. Last error: None
2025-07-14 09:24:50,450 - WARNING - Attempting to close and recreate Modbus client
2025-07-14 09:24:50,450 - INFO - Attempting Modbus connection on port /dev/ttyUSB0
2025-07-14 09:24:50,450 - ERROR - Modbus connection failed
2025-07-14 09:24:55,450 - WARNING - Modbus connection failed (Attempt 1/3)
2025-07-14 09:24:56,451 - WARNING - Modbus connection failed (Attempt 2/3)
2025-07-14 09:24:57,451 - WARNING - Modbus connection failed (Attempt 3/3)
2025-07-14 09:24:58,451 - ERROR - Modbus connection failed after 3 retries. Last error: None
2025-07-14 09:24:58,451 - WARNING - Attempting to close and recreate Modbus client
2025-07-14 09:24:58,451 - INFO - Attempting Modbus connection on port /dev/ttyUSB0
2025-07-14 09:24:58,452 - ERROR - Modbus connection failed
2025-07-14 09:25:03,452 - WARNING - Modbus connection failed (Attempt 1/3)
2025-07-14 09:25:04,452 - WARNING - Modbus connection failed (Attempt 2/3)
2025-07-14 09:25:05,452 - WARNING - Modbus connection failed (Attempt 3/3)
2025-07-14 09:25:06,453 - ERROR - Modbus connection failed after 3 retries. Last error: None
2025-07-14 09:25:06,453 - WARNING - Attempting to close and recreate Modbus client
2025-07-14 09:25:06,453 - INFO - Attempting Modbus connection on port /dev/ttyUSB0
2025-07-14 09:25:06,453 - ERROR - Modbus connection failed
2025-07-14 09:25:11,454 - WARNING - Modbus connection failed (Attempt 1/3)
2025-07-14 09:25:12,454 - WARNING - Modbus connection failed (Attempt 2/3)
2025-07-14 09:25:13,454 - WARNING - Modbus connection failed (Attempt 3/3)
2025-07-14 09:25:14,454 - ERROR - Modbus connection failed after 3 retries. Last error: None
2025-07-14 09:25:14,454 - WARNING - Attempting to close and recreate Modbus client
2025-07-14 09:25:14,454 - INFO - Attempting Modbus connection on port /dev/ttyUSB0
2025-07-14 09:25:14,455 - ERROR - Modbus connection failed
2025-07-14 09:25:17,680 - INFO - Switched to GUI-1 (Next toggle in 30s
2025-07-14 09:25:18,275 - INFO - CSV write completed at 2025-07-14T09:25:18.275173
2025-07-14 09:25:19,455 - WARNING - Modbus connection failed (Attempt 1/3)
2025-07-14 09:25:20,455 - WARNING - Modbus connection failed (Attempt 2/3)
2025-07-14 09:25:21,456 - WARNING - Modbus connection failed (Attempt 3/3)
2025-07-14 09:25:22,456 - ERROR - Modbus connection failed after 3 retries. Last error: None
2025-07-14 09:25:22,456 - WARNING - Attempting to close and recreate Modbus client
2025-07-14 09:25:22,456 - INFO - Attempting Modbus connection on port /dev/ttyUSB0
2025-07-14 09:25:22,456 - ERROR - Modbus connection failed
2025-07-14 09:25:27,457 - WARNING - Modbus connection failed (Attempt 1/3)
2025-07-14 09:25:28,457 - WARNING - Modbus connection failed (Attempt 2/3)
2025-07-14 09:25:29,457 - WARNING - Modbus connection failed (Attempt 3/3)
2025-07-14 09:25:30,457 - ERROR - Modbus connection failed after 3 retries. Last error: None
2025-07-14 09:25:30,457 - WARNING - Attempting to close and recreate Modbus client
2025-07-14 09:25:30,457 - INFO - Attempting Modbus connection on port /dev/ttyUSB0
2025-07-14 09:25:30,458 - ERROR - Modbus connection failed
2025-07-14 09:25:35,458 - WARNING - Modbus connection failed (Attempt 1/3)
2025-07-14 09:25:36,458 - WARNING - Modbus connection failed (Attempt 2/3)
2025-07-14 09:25:37,458 - WARNING - Modbus connection failed (Attempt 3/3)
2025-07-14 09:25:38,458 - ERROR - Modbus connection failed after 3 retries. Last error: None
2025-07-14 09:25:38,459 - WARNING - Attempting to close and recreate Modbus client
2025-07-14 09:25:38,459 - INFO - Attempting Modbus connection on port /dev/ttyUSB0
2025-07-14 09:25:38,459 - ERROR - Modbus connection failed
2025-07-14 09:25:43,459 - WARNING - Modbus connection failed (Attempt 1/3)
2025-07-14 09:25:44,459 - WARNING - Modbus connection failed (Attempt 2/3)
2025-07-14 09:25:45,460 - WARNING - Modbus connection failed (Attempt 3/3)
2025-07-14 09:25:46,460 - ERROR - Modbus connection failed after 3 retries. Last error: None
2025-07-14 09:25:46,460 - WARNING - Attempting to close and recreate Modbus client
2025-07-14 09:25:46,460 - INFO - Attempting Modbus connection on port /dev/ttyUSB0
2025-07-14 09:25:46,460 - ERROR - Modbus connection failed
2025-07-14 09:25:47,680 - INFO - Switched to GUI-2 (Next toggle in 30s
2025-07-14 09:25:48,278 - INFO - CSV write completed at 2025-07-14T09:25:48.277986
2025-07-14 09:25:51,460 - WARNING - Modbus connection failed (Attempt 1/3)
2025-07-14 09:25:52,461 - WARNING - Modbus connection failed (Attempt 2/3)
2025-07-14 09:25:53,461 - WARNING - Modbus connection failed (Attempt 3/3)
2025-07-14 09:25:54,461 - ERROR - Modbus connection failed after 3 retries. Last error: None
2025-07-14 09:25:54,461 - WARNING - Attempting to close and recreate Modbus client
2025-07-14 09:25:54,461 - INFO - Attempting Modbus connection on port /dev/ttyUSB0
2025-07-14 09:25:54,462 - ERROR - Modbus connection failed
2025-07-14 09:25:59,462 - WARNING - Modbus connection failed (Attempt 1/3)
2025-07-14 09:26:00,462 - WARNING - Modbus connection failed (Attempt 2/3)
2025-07-14 09:26:01,462 - WARNING - Modbus connection failed (Attempt 3/3)
2025-07-14 09:26:02,462 - ERROR - Modbus connection failed after 3 retries. Last error: None
2025-07-14 09:26:02,463 - WARNING - Attempting to close and recreate Modbus client
2025-07-14 09:26:02,463 - INFO - Attempting Modbus connection on port /dev/ttyUSB0
2025-07-14 09:26:02,463 - ERROR - Modbus connection failed
2025-07-14 09:26:07,463 - WARNING - Modbus connection failed (Attempt 1/3)
2025-07-14 09:26:08,463 - WARNING - Modbus connection failed (Attempt 2/3)
2025-07-14 09:26:09,464 - WARNING - Modbus connection failed (Attempt 3/3)
2025-07-14 09:26:10,464 - ERROR - Modbus connection failed after 3 retries. Last error: None
2025-07-14 09:26:10,464 - WARNING - Attempting to close and recreate Modbus client
2025-07-14 09:26:10,464 - INFO - Attempting Modbus connection on port /dev/ttyUSB0
2025-07-14 09:26:10,464 - ERROR - Modbus connection failed
2025-07-14 09:26:15,465 - WARNING - Modbus connection failed (Attempt 1/3)
2025-07-14 09:26:16,465 - WARNING - Modbus connection failed (Attempt 2/3)
2025-07-14 09:26:17,465 - WARNING - Modbus connection failed (Attempt 3/3)
2025-07-14 09:26:17,681 - INFO - Switched to GUI-1 (Next toggle in 30s
2025-07-14 09:26:18,280 - INFO - CSV write completed at 2025-07-14T09:26:18.280674
2025-07-14 09:26:18,465 - ERROR - Modbus connection failed after 3 retries. Last error: None
2025-07-14 09:26:18,465 - WARNING - Attempting to close and recreate Modbus client
2025-07-14 09:26:18,466 - INFO - Attempting Modbus connection on port /dev/ttyUSB0
2025-07-14 09:26:18,466 - ERROR - Modbus connection failed
2025-07-14 09:26:23,466 - WARNING - Modbus connection failed (Attempt 1/3)
2025-07-14 09:26:24,466 - WARNING - Modbus connection failed (Attempt 2/3)
2025-07-14 09:26:25,467 - WARNING - Modbus connection failed (Attempt 3/3)
2025-07-14 09:26:26,467 - ERROR - Modbus connection failed after 3 retries. Last error: None
2025-07-14 09:26:26,467 - WARNING - Attempting to close and recreate Modbus client
2025-07-14 09:26:26,467 - INFO - Attempting Modbus connection on port /dev/ttyUSB0
2025-07-14 09:26:26,467 - ERROR - Modbus connection failed
2025-07-14 09:26:31,467 - WARNING - Modbus connection failed (Attempt 1/3)
2025-07-14 09:26:32,468 - WARNING - Modbus connection failed (Attempt 2/3)
2025-07-14 09:26:33,471 - WARNING - Modbus connection failed (Attempt 3/3)
2025-07-14 09:26:34,471 - ERROR - Modbus connection failed after 3 retries. Last error: None
2025-07-14 09:26:34,471 - WARNING - Attempting to close and recreate Modbus client
2025-07-14 09:26:34,471 - INFO - Attempting Modbus connection on port /dev/ttyUSB0
2025-07-14 09:26:34,472 - ERROR - Modbus connection failed
2025-07-14 09:26:39,472 - WARNING - Modbus connection failed (Attempt 1/3)
2025-07-14 09:26:40,472 - WARNING - Modbus connection failed (Attempt 2/3)
2025-07-14 09:26:41,472 - WARNING - Modbus connection failed (Attempt 3/3)
2025-07-14 09:26:42,473 - ERROR - Modbus connection failed after 3 retries. Last error: None
2025-07-14 09:26:42,473 - WARNING - Attempting to close and recreate Modbus client
2025-07-14 09:26:42,473 - INFO - Attempting Modbus connection on port /dev/ttyUSB0
2025-07-14 09:26:42,473 - ERROR - Modbus connection failed
2025-07-14 09:26:47,473 - WARNING - Modbus connection failed (Attempt 1/3)
2025-07-14 09:26:47,681 - INFO - Switched to GUI-2 (Next toggle in 30s
2025-07-14 09:26:48,283 - INFO - CSV write completed at 2025-07-14T09:26:48.283250
2025-07-14 09:26:48,473 - WARNING - Modbus connection failed (Attempt 2/3)
2025-07-14 09:26:49,474 - WARNING - Modbus connection failed (Attempt 3/3)
2025-07-14 09:26:50,474 - ERROR - Modbus connection failed after 3 retries. Last error: None
2025-07-14 09:26:50,474 - WARNING - Attempting to close and recreate Modbus client
2025-07-14 09:26:50,474 - INFO - Attempting Modbus connection on port /dev/ttyUSB0
2025-07-14 09:26:50,474 - ERROR - Modbus connection failed
2025-07-14 09:26:55,474 - WARNING - Modbus connection failed (Attempt 1/3)
2025-07-14 09:26:56,475 - WARNING - Modbus connection failed (Attempt 2/3)
2025-07-14 09:26:57,475 - WARNING - Modbus connection failed (Attempt 3/3)
2025-07-14 09:26:58,475 - ERROR - Modbus connection failed after 3 retries. Last error: None
2025-07-14 09:26:58,475 - WARNING - Attempting to close and recreate Modbus client
2025-07-14 09:26:58,475 - INFO - Attempting Modbus connection on port /dev/ttyUSB0
2025-07-14 09:26:58,475 - ERROR - Modbus connection failed
2025-07-14 09:27:03,476 - WARNING - Modbus connection failed (Attempt 1/3)
2025-07-14 09:27:04,476 - WARNING - Modbus connection failed (Attempt 2/3)
2025-07-14 09:27:05,476 - WARNING - Modbus connection failed (Attempt 3/3)
2025-07-14 09:27:06,476 - ERROR - Modbus connection failed after 3 retries. Last error: None
2025-07-14 09:27:06,476 - WARNING - Attempting to close and recreate Modbus client
2025-07-14 09:27:06,477 - INFO - Attempting Modbus connection on port /dev/ttyUSB0
2025-07-14 09:27:06,477 - ERROR - Modbus connection failed
2025-07-14 09:27:11,477 - WARNING - Modbus connection failed (Attempt 1/3)
2025-07-14 09:27:12,477 - WARNING - Modbus connection failed (Attempt 2/3)
2025-07-14 09:27:13,477 - WARNING - Modbus connection failed (Attempt 3/3)
2025-07-14 09:27:14,477 - ERROR - Modbus connection failed after 3 retries. Last error: None
2025-07-14 09:27:14,478 - WARNING - Attempting to close and recreate Modbus client
2025-07-14 09:27:14,478 - INFO - Attempting Modbus connection on port /dev/ttyUSB0
2025-07-14 09:27:14,478 - ERROR - Modbus connection failed
2025-07-14 09:27:17,681 - INFO - Switched to GUI-1 (Next toggle in 30s
2025-07-14 09:27:18,292 - INFO - CSV write completed at 2025-07-14T09:27:18.292276
2025-07-14 09:27:19,478 - WARNING - Modbus connection failed (Attempt 1/3)
2025-07-14 09:27:20,478 - WARNING - Modbus connection failed (Attempt 2/3)
2025-07-14 09:27:21,479 - WARNING - Modbus connection failed (Attempt 3/3)
2025-07-14 09:27:22,479 - ERROR - Modbus connection failed after 3 retries. Last error: None
2025-07-14 09:27:22,479 - WARNING - Attempting to close and recreate Modbus client
2025-07-14 09:27:22,479 - INFO - Attempting Modbus connection on port /dev/ttyUSB0
2025-07-14 09:27:22,479 - ERROR - Modbus connection failed
2025-07-14 09:27:27,479 - WARNING - Modbus connection failed (Attempt 1/3)
2025-07-14 09:27:28,480 - WARNING - Modbus connection failed (Attempt 2/3)
2025-07-14 09:27:29,480 - WARNING - Modbus connection failed (Attempt 3/3)
2025-07-14 09:27:30,480 - ERROR - Modbus connection failed after 3 retries. Last error: None
2025-07-14 09:27:30,480 - WARNING - Attempting to close and recreate Modbus client
2025-07-14 09:27:30,480 - INFO - Attempting Modbus connection on port /dev/ttyUSB0
2025-07-14 09:27:30,480 - ERROR - Modbus connection failed
2025-07-14 09:27:35,481 - WARNING - Modbus connection failed (Attempt 1/3)
2025-07-14 09:27:36,481 - WARNING - Modbus connection failed (Attempt 2/3)
2025-07-14 09:27:37,481 - WARNING - Modbus connection failed (Attempt 3/3)
2025-07-14 09:27:38,481 - ERROR - Modbus connection failed after 3 retries. Last error: None
2025-07-14 09:27:38,481 - WARNING - Attempting to close and recreate Modbus client
2025-07-14 09:27:38,481 - INFO - Attempting Modbus connection on port /dev/ttyUSB0
2025-07-14 09:27:38,481 - ERROR - Modbus connection failed
2025-07-14 09:27:43,482 - WARNING - Modbus connection failed (Attempt 1/3)
2025-07-14 09:27:44,484 - WARNING - Modbus connection failed (Attempt 2/3)
2025-07-14 09:27:45,484 - WARNING - Modbus connection failed (Attempt 3/3)
2025-07-14 09:27:46,485 - ERROR - Modbus connection failed after 3 retries. Last error: None
2025-07-14 09:27:46,485 - WARNING - Attempting to close and recreate Modbus client
2025-07-14 09:27:46,485 - INFO - Attempting Modbus connection on port /dev/ttyUSB0
2025-07-14 09:27:46,485 - ERROR - Modbus connection failed
2025-07-14 09:27:47,681 - INFO - Switched to GUI-2 (Next toggle in 30s
2025-07-14 09:27:48,303 - INFO - CSV write completed at 2025-07-14T09:27:48.303861
2025-07-14 09:27:51,485 - WARNING - Modbus connection failed (Attempt 1/3)
2025-07-14 09:27:52,485 - WARNING - Modbus connection failed (Attempt 2/3)
2025-07-14 09:27:53,486 - WARNING - Modbus connection failed (Attempt 3/3)
2025-07-14 09:27:54,486 - ERROR - Modbus connection failed after 3 retries. Last error: None
2025-07-14 09:27:54,486 - WARNING - Attempting to close and recreate Modbus client
2025-07-14 09:27:54,486 - INFO - Attempting Modbus connection on port /dev/ttyUSB0
2025-07-14 09:27:54,486 - ERROR - Modbus connection failed
2025-07-14 09:27:59,486 - WARNING - Modbus connection failed (Attempt 1/3)
2025-07-14 09:28:00,487 - WARNING - Modbus connection failed (Attempt 2/3)
2025-07-14 09:28:01,487 - WARNING - Modbus connection failed (Attempt 3/3)
2025-07-14 09:28:02,487 - ERROR - Modbus connection failed after 3 retries. Last error: None
2025-07-14 09:28:02,487 - WARNING - Attempting to close and recreate Modbus client
2025-07-14 09:28:02,487 - INFO - Attempting Modbus connection on port /dev/ttyUSB0
2025-07-14 09:28:02,487 - ERROR - Modbus connection failed
2025-07-14 09:28:07,488 - WARNING - Modbus connection failed (Attempt 1/3)
2025-07-14 09:28:08,488 - WARNING - Modbus connection failed (Attempt 2/3)
2025-07-14 09:28:09,488 - WARNING - Modbus connection failed (Attempt 3/3)
2025-07-14 09:28:10,488 - ERROR - Modbus connection failed after 3 retries. Last error: None
2025-07-14 09:28:10,488 - WARNING - Attempting to close and recreate Modbus client
2025-07-14 09:28:10,488 - INFO - Attempting Modbus connection on port /dev/ttyUSB0
2025-07-14 09:28:10,488 - ERROR - Modbus connection failed
2025-07-14 09:28:15,489 - WARNING - Modbus connection failed (Attempt 1/3)
2025-07-14 09:28:16,489 - WARNING - Modbus connection failed (Attempt 2/3)
2025-07-14 09:28:17,489 - WARNING - Modbus connection failed (Attempt 3/3)
2025-07-14 09:28:17,682 - INFO - Switched to GUI-1 (Next toggle in 30s
2025-07-14 09:28:18,309 - INFO - CSV write completed at 2025-07-14T09:28:18.309178
2025-07-14 09:28:18,489 - ERROR - Modbus connection failed after 3 retries. Last error: None
2025-07-14 09:28:18,489 - WARNING - Attempting to close and recreate Modbus client
2025-07-14 09:28:18,490 - INFO - Attempting Modbus connection on port /dev/ttyUSB0
2025-07-14 09:28:18,490 - ERROR - Modbus connection failed
2025-07-14 09:28:23,490 - WARNING - Modbus connection failed (Attempt 1/3)
2025-07-14 09:28:24,490 - WARNING - Modbus connection failed (Attempt 2/3)
2025-07-14 09:28:25,490 - WARNING - Modbus connection failed (Attempt 3/3)
2025-07-14 09:28:26,491 - ERROR - Modbus connection failed after 3 retries. Last error: None
2025-07-14 09:28:26,491 - WARNING - Attempting to close and recreate Modbus client
2025-07-14 09:28:26,491 - INFO - Attempting Modbus connection on port /dev/ttyUSB0
2025-07-14 09:28:26,491 - ERROR - Modbus connection failed
2025-07-14 09:28:31,491 - WARNING - Modbus connection failed (Attempt 1/3)
2025-07-14 09:28:32,491 - WARNING - Modbus connection failed (Attempt 2/3)
2025-07-14 09:28:33,492 - WARNING - Modbus connection failed (Attempt 3/3)
2025-07-14 09:28:34,492 - ERROR - Modbus connection failed after 3 retries. Last error: None
2025-07-14 09:28:34,492 - WARNING - Attempting to close and recreate Modbus client
2025-07-14 09:28:34,492 - INFO - Attempting Modbus connection on port /dev/ttyUSB0
2025-07-14 09:28:34,492 - ERROR - Modbus connection failed
2025-07-14 09:28:39,492 - WARNING - Modbus connection failed (Attempt 1/3)
2025-07-14 09:28:40,493 - WARNING - Modbus connection failed (Attempt 2/3)
2025-07-14 09:28:41,493 - WARNING - Modbus connection failed (Attempt 3/3)
2025-07-14 09:28:42,493 - ERROR - Modbus connection failed after 3 retries. Last error: None
2025-07-14 09:28:42,493 - WARNING - Attempting to close and recreate Modbus client
2025-07-14 09:28:42,493 - INFO - Attempting Modbus connection on port /dev/ttyUSB0
2025-07-14 09:28:42,493 - ERROR - Modbus connection failed
2025-07-14 09:28:47,494 - WARNING - Modbus connection failed (Attempt 1/3)
2025-07-14 09:28:47,682 - INFO - Switched to GUI-2 (Next toggle in 30s
2025-07-14 09:28:48,311 - INFO - CSV write completed at 2025-07-14T09:28:48.311682
2025-07-14 09:28:48,494 - WARNING - Modbus connection failed (Attempt 2/3)
2025-07-14 09:28:49,494 - WARNING - Modbus connection failed (Attempt 3/3)
2025-07-14 09:28:50,494 - ERROR - Modbus connection failed after 3 retries. Last error: None
2025-07-14 09:28:50,495 - WARNING - Attempting to close and recreate Modbus client
2025-07-14 09:28:50,495 - INFO - Attempting Modbus connection on port /dev/ttyUSB0
2025-07-14 09:28:50,495 - ERROR - Modbus connection failed
2025-07-14 09:28:55,495 - WARNING - Modbus connection failed (Attempt 1/3)
2025-07-14 09:28:56,495 - WARNING - Modbus connection failed (Attempt 2/3)
2025-07-14 09:28:57,496 - WARNING - Modbus connection failed (Attempt 3/3)
2025-07-14 09:28:58,496 - ERROR - Modbus connection failed after 3 retries. Last error: None
2025-07-14 09:28:58,496 - WARNING - Attempting to close and recreate Modbus client
2025-07-14 09:28:58,496 - INFO - Attempting Modbus connection on port /dev/ttyUSB0
2025-07-14 09:28:58,496 - ERROR - Modbus connection failed
2025-07-14 09:29:03,496 - WARNING - Modbus connection failed (Attempt 1/3)
2025-07-14 09:29:04,497 - WARNING - Modbus connection failed (Attempt 2/3)
2025-07-14 09:29:05,497 - WARNING - Modbus connection failed (Attempt 3/3)
2025-07-14 09:29:06,497 - ERROR - Modbus connection failed after 3 retries. Last error: None
2025-07-14 09:29:06,497 - WARNING - Attempting to close and recreate Modbus client
2025-07-14 09:29:06,497 - INFO - Attempting Modbus connection on port /dev/ttyUSB0
2025-07-14 09:29:06,497 - ERROR - Modbus connection failed
2025-07-14 09:29:11,498 - WARNING - Modbus connection failed (Attempt 1/3)
2025-07-14 09:29:12,498 - WARNING - Modbus connection failed (Attempt 2/3)
2025-07-14 09:29:13,498 - WARNING - Modbus connection failed (Attempt 3/3)
2025-07-14 09:29:14,498 - ERROR - Modbus connection failed after 3 retries. Last error: None
2025-07-14 09:29:14,498 - WARNING - Attempting to close and recreate Modbus client
2025-07-14 09:29:14,498 - INFO - Attempting Modbus connection on port /dev/ttyUSB0
2025-07-14 09:29:14,499 - ERROR - Modbus connection failed
2025-07-14 09:29:17,682 - INFO - Switched to GUI-1 (Next toggle in 30s
2025-07-14 09:29:18,314 - INFO - CSV write completed at 2025-07-14T09:29:18.314140
2025-07-14 09:29:19,499 - WARNING - Modbus connection failed (Attempt 1/3)
2025-07-14 09:29:20,499 - WARNING - Modbus connection failed (Attempt 2/3)
2025-07-14 09:29:21,499 - WARNING - Modbus connection failed (Attempt 3/3)
2025-07-14 09:29:22,499 - ERROR - Modbus connection failed after 3 retries. Last error: None
2025-07-14 09:29:22,499 - WARNING - Attempting to close and recreate Modbus client
2025-07-14 09:29:22,500 - INFO - Attempting Modbus connection on port /dev/ttyUSB0
2025-07-14 09:29:22,500 - ERROR - Modbus connection failed
2025-07-14 09:29:27,500 - WARNING - Modbus connection failed (Attempt 1/3)
2025-07-14 09:29:28,500 - WARNING - Modbus connection failed (Attempt 2/3)
2025-07-14 09:29:29,501 - WARNING - Modbus connection failed (Attempt 3/3)
2025-07-14 09:29:30,501 - ERROR - Modbus connection failed after 3 retries. Last error: None
2025-07-14 09:29:30,501 - WARNING - Attempting to close and recreate Modbus client
2025-07-14 09:29:30,501 - INFO - Attempting Modbus connection on port /dev/ttyUSB0
2025-07-14 09:29:30,501 - ERROR - Modbus connection failed
2025-07-14 09:29:35,501 - WARNING - Modbus connection failed (Attempt 1/3)
2025-07-14 09:29:36,501 - WARNING - Modbus connection failed (Attempt 2/3)
2025-07-14 09:29:37,502 - WARNING - Modbus connection failed (Attempt 3/3)
2025-07-14 09:29:38,502 - ERROR - Modbus connection failed after 3 retries. Last error: None
2025-07-14 09:29:38,502 - WARNING - Attempting to close and recreate Modbus client
2025-07-14 09:29:38,502 - INFO - Attempting Modbus connection on port /dev/ttyUSB0
2025-07-14 09:29:38,502 - ERROR - Modbus connection failed
2025-07-14 09:29:43,502 - WARNING - Modbus connection failed (Attempt 1/3)
2025-07-14 09:29:44,503 - WARNING - Modbus connection failed (Attempt 2/3)
2025-07-14 09:29:45,503 - WARNING - Modbus connection failed (Attempt 3/3)
2025-07-14 09:29:46,503 - ERROR - Modbus connection failed after 3 retries. Last error: None
2025-07-14 09:29:46,503 - WARNING - Attempting to close and recreate Modbus client
2025-07-14 09:29:46,503 - INFO - Attempting Modbus connection on port /dev/ttyUSB0
2025-07-14 09:29:46,503 - ERROR - Modbus connection failed
2025-07-14 09:29:47,683 - INFO - Switched to GUI-2 (Next toggle in 30s
2025-07-14 09:29:48,316 - INFO - CSV write completed at 2025-07-14T09:29:48.316532
2025-07-14 09:29:51,504 - WARNING - Modbus connection failed (Attempt 1/3)
2025-07-14 09:29:52,504 - WARNING - Modbus connection failed (Attempt 2/3)
2025-07-14 09:29:53,504 - WARNING - Modbus connection failed (Attempt 3/3)
2025-07-14 09:29:54,504 - ERROR - Modbus connection failed after 3 retries. Last error: None
2025-07-14 09:29:54,504 - WARNING - Attempting to close and recreate Modbus client
2025-07-14 09:29:54,504 - INFO - Attempting Modbus connection on port /dev/ttyUSB0
2025-07-14 09:29:54,505 - ERROR - Modbus connection failed
2025-07-14 09:29:59,505 - WARNING - Modbus connection failed (Attempt 1/3)
2025-07-14 09:30:00,505 - WARNING - Modbus connection failed (Attempt 2/3)
2025-07-14 09:30:01,505 - WARNING - Modbus connection failed (Attempt 3/3)
2025-07-14 09:30:02,506 - ERROR - Modbus connection failed after 3 retries. Last error: None
2025-07-14 09:30:02,506 - WARNING - Attempting to close and recreate Modbus client
2025-07-14 09:30:02,506 - INFO - Attempting Modbus connection on port /dev/ttyUSB0
2025-07-14 09:30:02,506 - ERROR - Modbus connection failed
2025-07-14 09:30:07,506 - WARNING - Modbus connection failed (Attempt 1/3)
2025-07-14 09:30:08,506 - WARNING - Modbus connection failed (Attempt 2/3)
2025-07-14 09:30:09,507 - WARNING - Modbus connection failed (Attempt 3/3)
2025-07-14 09:30:10,507 - ERROR - Modbus connection failed after 3 retries. Last error: None
2025-07-14 09:30:10,507 - WARNING - Attempting to close and recreate Modbus client
2025-07-14 09:30:10,507 - INFO - Attempting Modbus connection on port /dev/ttyUSB0
2025-07-14 09:30:10,507 - ERROR - Modbus connection failed
2025-07-14 09:30:15,507 - WARNING - Modbus connection failed (Attempt 1/3)
2025-07-14 09:30:16,508 - WARNING - Modbus connection failed (Attempt 2/3)
2025-07-14 09:30:17,508 - WARNING - Modbus connection failed (Attempt 3/3)
2025-07-14 09:30:17,683 - INFO - Switched to GUI-1 (Next toggle in 30s
2025-07-14 09:30:18,319 - INFO - CSV write completed at 2025-07-14T09:30:18.319000
2025-07-14 09:30:18,508 - ERROR - Modbus connection failed after 3 retries. Last error: None
2025-07-14 09:30:18,508 - WARNING - Attempting to close and recreate Modbus client
2025-07-14 09:30:18,508 - INFO - Attempting Modbus connection on port /dev/ttyUSB0
2025-07-14 09:30:18,508 - ERROR - Modbus connection failed
2025-07-14 09:30:23,509 - WARNING - Modbus connection failed (Attempt 1/3)
2025-07-14 09:30:24,509 - WARNING - Modbus connection failed (Attempt 2/3)
2025-07-14 09:30:25,509 - WARNING - Modbus connection failed (Attempt 3/3)
2025-07-14 09:30:26,509 - ERROR - Modbus connection failed after 3 retries. Last error: None
2025-07-14 09:30:26,509 - WARNING - Attempting to close and recreate Modbus client
2025-07-14 09:30:26,510 - INFO - Attempting Modbus connection on port /dev/ttyUSB0
2025-07-14 09:30:26,510 - ERROR - Modbus connection failed
2025-07-14 09:30:31,510 - WARNING - Modbus connection failed (Attempt 1/3)
2025-07-14 09:30:32,510 - WARNING - Modbus connection failed (Attempt 2/3)
2025-07-14 09:30:33,510 - WARNING - Modbus connection failed (Attempt 3/3)
2025-07-14 09:30:34,511 - ERROR - Modbus connection failed after 3 retries. Last error: None
2025-07-14 09:30:34,511 - WARNING - Attempting to close and recreate Modbus client
2025-07-14 09:30:34,511 - INFO - Attempting Modbus connection on port /dev/ttyUSB0
2025-07-14 09:30:34,511 - ERROR - Modbus connection failed
2025-07-14 09:30:39,511 - WARNING - Modbus connection failed (Attempt 1/3)
2025-07-14 09:30:40,511 - WARNING - Modbus connection failed (Attempt 2/3)
2025-07-14 09:30:41,512 - WARNING - Modbus connection failed (Attempt 3/3)
2025-07-14 09:30:42,512 - ERROR - Modbus connection failed after 3 retries. Last error: None
2025-07-14 09:30:42,512 - WARNING - Attempting to close and recreate Modbus client
2025-07-14 09:30:42,512 - INFO - Attempting Modbus connection on port /dev/ttyUSB0
2025-07-14 09:30:42,512 - ERROR - Modbus connection failed
2025-07-14 09:30:47,512 - WARNING - Modbus connection failed (Attempt 1/3)
2025-07-14 09:30:47,683 - INFO - Switched to GUI-2 (Next toggle in 30s
2025-07-14 09:30:48,321 - INFO - CSV write completed at 2025-07-14T09:30:48.321407
2025-07-14 09:30:48,513 - WARNING - Modbus connection failed (Attempt 2/3)
2025-07-14 09:30:49,513 - WARNING - Modbus connection failed (Attempt 3/3)
2025-07-14 09:30:50,513 - ERROR - Modbus connection failed after 3 retries. Last error: None
2025-07-14 09:30:50,513 - WARNING - Attempting to close and recreate Modbus client
2025-07-14 09:30:50,513 - INFO - Attempting Modbus connection on port /dev/ttyUSB0
2025-07-14 09:30:50,514 - ERROR - Modbus connection failed
2025-07-14 09:30:55,514 - WARNING - Modbus connection failed (Attempt 1/3)
2025-07-14 09:30:56,514 - WARNING - Modbus connection failed (Attempt 2/3)
2025-07-14 09:30:57,514 - WARNING - Modbus connection failed (Attempt 3/3)
2025-07-14 09:30:58,515 - ERROR - Modbus connection failed after 3 retries. Last error: None
2025-07-14 09:30:58,515 - WARNING - Attempting to close and recreate Modbus client
2025-07-14 09:30:58,518 - INFO - Attempting Modbus connection on port /dev/ttyUSB0
2025-07-14 09:30:58,518 - ERROR - Modbus connection failed
2025-07-14 09:31:03,518 - WARNING - Modbus connection failed (Attempt 1/3)
2025-07-14 09:31:04,521 - WARNING - Modbus connection failed (Attempt 2/3)
2025-07-14 09:31:05,521 - WARNING - Modbus connection failed (Attempt 3/3)
2025-07-14 09:31:06,521 - ERROR - Modbus connection failed after 3 retries. Last error: None
2025-07-14 09:31:06,521 - WARNING - Attempting to close and recreate Modbus client
2025-07-14 09:31:06,521 - INFO - Attempting Modbus connection on port /dev/ttyUSB0
2025-07-14 09:31:06,521 - ERROR - Modbus connection failed
2025-07-14 09:31:11,522 - WARNING - Modbus connection failed (Attempt 1/3)
2025-07-14 09:31:12,522 - WARNING - Modbus connection failed (Attempt 2/3)
2025-07-14 09:31:13,522 - WARNING - Modbus connection failed (Attempt 3/3)
2025-07-14 09:31:14,522 - ERROR - Modbus connection failed after 3 retries. Last error: None
2025-07-14 09:31:14,523 - WARNING - Attempting to close and recreate Modbus client
2025-07-14 09:31:14,523 - INFO - Attempting Modbus connection on port /dev/ttyUSB0
2025-07-14 09:31:14,523 - ERROR - Modbus connection failed
2025-07-14 09:31:17,683 - INFO - Switched to GUI-1 (Next toggle in 30s
2025-07-14 09:31:18,323 - INFO - CSV write completed at 2025-07-14T09:31:18.323839
2025-07-14 09:31:19,523 - WARNING - Modbus connection failed (Attempt 1/3)
2025-07-14 09:31:20,523 - WARNING - Modbus connection failed (Attempt 2/3)
2025-07-14 09:31:21,524 - WARNING - Modbus connection failed (Attempt 3/3)
2025-07-14 09:31:22,524 - ERROR - Modbus connection failed after 3 retries. Last error: None
2025-07-14 09:31:22,524 - WARNING - Attempting to close and recreate Modbus client
2025-07-14 09:31:22,524 - INFO - Attempting Modbus connection on port /dev/ttyUSB0
2025-07-14 09:31:22,524 - ERROR - Modbus connection failed
2025-07-14 09:31:27,524 - WARNING - Modbus connection failed (Attempt 1/3)
2025-07-14 09:31:28,525 - WARNING - Modbus connection failed (Attempt 2/3)
2025-07-14 09:31:29,525 - WARNING - Modbus connection failed (Attempt 3/3)
2025-07-14 09:31:30,525 - ERROR - Modbus connection failed after 3 retries. Last error: None
2025-07-14 09:31:30,525 - WARNING - Attempting to close and recreate Modbus client
2025-07-14 09:31:30,525 - INFO - Attempting Modbus connection on port /dev/ttyUSB0
2025-07-14 09:31:30,525 - ERROR - Modbus connection failed
2025-07-14 09:31:35,526 - WARNING - Modbus connection failed (Attempt 1/3)
2025-07-14 09:31:36,526 - WARNING - Modbus connection failed (Attempt 2/3)
2025-07-14 09:31:37,526 - WARNING - Modbus connection failed (Attempt 3/3)
2025-07-14 09:31:38,526 - ERROR - Modbus connection failed after 3 retries. Last error: None
2025-07-14 09:31:38,526 - WARNING - Attempting to close and recreate Modbus client
2025-07-14 09:31:38,526 - INFO - Attempting Modbus connection on port /dev/ttyUSB0
2025-07-14 09:31:38,527 - ERROR - Modbus connection failed
2025-07-14 09:31:43,527 - WARNING - Modbus connection failed (Attempt 1/3)
2025-07-14 09:31:44,527 - WARNING - Modbus connection failed (Attempt 2/3)
2025-07-14 09:31:45,527 - WARNING - Modbus connection failed (Attempt 3/3)
2025-07-14 09:31:46,527 - ERROR - Modbus connection failed after 3 retries. Last error: None
2025-07-14 09:31:46,528 - WARNING - Attempting to close and recreate Modbus client
2025-07-14 09:31:46,528 - INFO - Attempting Modbus connection on port /dev/ttyUSB0
2025-07-14 09:31:46,528 - ERROR - Modbus connection failed
2025-07-14 09:31:47,684 - INFO - Switched to GUI-2 (Next toggle in 30s
2025-07-14 09:31:48,326 - INFO - CSV write completed at 2025-07-14T09:31:48.326244
2025-07-14 09:31:51,528 - WARNING - Modbus connection failed (Attempt 1/3)
2025-07-14 09:31:52,528 - WARNING - Modbus connection failed (Attempt 2/3)
2025-07-14 09:31:53,529 - WARNING - Modbus connection failed (Attempt 3/3)
2025-07-14 09:31:54,529 - ERROR - Modbus connection failed after 3 retries. Last error: None
2025-07-14 09:31:54,529 - WARNING - Attempting to close and recreate Modbus client
2025-07-14 09:31:54,529 - INFO - Attempting Modbus connection on port /dev/ttyUSB0
2025-07-14 09:31:54,529 - ERROR - Modbus connection failed
2025-07-14 09:31:59,529 - WARNING - Modbus connection failed (Attempt 1/3)
2025-07-14 09:32:00,529 - WARNING - Modbus connection failed (Attempt 2/3)
2025-07-14 09:32:01,530 - WARNING - Modbus connection failed (Attempt 3/3)
2025-07-14 09:32:02,530 - ERROR - Modbus connection failed after 3 retries. Last error: None
2025-07-14 09:32:02,530 - WARNING - Attempting to close and recreate Modbus client
2025-07-14 09:32:02,530 - INFO - Attempting Modbus connection on port /dev/ttyUSB0
2025-07-14 09:32:02,530 - ERROR - Modbus connection failed
2025-07-14 09:32:07,531 - WARNING - Modbus connection failed (Attempt 1/3)
2025-07-14 09:32:08,531 - WARNING - Modbus connection failed (Attempt 2/3)
2025-07-14 09:32:09,531 - WARNING - Modbus connection failed (Attempt 3/3)
2025-07-14 09:32:10,531 - ERROR - Modbus connection failed after 3 retries. Last error: None
2025-07-14 09:32:10,531 - WARNING - Attempting to close and recreate Modbus client
2025-07-14 09:32:10,532 - INFO - Attempting Modbus connection on port /dev/ttyUSB0
2025-07-14 09:32:10,532 - ERROR - Modbus connection failed
2025-07-14 09:32:15,532 - WARNING - Modbus connection failed (Attempt 1/3)
2025-07-14 09:32:16,532 - WARNING - Modbus connection failed (Attempt 2/3)
2025-07-14 09:32:17,532 - WARNING - Modbus connection failed (Attempt 3/3)
2025-07-14 09:32:17,684 - INFO - Switched to GUI-1 (Next toggle in 30s
2025-07-14 09:32:18,331 - INFO - CSV write completed at 2025-07-14T09:32:18.331778
2025-07-14 09:32:18,532 - ERROR - Modbus connection failed after 3 retries. Last error: None
2025-07-14 09:32:18,532 - WARNING - Attempting to close and recreate Modbus client
2025-07-14 09:32:18,533 - INFO - Attempting Modbus connection on port /dev/ttyUSB0
2025-07-14 09:32:18,533 - ERROR - Modbus connection failed
2025-07-14 09:32:23,533 - WARNING - Modbus connection failed (Attempt 1/3)
2025-07-14 09:32:24,533 - WARNING - Modbus connection failed (Attempt 2/3)
2025-07-14 09:32:25,534 - WARNING - Modbus connection failed (Attempt 3/3)
2025-07-14 09:32:26,534 - ERROR - Modbus connection failed after 3 retries. Last error: None
2025-07-14 09:32:26,534 - WARNING - Attempting to close and recreate Modbus client
2025-07-14 09:32:26,534 - INFO - Attempting Modbus connection on port /dev/ttyUSB0
2025-07-14 09:32:26,534 - ERROR - Modbus connection failed
2025-07-14 09:32:31,534 - WARNING - Modbus connection failed (Attempt 1/3)
2025-07-14 09:32:32,535 - WARNING - Modbus connection failed (Attempt 2/3)
2025-07-14 09:32:33,535 - WARNING - Modbus connection failed (Attempt 3/3)
2025-07-14 09:32:34,535 - ERROR - Modbus connection failed after 3 retries. Last error: None
2025-07-14 09:32:34,535 - WARNING - Attempting to close and recreate Modbus client
2025-07-14 09:32:34,535 - INFO - Attempting Modbus connection on port /dev/ttyUSB0
2025-07-14 09:32:34,535 - ERROR - Modbus connection failed
2025-07-14 09:32:39,536 - WARNING - Modbus connection failed (Attempt 1/3)
2025-07-14 09:32:40,536 - WARNING - Modbus connection failed (Attempt 2/3)
2025-07-14 09:32:41,537 - WARNING - Modbus connection failed (Attempt 3/3)
2025-07-14 09:32:42,537 - ERROR - Modbus connection failed after 3 retries. Last error: None
2025-07-14 09:32:42,537 - WARNING - Attempting to close and recreate Modbus client
2025-07-14 09:32:42,537 - INFO - Attempting Modbus connection on port /dev/ttyUSB0
2025-07-14 09:32:42,537 - ERROR - Modbus connection failed
2025-07-14 09:32:47,537 - WARNING - Modbus connection failed (Attempt 1/3)
2025-07-14 09:32:47,684 - INFO - Switched to GUI-2 (Next toggle in 30s
2025-07-14 09:32:48,334 - INFO - CSV write completed at 2025-07-14T09:32:48.334030
2025-07-14 09:32:48,538 - WARNING - Modbus connection failed (Attempt 2/3)
2025-07-14 09:32:49,538 - WARNING - Modbus connection failed (Attempt 3/3)
2025-07-14 09:32:50,538 - ERROR - Modbus connection failed after 3 retries. Last error: None
2025-07-14 09:32:50,538 - WARNING - Attempting to close and recreate Modbus client
2025-07-14 09:32:50,538 - INFO - Attempting Modbus connection on port /dev/ttyUSB0
2025-07-14 09:32:50,538 - ERROR - Modbus connection failed
2025-07-14 09:32:55,541 - WARNING - Modbus connection failed (Attempt 1/3)
2025-07-14 09:32:56,541 - WARNING - Modbus connection failed (Attempt 2/3)
2025-07-14 09:32:57,542 - WARNING - Modbus connection failed (Attempt 3/3)
2025-07-14 09:32:58,542 - ERROR - Modbus connection failed after 3 retries. Last error: None
2025-07-14 09:32:58,542 - WARNING - Attempting to close and recreate Modbus client
2025-07-14 09:32:58,542 - INFO - Attempting Modbus connection on port /dev/ttyUSB0
2025-07-14 09:32:58,542 - ERROR - Modbus connection failed
2025-07-14 09:33:03,542 - WARNING - Modbus connection failed (Attempt 1/3)
2025-07-14 09:33:04,543 - WARNING - Modbus connection failed (Attempt 2/3)
2025-07-14 09:33:05,543 - WARNING - Modbus connection failed (Attempt 3/3)
2025-07-14 09:33:06,543 - ERROR - Modbus connection failed after 3 retries. Last error: None
2025-07-14 09:33:06,543 - WARNING - Attempting to close and recreate Modbus client
2025-07-14 09:33:06,543 - INFO - Attempting Modbus connection on port /dev/ttyUSB0
2025-07-14 09:33:06,543 - ERROR - Modbus connection failed
2025-07-14 09:33:11,543 - WARNING - Modbus connection failed (Attempt 1/3)
2025-07-14 09:33:12,544 - WARNING - Modbus connection failed (Attempt 2/3)
2025-07-14 09:33:13,544 - WARNING - Modbus connection failed (Attempt 3/3)
2025-07-14 09:33:14,544 - ERROR - Modbus connection failed after 3 retries. Last error: None
2025-07-14 09:33:14,544 - WARNING - Attempting to close and recreate Modbus client
2025-07-14 09:33:14,544 - INFO - Attempting Modbus connection on port /dev/ttyUSB0
2025-07-14 09:33:14,544 - ERROR - Modbus connection failed
2025-07-14 09:33:17,684 - INFO - Switched to GUI-1 (Next toggle in 30s
2025-07-14 09:33:18,337 - INFO - CSV write completed at 2025-07-14T09:33:18.336963
2025-07-14 09:33:19,545 - WARNING - Modbus connection failed (Attempt 1/3)
2025-07-14 09:33:20,545 - WARNING - Modbus connection failed (Attempt 2/3)
2025-07-14 09:33:21,545 - WARNING - Modbus connection failed (Attempt 3/3)
2025-07-14 09:33:22,545 - ERROR - Modbus connection failed after 3 retries. Last error: None
2025-07-14 09:33:22,545 - WARNING - Attempting to close and recreate Modbus client
2025-07-14 09:33:22,545 - INFO - Attempting Modbus connection on port /dev/ttyUSB0
2025-07-14 09:33:22,546 - ERROR - Modbus connection failed
2025-07-14 09:33:27,546 - WARNING - Modbus connection failed (Attempt 1/3)
2025-07-14 09:33:28,546 - WARNING - Modbus connection failed (Attempt 2/3)
2025-07-14 09:33:29,546 - WARNING - Modbus connection failed (Attempt 3/3)
2025-07-14 09:33:30,546 - ERROR - Modbus connection failed after 3 retries. Last error: None
2025-07-14 09:33:30,546 - WARNING - Attempting to close and recreate Modbus client
2025-07-14 09:33:30,548 - INFO - Attempting Modbus connection on port /dev/ttyUSB0
2025-07-14 09:33:30,548 - ERROR - Modbus connection failed
2025-07-14 09:33:35,549 - WARNING - Modbus connection failed (Attempt 1/3)
2025-07-14 09:33:36,554 - WARNING - Modbus connection failed (Attempt 2/3)
2025-07-14 09:33:37,555 - WARNING - Modbus connection failed (Attempt 3/3)
2025-07-14 09:33:38,555 - ERROR - Modbus connection failed after 3 retries. Last error: None
2025-07-14 09:33:38,555 - WARNING - Attempting to close and recreate Modbus client
2025-07-14 09:33:38,555 - INFO - Attempting Modbus connection on port /dev/ttyUSB0
2025-07-14 09:33:38,555 - ERROR - Modbus connection failed
2025-07-14 09:33:43,555 - WARNING - Modbus connection failed (Attempt 1/3)
2025-07-14 09:33:44,556 - WARNING - Modbus connection failed (Attempt 2/3)
2025-07-14 09:33:45,556 - WARNING - Modbus connection failed (Attempt 3/3)
2025-07-14 09:33:46,556 - ERROR - Modbus connection failed after 3 retries. Last error: None
2025-07-14 09:33:46,556 - WARNING - Attempting to close and recreate Modbus client
2025-07-14 09:33:46,556 - INFO - Attempting Modbus connection on port /dev/ttyUSB0
2025-07-14 09:33:46,556 - ERROR - Modbus connection failed
2025-07-14 09:33:47,685 - INFO - Switched to GUI-2 (Next toggle in 30s
2025-07-14 09:33:48,339 - INFO - CSV write completed at 2025-07-14T09:33:48.339221
2025-07-14 09:33:51,557 - WARNING - Modbus connection failed (Attempt 1/3)
2025-07-14 09:33:52,557 - WARNING - Modbus connection failed (Attempt 2/3)
2025-07-14 09:33:53,557 - WARNING - Modbus connection failed (Attempt 3/3)
2025-07-14 09:33:54,557 - ERROR - Modbus connection failed after 3 retries. Last error: None
2025-07-14 09:33:54,557 - WARNING - Attempting to close and recreate Modbus client
2025-07-14 09:33:54,558 - INFO - Attempting Modbus connection on port /dev/ttyUSB0
2025-07-14 09:33:54,558 - ERROR - Modbus connection failed
2025-07-14 09:33:59,558 - WARNING - Modbus connection failed (Attempt 1/3)
2025-07-14 09:34:00,558 - WARNING - Modbus connection failed (Attempt 2/3)
2025-07-14 09:34:01,559 - WARNING - Modbus connection failed (Attempt 3/3)
2025-07-14 09:34:02,559 - ERROR - Modbus connection failed after 3 retries. Last error: None
2025-07-14 09:34:02,559 - WARNING - Attempting to close and recreate Modbus client
2025-07-14 09:34:02,559 - INFO - Attempting Modbus connection on port /dev/ttyUSB0
2025-07-14 09:34:02,559 - ERROR - Modbus connection failed
2025-07-14 09:34:07,559 - WARNING - Modbus connection failed (Attempt 1/3)
2025-07-14 09:34:08,560 - WARNING - Modbus connection failed (Attempt 2/3)
2025-07-14 09:34:09,560 - WARNING - Modbus connection failed (Attempt 3/3)
2025-07-14 09:34:10,560 - ERROR - Modbus connection failed after 3 retries. Last error: None
2025-07-14 09:34:10,560 - WARNING - Attempting to close and recreate Modbus client
2025-07-14 09:34:10,560 - INFO - Attempting Modbus connection on port /dev/ttyUSB0
2025-07-14 09:34:10,560 - ERROR - Modbus connection failed
2025-07-14 09:34:15,560 - WARNING - Modbus connection failed (Attempt 1/3)
2025-07-14 09:34:16,561 - WARNING - Modbus connection failed (Attempt 2/3)
2025-07-14 09:34:17,561 - WARNING - Modbus connection failed (Attempt 3/3)
2025-07-14 09:34:17,685 - INFO - Switched to GUI-1 (Next toggle in 30s
2025-07-14 09:34:18,341 - INFO - CSV write completed at 2025-07-14T09:34:18.341607
2025-07-14 09:34:18,561 - ERROR - Modbus connection failed after 3 retries. Last error: None
2025-07-14 09:34:18,561 - WARNING - Attempting to close and recreate Modbus client
2025-07-14 09:34:18,561 - INFO - Attempting Modbus connection on port /dev/ttyUSB0
2025-07-14 09:34:18,561 - ERROR - Modbus connection failed
2025-07-14 09:34:23,562 - WARNING - Modbus connection failed (Attempt 1/3)
2025-07-14 09:34:24,562 - WARNING - Modbus connection failed (Attempt 2/3)
2025-07-14 09:34:25,562 - WARNING - Modbus connection failed (Attempt 3/3)
2025-07-14 09:34:26,562 - ERROR - Modbus connection failed after 3 retries. Last error: None
2025-07-14 09:34:26,562 - WARNING - Attempting to close and recreate Modbus client
2025-07-14 09:34:26,562 - INFO - Attempting Modbus connection on port /dev/ttyUSB0
2025-07-14 09:34:26,562 - ERROR - Modbus connection failed
2025-07-14 09:34:31,563 - WARNING - Modbus connection failed (Attempt 1/3)
2025-07-14 09:34:32,563 - WARNING - Modbus connection failed (Attempt 2/3)
2025-07-14 09:34:33,563 - WARNING - Modbus connection failed (Attempt 3/3)
2025-07-14 09:34:34,563 - ERROR - Modbus connection failed after 3 retries. Last error: None
2025-07-14 09:34:34,563 - WARNING - Attempting to close and recreate Modbus client
2025-07-14 09:34:34,563 - INFO - Attempting Modbus connection on port /dev/ttyUSB0
2025-07-14 09:34:34,564 - ERROR - Modbus connection failed
2025-07-14 09:34:39,564 - WARNING - Modbus connection failed (Attempt 1/3)
2025-07-14 09:34:40,564 - WARNING - Modbus connection failed (Attempt 2/3)
2025-07-14 09:34:41,564 - WARNING - Modbus connection failed (Attempt 3/3)
2025-07-14 09:34:42,565 - ERROR - Modbus connection failed after 3 retries. Last error: None
2025-07-14 09:34:42,565 - WARNING - Attempting to close and recreate Modbus client
2025-07-14 09:34:42,565 - INFO - Attempting Modbus connection on port /dev/ttyUSB0
2025-07-14 09:34:42,565 - ERROR - Modbus connection failed
2025-07-14 09:34:47,565 - WARNING - Modbus connection failed (Attempt 1/3)
2025-07-14 09:34:47,685 - INFO - Switched to GUI-2 (Next toggle in 30s
2025-07-14 09:34:48,344 - INFO - CSV write completed at 2025-07-14T09:34:48.344010
2025-07-14 09:34:48,566 - WARNING - Modbus connection failed (Attempt 2/3)
2025-07-14 09:34:49,566 - WARNING - Modbus connection failed (Attempt 3/3)
2025-07-14 09:34:50,566 - ERROR - Modbus connection failed after 3 retries. Last error: None
2025-07-14 09:34:50,566 - WARNING - Attempting to close and recreate Modbus client
2025-07-14 09:34:50,566 - INFO - Attempting Modbus connection on port /dev/ttyUSB0
2025-07-14 09:34:50,566 - ERROR - Modbus connection failed
2025-07-14 09:34:55,566 - WARNING - Modbus connection failed (Attempt 1/3)
2025-07-14 09:34:56,567 - WARNING - Modbus connection failed (Attempt 2/3)
2025-07-14 09:34:57,567 - WARNING - Modbus connection failed (Attempt 3/3)
2025-07-14 09:34:58,567 - ERROR - Modbus connection failed after 3 retries. Last error: None
2025-07-14 09:34:58,567 - WARNING - Attempting to close and recreate Modbus client
2025-07-14 09:34:58,567 - INFO - Attempting Modbus connection on port /dev/ttyUSB0
2025-07-14 09:34:58,568 - ERROR - Modbus connection failed
2025-07-14 09:35:03,568 - WARNING - Modbus connection failed (Attempt 1/3)
2025-07-14 09:35:04,568 - WARNING - Modbus connection failed (Attempt 2/3)
2025-07-14 09:35:05,568 - WARNING - Modbus connection failed (Attempt 3/3)
2025-07-14 09:35:06,568 - ERROR - Modbus connection failed after 3 retries. Last error: None
2025-07-14 09:35:06,568 - WARNING - Attempting to close and recreate Modbus client
2025-07-14 09:35:06,569 - INFO - Attempting Modbus connection on port /dev/ttyUSB0
2025-07-14 09:35:06,569 - ERROR - Modbus connection failed
2025-07-14 09:35:11,569 - WARNING - Modbus connection failed (Attempt 1/3)
2025-07-14 09:35:12,569 - WARNING - Modbus connection failed (Attempt 2/3)
2025-07-14 09:35:13,569 - WARNING - Modbus connection failed (Attempt 3/3)
2025-07-14 09:35:14,570 - ERROR - Modbus connection failed after 3 retries. Last error: None
2025-07-14 09:35:14,570 - WARNING - Attempting to close and recreate Modbus client
2025-07-14 09:35:14,570 - INFO - Attempting Modbus connection on port /dev/ttyUSB0
2025-07-14 09:35:14,570 - ERROR - Modbus connection failed
2025-07-14 09:35:17,685 - INFO - Switched to GUI-1 (Next toggle in 30s
2025-07-14 09:35:18,346 - INFO - CSV write completed at 2025-07-14T09:35:18.346415
2025-07-14 09:35:19,570 - WARNING - Modbus connection failed (Attempt 1/3)
2025-07-14 09:35:20,570 - WARNING - Modbus connection failed (Attempt 2/3)
2025-07-14 09:35:21,571 - WARNING - Modbus connection failed (Attempt 3/3)
2025-07-14 09:35:22,571 - ERROR - Modbus connection failed after 3 retries. Last error: None
2025-07-14 09:35:22,571 - WARNING - Attempting to close and recreate Modbus client
2025-07-14 09:35:22,571 - INFO - Attempting Modbus connection on port /dev/ttyUSB0
2025-07-14 09:35:22,571 - ERROR - Modbus connection failed
2025-07-14 09:35:27,572 - WARNING - Modbus connection failed (Attempt 1/3)
2025-07-14 09:35:28,572 - WARNING - Modbus connection failed (Attempt 2/3)
2025-07-14 09:35:29,572 - WARNING - Modbus connection failed (Attempt 3/3)
2025-07-14 09:35:30,572 - ERROR - Modbus connection failed after 3 retries. Last error: None
2025-07-14 09:35:30,572 - WARNING - Attempting to close and recreate Modbus client
2025-07-14 09:35:30,572 - INFO - Attempting Modbus connection on port /dev/ttyUSB0
2025-07-14 09:35:30,573 - ERROR - Modbus connection failed
2025-07-14 09:35:35,573 - WARNING - Modbus connection failed (Attempt 1/3)
2025-07-14 09:35:36,573 - WARNING - Modbus connection failed (Attempt 2/3)
2025-07-14 09:35:37,573 - WARNING - Modbus connection failed (Attempt 3/3)
2025-07-14 09:35:38,573 - ERROR - Modbus connection failed after 3 retries. Last error: None
2025-07-14 09:35:38,573 - WARNING - Attempting to close and recreate Modbus client
2025-07-14 09:35:38,574 - INFO - Attempting Modbus connection on port /dev/ttyUSB0
2025-07-14 09:35:38,574 - ERROR - Modbus connection failed
2025-07-14 09:35:43,574 - WARNING - Modbus connection failed (Attempt 1/3)
2025-07-14 09:35:44,574 - WARNING - Modbus connection failed (Attempt 2/3)
2025-07-14 09:35:45,575 - WARNING - Modbus connection failed (Attempt 3/3)
2025-07-14 09:35:46,575 - ERROR - Modbus connection failed after 3 retries. Last error: None
2025-07-14 09:35:46,575 - WARNING - Attempting to close and recreate Modbus client
2025-07-14 09:35:46,575 - INFO - Attempting Modbus connection on port /dev/ttyUSB0
2025-07-14 09:35:46,575 - ERROR - Modbus connection failed
2025-07-14 09:35:47,686 - INFO - Switched to GUI-2 (Next toggle in 30s
2025-07-14 09:35:48,348 - INFO - CSV write completed at 2025-07-14T09:35:48.348841
2025-07-14 09:35:51,575 - WARNING - Modbus connection failed (Attempt 1/3)
2025-07-14 09:35:52,576 - WARNING - Modbus connection failed (Attempt 2/3)
2025-07-14 09:35:53,576 - WARNING - Modbus connection failed (Attempt 3/3)
2025-07-14 09:35:54,576 - ERROR - Modbus connection failed after 3 retries. Last error: None
2025-07-14 09:35:54,576 - WARNING - Attempting to close and recreate Modbus client
2025-07-14 09:35:54,576 - INFO - Attempting Modbus connection on port /dev/ttyUSB0
2025-07-14 09:35:54,576 - ERROR - Modbus connection failed
2025-07-14 09:35:59,577 - WARNING - Modbus connection failed (Attempt 1/3)
2025-07-14 09:36:00,578 - WARNING - Modbus connection failed (Attempt 2/3)
2025-07-14 09:36:01,578 - WARNING - Modbus connection failed (Attempt 3/3)
2025-07-14 09:36:02,578 - ERROR - Modbus connection failed after 3 retries. Last error: None
2025-07-14 09:36:02,578 - WARNING - Attempting to close and recreate Modbus client
2025-07-14 09:36:02,578 - INFO - Attempting Modbus connection on port /dev/ttyUSB0
2025-07-14 09:36:02,578 - ERROR - Modbus connection failed
2025-07-14 09:36:07,579 - WARNING - Modbus connection failed (Attempt 1/3)
2025-07-14 09:36:08,579 - WARNING - Modbus connection failed (Attempt 2/3)
2025-07-14 09:36:09,579 - WARNING - Modbus connection failed (Attempt 3/3)
2025-07-14 09:36:10,579 - ERROR - Modbus connection failed after 3 retries. Last error: None
2025-07-14 09:36:10,579 - WARNING - Attempting to close and recreate Modbus client
2025-07-14 09:36:10,579 - INFO - Attempting Modbus connection on port /dev/ttyUSB0
2025-07-14 09:36:10,579 - ERROR - Modbus connection failed
2025-07-14 09:36:15,580 - WARNING - Modbus connection failed (Attempt 1/3)
2025-07-14 09:36:16,580 - WARNING - Modbus connection failed (Attempt 2/3)
2025-07-14 09:36:17,580 - WARNING - Modbus connection failed (Attempt 3/3)
2025-07-14 09:36:17,686 - INFO - Switched to GUI-1 (Next toggle in 30s
2025-07-14 09:36:18,351 - INFO - CSV write completed at 2025-07-14T09:36:18.351139
2025-07-14 09:36:18,580 - ERROR - Modbus connection failed after 3 retries. Last error: None
2025-07-14 09:36:18,580 - WARNING - Attempting to close and recreate Modbus client
2025-07-14 09:36:18,581 - INFO - Attempting Modbus connection on port /dev/ttyUSB0
2025-07-14 09:36:18,581 - ERROR - Modbus connection failed
2025-07-14 09:36:23,581 - WARNING - Modbus connection failed (Attempt 1/3)
2025-07-14 09:36:24,581 - WARNING - Modbus connection failed (Attempt 2/3)
2025-07-14 09:36:25,582 - WARNING - Modbus connection failed (Attempt 3/3)
2025-07-14 09:36:26,582 - ERROR - Modbus connection failed after 3 retries. Last error: None
2025-07-14 09:36:26,582 - WARNING - Attempting to close and recreate Modbus client
2025-07-14 09:36:26,582 - INFO - Attempting Modbus connection on port /dev/ttyUSB0
2025-07-14 09:36:26,582 - ERROR - Modbus connection failed
2025-07-14 09:36:31,582 - WARNING - Modbus connection failed (Attempt 1/3)
2025-07-14 09:36:32,582 - WARNING - Modbus connection failed (Attempt 2/3)
2025-07-14 09:36:33,583 - WARNING - Modbus connection failed (Attempt 3/3)
2025-07-14 09:36:34,583 - ERROR - Modbus connection failed after 3 retries. Last error: None
2025-07-14 09:36:34,583 - WARNING - Attempting to close and recreate Modbus client
2025-07-14 09:36:34,583 - INFO - Attempting Modbus connection on port /dev/ttyUSB0
2025-07-14 09:36:34,583 - ERROR - Modbus connection failed
2025-07-14 09:36:39,583 - WARNING - Modbus connection failed (Attempt 1/3)
2025-07-14 09:36:40,584 - WARNING - Modbus connection failed (Attempt 2/3)
2025-07-14 09:36:41,584 - WARNING - Modbus connection failed (Attempt 3/3)
2025-07-14 09:36:42,584 - ERROR - Modbus connection failed after 3 retries. Last error: None
2025-07-14 09:36:42,584 - WARNING - Attempting to close and recreate Modbus client
2025-07-14 09:36:42,584 - INFO - Attempting Modbus connection on port /dev/ttyUSB0
2025-07-14 09:36:42,584 - ERROR - Modbus connection failed
2025-07-14 09:36:47,585 - WARNING - Modbus connection failed (Attempt 1/3)
2025-07-14 09:36:47,686 - INFO - Switched to GUI-2 (Next toggle in 30s
2025-07-14 09:36:48,353 - INFO - CSV write completed at 2025-07-14T09:36:48.353647
2025-07-14 09:36:48,585 - WARNING - Modbus connection failed (Attempt 2/3)
2025-07-14 09:36:49,585 - WARNING - Modbus connection failed (Attempt 3/3)
2025-07-14 09:36:50,585 - ERROR - Modbus connection failed after 3 retries. Last error: None
2025-07-14 09:36:50,585 - WARNING - Attempting to close and recreate Modbus client
2025-07-14 09:36:50,585 - INFO - Attempting Modbus connection on port /dev/ttyUSB0
2025-07-14 09:36:50,586 - ERROR - Modbus connection failed
2025-07-14 09:36:55,586 - WARNING - Modbus connection failed (Attempt 1/3)
2025-07-14 09:36:56,586 - WARNING - Modbus connection failed (Attempt 2/3)
2025-07-14 09:36:57,587 - WARNING - Modbus connection failed (Attempt 3/3)
2025-07-14 09:36:58,587 - ERROR - Modbus connection failed after 3 retries. Last error: None
2025-07-14 09:36:58,587 - WARNING - Attempting to close and recreate Modbus client
2025-07-14 09:36:58,587 - INFO - Attempting Modbus connection on port /dev/ttyUSB0
2025-07-14 09:36:58,587 - ERROR - Modbus connection failed
2025-07-14 09:37:03,588 - WARNING - Modbus connection failed (Attempt 1/3)
2025-07-14 09:37:04,588 - WARNING - Modbus connection failed (Attempt 2/3)
2025-07-14 09:37:05,588 - WARNING - Modbus connection failed (Attempt 3/3)
2025-07-14 09:37:06,588 - ERROR - Modbus connection failed after 3 retries. Last error: None
2025-07-14 09:37:06,589 - WARNING - Attempting to close and recreate Modbus client
2025-07-14 09:37:06,589 - INFO - Attempting Modbus connection on port /dev/ttyUSB0
2025-07-14 09:37:06,589 - ERROR - Modbus connection failed
2025-07-14 09:37:11,589 - WARNING - Modbus connection failed (Attempt 1/3)
2025-07-14 09:37:12,589 - WARNING - Modbus connection failed (Attempt 2/3)
2025-07-14 09:37:13,589 - WARNING - Modbus connection failed (Attempt 3/3)
2025-07-14 09:37:14,590 - ERROR - Modbus connection failed after 3 retries. Last error: None
2025-07-14 09:37:14,590 - WARNING - Attempting to close and recreate Modbus client
2025-07-14 09:37:14,590 - INFO - Attempting Modbus connection on port /dev/ttyUSB0
2025-07-14 09:37:14,590 - ERROR - Modbus connection failed
2025-07-14 09:37:17,686 - INFO - Switched to GUI-1 (Next toggle in 30s
2025-07-14 09:37:18,355 - INFO - CSV write completed at 2025-07-14T09:37:18.355935
2025-07-14 09:37:19,590 - WARNING - Modbus connection failed (Attempt 1/3)
2025-07-14 09:37:20,591 - WARNING - Modbus connection failed (Attempt 2/3)
2025-07-14 09:37:21,591 - WARNING - Modbus connection failed (Attempt 3/3)
2025-07-14 09:37:22,591 - ERROR - Modbus connection failed after 3 retries. Last error: None
2025-07-14 09:37:22,591 - WARNING - Attempting to close and recreate Modbus client
2025-07-14 09:37:22,591 - INFO - Attempting Modbus connection on port /dev/ttyUSB0
2025-07-14 09:37:22,591 - ERROR - Modbus connection failed
2025-07-14 09:37:27,592 - WARNING - Modbus connection failed (Attempt 1/3)
2025-07-14 09:37:28,592 - WARNING - Modbus connection failed (Attempt 2/3)
2025-07-14 09:37:29,592 - WARNING - Modbus connection failed (Attempt 3/3)
2025-07-14 09:37:30,592 - ERROR - Modbus connection failed after 3 retries. Last error: None
2025-07-14 09:37:30,592 - WARNING - Attempting to close and recreate Modbus client
2025-07-14 09:37:30,592 - INFO - Attempting Modbus connection on port /dev/ttyUSB0
2025-07-14 09:37:30,593 - ERROR - Modbus connection failed
2025-07-14 09:37:35,593 - WARNING - Modbus connection failed (Attempt 1/3)
2025-07-14 09:37:36,593 - WARNING - Modbus connection failed (Attempt 2/3)
2025-07-14 09:37:37,593 - WARNING - Modbus connection failed (Attempt 3/3)
2025-07-14 09:37:38,593 - ERROR - Modbus connection failed after 3 retries. Last error: None
2025-07-14 09:37:38,593 - WARNING - Attempting to close and recreate Modbus client
2025-07-14 09:37:38,594 - INFO - Attempting Modbus connection on port /dev/ttyUSB0
2025-07-14 09:37:38,594 - ERROR - Modbus connection failed
2025-07-14 09:37:43,594 - WARNING - Modbus connection failed (Attempt 1/3)
2025-07-14 09:37:44,594 - WARNING - Modbus connection failed (Attempt 2/3)
2025-07-14 09:37:45,595 - WARNING - Modbus connection failed (Attempt 3/3)
2025-07-14 09:37:46,595 - ERROR - Modbus connection failed after 3 retries. Last error: None
2025-07-14 09:37:46,595 - WARNING - Attempting to close and recreate Modbus client
2025-07-14 09:37:46,595 - INFO - Attempting Modbus connection on port /dev/ttyUSB0
2025-07-14 09:37:46,595 - ERROR - Modbus connection failed
2025-07-14 09:37:47,687 - INFO - Switched to GUI-2 (Next toggle in 30s
2025-07-14 09:37:48,358 - INFO - CSV write completed at 2025-07-14T09:37:48.358358
2025-07-14 09:37:51,595 - WARNING - Modbus connection failed (Attempt 1/3)
2025-07-14 09:37:52,595 - WARNING - Modbus connection failed (Attempt 2/3)
2025-07-14 09:37:53,596 - WARNING - Modbus connection failed (Attempt 3/3)
2025-07-14 09:37:54,596 - ERROR - Modbus connection failed after 3 retries. Last error: None
2025-07-14 09:37:54,596 - WARNING - Attempting to close and recreate Modbus client
2025-07-14 09:37:54,596 - INFO - Attempting Modbus connection on port /dev/ttyUSB0
2025-07-14 09:37:54,596 - ERROR - Modbus connection failed
2025-07-14 09:37:59,597 - WARNING - Modbus connection failed (Attempt 1/3)
2025-07-14 09:38:00,597 - WARNING - Modbus connection failed (Attempt 2/3)
2025-07-14 09:38:01,597 - WARNING - Modbus connection failed (Attempt 3/3)
2025-07-14 09:38:02,597 - ERROR - Modbus connection failed after 3 retries. Last error: None
2025-07-14 09:38:02,597 - WARNING - Attempting to close and recreate Modbus client
2025-07-14 09:38:02,597 - INFO - Attempting Modbus connection on port /dev/ttyUSB0
2025-07-14 09:38:02,597 - ERROR - Modbus connection failed
2025-07-14 09:38:07,598 - WARNING - Modbus connection failed (Attempt 1/3)
2025-07-14 09:38:08,598 - WARNING - Modbus connection failed (Attempt 2/3)
2025-07-14 09:38:09,598 - WARNING - Modbus connection failed (Attempt 3/3)
2025-07-14 09:38:10,598 - ERROR - Modbus connection failed after 3 retries. Last error: None
2025-07-14 09:38:10,598 - WARNING - Attempting to close and recreate Modbus client
2025-07-14 09:38:10,598 - INFO - Attempting Modbus connection on port /dev/ttyUSB0
2025-07-14 09:38:10,599 - ERROR - Modbus connection failed
2025-07-14 09:38:15,599 - WARNING - Modbus connection failed (Attempt 1/3)
2025-07-14 09:38:16,599 - WARNING - Modbus connection failed (Attempt 2/3)
2025-07-14 09:38:17,599 - WARNING - Modbus connection failed (Attempt 3/3)
2025-07-14 09:38:17,687 - INFO - Switched to GUI-1 (Next toggle in 30s
2025-07-14 09:38:18,364 - INFO - CSV write completed at 2025-07-14T09:38:18.364343
2025-07-14 09:38:18,599 - ERROR - Modbus connection failed after 3 retries. Last error: None
2025-07-14 09:38:18,600 - WARNING - Attempting to close and recreate Modbus client
2025-07-14 09:38:18,600 - INFO - Attempting Modbus connection on port /dev/ttyUSB0
2025-07-14 09:38:18,600 - ERROR - Modbus connection failed
2025-07-14 09:38:23,600 - WARNING - Modbus connection failed (Attempt 1/3)
2025-07-14 09:38:24,600 - WARNING - Modbus connection failed (Attempt 2/3)
2025-07-14 09:38:25,601 - WARNING - Modbus connection failed (Attempt 3/3)
2025-07-14 09:38:26,601 - ERROR - Modbus connection failed after 3 retries. Last error: None
2025-07-14 09:38:26,601 - WARNING - Attempting to close and recreate Modbus client
2025-07-14 09:38:26,601 - INFO - Attempting Modbus connection on port /dev/ttyUSB0
2025-07-14 09:38:26,601 - ERROR - Modbus connection failed
2025-07-14 09:38:31,601 - WARNING - Modbus connection failed (Attempt 1/3)
2025-07-14 09:38:32,602 - WARNING - Modbus connection failed (Attempt 2/3)
2025-07-14 09:38:33,602 - WARNING - Modbus connection failed (Attempt 3/3)
2025-07-14 09:38:34,602 - ERROR - Modbus connection failed after 3 retries. Last error: None
2025-07-14 09:38:34,602 - WARNING - Attempting to close and recreate Modbus client
2025-07-14 09:38:34,602 - INFO - Attempting Modbus connection on port /dev/ttyUSB0
2025-07-14 09:38:34,602 - ERROR - Modbus connection failed
2025-07-14 09:38:39,602 - WARNING - Modbus connection failed (Attempt 1/3)
2025-07-14 09:38:40,603 - WARNING - Modbus connection failed (Attempt 2/3)
2025-07-14 09:38:41,603 - WARNING - Modbus connection failed (Attempt 3/3)
2025-07-14 09:38:42,603 - ERROR - Modbus connection failed after 3 retries. Last error: None
2025-07-14 09:38:42,603 - WARNING - Attempting to close and recreate Modbus client
2025-07-14 09:38:42,603 - INFO - Attempting Modbus connection on port /dev/ttyUSB0
2025-07-14 09:38:42,603 - ERROR - Modbus connection failed
2025-07-14 09:38:47,604 - WARNING - Modbus connection failed (Attempt 1/3)
2025-07-14 09:38:47,687 - INFO - Switched to GUI-2 (Next toggle in 30s
2025-07-14 09:38:48,367 - INFO - CSV write completed at 2025-07-14T09:38:48.367300
2025-07-14 09:38:48,604 - WARNING - Modbus connection failed (Attempt 2/3)
2025-07-14 09:38:49,604 - WARNING - Modbus connection failed (Attempt 3/3)
2025-07-14 09:38:50,606 - ERROR - Modbus connection failed after 3 retries. Last error: None
2025-07-14 09:38:50,606 - WARNING - Attempting to close and recreate Modbus client
2025-07-14 09:38:50,606 - INFO - Attempting Modbus connection on port /dev/ttyUSB0
2025-07-14 09:38:50,606 - ERROR - Modbus connection failed
2025-07-14 09:38:55,607 - WARNING - Modbus connection failed (Attempt 1/3)
2025-07-14 09:38:56,607 - WARNING - Modbus connection failed (Attempt 2/3)
2025-07-14 09:38:57,607 - WARNING - Modbus connection failed (Attempt 3/3)
2025-07-14 09:38:58,607 - ERROR - Modbus connection failed after 3 retries. Last error: None
2025-07-14 09:38:58,607 - WARNING - Attempting to close and recreate Modbus client
2025-07-14 09:38:58,607 - INFO - Attempting Modbus connection on port /dev/ttyUSB0
2025-07-14 09:38:58,608 - ERROR - Modbus connection failed
2025-07-14 09:39:03,608 - WARNING - Modbus connection failed (Attempt 1/3)
2025-07-14 09:39:04,608 - WARNING - Modbus connection failed (Attempt 2/3)
2025-07-14 09:39:05,608 - WARNING - Modbus connection failed (Attempt 3/3)
2025-07-14 09:39:06,609 - ERROR - Modbus connection failed after 3 retries. Last error: None
2025-07-14 09:39:06,609 - WARNING - Attempting to close and recreate Modbus client
2025-07-14 09:39:06,609 - INFO - Attempting Modbus connection on port /dev/ttyUSB0
2025-07-14 09:39:06,609 - ERROR - Modbus connection failed
2025-07-14 09:39:11,609 - WARNING - Modbus connection failed (Attempt 1/3)
2025-07-14 09:39:12,609 - WARNING - Modbus connection failed (Attempt 2/3)
2025-07-14 09:39:13,610 - WARNING - Modbus connection failed (Attempt 3/3)
2025-07-14 09:39:14,610 - ERROR - Modbus connection failed after 3 retries. Last error: None
2025-07-14 09:39:14,610 - WARNING - Attempting to close and recreate Modbus client
2025-07-14 09:39:14,610 - INFO - Attempting Modbus connection on port /dev/ttyUSB0
2025-07-14 09:39:14,610 - ERROR - Modbus connection failed
2025-07-14 09:39:17,688 - INFO - Switched to GUI-1 (Next toggle in 30s
2025-07-14 09:39:18,369 - INFO - CSV write completed at 2025-07-14T09:39:18.369717
2025-07-14 09:39:19,611 - WARNING - Modbus connection failed (Attempt 1/3)
2025-07-14 09:39:20,611 - WARNING - Modbus connection failed (Attempt 2/3)
2025-07-14 09:39:21,611 - WARNING - Modbus connection failed (Attempt 3/3)
2025-07-14 09:39:22,611 - ERROR - Modbus connection failed after 3 retries. Last error: None
2025-07-14 09:39:22,848 - WARNING - Attempting to close and recreate Modbus client
2025-07-14 09:39:22,849 - INFO - Attempting Modbus connection on port /dev/ttyUSB0
2025-07-14 09:39:22,849 - ERROR - Modbus connection failed
2025-07-14 09:39:27,849 - WARNING - Modbus connection failed (Attempt 1/3)
2025-07-14 09:39:28,849 - WARNING - Modbus connection failed (Attempt 2/3)
2025-07-14 09:39:29,850 - WARNING - Modbus connection failed (Attempt 3/3)
2025-07-14 09:39:30,850 - ERROR - Modbus connection failed after 3 retries. Last error: None
2025-07-14 09:39:30,850 - WARNING - Attempting to close and recreate Modbus client
2025-07-14 09:39:30,850 - INFO - Attempting Modbus connection on port /dev/ttyUSB0
2025-07-14 09:39:30,850 - ERROR - Modbus connection failed
2025-07-14 09:39:35,850 - WARNING - Modbus connection failed (Attempt 1/3)
2025-07-14 09:39:36,851 - WARNING - Modbus connection failed (Attempt 2/3)
2025-07-14 09:39:37,851 - WARNING - Modbus connection failed (Attempt 3/3)
2025-07-14 09:39:38,851 - ERROR - Modbus connection failed after 3 retries. Last error: None
2025-07-14 09:39:38,851 - WARNING - Attempting to close and recreate Modbus client
2025-07-14 09:39:38,851 - INFO - Attempting Modbus connection on port /dev/ttyUSB0
2025-07-14 09:39:38,852 - ERROR - Modbus connection failed
2025-07-14 09:39:43,852 - WARNING - Modbus connection failed (Attempt 1/3)
2025-07-14 09:39:44,862 - WARNING - Modbus connection failed (Attempt 2/3)
2025-07-14 09:39:45,862 - WARNING - Modbus connection failed (Attempt 3/3)
2025-07-14 09:39:46,862 - ERROR - Modbus connection failed after 3 retries. Last error: None
2025-07-14 09:39:46,862 - WARNING - Attempting to close and recreate Modbus client
2025-07-14 09:39:46,862 - INFO - Attempting Modbus connection on port /dev/ttyUSB0
2025-07-14 09:39:46,863 - ERROR - Modbus connection failed
2025-07-14 09:39:47,688 - INFO - Switched to GUI-2 (Next toggle in 30s
2025-07-14 09:39:48,372 - INFO - CSV write completed at 2025-07-14T09:39:48.372235
2025-07-14 09:39:51,863 - WARNING - Modbus connection failed (Attempt 1/3)
2025-07-14 09:39:52,863 - WARNING - Modbus connection failed (Attempt 2/3)
2025-07-14 09:39:53,863 - WARNING - Modbus connection failed (Attempt 3/3)
2025-07-14 09:39:54,867 - ERROR - Modbus connection failed after 3 retries. Last error: None
2025-07-14 09:39:54,867 - WARNING - Attempting to close and recreate Modbus client
2025-07-14 09:39:54,867 - INFO - Attempting Modbus connection on port /dev/ttyUSB0
2025-07-14 09:39:54,867 - ERROR - Modbus connection failed
2025-07-14 09:39:59,868 - WARNING - Modbus connection failed (Attempt 1/3)
2025-07-14 09:40:00,868 - WARNING - Modbus connection failed (Attempt 2/3)
2025-07-14 09:40:01,875 - WARNING - Modbus connection failed (Attempt 3/3)
2025-07-14 09:40:02,875 - ERROR - Modbus connection failed after 3 retries. Last error: None
2025-07-14 09:40:02,875 - WARNING - Attempting to close and recreate Modbus client
2025-07-14 09:40:02,875 - INFO - Attempting Modbus connection on port /dev/ttyUSB0
2025-07-14 09:40:02,875 - ERROR - Modbus connection failed
2025-07-14 09:40:07,875 - WARNING - Modbus connection failed (Attempt 1/3)
2025-07-14 09:40:08,876 - WARNING - Modbus connection failed (Attempt 2/3)
2025-07-14 09:40:09,876 - WARNING - Modbus connection failed (Attempt 3/3)
2025-07-14 09:40:10,876 - ERROR - Modbus connection failed after 3 retries. Last error: None
2025-07-14 09:40:10,876 - WARNING - Attempting to close and recreate Modbus client
2025-07-14 09:40:10,876 - INFO - Attempting Modbus connection on port /dev/ttyUSB0
2025-07-14 09:40:10,876 - ERROR - Modbus connection failed
2025-07-14 09:40:15,876 - WARNING - Modbus connection failed (Attempt 1/3)
2025-07-14 09:40:16,877 - WARNING - Modbus connection failed (Attempt 2/3)
2025-07-14 09:40:17,688 - INFO - Switched to GUI-1 (Next toggle in 30s
2025-07-14 09:40:17,877 - WARNING - Modbus connection failed (Attempt 3/3)
2025-07-14 09:40:18,376 - INFO - CSV write completed at 2025-07-14T09:40:18.376341
2025-07-14 09:40:18,877 - ERROR - Modbus connection failed after 3 retries. Last error: None
2025-07-14 09:40:18,877 - WARNING - Attempting to close and recreate Modbus client
2025-07-14 09:40:18,878 - INFO - Attempting Modbus connection on port /dev/ttyUSB0
2025-07-14 09:40:18,878 - ERROR - Modbus connection failed
2025-07-14 09:40:23,878 - WARNING - Modbus connection failed (Attempt 1/3)
2025-07-14 09:40:24,878 - WARNING - Modbus connection failed (Attempt 2/3)
2025-07-14 09:40:25,879 - WARNING - Modbus connection failed (Attempt 3/3)
2025-07-14 09:40:26,879 - ERROR - Modbus connection failed after 3 retries. Last error: None
2025-07-14 09:40:26,879 - WARNING - Attempting to close and recreate Modbus client
2025-07-14 09:40:26,879 - INFO - Attempting Modbus connection on port /dev/ttyUSB0
2025-07-14 09:40:26,879 - ERROR - Modbus connection failed
2025-07-14 09:40:31,879 - WARNING - Modbus connection failed (Attempt 1/3)
2025-07-14 09:40:32,880 - WARNING - Modbus connection failed (Attempt 2/3)
2025-07-14 09:40:33,880 - WARNING - Modbus connection failed (Attempt 3/3)
2025-07-14 09:40:34,880 - ERROR - Modbus connection failed after 3 retries. Last error: None
2025-07-14 09:40:34,880 - WARNING - Attempting to close and recreate Modbus client
2025-07-14 09:40:34,880 - INFO - Attempting Modbus connection on port /dev/ttyUSB0
2025-07-14 09:40:34,880 - ERROR - Modbus connection failed
2025-07-14 09:40:39,881 - WARNING - Modbus connection failed (Attempt 1/3)
2025-07-14 09:40:40,881 - WARNING - Modbus connection failed (Attempt 2/3)
2025-07-14 09:40:41,881 - WARNING - Modbus connection failed (Attempt 3/3)
2025-07-14 09:40:42,881 - ERROR - Modbus connection failed after 3 retries. Last error: None
2025-07-14 09:40:42,881 - WARNING - Attempting to close and recreate Modbus client
2025-07-14 09:40:42,881 - INFO - Attempting Modbus connection on port /dev/ttyUSB0
2025-07-14 09:40:42,882 - ERROR - Modbus connection failed
2025-07-14 09:40:47,688 - INFO - Switched to GUI-2 (Next toggle in 30s
2025-07-14 09:40:47,882 - WARNING - Modbus connection failed (Attempt 1/3)
2025-07-14 09:40:48,380 - INFO - CSV write completed at 2025-07-14T09:40:48.380048
2025-07-14 09:40:48,883 - WARNING - Modbus connection failed (Attempt 2/3)
2025-07-14 09:40:49,883 - WARNING - Modbus connection failed (Attempt 3/3)
2025-07-14 09:40:50,883 - ERROR - Modbus connection failed after 3 retries. Last error: None
2025-07-14 09:40:50,883 - WARNING - Attempting to close and recreate Modbus client
2025-07-14 09:40:50,883 - INFO - Attempting Modbus connection on port /dev/ttyUSB0
2025-07-14 09:40:50,883 - ERROR - Modbus connection failed
2025-07-14 09:40:55,884 - WARNING - Modbus connection failed (Attempt 1/3)
2025-07-14 09:40:56,884 - WARNING - Modbus connection failed (Attempt 2/3)
2025-07-14 09:40:57,884 - WARNING - Modbus connection failed (Attempt 3/3)
2025-07-14 09:40:58,885 - ERROR - Modbus connection failed after 3 retries. Last error: None
2025-07-14 09:40:58,885 - WARNING - Attempting to close and recreate Modbus client
2025-07-14 09:40:58,892 - INFO - Attempting Modbus connection on port /dev/ttyUSB0
2025-07-14 09:40:58,892 - ERROR - Modbus connection failed
2025-07-14 09:41:03,892 - WARNING - Modbus connection failed (Attempt 1/3)
2025-07-14 09:41:04,902 - WARNING - Modbus connection failed (Attempt 2/3)
2025-07-14 09:41:05,902 - WARNING - Modbus connection failed (Attempt 3/3)
2025-07-14 09:41:06,902 - ERROR - Modbus connection failed after 3 retries. Last error: None
2025-07-14 09:41:06,902 - WARNING - Attempting to close and recreate Modbus client
2025-07-14 09:41:06,902 - INFO - Attempting Modbus connection on port /dev/ttyUSB0
2025-07-14 09:41:06,902 - ERROR - Modbus connection failed
2025-07-14 09:41:11,903 - WARNING - Modbus connection failed (Attempt 1/3)
2025-07-14 09:41:12,903 - WARNING - Modbus connection failed (Attempt 2/3)
2025-07-14 09:41:13,903 - WARNING - Modbus connection failed (Attempt 3/3)
2025-07-14 09:41:14,903 - ERROR - Modbus connection failed after 3 retries. Last error: None
2025-07-14 09:41:14,904 - WARNING - Attempting to close and recreate Modbus client
2025-07-14 09:41:14,904 - INFO - Attempting Modbus connection on port /dev/ttyUSB0
2025-07-14 09:41:14,904 - ERROR - Modbus connection failed
2025-07-14 09:41:17,689 - INFO - Switched to GUI-1 (Next toggle in 30s
2025-07-14 09:41:18,387 - INFO - CSV write completed at 2025-07-14T09:41:18.387747
2025-07-14 09:41:19,904 - WARNING - Modbus connection failed (Attempt 1/3)
2025-07-14 09:41:20,904 - WARNING - Modbus connection failed (Attempt 2/3)
2025-07-14 09:41:21,905 - WARNING - Modbus connection failed (Attempt 3/3)
2025-07-14 09:41:22,905 - ERROR - Modbus connection failed after 3 retries. Last error: None
2025-07-14 09:41:22,905 - WARNING - Attempting to close and recreate Modbus client
2025-07-14 09:41:22,905 - INFO - Attempting Modbus connection on port /dev/ttyUSB0
2025-07-14 09:41:22,912 - ERROR - Modbus connection failed
2025-07-14 09:41:27,913 - WARNING - Modbus connection failed (Attempt 1/3)
2025-07-14 09:41:28,922 - WARNING - Modbus connection failed (Attempt 2/3)
2025-07-14 09:41:29,923 - WARNING - Modbus connection failed (Attempt 3/3)
2025-07-14 09:41:30,923 - ERROR - Modbus connection failed after 3 retries. Last error: None
2025-07-14 09:41:30,923 - WARNING - Attempting to close and recreate Modbus client
2025-07-14 09:41:30,923 - INFO - Attempting Modbus connection on port /dev/ttyUSB0
2025-07-14 09:41:30,923 - ERROR - Modbus connection failed
2025-07-14 09:41:35,924 - WARNING - Modbus connection failed (Attempt 1/3)
2025-07-14 09:41:36,924 - WARNING - Modbus connection failed (Attempt 2/3)
2025-07-14 09:41:37,924 - WARNING - Modbus connection failed (Attempt 3/3)
2025-07-14 09:41:38,925 - ERROR - Modbus connection failed after 3 retries. Last error: None
2025-07-14 09:41:38,925 - WARNING - Attempting to close and recreate Modbus client
2025-07-14 09:41:38,925 - INFO - Attempting Modbus connection on port /dev/ttyUSB0
2025-07-14 09:41:38,925 - ERROR - Modbus connection failed
2025-07-14 09:41:43,925 - WARNING - Modbus connection failed (Attempt 1/3)
2025-07-14 09:41:44,925 - WARNING - Modbus connection failed (Attempt 2/3)
2025-07-14 09:41:45,926 - WARNING - Modbus connection failed (Attempt 3/3)
2025-07-14 09:41:46,926 - ERROR - Modbus connection failed after 3 retries. Last error: None
2025-07-14 09:41:46,926 - WARNING - Attempting to close and recreate Modbus client
2025-07-14 09:41:46,926 - INFO - Attempting Modbus connection on port /dev/ttyUSB0
2025-07-14 09:41:46,926 - ERROR - Modbus connection failed
2025-07-14 09:41:47,689 - INFO - Switched to GUI-2 (Next toggle in 30s
2025-07-14 09:41:48,391 - INFO - CSV write completed at 2025-07-14T09:41:48.391919
2025-07-14 09:41:51,927 - WARNING - Modbus connection failed (Attempt 1/3)
2025-07-14 09:41:52,927 - WARNING - Modbus connection failed (Attempt 2/3)
2025-07-14 09:41:53,927 - WARNING - Modbus connection failed (Attempt 3/3)
2025-07-14 09:41:54,927 - ERROR - Modbus connection failed after 3 retries. Last error: None
2025-07-14 09:41:54,928 - WARNING - Attempting to close and recreate Modbus client
2025-07-14 09:41:54,928 - INFO - Attempting Modbus connection on port /dev/ttyUSB0
2025-07-14 09:41:54,928 - ERROR - Modbus connection failed
2025-07-14 09:41:59,928 - WARNING - Modbus connection failed (Attempt 1/3)
2025-07-14 09:42:00,928 - WARNING - Modbus connection failed (Attempt 2/3)
2025-07-14 09:42:01,929 - WARNING - Modbus connection failed (Attempt 3/3)
2025-07-14 09:42:02,929 - ERROR - Modbus connection failed after 3 retries. Last error: None
2025-07-14 09:42:02,929 - WARNING - Attempting to close and recreate Modbus client
2025-07-14 09:42:02,929 - INFO - Attempting Modbus connection on port /dev/ttyUSB0
2025-07-14 09:42:02,929 - ERROR - Modbus connection failed
2025-07-14 09:42:07,929 - WARNING - Modbus connection failed (Attempt 1/3)
2025-07-14 09:42:08,930 - WARNING - Modbus connection failed (Attempt 2/3)
2025-07-14 09:42:09,930 - WARNING - Modbus connection failed (Attempt 3/3)
2025-07-14 09:42:10,930 - ERROR - Modbus connection failed after 3 retries. Last error: None
2025-07-14 09:42:10,930 - WARNING - Attempting to close and recreate Modbus client
2025-07-14 09:42:10,930 - INFO - Attempting Modbus connection on port /dev/ttyUSB0
2025-07-14 09:42:10,930 - ERROR - Modbus connection failed
2025-07-14 09:42:15,931 - WARNING - Modbus connection failed (Attempt 1/3)
2025-07-14 09:42:16,931 - WARNING - Modbus connection failed (Attempt 2/3)
2025-07-14 09:42:17,689 - INFO - Switched to GUI-1 (Next toggle in 30s
2025-07-14 09:42:17,932 - WARNING - Modbus connection failed (Attempt 3/3)
2025-07-14 09:42:18,396 - INFO - CSV write completed at 2025-07-14T09:42:18.396106
2025-07-14 09:42:18,932 - ERROR - Modbus connection failed after 3 retries. Last error: None
2025-07-14 09:42:18,932 - WARNING - Attempting to close and recreate Modbus client
2025-07-14 09:42:18,932 - INFO - Attempting Modbus connection on port /dev/ttyUSB0
2025-07-14 09:42:18,932 - ERROR - Modbus connection failed
2025-07-14 09:42:23,932 - WARNING - Modbus connection failed (Attempt 1/3)
2025-07-14 09:42:24,933 - WARNING - Modbus connection failed (Attempt 2/3)
2025-07-14 09:42:25,933 - WARNING - Modbus connection failed (Attempt 3/3)
2025-07-14 09:42:26,933 - ERROR - Modbus connection failed after 3 retries. Last error: None
2025-07-14 09:42:26,933 - WARNING - Attempting to close and recreate Modbus client
2025-07-14 09:42:26,933 - INFO - Attempting Modbus connection on port /dev/ttyUSB0
2025-07-14 09:42:26,933 - ERROR - Modbus connection failed
2025-07-14 09:42:31,934 - WARNING - Modbus connection failed (Attempt 1/3)
2025-07-14 09:42:32,934 - WARNING - Modbus connection failed (Attempt 2/3)
2025-07-14 09:42:33,935 - WARNING - Modbus connection failed (Attempt 3/3)
2025-07-14 09:42:34,935 - ERROR - Modbus connection failed after 3 retries. Last error: None
2025-07-14 09:42:34,935 - WARNING - Attempting to close and recreate Modbus client
2025-07-14 09:42:34,935 - INFO - Attempting Modbus connection on port /dev/ttyUSB0
2025-07-14 09:42:34,935 - ERROR - Modbus connection failed
2025-07-14 09:42:39,935 - WARNING - Modbus connection failed (Attempt 1/3)
2025-07-14 09:42:40,936 - WARNING - Modbus connection failed (Attempt 2/3)
2025-07-14 09:42:41,936 - WARNING - Modbus connection failed (Attempt 3/3)
2025-07-14 09:42:42,936 - ERROR - Modbus connection failed after 3 retries. Last error: None
2025-07-14 09:42:42,936 - WARNING - Attempting to close and recreate Modbus client
2025-07-14 09:42:42,936 - INFO - Attempting Modbus connection on port /dev/ttyUSB0
2025-07-14 09:42:42,936 - ERROR - Modbus connection failed
2025-07-14 09:42:47,690 - INFO - Switched to GUI-2 (Next toggle in 30s
2025-07-14 09:42:47,937 - WARNING - Modbus connection failed (Attempt 1/3)
2025-07-14 09:42:48,400 - INFO - CSV write completed at 2025-07-14T09:42:48.400078
2025-07-14 09:42:48,937 - WARNING - Modbus connection failed (Attempt 2/3)
2025-07-14 09:42:49,937 - WARNING - Modbus connection failed (Attempt 3/3)
2025-07-14 09:42:50,937 - ERROR - Modbus connection failed after 3 retries. Last error: None
2025-07-14 09:42:50,938 - WARNING - Attempting to close and recreate Modbus client
2025-07-14 09:42:50,938 - INFO - Attempting Modbus connection on port /dev/ttyUSB0
2025-07-14 09:42:50,938 - ERROR - Modbus connection failed
2025-07-14 09:42:55,938 - WARNING - Modbus connection failed (Attempt 1/3)
2025-07-14 09:42:56,939 - WARNING - Modbus connection failed (Attempt 2/3)
2025-07-14 09:42:57,939 - WARNING - Modbus connection failed (Attempt 3/3)
2025-07-14 09:42:58,939 - ERROR - Modbus connection failed after 3 retries. Last error: None
2025-07-14 09:42:58,939 - WARNING - Attempting to close and recreate Modbus client
2025-07-14 09:42:58,939 - INFO - Attempting Modbus connection on port /dev/ttyUSB0
2025-07-14 09:42:58,939 - ERROR - Modbus connection failed
2025-07-14 09:43:03,940 - WARNING - Modbus connection failed (Attempt 1/3)
2025-07-14 09:43:04,940 - WARNING - Modbus connection failed (Attempt 2/3)
2025-07-14 09:43:05,940 - WARNING - Modbus connection failed (Attempt 3/3)
2025-07-14 09:43:06,940 - ERROR - Modbus connection failed after 3 retries. Last error: None
2025-07-14 09:43:06,940 - WARNING - Attempting to close and recreate Modbus client
2025-07-14 09:43:06,940 - INFO - Attempting Modbus connection on port /dev/ttyUSB0
2025-07-14 09:43:06,941 - ERROR - Modbus connection failed
2025-07-14 09:43:11,941 - WARNING - Modbus connection failed (Attempt 1/3)
2025-07-14 09:43:12,941 - WARNING - Modbus connection failed (Attempt 2/3)
2025-07-14 09:43:13,941 - WARNING - Modbus connection failed (Attempt 3/3)
2025-07-14 09:43:14,942 - ERROR - Modbus connection failed after 3 retries. Last error: None
2025-07-14 09:43:14,942 - WARNING - Attempting to close and recreate Modbus client
2025-07-14 09:43:14,942 - INFO - Attempting Modbus connection on port /dev/ttyUSB0
2025-07-14 09:43:14,942 - ERROR - Modbus connection failed
2025-07-14 09:43:17,690 - INFO - Switched to GUI-1 (Next toggle in 30s
2025-07-14 09:43:18,403 - INFO - CSV write completed at 2025-07-14T09:43:18.403904
2025-07-14 09:43:19,942 - WARNING - Modbus connection failed (Attempt 1/3)
2025-07-14 09:43:20,943 - WARNING - Modbus connection failed (Attempt 2/3)
2025-07-14 09:43:21,943 - WARNING - Modbus connection failed (Attempt 3/3)
2025-07-14 09:43:22,943 - ERROR - Modbus connection failed after 3 retries. Last error: None
2025-07-14 09:43:22,943 - WARNING - Attempting to close and recreate Modbus client
2025-07-14 09:43:22,943 - INFO - Attempting Modbus connection on port /dev/ttyUSB0
2025-07-14 09:43:22,948 - ERROR - Modbus connection failed
2025-07-14 09:43:27,948 - WARNING - Modbus connection failed (Attempt 1/3)
2025-07-14 09:43:28,954 - WARNING - Modbus connection failed (Attempt 2/3)
2025-07-14 09:43:29,954 - WARNING - Modbus connection failed (Attempt 3/3)
2025-07-14 09:43:30,954 - ERROR - Modbus connection failed after 3 retries. Last error: None
2025-07-14 09:43:30,954 - WARNING - Attempting to close and recreate Modbus client
2025-07-14 09:43:30,954 - INFO - Attempting Modbus connection on port /dev/ttyUSB0
2025-07-14 09:43:30,954 - ERROR - Modbus connection failed
2025-07-14 09:43:35,955 - WARNING - Modbus connection failed (Attempt 1/3)
2025-07-14 09:43:36,955 - WARNING - Modbus connection failed (Attempt 2/3)
2025-07-14 09:43:37,959 - WARNING - Modbus connection failed (Attempt 3/3)
2025-07-14 09:43:38,959 - ERROR - Modbus connection failed after 3 retries. Last error: None
2025-07-14 09:43:38,959 - WARNING - Attempting to close and recreate Modbus client
2025-07-14 09:43:38,960 - INFO - Attempting Modbus connection on port /dev/ttyUSB0
2025-07-14 09:43:38,960 - ERROR - Modbus connection failed
2025-07-14 09:43:43,960 - WARNING - Modbus connection failed (Attempt 1/3)
2025-07-14 09:43:44,960 - WARNING - Modbus connection failed (Attempt 2/3)
2025-07-14 09:43:45,961 - WARNING - Modbus connection failed (Attempt 3/3)
2025-07-14 09:43:46,961 - ERROR - Modbus connection failed after 3 retries. Last error: None
2025-07-14 09:43:46,961 - WARNING - Attempting to close and recreate Modbus client
2025-07-14 09:43:46,961 - INFO - Attempting Modbus connection on port /dev/ttyUSB0
2025-07-14 09:43:46,961 - ERROR - Modbus connection failed
2025-07-14 09:43:47,690 - INFO - Switched to GUI-2 (Next toggle in 30s
2025-07-14 09:43:48,410 - INFO - CSV write completed at 2025-07-14T09:43:48.410102
2025-07-14 09:43:51,962 - WARNING - Modbus connection failed (Attempt 1/3)
2025-07-14 09:43:52,962 - WARNING - Modbus connection failed (Attempt 2/3)
2025-07-14 09:43:53,962 - WARNING - Modbus connection failed (Attempt 3/3)
2025-07-14 09:43:54,962 - ERROR - Modbus connection failed after 3 retries. Last error: None
2025-07-14 09:43:54,962 - WARNING - Attempting to close and recreate Modbus client
2025-07-14 09:43:54,962 - INFO - Attempting Modbus connection on port /dev/ttyUSB0
2025-07-14 09:43:54,962 - ERROR - Modbus connection failed
2025-07-14 09:43:59,963 - WARNING - Modbus connection failed (Attempt 1/3)
2025-07-14 09:44:00,963 - WARNING - Modbus connection failed (Attempt 2/3)
2025-07-14 09:44:01,963 - WARNING - Modbus connection failed (Attempt 3/3)
2025-07-14 09:44:02,964 - ERROR - Modbus connection failed after 3 retries. Last error: None
2025-07-14 09:44:02,964 - WARNING - Attempting to close and recreate Modbus client
2025-07-14 09:44:02,964 - INFO - Attempting Modbus connection on port /dev/ttyUSB0
2025-07-14 09:44:02,964 - ERROR - Modbus connection failed
2025-07-14 09:44:07,964 - WARNING - Modbus connection failed (Attempt 1/3)
2025-07-14 09:44:08,964 - WARNING - Modbus connection failed (Attempt 2/3)
2025-07-14 09:44:09,965 - WARNING - Modbus connection failed (Attempt 3/3)
2025-07-14 09:44:10,965 - ERROR - Modbus connection failed after 3 retries. Last error: None
2025-07-14 09:44:10,965 - WARNING - Attempting to close and recreate Modbus client
2025-07-14 09:44:10,965 - INFO - Attempting Modbus connection on port /dev/ttyUSB0
2025-07-14 09:44:10,965 - ERROR - Modbus connection failed
2025-07-14 09:44:15,966 - WARNING - Modbus connection failed (Attempt 1/3)
2025-07-14 09:44:16,966 - WARNING - Modbus connection failed (Attempt 2/3)
2025-07-14 09:44:17,690 - INFO - Switched to GUI-1 (Next toggle in 30s
2025-07-14 09:44:17,966 - WARNING - Modbus connection failed (Attempt 3/3)
2025-07-14 09:44:18,415 - INFO - CSV write completed at 2025-07-14T09:44:18.415931
2025-07-14 09:44:18,966 - ERROR - Modbus connection failed after 3 retries. Last error: None
2025-07-14 09:44:18,966 - WARNING - Attempting to close and recreate Modbus client
2025-07-14 09:44:18,967 - INFO - Attempting Modbus connection on port /dev/ttyUSB0
2025-07-14 09:44:18,967 - ERROR - Modbus connection failed
2025-07-14 09:44:23,967 - WARNING - Modbus connection failed (Attempt 1/3)
2025-07-14 09:44:24,967 - WARNING - Modbus connection failed (Attempt 2/3)
2025-07-14 09:44:25,968 - WARNING - Modbus connection failed (Attempt 3/3)
2025-07-14 09:44:26,968 - ERROR - Modbus connection failed after 3 retries. Last error: None
2025-07-14 09:44:26,968 - WARNING - Attempting to close and recreate Modbus client
2025-07-14 09:44:26,968 - INFO - Attempting Modbus connection on port /dev/ttyUSB0
2025-07-14 09:44:26,968 - ERROR - Modbus connection failed
2025-07-14 09:44:31,969 - WARNING - Modbus connection failed (Attempt 1/3)
2025-07-14 09:44:32,969 - WARNING - Modbus connection failed (Attempt 2/3)
2025-07-14 09:44:33,969 - WARNING - Modbus connection failed (Attempt 3/3)
2025-07-14 09:44:34,969 - ERROR - Modbus connection failed after 3 retries. Last error: None
2025-07-14 09:44:34,969 - WARNING - Attempting to close and recreate Modbus client
2025-07-14 09:44:34,970 - INFO - Attempting Modbus connection on port /dev/ttyUSB0
2025-07-14 09:44:34,970 - ERROR - Modbus connection failed
2025-07-14 09:44:39,970 - WARNING - Modbus connection failed (Attempt 1/3)
2025-07-14 09:44:40,970 - WARNING - Modbus connection failed (Attempt 2/3)
2025-07-14 09:44:41,970 - WARNING - Modbus connection failed (Attempt 3/3)
2025-07-14 09:44:42,970 - ERROR - Modbus connection failed after 3 retries. Last error: None
2025-07-14 09:44:42,971 - WARNING - Attempting to close and recreate Modbus client
2025-07-14 09:44:42,971 - INFO - Attempting Modbus connection on port /dev/ttyUSB0
2025-07-14 09:44:42,971 - ERROR - Modbus connection failed
2025-07-14 09:44:47,691 - INFO - Switched to GUI-2 (Next toggle in 30s
2025-07-14 09:44:47,971 - WARNING - Modbus connection failed (Attempt 1/3)
2025-07-14 09:44:48,419 - INFO - CSV write completed at 2025-07-14T09:44:48.419298
2025-07-14 09:44:48,975 - WARNING - Modbus connection failed (Attempt 2/3)
2025-07-14 09:44:49,975 - WARNING - Modbus connection failed (Attempt 3/3)
2025-07-14 09:44:50,976 - ERROR - Modbus connection failed after 3 retries. Last error: None
2025-07-14 09:44:50,976 - WARNING - Attempting to close and recreate Modbus client
2025-07-14 09:44:50,976 - INFO - Attempting Modbus connection on port /dev/ttyUSB0
2025-07-14 09:44:50,976 - ERROR - Modbus connection failed
2025-07-14 09:44:55,976 - WARNING - Modbus connection failed (Attempt 1/3)
2025-07-14 09:44:56,976 - WARNING - Modbus connection failed (Attempt 2/3)
2025-07-14 09:44:57,977 - WARNING - Modbus connection failed (Attempt 3/3)
2025-07-14 09:44:58,977 - ERROR - Modbus connection failed after 3 retries. Last error: None
2025-07-14 09:44:58,977 - WARNING - Attempting to close and recreate Modbus client
2025-07-14 09:44:58,977 - INFO - Attempting Modbus connection on port /dev/ttyUSB0
2025-07-14 09:44:58,977 - ERROR - Modbus connection failed
2025-07-14 09:45:03,977 - WARNING - Modbus connection failed (Attempt 1/3)
2025-07-14 09:45:04,978 - WARNING - Modbus connection failed (Attempt 2/3)
2025-07-14 09:45:05,978 - WARNING - Modbus connection failed (Attempt 3/3)
2025-07-14 09:45:06,978 - ERROR - Modbus connection failed after 3 retries. Last error: None
2025-07-14 09:45:06,978 - WARNING - Attempting to close and recreate Modbus client
2025-07-14 09:45:06,978 - INFO - Attempting Modbus connection on port /dev/ttyUSB0
2025-07-14 09:45:06,978 - ERROR - Modbus connection failed
2025-07-14 09:45:11,979 - WARNING - Modbus connection failed (Attempt 1/3)
2025-07-14 09:45:12,979 - WARNING - Modbus connection failed (Attempt 2/3)
2025-07-14 09:45:13,979 - WARNING - Modbus connection failed (Attempt 3/3)
2025-07-14 09:45:14,979 - ERROR - Modbus connection failed after 3 retries. Last error: None
2025-07-14 09:45:14,979 - WARNING - Attempting to close and recreate Modbus client
2025-07-14 09:45:14,979 - INFO - Attempting Modbus connection on port /dev/ttyUSB0
2025-07-14 09:45:14,980 - ERROR - Modbus connection failed
2025-07-14 09:45:17,691 - INFO - Switched to GUI-1 (Next toggle in 30s
2025-07-14 09:45:18,428 - INFO - CSV write completed at 2025-07-14T09:45:18.428069
2025-07-14 09:45:19,980 - WARNING - Modbus connection failed (Attempt 1/3)
2025-07-14 09:45:20,980 - WARNING - Modbus connection failed (Attempt 2/3)
2025-07-14 09:45:21,980 - WARNING - Modbus connection failed (Attempt 3/3)
2025-07-14 09:45:22,981 - ERROR - Modbus connection failed after 3 retries. Last error: None
2025-07-14 09:45:22,981 - WARNING - Attempting to close and recreate Modbus client
2025-07-14 09:45:22,985 - INFO - Attempting Modbus connection on port /dev/ttyUSB0
2025-07-14 09:45:22,985 - ERROR - Modbus connection failed
2025-07-14 09:45:27,986 - WARNING - Modbus connection failed (Attempt 1/3)
2025-07-14 09:45:28,993 - WARNING - Modbus connection failed (Attempt 2/3)
2025-07-14 09:45:29,993 - WARNING - Modbus connection failed (Attempt 3/3)
2025-07-14 09:45:30,993 - ERROR - Modbus connection failed after 3 retries. Last error: None
2025-07-14 09:45:30,993 - WARNING - Attempting to close and recreate Modbus client
2025-07-14 09:45:30,994 - INFO - Attempting Modbus connection on port /dev/ttyUSB0
2025-07-14 09:45:30,994 - ERROR - Modbus connection failed
2025-07-14 09:45:35,994 - WARNING - Modbus connection failed (Attempt 1/3)
2025-07-14 09:45:36,994 - WARNING - Modbus connection failed (Attempt 2/3)
2025-07-14 09:45:37,994 - WARNING - Modbus connection failed (Attempt 3/3)
2025-07-14 09:45:38,995 - ERROR - Modbus connection failed after 3 retries. Last error: None
2025-07-14 09:45:38,995 - WARNING - Attempting to close and recreate Modbus client
2025-07-14 09:45:38,995 - INFO - Attempting Modbus connection on port /dev/ttyUSB0
2025-07-14 09:45:38,995 - ERROR - Modbus connection failed
2025-07-14 09:45:43,995 - WARNING - Modbus connection failed (Attempt 1/3)
2025-07-14 09:45:44,995 - WARNING - Modbus connection failed (Attempt 2/3)
2025-07-14 09:45:45,996 - WARNING - Modbus connection failed (Attempt 3/3)
2025-07-14 09:45:46,996 - ERROR - Modbus connection failed after 3 retries. Last error: None
2025-07-14 09:45:46,996 - WARNING - Attempting to close and recreate Modbus client
2025-07-14 09:45:46,996 - INFO - Attempting Modbus connection on port /dev/ttyUSB0
2025-07-14 09:45:46,996 - ERROR - Modbus connection failed
2025-07-14 09:45:47,691 - INFO - Switched to GUI-2 (Next toggle in 30s
2025-07-14 09:45:48,431 - INFO - CSV write completed at 2025-07-14T09:45:48.431175
2025-07-14 09:45:51,996 - WARNING - Modbus connection failed (Attempt 1/3)
2025-07-14 09:45:52,997 - WARNING - Modbus connection failed (Attempt 2/3)
2025-07-14 09:45:53,997 - WARNING - Modbus connection failed (Attempt 3/3)
2025-07-14 09:45:54,997 - ERROR - Modbus connection failed after 3 retries. Last error: None
2025-07-14 09:45:54,997 - WARNING - Attempting to close and recreate Modbus client
2025-07-14 09:45:54,997 - INFO - Attempting Modbus connection on port /dev/ttyUSB0
2025-07-14 09:45:54,998 - ERROR - Modbus connection failed
2025-07-14 09:45:59,998 - WARNING - Modbus connection failed (Attempt 1/3)
2025-07-14 09:46:00,998 - WARNING - Modbus connection failed (Attempt 2/3)
2025-07-14 09:46:01,998 - WARNING - Modbus connection failed (Attempt 3/3)
2025-07-14 09:46:02,999 - ERROR - Modbus connection failed after 3 retries. Last error: None
2025-07-14 09:46:02,999 - WARNING - Attempting to close and recreate Modbus client
2025-07-14 09:46:02,999 - INFO - Attempting Modbus connection on port /dev/ttyUSB0
2025-07-14 09:46:02,999 - ERROR - Modbus connection failed
2025-07-14 09:46:07,999 - WARNING - Modbus connection failed (Attempt 1/3)
2025-07-14 09:46:08,999 - WARNING - Modbus connection failed (Attempt 2/3)
2025-07-14 09:46:10,000 - WARNING - Modbus connection failed (Attempt 3/3)
2025-07-14 09:46:11,001 - ERROR - Modbus connection failed after 3 retries. Last error: None
2025-07-14 09:46:11,001 - WARNING - Attempting to close and recreate Modbus client
2025-07-14 09:46:11,001 - INFO - Attempting Modbus connection on port /dev/ttyUSB0
2025-07-14 09:46:11,001 - ERROR - Modbus connection failed
2025-07-14 09:46:16,001 - WARNING - Modbus connection failed (Attempt 1/3)
2025-07-14 09:46:17,001 - WARNING - Modbus connection failed (Attempt 2/3)
2025-07-14 09:46:17,692 - INFO - Switched to GUI-1 (Next toggle in 30s
2025-07-14 09:46:18,002 - WARNING - Modbus connection failed (Attempt 3/3)
2025-07-14 09:46:18,441 - INFO - CSV write completed at 2025-07-14T09:46:18.441229
2025-07-14 09:46:19,002 - ERROR - Modbus connection failed after 3 retries. Last error: None
2025-07-14 09:46:19,002 - WARNING - Attempting to close and recreate Modbus client
2025-07-14 09:46:19,002 - INFO - Attempting Modbus connection on port /dev/ttyUSB0
2025-07-14 09:46:19,002 - ERROR - Modbus connection failed
2025-07-14 09:46:24,003 - WARNING - Modbus connection failed (Attempt 1/3)
2025-07-14 09:46:25,003 - WARNING - Modbus connection failed (Attempt 2/3)
2025-07-14 09:46:26,003 - WARNING - Modbus connection failed (Attempt 3/3)
2025-07-14 09:46:27,003 - ERROR - Modbus connection failed after 3 retries. Last error: None
2025-07-14 09:46:27,003 - WARNING - Attempting to close and recreate Modbus client
2025-07-14 09:46:27,113 - INFO - Attempting Modbus connection on port /dev/ttyUSB0
2025-07-14 09:46:27,113 - ERROR - Modbus connection failed
2025-07-14 09:46:32,113 - WARNING - Modbus connection failed (Attempt 1/3)
2025-07-14 09:46:33,218 - WARNING - Modbus connection failed (Attempt 2/3)
2025-07-14 09:46:34,218 - WARNING - Modbus connection failed (Attempt 3/3)
2025-07-14 09:46:35,219 - ERROR - Modbus connection failed after 3 retries. Last error: None
2025-07-14 09:46:35,219 - WARNING - Attempting to close and recreate Modbus client
2025-07-14 09:46:35,219 - INFO - Attempting Modbus connection on port /dev/ttyUSB0
2025-07-14 09:46:35,219 - ERROR - Modbus connection failed
2025-07-14 09:46:40,219 - WARNING - Modbus connection failed (Attempt 1/3)
2025-07-14 09:46:41,219 - WARNING - Modbus connection failed (Attempt 2/3)
2025-07-14 09:46:42,220 - WARNING - Modbus connection failed (Attempt 3/3)
2025-07-14 09:46:43,220 - ERROR - Modbus connection failed after 3 retries. Last error: None
2025-07-14 09:46:43,220 - WARNING - Attempting to close and recreate Modbus client
2025-07-14 09:46:43,220 - INFO - Attempting Modbus connection on port /dev/ttyUSB0
2025-07-14 09:46:43,220 - ERROR - Modbus connection failed
2025-07-14 09:46:47,692 - INFO - Switched to GUI-2 (Next toggle in 30s
2025-07-14 09:46:48,221 - WARNING - Modbus connection failed (Attempt 1/3)
2025-07-14 09:46:48,447 - INFO - CSV write completed at 2025-07-14T09:46:48.447750
2025-07-14 09:46:49,221 - WARNING - Modbus connection failed (Attempt 2/3)
2025-07-14 09:46:50,221 - WARNING - Modbus connection failed (Attempt 3/3)
2025-07-14 09:46:51,221 - ERROR - Modbus connection failed after 3 retries. Last error: None
2025-07-14 09:46:51,221 - WARNING - Attempting to close and recreate Modbus client
2025-07-14 09:46:51,221 - INFO - Attempting Modbus connection on port /dev/ttyUSB0
2025-07-14 09:46:51,221 - ERROR - Modbus connection failed
2025-07-14 09:46:56,222 - WARNING - Modbus connection failed (Attempt 1/3)
2025-07-14 09:46:57,222 - WARNING - Modbus connection failed (Attempt 2/3)
2025-07-14 09:46:58,223 - WARNING - Modbus connection failed (Attempt 3/3)
2025-07-14 09:46:59,223 - ERROR - Modbus connection failed after 3 retries. Last error: None
2025-07-14 09:46:59,223 - WARNING - Attempting to close and recreate Modbus client
2025-07-14 09:46:59,223 - INFO - Attempting Modbus connection on port /dev/ttyUSB0
2025-07-14 09:46:59,224 - ERROR - Modbus connection failed
2025-07-14 09:47:04,224 - WARNING - Modbus connection failed (Attempt 1/3)
2025-07-14 09:47:05,224 - WARNING - Modbus connection failed (Attempt 2/3)
2025-07-14 09:47:06,224 - WARNING - Modbus connection failed (Attempt 3/3)
2025-07-14 09:47:07,224 - ERROR - Modbus connection failed after 3 retries. Last error: None
2025-07-14 09:47:07,225 - WARNING - Attempting to close and recreate Modbus client
2025-07-14 09:47:07,225 - INFO - Attempting Modbus connection on port /dev/ttyUSB0
2025-07-14 09:47:07,225 - ERROR - Modbus connection failed
2025-07-14 09:47:12,225 - WARNING - Modbus connection failed (Attempt 1/3)
2025-07-14 09:47:13,225 - WARNING - Modbus connection failed (Attempt 2/3)
2025-07-14 09:47:14,226 - WARNING - Modbus connection failed (Attempt 3/3)
2025-07-14 09:47:15,226 - ERROR - Modbus connection failed after 3 retries. Last error: None
2025-07-14 09:47:15,226 - WARNING - Attempting to close and recreate Modbus client
2025-07-14 09:47:15,226 - INFO - Attempting Modbus connection on port /dev/ttyUSB0
2025-07-14 09:47:15,226 - ERROR - Modbus connection failed
2025-07-14 09:47:17,692 - INFO - Switched to GUI-1 (Next toggle in 30s
2025-07-14 09:47:18,450 - INFO - CSV write completed at 2025-07-14T09:47:18.450528
2025-07-14 09:47:20,226 - WARNING - Modbus connection failed (Attempt 1/3)
2025-07-14 09:47:21,227 - WARNING - Modbus connection failed (Attempt 2/3)
2025-07-14 09:47:22,227 - WARNING - Modbus connection failed (Attempt 3/3)
2025-07-14 09:47:23,227 - ERROR - Modbus connection failed after 3 retries. Last error: None
2025-07-14 09:47:23,227 - WARNING - Attempting to close and recreate Modbus client
2025-07-14 09:47:23,227 - INFO - Attempting Modbus connection on port /dev/ttyUSB0
2025-07-14 09:47:23,227 - ERROR - Modbus connection failed
2025-07-14 09:47:28,228 - WARNING - Modbus connection failed (Attempt 1/3)
2025-07-14 09:47:29,238 - WARNING - Modbus connection failed (Attempt 2/3)
2025-07-14 09:47:30,238 - WARNING - Modbus connection failed (Attempt 3/3)
2025-07-14 09:47:31,238 - ERROR - Modbus connection failed after 3 retries. Last error: None
2025-07-14 09:47:31,238 - WARNING - Attempting to close and recreate Modbus client
2025-07-14 09:47:31,238 - INFO - Attempting Modbus connection on port /dev/ttyUSB0
2025-07-14 09:47:31,239 - ERROR - Modbus connection failed
2025-07-14 09:47:36,239 - WARNING - Modbus connection failed (Attempt 1/3)
2025-07-14 09:47:37,239 - WARNING - Modbus connection failed (Attempt 2/3)
2025-07-14 09:47:38,239 - WARNING - Modbus connection failed (Attempt 3/3)
2025-07-14 09:47:39,239 - ERROR - Modbus connection failed after 3 retries. Last error: None
2025-07-14 09:47:39,239 - WARNING - Attempting to close and recreate Modbus client
2025-07-14 09:47:39,240 - INFO - Attempting Modbus connection on port /dev/ttyUSB0
2025-07-14 09:47:39,240 - ERROR - Modbus connection failed
2025-07-14 09:47:44,240 - WARNING - Modbus connection failed (Attempt 1/3)
2025-07-14 09:47:45,243 - WARNING - Modbus connection failed (Attempt 2/3)
2025-07-14 09:47:46,243 - WARNING - Modbus connection failed (Attempt 3/3)
2025-07-14 09:47:47,243 - ERROR - Modbus connection failed after 3 retries. Last error: None
2025-07-14 09:47:47,243 - WARNING - Attempting to close and recreate Modbus client
2025-07-14 09:47:47,244 - INFO - Attempting Modbus connection on port /dev/ttyUSB0
2025-07-14 09:47:47,244 - ERROR - Modbus connection failed
2025-07-14 09:47:47,692 - INFO - Switched to GUI-2 (Next toggle in 30s
2025-07-14 09:47:48,453 - INFO - CSV write completed at 2025-07-14T09:47:48.453313
2025-07-14 09:47:52,244 - WARNING - Modbus connection failed (Attempt 1/3)
2025-07-14 09:47:53,244 - WARNING - Modbus connection failed (Attempt 2/3)
2025-07-14 09:47:54,245 - WARNING - Modbus connection failed (Attempt 3/3)
2025-07-14 09:47:55,245 - ERROR - Modbus connection failed after 3 retries. Last error: None
2025-07-14 09:47:55,245 - WARNING - Attempting to close and recreate Modbus client
2025-07-14 09:47:55,245 - INFO - Attempting Modbus connection on port /dev/ttyUSB0
2025-07-14 09:47:55,245 - ERROR - Modbus connection failed
2025-07-14 09:48:00,245 - WARNING - Modbus connection failed (Attempt 1/3)
2025-07-14 09:48:01,246 - WARNING - Modbus connection failed (Attempt 2/3)
2025-07-14 09:48:02,246 - WARNING - Modbus connection failed (Attempt 3/3)
2025-07-14 09:48:03,255 - ERROR - Modbus connection failed after 3 retries. Last error: None
2025-07-14 09:48:03,255 - WARNING - Attempting to close and recreate Modbus client
2025-07-14 09:48:03,255 - INFO - Attempting Modbus connection on port /dev/ttyUSB0
2025-07-14 09:48:03,255 - ERROR - Modbus connection failed
2025-07-14 09:48:08,255 - WARNING - Modbus connection failed (Attempt 1/3)
2025-07-14 09:48:09,259 - WARNING - Modbus connection failed (Attempt 2/3)
2025-07-14 09:48:10,259 - WARNING - Modbus connection failed (Attempt 3/3)
2025-07-14 09:48:11,260 - ERROR - Modbus connection failed after 3 retries. Last error: None
2025-07-14 09:48:11,260 - WARNING - Attempting to close and recreate Modbus client
2025-07-14 09:48:11,260 - INFO - Attempting Modbus connection on port /dev/ttyUSB0
2025-07-14 09:48:11,260 - ERROR - Modbus connection failed
2025-07-14 09:48:16,260 - WARNING - Modbus connection failed (Attempt 1/3)
2025-07-14 09:48:17,261 - WARNING - Modbus connection failed (Attempt 2/3)
2025-07-14 09:48:17,693 - INFO - Switched to GUI-1 (Next toggle in 30s
2025-07-14 09:48:18,261 - WARNING - Modbus connection failed (Attempt 3/3)
2025-07-14 09:48:18,456 - INFO - CSV write completed at 2025-07-14T09:48:18.456220
2025-07-14 09:48:19,261 - ERROR - Modbus connection failed after 3 retries. Last error: None
2025-07-14 09:48:19,261 - WARNING - Attempting to close and recreate Modbus client
2025-07-14 09:48:19,261 - INFO - Attempting Modbus connection on port /dev/ttyUSB0
2025-07-14 09:48:19,262 - ERROR - Modbus connection failed
2025-07-14 09:48:24,262 - WARNING - Modbus connection failed (Attempt 1/3)
2025-07-14 09:48:25,262 - WARNING - Modbus connection failed (Attempt 2/3)
2025-07-14 09:48:26,263 - WARNING - Modbus connection failed (Attempt 3/3)
2025-07-14 09:48:27,263 - ERROR - Modbus connection failed after 3 retries. Last error: None
2025-07-14 09:48:27,263 - WARNING - Attempting to close and recreate Modbus client
2025-07-14 09:48:27,263 - INFO - Attempting Modbus connection on port /dev/ttyUSB0
2025-07-14 09:48:27,263 - ERROR - Modbus connection failed
2025-07-14 09:48:32,264 - WARNING - Modbus connection failed (Attempt 1/3)
2025-07-14 09:48:33,267 - WARNING - Modbus connection failed (Attempt 2/3)
2025-07-14 09:48:34,267 - WARNING - Modbus connection failed (Attempt 3/3)
2025-07-14 09:48:35,267 - ERROR - Modbus connection failed after 3 retries. Last error: None
2025-07-14 09:48:35,267 - WARNING - Attempting to close and recreate Modbus client
2025-07-14 09:48:35,268 - INFO - Attempting Modbus connection on port /dev/ttyUSB0
2025-07-14 09:48:35,268 - ERROR - Modbus connection failed
2025-07-14 09:48:40,268 - WARNING - Modbus connection failed (Attempt 1/3)
2025-07-14 09:48:41,268 - WARNING - Modbus connection failed (Attempt 2/3)
2025-07-14 09:48:42,269 - WARNING - Modbus connection failed (Attempt 3/3)
2025-07-14 09:48:43,269 - ERROR - Modbus connection failed after 3 retries. Last error: None
2025-07-14 09:48:43,269 - WARNING - Attempting to close and recreate Modbus client
2025-07-14 09:48:43,269 - INFO - Attempting Modbus connection on port /dev/ttyUSB0
2025-07-14 09:48:43,269 - ERROR - Modbus connection failed
2025-07-14 09:48:47,693 - INFO - Switched to GUI-2 (Next toggle in 30s
2025-07-14 09:48:48,269 - WARNING - Modbus connection failed (Attempt 1/3)
2025-07-14 09:48:48,458 - INFO - CSV write completed at 2025-07-14T09:48:48.458929
2025-07-14 09:48:49,270 - WARNING - Modbus connection failed (Attempt 2/3)
2025-07-14 09:48:50,270 - WARNING - Modbus connection failed (Attempt 3/3)
2025-07-14 09:48:51,270 - ERROR - Modbus connection failed after 3 retries. Last error: None
2025-07-14 09:48:51,270 - WARNING - Attempting to close and recreate Modbus client
2025-07-14 09:48:51,270 - INFO - Attempting Modbus connection on port /dev/ttyUSB0
2025-07-14 09:48:51,271 - ERROR - Modbus connection failed
2025-07-14 09:48:56,271 - WARNING - Modbus connection failed (Attempt 1/3)
2025-07-14 09:48:57,271 - WARNING - Modbus connection failed (Attempt 2/3)
2025-07-14 09:48:58,271 - WARNING - Modbus connection failed (Attempt 3/3)
2025-07-14 09:48:59,271 - ERROR - Modbus connection failed after 3 retries. Last error: None
2025-07-14 09:48:59,271 - WARNING - Attempting to close and recreate Modbus client
2025-07-14 09:48:59,271 - INFO - Attempting Modbus connection on port /dev/ttyUSB0
2025-07-14 09:48:59,272 - ERROR - Modbus connection failed
2025-07-14 09:49:04,272 - WARNING - Modbus connection failed (Attempt 1/3)
2025-07-14 09:49:05,272 - WARNING - Modbus connection failed (Attempt 2/3)
2025-07-14 09:49:06,272 - WARNING - Modbus connection failed (Attempt 3/3)
2025-07-14 09:49:07,273 - ERROR - Modbus connection failed after 3 retries. Last error: None
2025-07-14 09:49:07,273 - WARNING - Attempting to close and recreate Modbus client
2025-07-14 09:49:07,273 - INFO - Attempting Modbus connection on port /dev/ttyUSB0
2025-07-14 09:49:07,273 - ERROR - Modbus connection failed
2025-07-14 09:49:12,273 - WARNING - Modbus connection failed (Attempt 1/3)
2025-07-14 09:49:13,274 - WARNING - Modbus connection failed (Attempt 2/3)
2025-07-14 09:49:14,274 - WARNING - Modbus connection failed (Attempt 3/3)
2025-07-14 09:49:15,274 - ERROR - Modbus connection failed after 3 retries. Last error: None
2025-07-14 09:49:15,274 - WARNING - Attempting to close and recreate Modbus client
2025-07-14 09:49:15,274 - INFO - Attempting Modbus connection on port /dev/ttyUSB0
2025-07-14 09:49:15,274 - ERROR - Modbus connection failed
2025-07-14 09:49:17,693 - INFO - Switched to GUI-1 (Next toggle in 30s
2025-07-14 09:49:18,461 - INFO - CSV write completed at 2025-07-14T09:49:18.461555
2025-07-14 09:49:20,275 - WARNING - Modbus connection failed (Attempt 1/3)
2025-07-14 09:49:21,275 - WARNING - Modbus connection failed (Attempt 2/3)
2025-07-14 09:49:22,275 - WARNING - Modbus connection failed (Attempt 3/3)
2025-07-14 09:49:23,275 - ERROR - Modbus connection failed after 3 retries. Last error: None
2025-07-14 09:49:23,275 - WARNING - Attempting to close and recreate Modbus client
2025-07-14 09:49:23,275 - INFO - Attempting Modbus connection on port /dev/ttyUSB0
2025-07-14 09:49:23,275 - ERROR - Modbus connection failed
2025-07-14 09:49:28,276 - WARNING - Modbus connection failed (Attempt 1/3)
2025-07-14 09:49:29,276 - WARNING - Modbus connection failed (Attempt 2/3)
2025-07-14 09:49:30,276 - WARNING - Modbus connection failed (Attempt 3/3)
2025-07-14 09:49:31,276 - ERROR - Modbus connection failed after 3 retries. Last error: None
2025-07-14 09:49:31,276 - WARNING - Attempting to close and recreate Modbus client
2025-07-14 09:49:31,277 - INFO - Attempting Modbus connection on port /dev/ttyUSB0
2025-07-14 09:49:31,277 - ERROR - Modbus connection failed
2025-07-14 09:49:36,277 - WARNING - Modbus connection failed (Attempt 1/3)
2025-07-14 09:49:37,277 - WARNING - Modbus connection failed (Attempt 2/3)
2025-07-14 09:49:38,277 - WARNING - Modbus connection failed (Attempt 3/3)
2025-07-14 09:49:39,278 - ERROR - Modbus connection failed after 3 retries. Last error: None
2025-07-14 09:49:39,278 - WARNING - Attempting to close and recreate Modbus client
2025-07-14 09:49:39,278 - INFO - Attempting Modbus connection on port /dev/ttyUSB0
2025-07-14 09:49:39,278 - ERROR - Modbus connection failed
2025-07-14 09:49:44,278 - WARNING - Modbus connection failed (Attempt 1/3)
2025-07-14 09:49:45,278 - WARNING - Modbus connection failed (Attempt 2/3)
2025-07-14 09:49:46,279 - WARNING - Modbus connection failed (Attempt 3/3)
2025-07-14 09:49:47,279 - ERROR - Modbus connection failed after 3 retries. Last error: None
2025-07-14 09:49:47,279 - WARNING - Attempting to close and recreate Modbus client
2025-07-14 09:49:47,279 - INFO - Attempting Modbus connection on port /dev/ttyUSB0
2025-07-14 09:49:47,279 - ERROR - Modbus connection failed
2025-07-14 09:49:47,693 - INFO - Switched to GUI-2 (Next toggle in 30s
2025-07-14 09:49:48,464 - INFO - CSV write completed at 2025-07-14T09:49:48.464227
2025-07-14 09:49:52,279 - WARNING - Modbus connection failed (Attempt 1/3)
2025-07-14 09:49:53,280 - WARNING - Modbus connection failed (Attempt 2/3)
2025-07-14 09:49:54,280 - WARNING - Modbus connection failed (Attempt 3/3)
2025-07-14 09:49:55,280 - ERROR - Modbus connection failed after 3 retries. Last error: None
2025-07-14 09:49:55,280 - WARNING - Attempting to close and recreate Modbus client
2025-07-14 09:49:55,280 - INFO - Attempting Modbus connection on port /dev/ttyUSB0
2025-07-14 09:49:55,280 - ERROR - Modbus connection failed
2025-07-14 09:50:00,281 - WARNING - Modbus connection failed (Attempt 1/3)
2025-07-14 09:50:01,281 - WARNING - Modbus connection failed (Attempt 2/3)
2025-07-14 09:50:02,287 - WARNING - Modbus connection failed (Attempt 3/3)
2025-07-14 09:50:03,287 - ERROR - Modbus connection failed after 3 retries. Last error: None
2025-07-14 09:50:03,287 - WARNING - Attempting to close and recreate Modbus client
2025-07-14 09:50:03,287 - INFO - Attempting Modbus connection on port /dev/ttyUSB0
2025-07-14 09:50:03,288 - ERROR - Modbus connection failed
2025-07-14 09:50:08,288 - WARNING - Modbus connection failed (Attempt 1/3)
2025-07-14 09:50:09,288 - WARNING - Modbus connection failed (Attempt 2/3)
2025-07-14 09:50:10,288 - WARNING - Modbus connection failed (Attempt 3/3)
2025-07-14 09:50:11,288 - ERROR - Modbus connection failed after 3 retries. Last error: None
2025-07-14 09:50:11,288 - WARNING - Attempting to close and recreate Modbus client
2025-07-14 09:50:11,289 - INFO - Attempting Modbus connection on port /dev/ttyUSB0
2025-07-14 09:50:11,289 - ERROR - Modbus connection failed
2025-07-14 09:50:16,289 - WARNING - Modbus connection failed (Attempt 1/3)
2025-07-14 09:50:17,289 - WARNING - Modbus connection failed (Attempt 2/3)
2025-07-14 09:50:17,694 - INFO - Switched to GUI-1 (Next toggle in 30s
2025-07-14 09:50:18,290 - WARNING - Modbus connection failed (Attempt 3/3)
2025-07-14 09:50:18,466 - INFO - CSV write completed at 2025-07-14T09:50:18.466886
2025-07-14 09:50:19,290 - ERROR - Modbus connection failed after 3 retries. Last error: None
2025-07-14 09:50:19,290 - WARNING - Attempting to close and recreate Modbus client
2025-07-14 09:50:19,290 - INFO - Attempting Modbus connection on port /dev/ttyUSB0
2025-07-14 09:50:19,290 - ERROR - Modbus connection failed
2025-07-14 09:50:24,291 - WARNING - Modbus connection failed (Attempt 1/3)
2025-07-14 09:50:25,291 - WARNING - Modbus connection failed (Attempt 2/3)
2025-07-14 09:50:26,291 - WARNING - Modbus connection failed (Attempt 3/3)
2025-07-14 09:50:27,291 - ERROR - Modbus connection failed after 3 retries. Last error: None
2025-07-14 09:50:27,291 - WARNING - Attempting to close and recreate Modbus client
2025-07-14 09:50:27,291 - INFO - Attempting Modbus connection on port /dev/ttyUSB0
2025-07-14 09:50:27,292 - ERROR - Modbus connection failed
2025-07-14 09:50:32,292 - WARNING - Modbus connection failed (Attempt 1/3)
2025-07-14 09:50:33,292 - WARNING - Modbus connection failed (Attempt 2/3)
2025-07-14 09:50:34,292 - WARNING - Modbus connection failed (Attempt 3/3)
2025-07-14 09:50:35,292 - ERROR - Modbus connection failed after 3 retries. Last error: None
2025-07-14 09:50:35,292 - WARNING - Attempting to close and recreate Modbus client
2025-07-14 09:50:35,293 - INFO - Attempting Modbus connection on port /dev/ttyUSB0
2025-07-14 09:50:35,293 - ERROR - Modbus connection failed
2025-07-14 09:50:40,293 - WARNING - Modbus connection failed (Attempt 1/3)
2025-07-14 09:50:41,293 - WARNING - Modbus connection failed (Attempt 2/3)
2025-07-14 09:50:42,293 - WARNING - Modbus connection failed (Attempt 3/3)
2025-07-14 09:50:43,294 - ERROR - Modbus connection failed after 3 retries. Last error: None
2025-07-14 09:50:43,294 - WARNING - Attempting to close and recreate Modbus client
2025-07-14 09:50:43,294 - INFO - Attempting Modbus connection on port /dev/ttyUSB0
2025-07-14 09:50:43,294 - ERROR - Modbus connection failed
2025-07-14 09:50:47,694 - INFO - Switched to GUI-2 (Next toggle in 30s
2025-07-14 09:50:48,294 - WARNING - Modbus connection failed (Attempt 1/3)
2025-07-14 09:50:48,469 - INFO - CSV write completed at 2025-07-14T09:50:48.469370
2025-07-14 09:50:49,295 - WARNING - Modbus connection failed (Attempt 2/3)
2025-07-14 09:50:50,295 - WARNING - Modbus connection failed (Attempt 3/3)
2025-07-14 09:50:51,295 - ERROR - Modbus connection failed after 3 retries. Last error: None
2025-07-14 09:50:51,295 - WARNING - Attempting to close and recreate Modbus client
2025-07-14 09:50:51,295 - INFO - Attempting Modbus connection on port /dev/ttyUSB0
2025-07-14 09:50:51,295 - ERROR - Modbus connection failed
2025-07-14 09:50:56,296 - WARNING - Modbus connection failed (Attempt 1/3)
2025-07-14 09:50:57,296 - WARNING - Modbus connection failed (Attempt 2/3)
2025-07-14 09:50:58,296 - WARNING - Modbus connection failed (Attempt 3/3)
2025-07-14 09:50:59,296 - ERROR - Modbus connection failed after 3 retries. Last error: None
2025-07-14 09:50:59,296 - WARNING - Attempting to close and recreate Modbus client
2025-07-14 09:50:59,296 - INFO - Attempting Modbus connection on port /dev/ttyUSB0
2025-07-14 09:50:59,296 - ERROR - Modbus connection failed
2025-07-14 09:51:04,297 - WARNING - Modbus connection failed (Attempt 1/3)
2025-07-14 09:51:05,297 - WARNING - Modbus connection failed (Attempt 2/3)
2025-07-14 09:51:06,297 - WARNING - Modbus connection failed (Attempt 3/3)
2025-07-14 09:51:07,297 - ERROR - Modbus connection failed after 3 retries. Last error: None
2025-07-14 09:51:07,297 - WARNING - Attempting to close and recreate Modbus client
2025-07-14 09:51:07,297 - INFO - Attempting Modbus connection on port /dev/ttyUSB0
2025-07-14 09:51:07,297 - ERROR - Modbus connection failed
2025-07-14 09:51:12,298 - WARNING - Modbus connection failed (Attempt 1/3)
2025-07-14 09:51:13,298 - WARNING - Modbus connection failed (Attempt 2/3)
2025-07-14 09:51:14,298 - WARNING - Modbus connection failed (Attempt 3/3)
2025-07-14 09:51:15,298 - ERROR - Modbus connection failed after 3 retries. Last error: None
2025-07-14 09:51:15,298 - WARNING - Attempting to close and recreate Modbus client
2025-07-14 09:51:15,299 - INFO - Attempting Modbus connection on port /dev/ttyUSB0
2025-07-14 09:51:15,299 - ERROR - Modbus connection failed
2025-07-14 09:51:17,694 - INFO - Switched to GUI-1 (Next toggle in 30s
2025-07-14 09:51:18,471 - INFO - CSV write completed at 2025-07-14T09:51:18.471783
2025-07-14 09:51:20,299 - WARNING - Modbus connection failed (Attempt 1/3)
2025-07-14 09:51:21,299 - WARNING - Modbus connection failed (Attempt 2/3)
2025-07-14 09:51:22,299 - WARNING - Modbus connection failed (Attempt 3/3)
2025-07-14 09:51:23,299 - ERROR - Modbus connection failed after 3 retries. Last error: None
2025-07-14 09:51:23,300 - WARNING - Attempting to close and recreate Modbus client
2025-07-14 09:51:23,307 - INFO - Attempting Modbus connection on port /dev/ttyUSB0
2025-07-14 09:51:23,308 - ERROR - Modbus connection failed
2025-07-14 09:51:28,308 - WARNING - Modbus connection failed (Attempt 1/3)
2025-07-14 09:51:29,315 - WARNING - Modbus connection failed (Attempt 2/3)
2025-07-14 09:51:30,315 - WARNING - Modbus connection failed (Attempt 3/3)
2025-07-14 09:51:31,315 - ERROR - Modbus connection failed after 3 retries. Last error: None
2025-07-14 09:51:31,315 - WARNING - Attempting to close and recreate Modbus client
2025-07-14 09:51:31,315 - INFO - Attempting Modbus connection on port /dev/ttyUSB0
2025-07-14 09:51:31,315 - ERROR - Modbus connection failed
2025-07-14 09:51:36,315 - WARNING - Modbus connection failed (Attempt 1/3)
2025-07-14 09:51:37,316 - WARNING - Modbus connection failed (Attempt 2/3)
2025-07-14 09:51:38,316 - WARNING - Modbus connection failed (Attempt 3/3)
2025-07-14 09:51:39,316 - ERROR - Modbus connection failed after 3 retries. Last error: None
2025-07-14 09:51:39,316 - WARNING - Attempting to close and recreate Modbus client
2025-07-14 09:51:39,316 - INFO - Attempting Modbus connection on port /dev/ttyUSB0
2025-07-14 09:51:39,316 - ERROR - Modbus connection failed
2025-07-14 09:51:44,317 - WARNING - Modbus connection failed (Attempt 1/3)
2025-07-14 09:51:45,317 - WARNING - Modbus connection failed (Attempt 2/3)
2025-07-14 09:51:46,317 - WARNING - Modbus connection failed (Attempt 3/3)
2025-07-14 09:51:47,317 - ERROR - Modbus connection failed after 3 retries. Last error: None
2025-07-14 09:51:47,317 - WARNING - Attempting to close and recreate Modbus client
2025-07-14 09:51:47,317 - INFO - Attempting Modbus connection on port /dev/ttyUSB0
2025-07-14 09:51:47,318 - ERROR - Modbus connection failed
2025-07-14 09:51:47,695 - INFO - Switched to GUI-2 (Next toggle in 30s
2025-07-14 09:51:48,474 - INFO - CSV write completed at 2025-07-14T09:51:48.474220
2025-07-14 09:51:52,318 - WARNING - Modbus connection failed (Attempt 1/3)
2025-07-14 09:51:53,318 - WARNING - Modbus connection failed (Attempt 2/3)
2025-07-14 09:51:54,318 - WARNING - Modbus connection failed (Attempt 3/3)
2025-07-14 09:51:55,319 - ERROR - Modbus connection failed after 3 retries. Last error: None
2025-07-14 09:51:55,319 - WARNING - Attempting to close and recreate Modbus client
2025-07-14 09:51:55,319 - INFO - Attempting Modbus connection on port /dev/ttyUSB0
2025-07-14 09:51:55,319 - ERROR - Modbus connection failed
2025-07-14 09:52:00,319 - WARNING - Modbus connection failed (Attempt 1/3)
2025-07-14 09:52:01,319 - WARNING - Modbus connection failed (Attempt 2/3)
2025-07-14 09:52:02,320 - WARNING - Modbus connection failed (Attempt 3/3)
2025-07-14 09:52:03,320 - ERROR - Modbus connection failed after 3 retries. Last error: None
2025-07-14 09:52:03,320 - WARNING - Attempting to close and recreate Modbus client
2025-07-14 09:52:03,320 - INFO - Attempting Modbus connection on port /dev/ttyUSB0
2025-07-14 09:52:03,320 - ERROR - Modbus connection failed
2025-07-14 09:52:08,320 - WARNING - Modbus connection failed (Attempt 1/3)
2025-07-14 09:52:09,321 - WARNING - Modbus connection failed (Attempt 2/3)
2025-07-14 09:52:10,321 - WARNING - Modbus connection failed (Attempt 3/3)
2025-07-14 09:52:11,321 - ERROR - Modbus connection failed after 3 retries. Last error: None
2025-07-14 09:52:11,321 - WARNING - Attempting to close and recreate Modbus client
2025-07-14 09:52:11,321 - INFO - Attempting Modbus connection on port /dev/ttyUSB0
2025-07-14 09:52:11,321 - ERROR - Modbus connection failed
2025-07-14 09:52:16,321 - WARNING - Modbus connection failed (Attempt 1/3)
2025-07-14 09:52:17,322 - WARNING - Modbus connection failed (Attempt 2/3)
2025-07-14 09:52:17,695 - INFO - Switched to GUI-1 (Next toggle in 30s
2025-07-14 09:52:18,322 - WARNING - Modbus connection failed (Attempt 3/3)
2025-07-14 09:52:18,476 - INFO - CSV write completed at 2025-07-14T09:52:18.476682
2025-07-14 09:52:19,322 - ERROR - Modbus connection failed after 3 retries. Last error: None
2025-07-14 09:52:19,322 - WARNING - Attempting to close and recreate Modbus client
2025-07-14 09:52:19,322 - INFO - Attempting Modbus connection on port /dev/ttyUSB0
2025-07-14 09:52:19,322 - ERROR - Modbus connection failed
2025-07-14 09:52:24,323 - WARNING - Modbus connection failed (Attempt 1/3)
2025-07-14 09:52:25,323 - WARNING - Modbus connection failed (Attempt 2/3)
2025-07-14 09:52:26,323 - WARNING - Modbus connection failed (Attempt 3/3)
2025-07-14 09:52:27,323 - ERROR - Modbus connection failed after 3 retries. Last error: None
2025-07-14 09:52:27,323 - WARNING - Attempting to close and recreate Modbus client
2025-07-14 09:52:27,323 - INFO - Attempting Modbus connection on port /dev/ttyUSB0
2025-07-14 09:52:27,324 - ERROR - Modbus connection failed
2025-07-14 09:52:32,324 - WARNING - Modbus connection failed (Attempt 1/3)
2025-07-14 09:52:33,324 - WARNING - Modbus connection failed (Attempt 2/3)
2025-07-14 09:52:34,324 - WARNING - Modbus connection failed (Attempt 3/3)
2025-07-14 09:52:35,324 - ERROR - Modbus connection failed after 3 retries. Last error: None
2025-07-14 09:52:35,324 - WARNING - Attempting to close and recreate Modbus client
2025-07-14 09:52:35,325 - INFO - Attempting Modbus connection on port /dev/ttyUSB0
2025-07-14 09:52:35,325 - ERROR - Modbus connection failed
2025-07-14 09:52:40,325 - WARNING - Modbus connection failed (Attempt 1/3)
2025-07-14 09:52:41,325 - WARNING - Modbus connection failed (Attempt 2/3)
2025-07-14 09:52:42,326 - WARNING - Modbus connection failed (Attempt 3/3)
2025-07-14 09:52:43,326 - ERROR - Modbus connection failed after 3 retries. Last error: None
2025-07-14 09:52:43,326 - WARNING - Attempting to close and recreate Modbus client
2025-07-14 09:52:43,326 - INFO - Attempting Modbus connection on port /dev/ttyUSB0
2025-07-14 09:52:43,326 - ERROR - Modbus connection failed
2025-07-14 09:52:47,695 - INFO - Switched to GUI-2 (Next toggle in 30s
2025-07-14 09:52:48,326 - WARNING - Modbus connection failed (Attempt 1/3)
2025-07-14 09:52:48,479 - INFO - CSV write completed at 2025-07-14T09:52:48.479171
2025-07-14 09:52:49,327 - WARNING - Modbus connection failed (Attempt 2/3)
2025-07-14 09:52:50,327 - WARNING - Modbus connection failed (Attempt 3/3)
2025-07-14 09:52:51,327 - ERROR - Modbus connection failed after 3 retries. Last error: None
2025-07-14 09:52:51,327 - WARNING - Attempting to close and recreate Modbus client
2025-07-14 09:52:51,327 - INFO - Attempting Modbus connection on port /dev/ttyUSB0
2025-07-14 09:52:51,328 - ERROR - Modbus connection failed
2025-07-14 09:52:56,328 - WARNING - Modbus connection failed (Attempt 1/3)
2025-07-14 09:52:57,328 - WARNING - Modbus connection failed (Attempt 2/3)
2025-07-14 09:52:58,328 - WARNING - Modbus connection failed (Attempt 3/3)
2025-07-14 09:52:59,339 - ERROR - Modbus connection failed after 3 retries. Last error: None
2025-07-14 09:52:59,339 - WARNING - Attempting to close and recreate Modbus client
2025-07-14 09:52:59,339 - INFO - Attempting Modbus connection on port /dev/ttyUSB0
2025-07-14 09:52:59,339 - ERROR - Modbus connection failed
2025-07-14 09:53:04,339 - WARNING - Modbus connection failed (Attempt 1/3)
2025-07-14 09:53:05,340 - WARNING - Modbus connection failed (Attempt 2/3)
2025-07-14 09:53:06,340 - WARNING - Modbus connection failed (Attempt 3/3)
2025-07-14 09:53:07,340 - ERROR - Modbus connection failed after 3 retries. Last error: None
2025-07-14 09:53:07,340 - WARNING - Attempting to close and recreate Modbus client
2025-07-14 09:53:07,340 - INFO - Attempting Modbus connection on port /dev/ttyUSB0
2025-07-14 09:53:07,340 - ERROR - Modbus connection failed
2025-07-14 09:53:12,340 - WARNING - Modbus connection failed (Attempt 1/3)
2025-07-14 09:53:13,341 - WARNING - Modbus connection failed (Attempt 2/3)
2025-07-14 09:53:14,341 - WARNING - Modbus connection failed (Attempt 3/3)
2025-07-14 09:53:15,341 - ERROR - Modbus connection failed after 3 retries. Last error: None
2025-07-14 09:53:15,341 - WARNING - Attempting to close and recreate Modbus client
2025-07-14 09:53:15,341 - INFO - Attempting Modbus connection on port /dev/ttyUSB0
2025-07-14 09:53:15,341 - ERROR - Modbus connection failed
2025-07-14 09:53:17,695 - INFO - Switched to GUI-1 (Next toggle in 30s
2025-07-14 09:53:18,481 - INFO - CSV write completed at 2025-07-14T09:53:18.481814
2025-07-14 09:53:20,342 - WARNING - Modbus connection failed (Attempt 1/3)
2025-07-14 09:53:21,342 - WARNING - Modbus connection failed (Attempt 2/3)
2025-07-14 09:53:22,342 - WARNING - Modbus connection failed (Attempt 3/3)
2025-07-14 09:53:23,343 - ERROR - Modbus connection failed after 3 retries. Last error: None
2025-07-14 09:53:23,343 - WARNING - Attempting to close and recreate Modbus client
2025-07-14 09:53:23,343 - INFO - Attempting Modbus connection on port /dev/ttyUSB0
2025-07-14 09:53:23,343 - ERROR - Modbus connection failed
2025-07-14 09:53:28,343 - WARNING - Modbus connection failed (Attempt 1/3)
2025-07-14 09:53:29,350 - WARNING - Modbus connection failed (Attempt 2/3)
2025-07-14 09:53:30,351 - WARNING - Modbus connection failed (Attempt 3/3)
2025-07-14 09:53:31,351 - ERROR - Modbus connection failed after 3 retries. Last error: None
2025-07-14 09:53:31,351 - WARNING - Attempting to close and recreate Modbus client
2025-07-14 09:53:31,351 - INFO - Attempting Modbus connection on port /dev/ttyUSB0
2025-07-14 09:53:31,351 - ERROR - Modbus connection failed
2025-07-14 09:53:36,351 - WARNING - Modbus connection failed (Attempt 1/3)
2025-07-14 09:53:37,352 - WARNING - Modbus connection failed (Attempt 2/3)
2025-07-14 09:53:38,352 - WARNING - Modbus connection failed (Attempt 3/3)
2025-07-14 09:53:39,352 - ERROR - Modbus connection failed after 3 retries. Last error: None
2025-07-14 09:53:39,352 - WARNING - Attempting to close and recreate Modbus client
2025-07-14 09:53:39,352 - INFO - Attempting Modbus connection on port /dev/ttyUSB0
2025-07-14 09:53:39,352 - ERROR - Modbus connection failed
2025-07-14 09:53:44,353 - WARNING - Modbus connection failed (Attempt 1/3)
2025-07-14 09:53:45,353 - WARNING - Modbus connection failed (Attempt 2/3)
2025-07-14 09:53:46,353 - WARNING - Modbus connection failed (Attempt 3/3)
2025-07-14 09:53:47,353 - ERROR - Modbus connection failed after 3 retries. Last error: None
2025-07-14 09:53:47,353 - WARNING - Attempting to close and recreate Modbus client
2025-07-14 09:53:47,353 - INFO - Attempting Modbus connection on port /dev/ttyUSB0
2025-07-14 09:53:47,354 - ERROR - Modbus connection failed
2025-07-14 09:53:47,696 - INFO - Switched to GUI-2 (Next toggle in 30s
2025-07-14 09:53:48,484 - INFO - CSV write completed at 2025-07-14T09:53:48.484439
2025-07-14 09:53:52,354 - WARNING - Modbus connection failed (Attempt 1/3)
2025-07-14 09:53:53,354 - WARNING - Modbus connection failed (Attempt 2/3)
2025-07-14 09:53:54,354 - WARNING - Modbus connection failed (Attempt 3/3)
2025-07-14 09:53:55,355 - ERROR - Modbus connection failed after 3 retries. Last error: None
2025-07-14 09:53:55,355 - WARNING - Attempting to close and recreate Modbus client
2025-07-14 09:53:55,355 - INFO - Attempting Modbus connection on port /dev/ttyUSB0
2025-07-14 09:53:55,355 - ERROR - Modbus connection failed
2025-07-14 09:54:00,355 - WARNING - Modbus connection failed (Attempt 1/3)
2025-07-14 09:54:01,356 - WARNING - Modbus connection failed (Attempt 2/3)
2025-07-14 09:54:02,356 - WARNING - Modbus connection failed (Attempt 3/3)
2025-07-14 09:54:03,356 - ERROR - Modbus connection failed after 3 retries. Last error: None
2025-07-14 09:54:03,356 - WARNING - Attempting to close and recreate Modbus client
2025-07-14 09:54:03,356 - INFO - Attempting Modbus connection on port /dev/ttyUSB0
2025-07-14 09:54:03,356 - ERROR - Modbus connection failed
2025-07-14 09:54:08,357 - WARNING - Modbus connection failed (Attempt 1/3)
2025-07-14 09:54:09,357 - WARNING - Modbus connection failed (Attempt 2/3)
2025-07-14 09:54:10,357 - WARNING - Modbus connection failed (Attempt 3/3)
2025-07-14 09:54:11,357 - ERROR - Modbus connection failed after 3 retries. Last error: None
2025-07-14 09:54:11,357 - WARNING - Attempting to close and recreate Modbus client
2025-07-14 09:54:11,357 - INFO - Attempting Modbus connection on port /dev/ttyUSB0
2025-07-14 09:54:11,358 - ERROR - Modbus connection failed
2025-07-14 09:54:16,358 - WARNING - Modbus connection failed (Attempt 1/3)
2025-07-14 09:54:17,358 - WARNING - Modbus connection failed (Attempt 2/3)
2025-07-14 09:54:17,696 - INFO - Switched to GUI-1 (Next toggle in 30s
2025-07-14 09:54:18,358 - WARNING - Modbus connection failed (Attempt 3/3)
2025-07-14 09:54:18,487 - INFO - CSV write completed at 2025-07-14T09:54:18.487001
2025-07-14 09:54:19,358 - ERROR - Modbus connection failed after 3 retries. Last error: None
2025-07-14 09:54:19,359 - WARNING - Attempting to close and recreate Modbus client
2025-07-14 09:54:19,359 - INFO - Attempting Modbus connection on port /dev/ttyUSB0
2025-07-14 09:54:19,359 - ERROR - Modbus connection failed
2025-07-14 09:54:24,359 - WARNING - Modbus connection failed (Attempt 1/3)
2025-07-14 09:54:25,360 - WARNING - Modbus connection failed (Attempt 2/3)
2025-07-14 09:54:26,360 - WARNING - Modbus connection failed (Attempt 3/3)
2025-07-14 09:54:27,360 - ERROR - Modbus connection failed after 3 retries. Last error: None
2025-07-14 09:54:27,360 - WARNING - Attempting to close and recreate Modbus client
2025-07-14 09:54:27,361 - INFO - Attempting Modbus connection on port /dev/ttyUSB0
2025-07-14 09:54:27,361 - ERROR - Modbus connection failed
2025-07-14 09:54:32,361 - WARNING - Modbus connection failed (Attempt 1/3)
2025-07-14 09:54:33,361 - WARNING - Modbus connection failed (Attempt 2/3)
2025-07-14 09:54:34,362 - WARNING - Modbus connection failed (Attempt 3/3)
2025-07-14 09:54:35,362 - ERROR - Modbus connection failed after 3 retries. Last error: None
2025-07-14 09:54:35,362 - WARNING - Attempting to close and recreate Modbus client
2025-07-14 09:54:35,362 - INFO - Attempting Modbus connection on port /dev/ttyUSB0
2025-07-14 09:54:35,362 - ERROR - Modbus connection failed
2025-07-14 09:54:40,362 - WARNING - Modbus connection failed (Attempt 1/3)
2025-07-14 09:54:41,363 - WARNING - Modbus connection failed (Attempt 2/3)
2025-07-14 09:54:42,363 - WARNING - Modbus connection failed (Attempt 3/3)
2025-07-14 09:54:43,363 - ERROR - Modbus connection failed after 3 retries. Last error: None
2025-07-14 09:54:43,363 - WARNING - Attempting to close and recreate Modbus client
2025-07-14 09:54:43,363 - INFO - Attempting Modbus connection on port /dev/ttyUSB0
2025-07-14 09:54:43,363 - ERROR - Modbus connection failed
2025-07-14 09:54:47,696 - INFO - Switched to GUI-2 (Next toggle in 30s
2025-07-14 09:54:48,364 - WARNING - Modbus connection failed (Attempt 1/3)
2025-07-14 09:54:48,492 - INFO - CSV write completed at 2025-07-14T09:54:48.492382
2025-07-14 09:54:49,364 - WARNING - Modbus connection failed (Attempt 2/3)
2025-07-14 09:54:50,364 - WARNING - Modbus connection failed (Attempt 3/3)
2025-07-14 09:54:51,364 - ERROR - Modbus connection failed after 3 retries. Last error: None
2025-07-14 09:54:51,364 - WARNING - Attempting to close and recreate Modbus client
2025-07-14 09:54:51,365 - INFO - Attempting Modbus connection on port /dev/ttyUSB0
2025-07-14 09:54:51,365 - ERROR - Modbus connection failed
2025-07-14 09:54:56,365 - WARNING - Modbus connection failed (Attempt 1/3)
2025-07-14 09:54:57,365 - WARNING - Modbus connection failed (Attempt 2/3)
2025-07-14 09:54:58,366 - WARNING - Modbus connection failed (Attempt 3/3)
2025-07-14 09:54:59,366 - ERROR - Modbus connection failed after 3 retries. Last error: None
2025-07-14 09:54:59,366 - WARNING - Attempting to close and recreate Modbus client
2025-07-14 09:54:59,366 - INFO - Attempting Modbus connection on port /dev/ttyUSB0
2025-07-14 09:54:59,366 - ERROR - Modbus connection failed
2025-07-14 09:55:04,366 - WARNING - Modbus connection failed (Attempt 1/3)
2025-07-14 09:55:05,367 - WARNING - Modbus connection failed (Attempt 2/3)
2025-07-14 09:55:06,367 - WARNING - Modbus connection failed (Attempt 3/3)
2025-07-14 09:55:07,367 - ERROR - Modbus connection failed after 3 retries. Last error: None
2025-07-14 09:55:07,367 - WARNING - Attempting to close and recreate Modbus client
2025-07-14 09:55:07,367 - INFO - Attempting Modbus connection on port /dev/ttyUSB0
2025-07-14 09:55:07,367 - ERROR - Modbus connection failed
2025-07-14 09:55:12,368 - WARNING - Modbus connection failed (Attempt 1/3)
2025-07-14 09:55:13,368 - WARNING - Modbus connection failed (Attempt 2/3)
2025-07-14 09:55:14,368 - WARNING - Modbus connection failed (Attempt 3/3)
2025-07-14 09:55:15,368 - ERROR - Modbus connection failed after 3 retries. Last error: None
2025-07-14 09:55:15,368 - WARNING - Attempting to close and recreate Modbus client
2025-07-14 09:55:15,368 - INFO - Attempting Modbus connection on port /dev/ttyUSB0
2025-07-14 09:55:15,369 - ERROR - Modbus connection failed
2025-07-14 09:55:17,696 - INFO - Switched to GUI-1 (Next toggle in 30s
2025-07-14 09:55:18,497 - INFO - CSV write completed at 2025-07-14T09:55:18.497856
2025-07-14 09:55:20,369 - WARNING - Modbus connection failed (Attempt 1/3)
2025-07-14 09:55:21,369 - WARNING - Modbus connection failed (Attempt 2/3)
2025-07-14 09:55:22,369 - WARNING - Modbus connection failed (Attempt 3/3)
2025-07-14 09:55:23,370 - ERROR - Modbus connection failed after 3 retries. Last error: None
2025-07-14 09:55:23,370 - WARNING - Attempting to close and recreate Modbus client
2025-07-14 09:55:23,370 - INFO - Attempting Modbus connection on port /dev/ttyUSB0
2025-07-14 09:55:23,375 - ERROR - Modbus connection failed
2025-07-14 09:55:28,376 - WARNING - Modbus connection failed (Attempt 1/3)
2025-07-14 09:55:29,376 - WARNING - Modbus connection failed (Attempt 2/3)
2025-07-14 09:55:30,376 - WARNING - Modbus connection failed (Attempt 3/3)
2025-07-14 09:55:31,384 - ERROR - Modbus connection failed after 3 retries. Last error: None
2025-07-14 09:55:31,384 - WARNING - Attempting to close and recreate Modbus client
2025-07-14 09:55:31,384 - INFO - Attempting Modbus connection on port /dev/ttyUSB0
2025-07-14 09:55:31,384 - ERROR - Modbus connection failed
2025-07-14 09:55:36,384 - WARNING - Modbus connection failed (Attempt 1/3)
2025-07-14 09:55:37,384 - WARNING - Modbus connection failed (Attempt 2/3)
2025-07-14 09:55:38,385 - WARNING - Modbus connection failed (Attempt 3/3)
2025-07-14 09:55:39,385 - ERROR - Modbus connection failed after 3 retries. Last error: None
2025-07-14 09:55:39,385 - WARNING - Attempting to close and recreate Modbus client
2025-07-14 09:55:39,385 - INFO - Attempting Modbus connection on port /dev/ttyUSB0
2025-07-14 09:55:39,385 - ERROR - Modbus connection failed
2025-07-14 09:55:44,385 - WARNING - Modbus connection failed (Attempt 1/3)
2025-07-14 09:55:45,386 - WARNING - Modbus connection failed (Attempt 2/3)
2025-07-14 09:55:46,386 - WARNING - Modbus connection failed (Attempt 3/3)
2025-07-14 09:55:47,386 - ERROR - Modbus connection failed after 3 retries. Last error: None
2025-07-14 09:55:47,386 - WARNING - Attempting to close and recreate Modbus client
2025-07-14 09:55:47,386 - INFO - Attempting Modbus connection on port /dev/ttyUSB0
2025-07-14 09:55:47,387 - ERROR - Modbus connection failed
2025-07-14 09:55:47,697 - INFO - Switched to GUI-2 (Next toggle in 30s
2025-07-14 09:55:48,500 - INFO - CSV write completed at 2025-07-14T09:55:48.500459
2025-07-14 09:55:52,387 - WARNING - Modbus connection failed (Attempt 1/3)
2025-07-14 09:55:53,387 - WARNING - Modbus connection failed (Attempt 2/3)
2025-07-14 09:55:54,387 - WARNING - Modbus connection failed (Attempt 3/3)
2025-07-14 09:55:55,388 - ERROR - Modbus connection failed after 3 retries. Last error: None
2025-07-14 09:55:55,388 - WARNING - Attempting to close and recreate Modbus client
2025-07-14 09:55:55,388 - INFO - Attempting Modbus connection on port /dev/ttyUSB0
2025-07-14 09:55:55,388 - ERROR - Modbus connection failed
2025-07-14 09:56:00,388 - WARNING - Modbus connection failed (Attempt 1/3)
2025-07-14 09:56:01,389 - WARNING - Modbus connection failed (Attempt 2/3)
2025-07-14 09:56:02,389 - WARNING - Modbus connection failed (Attempt 3/3)
2025-07-14 09:56:03,389 - ERROR - Modbus connection failed after 3 retries. Last error: None
2025-07-14 09:56:03,389 - WARNING - Attempting to close and recreate Modbus client
2025-07-14 09:56:03,389 - INFO - Attempting Modbus connection on port /dev/ttyUSB0
2025-07-14 09:56:03,389 - ERROR - Modbus connection failed
2025-07-14 09:56:08,390 - WARNING - Modbus connection failed (Attempt 1/3)
2025-07-14 09:56:09,390 - WARNING - Modbus connection failed (Attempt 2/3)
2025-07-14 09:56:10,390 - WARNING - Modbus connection failed (Attempt 3/3)
2025-07-14 09:56:11,390 - ERROR - Modbus connection failed after 3 retries. Last error: None
2025-07-14 09:56:11,390 - WARNING - Attempting to close and recreate Modbus client
2025-07-14 09:56:11,390 - INFO - Attempting Modbus connection on port /dev/ttyUSB0
2025-07-14 09:56:11,391 - ERROR - Modbus connection failed
2025-07-14 09:56:16,391 - WARNING - Modbus connection failed (Attempt 1/3)
2025-07-14 09:56:17,391 - WARNING - Modbus connection failed (Attempt 2/3)
2025-07-14 09:56:17,697 - INFO - Switched to GUI-1 (Next toggle in 30s
2025-07-14 09:56:18,392 - WARNING - Modbus connection failed (Attempt 3/3)
2025-07-14 09:56:18,502 - INFO - CSV write completed at 2025-07-14T09:56:18.502973
2025-07-14 09:56:19,392 - ERROR - Modbus connection failed after 3 retries. Last error: None
2025-07-14 09:56:19,392 - WARNING - Attempting to close and recreate Modbus client
2025-07-14 09:56:19,392 - INFO - Attempting Modbus connection on port /dev/ttyUSB0
2025-07-14 09:56:19,392 - ERROR - Modbus connection failed
2025-07-14 09:56:24,392 - WARNING - Modbus connection failed (Attempt 1/3)
2025-07-14 09:56:25,393 - WARNING - Modbus connection failed (Attempt 2/3)
2025-07-14 09:56:26,393 - WARNING - Modbus connection failed (Attempt 3/3)
2025-07-14 09:56:27,393 - ERROR - Modbus connection failed after 3 retries. Last error: None
2025-07-14 09:56:27,393 - WARNING - Attempting to close and recreate Modbus client
2025-07-14 09:56:27,393 - INFO - Attempting Modbus connection on port /dev/ttyUSB0
2025-07-14 09:56:27,393 - ERROR - Modbus connection failed
2025-07-14 09:56:32,394 - WARNING - Modbus connection failed (Attempt 1/3)
2025-07-14 09:56:33,394 - WARNING - Modbus connection failed (Attempt 2/3)
2025-07-14 09:56:34,394 - WARNING - Modbus connection failed (Attempt 3/3)
2025-07-14 09:56:35,394 - ERROR - Modbus connection failed after 3 retries. Last error: None
2025-07-14 09:56:35,394 - WARNING - Attempting to close and recreate Modbus client
2025-07-14 09:56:35,394 - INFO - Attempting Modbus connection on port /dev/ttyUSB0
2025-07-14 09:56:35,395 - ERROR - Modbus connection failed
2025-07-14 09:56:40,395 - WARNING - Modbus connection failed (Attempt 1/3)
2025-07-14 09:56:41,395 - WARNING - Modbus connection failed (Attempt 2/3)
2025-07-14 09:56:42,395 - WARNING - Modbus connection failed (Attempt 3/3)
2025-07-14 09:56:43,395 - ERROR - Modbus connection failed after 3 retries. Last error: None
2025-07-14 09:56:43,396 - WARNING - Attempting to close and recreate Modbus client
2025-07-14 09:56:43,396 - INFO - Attempting Modbus connection on port /dev/ttyUSB0
2025-07-14 09:56:43,396 - ERROR - Modbus connection failed
2025-07-14 09:56:47,697 - INFO - Switched to GUI-2 (Next toggle in 30s
2025-07-14 09:56:48,396 - WARNING - Modbus connection failed (Attempt 1/3)
2025-07-14 09:56:48,505 - INFO - CSV write completed at 2025-07-14T09:56:48.505441
2025-07-14 09:56:49,396 - WARNING - Modbus connection failed (Attempt 2/3)
2025-07-14 09:56:50,397 - WARNING - Modbus connection failed (Attempt 3/3)
2025-07-14 09:56:51,397 - ERROR - Modbus connection failed after 3 retries. Last error: None
2025-07-14 09:56:51,397 - WARNING - Attempting to close and recreate Modbus client
2025-07-14 09:56:51,397 - INFO - Attempting Modbus connection on port /dev/ttyUSB0
2025-07-14 09:56:51,397 - ERROR - Modbus connection failed
2025-07-14 09:56:56,397 - WARNING - Modbus connection failed (Attempt 1/3)
2025-07-14 09:56:57,398 - WARNING - Modbus connection failed (Attempt 2/3)
2025-07-14 09:56:58,398 - WARNING - Modbus connection failed (Attempt 3/3)
2025-07-14 09:56:59,398 - ERROR - Modbus connection failed after 3 retries. Last error: None
2025-07-14 09:56:59,398 - WARNING - Attempting to close and recreate Modbus client
2025-07-14 09:56:59,398 - INFO - Attempting Modbus connection on port /dev/ttyUSB0
2025-07-14 09:56:59,398 - ERROR - Modbus connection failed
2025-07-14 09:57:04,399 - WARNING - Modbus connection failed (Attempt 1/3)
2025-07-14 09:57:05,399 - WARNING - Modbus connection failed (Attempt 2/3)
2025-07-14 09:57:06,399 - WARNING - Modbus connection failed (Attempt 3/3)
2025-07-14 09:57:07,399 - ERROR - Modbus connection failed after 3 retries. Last error: None
2025-07-14 09:57:07,400 - WARNING - Attempting to close and recreate Modbus client
2025-07-14 09:57:07,400 - INFO - Attempting Modbus connection on port /dev/ttyUSB0
2025-07-14 09:57:07,400 - ERROR - Modbus connection failed
2025-07-14 09:57:12,400 - WARNING - Modbus connection failed (Attempt 1/3)
2025-07-14 09:57:13,400 - WARNING - Modbus connection failed (Attempt 2/3)
2025-07-14 09:57:14,401 - WARNING - Modbus connection failed (Attempt 3/3)
2025-07-14 09:57:15,401 - ERROR - Modbus connection failed after 3 retries. Last error: None
2025-07-14 09:57:15,401 - WARNING - Attempting to close and recreate Modbus client
2025-07-14 09:57:15,401 - INFO - Attempting Modbus connection on port /dev/ttyUSB0
2025-07-14 09:57:15,401 - ERROR - Modbus connection failed
2025-07-14 09:57:17,698 - INFO - Switched to GUI-1 (Next toggle in 30s
2025-07-14 09:57:18,507 - INFO - CSV write completed at 2025-07-14T09:57:18.507952
2025-07-14 09:57:20,401 - WARNING - Modbus connection failed (Attempt 1/3)
2025-07-14 09:57:21,402 - WARNING - Modbus connection failed (Attempt 2/3)
2025-07-14 09:57:22,402 - WARNING - Modbus connection failed (Attempt 3/3)
2025-07-14 09:57:23,402 - ERROR - Modbus connection failed after 3 retries. Last error: None
2025-07-14 09:57:23,402 - WARNING - Attempting to close and recreate Modbus client
2025-07-14 09:57:23,402 - INFO - Attempting Modbus connection on port /dev/ttyUSB0
2025-07-14 09:57:23,408 - ERROR - Modbus connection failed
2025-07-14 09:57:28,408 - WARNING - Modbus connection failed (Attempt 1/3)
2025-07-14 09:57:29,412 - WARNING - Modbus connection failed (Attempt 2/3)
2025-07-14 09:57:30,413 - WARNING - Modbus connection failed (Attempt 3/3)
2025-07-14 09:57:31,413 - ERROR - Modbus connection failed after 3 retries. Last error: None
2025-07-14 09:57:31,413 - WARNING - Attempting to close and recreate Modbus client
2025-07-14 09:57:31,413 - INFO - Attempting Modbus connection on port /dev/ttyUSB0
2025-07-14 09:57:31,413 - ERROR - Modbus connection failed
2025-07-14 09:57:36,413 - WARNING - Modbus connection failed (Attempt 1/3)
2025-07-14 09:57:37,414 - WARNING - Modbus connection failed (Attempt 2/3)
2025-07-14 09:57:38,414 - WARNING - Modbus connection failed (Attempt 3/3)
2025-07-14 09:57:39,414 - ERROR - Modbus connection failed after 3 retries. Last error: None
2025-07-14 09:57:39,414 - WARNING - Attempting to close and recreate Modbus client
2025-07-14 09:57:39,414 - INFO - Attempting Modbus connection on port /dev/ttyUSB0
2025-07-14 09:57:39,414 - ERROR - Modbus connection failed
2025-07-14 09:57:44,415 - WARNING - Modbus connection failed (Attempt 1/3)
2025-07-14 09:57:45,415 - WARNING - Modbus connection failed (Attempt 2/3)
2025-07-14 09:57:46,415 - WARNING - Modbus connection failed (Attempt 3/3)
2025-07-14 09:57:47,415 - ERROR - Modbus connection failed after 3 retries. Last error: None
2025-07-14 09:57:47,415 - WARNING - Attempting to close and recreate Modbus client
2025-07-14 09:57:47,416 - INFO - Attempting Modbus connection on port /dev/ttyUSB0
2025-07-14 09:57:47,416 - ERROR - Modbus connection failed
2025-07-14 09:57:47,698 - INFO - Switched to GUI-2 (Next toggle in 30s
2025-07-14 09:57:48,510 - INFO - CSV write completed at 2025-07-14T09:57:48.510430
2025-07-14 09:57:52,416 - WARNING - Modbus connection failed (Attempt 1/3)
2025-07-14 09:57:53,416 - WARNING - Modbus connection failed (Attempt 2/3)
2025-07-14 09:57:54,416 - WARNING - Modbus connection failed (Attempt 3/3)
2025-07-14 09:57:55,417 - ERROR - Modbus connection failed after 3 retries. Last error: None
2025-07-14 09:57:55,417 - WARNING - Attempting to close and recreate Modbus client
2025-07-14 09:57:55,417 - INFO - Attempting Modbus connection on port /dev/ttyUSB0
2025-07-14 09:57:55,417 - ERROR - Modbus connection failed
2025-07-14 09:58:00,417 - WARNING - Modbus connection failed (Attempt 1/3)
2025-07-14 09:58:01,417 - WARNING - Modbus connection failed (Attempt 2/3)
2025-07-14 09:58:02,418 - WARNING - Modbus connection failed (Attempt 3/3)
2025-07-14 09:58:03,418 - ERROR - Modbus connection failed after 3 retries. Last error: None
2025-07-14 09:58:03,418 - WARNING - Attempting to close and recreate Modbus client
2025-07-14 09:58:03,418 - INFO - Attempting Modbus connection on port /dev/ttyUSB0
2025-07-14 09:58:03,418 - ERROR - Modbus connection failed
2025-07-14 09:58:08,418 - WARNING - Modbus connection failed (Attempt 1/3)
2025-07-14 09:58:09,419 - WARNING - Modbus connection failed (Attempt 2/3)
2025-07-14 09:58:10,419 - WARNING - Modbus connection failed (Attempt 3/3)
2025-07-14 09:58:11,419 - ERROR - Modbus connection failed after 3 retries. Last error: None
2025-07-14 09:58:11,419 - WARNING - Attempting to close and recreate Modbus client
2025-07-14 09:58:11,420 - INFO - Attempting Modbus connection on port /dev/ttyUSB0
2025-07-14 09:58:11,420 - ERROR - Modbus connection failed
2025-07-14 09:58:16,420 - WARNING - Modbus connection failed (Attempt 1/3)
2025-07-14 09:58:17,420 - WARNING - Modbus connection failed (Attempt 2/3)
2025-07-14 09:58:17,698 - INFO - Switched to GUI-1 (Next toggle in 30s
2025-07-14 09:58:18,421 - WARNING - Modbus connection failed (Attempt 3/3)
2025-07-14 09:58:18,513 - INFO - CSV write completed at 2025-07-14T09:58:18.513206
2025-07-14 09:58:19,421 - ERROR - Modbus connection failed after 3 retries. Last error: None
2025-07-14 09:58:19,421 - WARNING - Attempting to close and recreate Modbus client
2025-07-14 09:58:19,421 - INFO - Attempting Modbus connection on port /dev/ttyUSB0
2025-07-14 09:58:19,421 - ERROR - Modbus connection failed
2025-07-14 09:58:24,421 - WARNING - Modbus connection failed (Attempt 1/3)
2025-07-14 09:58:25,422 - WARNING - Modbus connection failed (Attempt 2/3)
2025-07-14 09:58:26,422 - WARNING - Modbus connection failed (Attempt 3/3)
2025-07-14 09:58:27,422 - ERROR - Modbus connection failed after 3 retries. Last error: None
2025-07-14 09:58:27,422 - WARNING - Attempting to close and recreate Modbus client
2025-07-14 09:58:27,422 - INFO - Attempting Modbus connection on port /dev/ttyUSB0
2025-07-14 09:58:27,422 - ERROR - Modbus connection failed
2025-07-14 09:58:32,422 - WARNING - Modbus connection failed (Attempt 1/3)
2025-07-14 09:58:33,423 - WARNING - Modbus connection failed (Attempt 2/3)
2025-07-14 09:58:34,423 - WARNING - Modbus connection failed (Attempt 3/3)
2025-07-14 09:58:35,423 - ERROR - Modbus connection failed after 3 retries. Last error: None
2025-07-14 09:58:35,423 - WARNING - Attempting to close and recreate Modbus client
2025-07-14 09:58:35,423 - INFO - Attempting Modbus connection on port /dev/ttyUSB0
2025-07-14 09:58:35,423 - ERROR - Modbus connection failed
2025-07-14 09:58:40,424 - WARNING - Modbus connection failed (Attempt 1/3)
2025-07-14 09:58:41,424 - WARNING - Modbus connection failed (Attempt 2/3)
2025-07-14 09:58:42,424 - WARNING - Modbus connection failed (Attempt 3/3)
2025-07-14 09:58:43,424 - ERROR - Modbus connection failed after 3 retries. Last error: None
2025-07-14 09:58:43,424 - WARNING - Attempting to close and recreate Modbus client
2025-07-14 09:58:43,424 - INFO - Attempting Modbus connection on port /dev/ttyUSB0
2025-07-14 09:58:43,424 - ERROR - Modbus connection failed
2025-07-14 09:58:47,698 - INFO - Switched to GUI-2 (Next toggle in 30s
2025-07-14 09:58:48,425 - WARNING - Modbus connection failed (Attempt 1/3)
2025-07-14 09:58:48,524 - INFO - CSV write completed at 2025-07-14T09:58:48.524359
2025-07-14 09:58:49,425 - WARNING - Modbus connection failed (Attempt 2/3)
2025-07-14 09:58:50,425 - WARNING - Modbus connection failed (Attempt 3/3)
2025-07-14 09:58:51,425 - ERROR - Modbus connection failed after 3 retries. Last error: None
2025-07-14 09:58:51,425 - WARNING - Attempting to close and recreate Modbus client
2025-07-14 09:58:51,426 - INFO - Attempting Modbus connection on port /dev/ttyUSB0
2025-07-14 09:58:51,426 - ERROR - Modbus connection failed
2025-07-14 09:58:56,426 - WARNING - Modbus connection failed (Attempt 1/3)
2025-07-14 09:58:57,426 - WARNING - Modbus connection failed (Attempt 2/3)
2025-07-14 09:58:58,427 - WARNING - Modbus connection failed (Attempt 3/3)
2025-07-14 09:58:59,427 - ERROR - Modbus connection failed after 3 retries. Last error: None
2025-07-14 09:58:59,427 - WARNING - Attempting to close and recreate Modbus client
2025-07-14 09:58:59,427 - INFO - Attempting Modbus connection on port /dev/ttyUSB0
2025-07-14 09:58:59,427 - ERROR - Modbus connection failed
2025-07-14 09:59:04,427 - WARNING - Modbus connection failed (Attempt 1/3)
2025-07-14 09:59:05,428 - WARNING - Modbus connection failed (Attempt 2/3)
2025-07-14 09:59:06,428 - WARNING - Modbus connection failed (Attempt 3/3)
2025-07-14 09:59:07,428 - ERROR - Modbus connection failed after 3 retries. Last error: None
2025-07-14 09:59:07,428 - WARNING - Attempting to close and recreate Modbus client
2025-07-14 09:59:07,428 - INFO - Attempting Modbus connection on port /dev/ttyUSB0
2025-07-14 09:59:07,428 - ERROR - Modbus connection failed
2025-07-14 09:59:12,429 - WARNING - Modbus connection failed (Attempt 1/3)
2025-07-14 09:59:13,429 - WARNING - Modbus connection failed (Attempt 2/3)
2025-07-14 09:59:14,429 - WARNING - Modbus connection failed (Attempt 3/3)
2025-07-14 09:59:15,429 - ERROR - Modbus connection failed after 3 retries. Last error: None
2025-07-14 09:59:15,429 - WARNING - Attempting to close and recreate Modbus client
2025-07-14 09:59:15,430 - INFO - Attempting Modbus connection on port /dev/ttyUSB0
2025-07-14 09:59:15,430 - ERROR - Modbus connection failed
2025-07-14 09:59:17,699 - INFO - Switched to GUI-1 (Next toggle in 30s
2025-07-14 09:59:18,526 - INFO - CSV write completed at 2025-07-14T09:59:18.526771
2025-07-14 09:59:20,430 - WARNING - Modbus connection failed (Attempt 1/3)
2025-07-14 09:59:21,430 - WARNING - Modbus connection failed (Attempt 2/3)
2025-07-14 09:59:22,430 - WARNING - Modbus connection failed (Attempt 3/3)
2025-07-14 09:59:23,430 - ERROR - Modbus connection failed after 3 retries. Last error: None
2025-07-14 09:59:23,430 - WARNING - Attempting to close and recreate Modbus client
2025-07-14 09:59:23,431 - INFO - Attempting Modbus connection on port /dev/ttyUSB0
2025-07-14 09:59:23,431 - ERROR - Modbus connection failed
2025-07-14 09:59:28,431 - WARNING - Modbus connection failed (Attempt 1/3)
2025-07-14 09:59:29,431 - WARNING - Modbus connection failed (Attempt 2/3)
2025-07-14 09:59:30,432 - WARNING - Modbus connection failed (Attempt 3/3)
2025-07-14 09:59:31,432 - ERROR - Modbus connection failed after 3 retries. Last error: None
2025-07-14 09:59:31,432 - WARNING - Attempting to close and recreate Modbus client
2025-07-14 09:59:31,432 - INFO - Attempting Modbus connection on port /dev/ttyUSB0
2025-07-14 09:59:31,432 - ERROR - Modbus connection failed
2025-07-14 09:59:36,432 - WARNING - Modbus connection failed (Attempt 1/3)
2025-07-14 09:59:37,432 - WARNING - Modbus connection failed (Attempt 2/3)
2025-07-14 09:59:38,433 - WARNING - Modbus connection failed (Attempt 3/3)
2025-07-14 09:59:39,433 - ERROR - Modbus connection failed after 3 retries. Last error: None
2025-07-14 09:59:39,433 - WARNING - Attempting to close and recreate Modbus client
2025-07-14 09:59:39,438 - INFO - Attempting Modbus connection on port /dev/ttyUSB0
2025-07-14 09:59:39,438 - ERROR - Modbus connection failed
2025-07-14 09:59:44,438 - WARNING - Modbus connection failed (Attempt 1/3)
2025-07-14 09:59:45,442 - WARNING - Modbus connection failed (Attempt 2/3)
2025-07-14 09:59:46,442 - WARNING - Modbus connection failed (Attempt 3/3)
2025-07-14 09:59:47,442 - ERROR - Modbus connection failed after 3 retries. Last error: None
2025-07-14 09:59:47,442 - WARNING - Attempting to close and recreate Modbus client
2025-07-14 09:59:47,442 - INFO - Attempting Modbus connection on port /dev/ttyUSB0
2025-07-14 09:59:47,442 - ERROR - Modbus connection failed
2025-07-14 09:59:47,699 - INFO - Switched to GUI-2 (Next toggle in 30s
2025-07-14 09:59:48,529 - INFO - CSV write completed at 2025-07-14T09:59:48.529161
2025-07-14 09:59:52,443 - WARNING - Modbus connection failed (Attempt 1/3)
2025-07-14 09:59:53,443 - WARNING - Modbus connection failed (Attempt 2/3)
2025-07-14 09:59:54,443 - WARNING - Modbus connection failed (Attempt 3/3)
2025-07-14 09:59:55,443 - ERROR - Modbus connection failed after 3 retries. Last error: None
2025-07-14 09:59:55,443 - WARNING - Attempting to close and recreate Modbus client
2025-07-14 09:59:55,443 - INFO - Attempting Modbus connection on port /dev/ttyUSB0
2025-07-14 09:59:55,443 - ERROR - Modbus connection failed
2025-07-14 10:00:00,444 - WARNING - Modbus connection failed (Attempt 1/3)
2025-07-14 10:00:01,444 - WARNING - Modbus connection failed (Attempt 2/3)
2025-07-14 10:00:02,444 - WARNING - Modbus connection failed (Attempt 3/3)
2025-07-14 10:00:03,444 - ERROR - Modbus connection failed after 3 retries. Last error: None
2025-07-14 10:00:03,444 - WARNING - Attempting to close and recreate Modbus client
2025-07-14 10:00:03,444 - INFO - Attempting Modbus connection on port /dev/ttyUSB0
2025-07-14 10:00:03,445 - ERROR - Modbus connection failed
2025-07-14 10:00:08,445 - WARNING - Modbus connection failed (Attempt 1/3)
2025-07-14 10:00:09,445 - WARNING - Modbus connection failed (Attempt 2/3)
2025-07-14 10:00:10,445 - WARNING - Modbus connection failed (Attempt 3/3)
2025-07-14 10:00:11,445 - ERROR - Modbus connection failed after 3 retries. Last error: None
2025-07-14 10:00:11,445 - WARNING - Attempting to close and recreate Modbus client
2025-07-14 10:00:11,446 - INFO - Attempting Modbus connection on port /dev/ttyUSB0
2025-07-14 10:00:11,446 - ERROR - Modbus connection failed
2025-07-14 10:00:16,446 - WARNING - Modbus connection failed (Attempt 1/3)
2025-07-14 10:00:17,446 - WARNING - Modbus connection failed (Attempt 2/3)
2025-07-14 10:00:17,699 - INFO - Switched to GUI-1 (Next toggle in 30s
2025-07-14 10:00:18,447 - WARNING - Modbus connection failed (Attempt 3/3)
2025-07-14 10:00:18,531 - INFO - CSV write completed at 2025-07-14T10:00:18.531534
2025-07-14 10:00:19,447 - ERROR - Modbus connection failed after 3 retries. Last error: None
2025-07-14 10:00:19,447 - WARNING - Attempting to close and recreate Modbus client
2025-07-14 10:00:19,447 - INFO - Attempting Modbus connection on port /dev/ttyUSB0
2025-07-14 10:00:19,447 - ERROR - Modbus connection failed
2025-07-14 10:00:24,447 - WARNING - Modbus connection failed (Attempt 1/3)
2025-07-14 10:00:25,448 - WARNING - Modbus connection failed (Attempt 2/3)
2025-07-14 10:00:26,448 - WARNING - Modbus connection failed (Attempt 3/3)
2025-07-14 10:00:27,448 - ERROR - Modbus connection failed after 3 retries. Last error: None
2025-07-14 10:00:27,448 - WARNING - Attempting to close and recreate Modbus client
2025-07-14 10:00:27,448 - INFO - Attempting Modbus connection on port /dev/ttyUSB0
2025-07-14 10:00:27,448 - ERROR - Modbus connection failed
2025-07-14 10:00:32,449 - WARNING - Modbus connection failed (Attempt 1/3)
2025-07-14 10:00:33,449 - WARNING - Modbus connection failed (Attempt 2/3)
2025-07-14 10:00:34,449 - WARNING - Modbus connection failed (Attempt 3/3)
2025-07-14 10:00:35,449 - ERROR - Modbus connection failed after 3 retries. Last error: None
2025-07-14 10:00:35,449 - WARNING - Attempting to close and recreate Modbus client
2025-07-14 10:00:35,449 - INFO - Attempting Modbus connection on port /dev/ttyUSB0
2025-07-14 10:00:35,449 - ERROR - Modbus connection failed
2025-07-14 10:00:40,450 - WARNING - Modbus connection failed (Attempt 1/3)
2025-07-14 10:00:41,450 - WARNING - Modbus connection failed (Attempt 2/3)
2025-07-14 10:00:42,450 - WARNING - Modbus connection failed (Attempt 3/3)
2025-07-14 10:00:43,450 - ERROR - Modbus connection failed after 3 retries. Last error: None
2025-07-14 10:00:43,450 - WARNING - Attempting to close and recreate Modbus client
2025-07-14 10:00:43,451 - INFO - Attempting Modbus connection on port /dev/ttyUSB0
2025-07-14 10:00:43,451 - ERROR - Modbus connection failed
2025-07-14 10:00:47,699 - INFO - Switched to GUI-2 (Next toggle in 30s
2025-07-14 10:00:48,451 - WARNING - Modbus connection failed (Attempt 1/3)
2025-07-14 10:00:48,533 - INFO - CSV write completed at 2025-07-14T10:00:48.533790
2025-07-14 10:00:49,451 - WARNING - Modbus connection failed (Attempt 2/3)
2025-07-14 10:00:50,452 - WARNING - Modbus connection failed (Attempt 3/3)
2025-07-14 10:00:51,452 - ERROR - Modbus connection failed after 3 retries. Last error: None
2025-07-14 10:00:51,452 - WARNING - Attempting to close and recreate Modbus client
2025-07-14 10:00:51,452 - INFO - Attempting Modbus connection on port /dev/ttyUSB0
2025-07-14 10:00:51,452 - ERROR - Modbus connection failed
2025-07-14 10:00:56,452 - WARNING - Modbus connection failed (Attempt 1/3)
2025-07-14 10:00:57,453 - WARNING - Modbus connection failed (Attempt 2/3)
2025-07-14 10:00:58,453 - WARNING - Modbus connection failed (Attempt 3/3)
2025-07-14 10:00:59,453 - ERROR - Modbus connection failed after 3 retries. Last error: None
2025-07-14 10:00:59,453 - WARNING - Attempting to close and recreate Modbus client
2025-07-14 10:00:59,453 - INFO - Attempting Modbus connection on port /dev/ttyUSB0
2025-07-14 10:00:59,455 - ERROR - Modbus connection failed
2025-07-14 10:01:04,455 - WARNING - Modbus connection failed (Attempt 1/3)
2025-07-14 10:01:05,458 - WARNING - Modbus connection failed (Attempt 2/3)
2025-07-14 10:01:06,459 - WARNING - Modbus connection failed (Attempt 3/3)
2025-07-14 10:01:07,459 - ERROR - Modbus connection failed after 3 retries. Last error: None
2025-07-14 10:01:07,459 - WARNING - Attempting to close and recreate Modbus client
2025-07-14 10:01:07,459 - INFO - Attempting Modbus connection on port /dev/ttyUSB0
2025-07-14 10:01:07,459 - ERROR - Modbus connection failed
2025-07-14 10:01:12,459 - WARNING - Modbus connection failed (Attempt 1/3)
2025-07-14 10:01:13,459 - WARNING - Modbus connection failed (Attempt 2/3)
2025-07-14 10:01:14,460 - WARNING - Modbus connection failed (Attempt 3/3)
2025-07-14 10:01:15,460 - ERROR - Modbus connection failed after 3 retries. Last error: None
2025-07-14 10:01:15,460 - WARNING - Attempting to close and recreate Modbus client
2025-07-14 10:01:15,460 - INFO - Attempting Modbus connection on port /dev/ttyUSB0
2025-07-14 10:01:15,460 - ERROR - Modbus connection failed
2025-07-14 10:01:17,700 - INFO - Switched to GUI-1 (Next toggle in 30s
2025-07-14 10:01:18,536 - INFO - CSV write completed at 2025-07-14T10:01:18.536211
2025-07-14 10:01:20,460 - WARNING - Modbus connection failed (Attempt 1/3)
2025-07-14 10:01:21,461 - WARNING - Modbus connection failed (Attempt 2/3)
2025-07-14 10:01:22,461 - WARNING - Modbus connection failed (Attempt 3/3)
2025-07-14 10:01:23,461 - ERROR - Modbus connection failed after 3 retries. Last error: None
2025-07-14 10:01:23,461 - WARNING - Attempting to close and recreate Modbus client
2025-07-14 10:01:23,461 - INFO - Attempting Modbus connection on port /dev/ttyUSB0
2025-07-14 10:01:23,461 - ERROR - Modbus connection failed
2025-07-14 10:01:28,462 - WARNING - Modbus connection failed (Attempt 1/3)
2025-07-14 10:01:29,462 - WARNING - Modbus connection failed (Attempt 2/3)
2025-07-14 10:01:30,462 - WARNING - Modbus connection failed (Attempt 3/3)
2025-07-14 10:01:31,462 - ERROR - Modbus connection failed after 3 retries. Last error: None
2025-07-14 10:01:31,462 - WARNING - Attempting to close and recreate Modbus client
2025-07-14 10:01:31,462 - INFO - Attempting Modbus connection on port /dev/ttyUSB0
2025-07-14 10:01:31,463 - ERROR - Modbus connection failed
2025-07-14 10:01:36,463 - WARNING - Modbus connection failed (Attempt 1/3)
2025-07-14 10:01:37,463 - WARNING - Modbus connection failed (Attempt 2/3)
2025-07-14 10:01:38,463 - WARNING - Modbus connection failed (Attempt 3/3)
2025-07-14 10:01:39,464 - ERROR - Modbus connection failed after 3 retries. Last error: None
2025-07-14 10:01:39,464 - WARNING - Attempting to close and recreate Modbus client
2025-07-14 10:01:39,464 - INFO - Attempting Modbus connection on port /dev/ttyUSB0
2025-07-14 10:01:39,464 - ERROR - Modbus connection failed
2025-07-14 10:01:44,464 - WARNING - Modbus connection failed (Attempt 1/3)
2025-07-14 10:01:45,464 - WARNING - Modbus connection failed (Attempt 2/3)
2025-07-14 10:01:46,465 - WARNING - Modbus connection failed (Attempt 3/3)
2025-07-14 10:01:47,465 - ERROR - Modbus connection failed after 3 retries. Last error: None
2025-07-14 10:01:47,465 - WARNING - Attempting to close and recreate Modbus client
2025-07-14 10:01:47,465 - INFO - Attempting Modbus connection on port /dev/ttyUSB0
2025-07-14 10:01:47,465 - ERROR - Modbus connection failed
2025-07-14 10:01:47,700 - INFO - Switched to GUI-2 (Next toggle in 30s
2025-07-14 10:01:48,538 - INFO - CSV write completed at 2025-07-14T10:01:48.538745
2025-07-14 10:01:52,465 - WARNING - Modbus connection failed (Attempt 1/3)
2025-07-14 10:01:53,466 - WARNING - Modbus connection failed (Attempt 2/3)
2025-07-14 10:01:54,466 - WARNING - Modbus connection failed (Attempt 3/3)
2025-07-14 10:01:55,466 - ERROR - Modbus connection failed after 3 retries. Last error: None
2025-07-14 10:01:55,466 - WARNING - Attempting to close and recreate Modbus client
2025-07-14 10:01:55,466 - INFO - Attempting Modbus connection on port /dev/ttyUSB0
2025-07-14 10:01:55,466 - ERROR - Modbus connection failed
2025-07-14 10:02:00,466 - WARNING - Modbus connection failed (Attempt 1/3)
2025-07-14 10:02:01,467 - WARNING - Modbus connection failed (Attempt 2/3)
2025-07-14 10:02:02,467 - WARNING - Modbus connection failed (Attempt 3/3)
2025-07-14 10:02:03,467 - ERROR - Modbus connection failed after 3 retries. Last error: None
2025-07-14 10:02:03,467 - WARNING - Attempting to close and recreate Modbus client
2025-07-14 10:02:03,467 - INFO - Attempting Modbus connection on port /dev/ttyUSB0
2025-07-14 10:02:03,467 - ERROR - Modbus connection failed
2025-07-14 10:02:08,468 - WARNING - Modbus connection failed (Attempt 1/3)
2025-07-14 10:02:09,468 - WARNING - Modbus connection failed (Attempt 2/3)
2025-07-14 10:02:10,468 - WARNING - Modbus connection failed (Attempt 3/3)
2025-07-14 10:02:11,468 - ERROR - Modbus connection failed after 3 retries. Last error: None
2025-07-14 10:02:11,468 - WARNING - Attempting to close and recreate Modbus client
2025-07-14 10:02:11,468 - INFO - Attempting Modbus connection on port /dev/ttyUSB0
2025-07-14 10:02:11,469 - ERROR - Modbus connection failed
2025-07-14 10:02:16,469 - WARNING - Modbus connection failed (Attempt 1/3)
2025-07-14 10:02:17,469 - WARNING - Modbus connection failed (Attempt 2/3)
2025-07-14 10:02:17,700 - INFO - Switched to GUI-1 (Next toggle in 30s
2025-07-14 10:02:18,469 - WARNING - Modbus connection failed (Attempt 3/3)
2025-07-14 10:02:18,541 - INFO - CSV write completed at 2025-07-14T10:02:18.541144
2025-07-14 10:02:19,469 - ERROR - Modbus connection failed after 3 retries. Last error: None
2025-07-14 10:02:19,469 - WARNING - Attempting to close and recreate Modbus client
2025-07-14 10:02:19,469 - INFO - Attempting Modbus connection on port /dev/ttyUSB0
2025-07-14 10:02:19,470 - ERROR - Modbus connection failed
2025-07-14 10:02:24,470 - WARNING - Modbus connection failed (Attempt 1/3)
2025-07-14 10:02:25,470 - WARNING - Modbus connection failed (Attempt 2/3)
2025-07-14 10:02:26,470 - WARNING - Modbus connection failed (Attempt 3/3)
2025-07-14 10:02:27,471 - ERROR - Modbus connection failed after 3 retries. Last error: None
2025-07-14 10:02:27,471 - WARNING - Attempting to close and recreate Modbus client
2025-07-14 10:02:27,471 - INFO - Attempting Modbus connection on port /dev/ttyUSB0
2025-07-14 10:02:27,471 - ERROR - Modbus connection failed
2025-07-14 10:02:32,471 - WARNING - Modbus connection failed (Attempt 1/3)
2025-07-14 10:02:33,472 - WARNING - Modbus connection failed (Attempt 2/3)
2025-07-14 10:02:34,472 - WARNING - Modbus connection failed (Attempt 3/3)
2025-07-14 10:02:35,472 - ERROR - Modbus connection failed after 3 retries. Last error: None
2025-07-14 10:02:35,472 - WARNING - Attempting to close and recreate Modbus client
2025-07-14 10:02:35,472 - INFO - Attempting Modbus connection on port /dev/ttyUSB0
2025-07-14 10:02:35,472 - ERROR - Modbus connection failed
2025-07-14 10:02:40,473 - WARNING - Modbus connection failed (Attempt 1/3)
2025-07-14 10:02:41,473 - WARNING - Modbus connection failed (Attempt 2/3)
2025-07-14 10:02:42,473 - WARNING - Modbus connection failed (Attempt 3/3)
2025-07-14 10:02:43,473 - ERROR - Modbus connection failed after 3 retries. Last error: None
2025-07-14 10:02:43,473 - WARNING - Attempting to close and recreate Modbus client
2025-07-14 10:02:43,473 - INFO - Attempting Modbus connection on port /dev/ttyUSB0
2025-07-14 10:02:43,473 - ERROR - Modbus connection failed
2025-07-14 10:02:47,701 - INFO - Switched to GUI-2 (Next toggle in 30s
2025-07-14 10:02:48,474 - WARNING - Modbus connection failed (Attempt 1/3)
2025-07-14 10:02:48,543 - INFO - CSV write completed at 2025-07-14T10:02:48.543648
2025-07-14 10:02:49,474 - WARNING - Modbus connection failed (Attempt 2/3)
2025-07-14 10:02:50,474 - WARNING - Modbus connection failed (Attempt 3/3)
2025-07-14 10:02:51,474 - ERROR - Modbus connection failed after 3 retries. Last error: None
2025-07-14 10:02:51,474 - WARNING - Attempting to close and recreate Modbus client
2025-07-14 10:02:51,475 - INFO - Attempting Modbus connection on port /dev/ttyUSB0
2025-07-14 10:02:51,475 - ERROR - Modbus connection failed
2025-07-14 10:02:56,475 - WARNING - Modbus connection failed (Attempt 1/3)
2025-07-14 10:02:57,475 - WARNING - Modbus connection failed (Attempt 2/3)
2025-07-14 10:02:58,475 - WARNING - Modbus connection failed (Attempt 3/3)
2025-07-14 10:02:59,476 - ERROR - Modbus connection failed after 3 retries. Last error: None
2025-07-14 10:02:59,476 - WARNING - Attempting to close and recreate Modbus client
2025-07-14 10:02:59,476 - INFO - Attempting Modbus connection on port /dev/ttyUSB0
2025-07-14 10:02:59,476 - ERROR - Modbus connection failed
2025-07-14 10:03:04,476 - WARNING - Modbus connection failed (Attempt 1/3)
2025-07-14 10:03:05,476 - WARNING - Modbus connection failed (Attempt 2/3)
2025-07-14 10:03:06,477 - WARNING - Modbus connection failed (Attempt 3/3)
2025-07-14 10:03:07,477 - ERROR - Modbus connection failed after 3 retries. Last error: None
2025-07-14 10:03:07,477 - WARNING - Attempting to close and recreate Modbus client
2025-07-14 10:03:07,477 - INFO - Attempting Modbus connection on port /dev/ttyUSB0
2025-07-14 10:03:07,477 - ERROR - Modbus connection failed
2025-07-14 10:03:12,477 - WARNING - Modbus connection failed (Attempt 1/3)
2025-07-14 10:03:13,478 - WARNING - Modbus connection failed (Attempt 2/3)
2025-07-14 10:03:14,478 - WARNING - Modbus connection failed (Attempt 3/3)
2025-07-14 10:03:15,478 - ERROR - Modbus connection failed after 3 retries. Last error: None
2025-07-14 10:03:15,478 - WARNING - Attempting to close and recreate Modbus client
2025-07-14 10:03:15,478 - INFO - Attempting Modbus connection on port /dev/ttyUSB0
2025-07-14 10:03:15,478 - ERROR - Modbus connection failed
2025-07-14 10:03:17,701 - INFO - Switched to GUI-1 (Next toggle in 30s
2025-07-14 10:03:18,546 - INFO - CSV write completed at 2025-07-14T10:03:18.546092
2025-07-14 10:03:20,479 - WARNING - Modbus connection failed (Attempt 1/3)
2025-07-14 10:03:21,479 - WARNING - Modbus connection failed (Attempt 2/3)
2025-07-14 10:03:22,479 - WARNING - Modbus connection failed (Attempt 3/3)
2025-07-14 10:03:23,487 - ERROR - Modbus connection failed after 3 retries. Last error: None
2025-07-14 10:03:23,487 - WARNING - Attempting to close and recreate Modbus client
2025-07-14 10:03:23,487 - INFO - Attempting Modbus connection on port /dev/ttyUSB0
2025-07-14 10:03:23,487 - ERROR - Modbus connection failed
2025-07-14 10:03:28,487 - WARNING - Modbus connection failed (Attempt 1/3)
2025-07-14 10:03:29,495 - WARNING - Modbus connection failed (Attempt 2/3)
2025-07-14 10:03:30,495 - WARNING - Modbus connection failed (Attempt 3/3)
2025-07-14 10:03:31,495 - ERROR - Modbus connection failed after 3 retries. Last error: None
2025-07-14 10:03:31,495 - WARNING - Attempting to close and recreate Modbus client
2025-07-14 10:03:31,496 - INFO - Attempting Modbus connection on port /dev/ttyUSB0
2025-07-14 10:03:31,496 - ERROR - Modbus connection failed
2025-07-14 10:03:36,496 - WARNING - Modbus connection failed (Attempt 1/3)
2025-07-14 10:03:37,496 - WARNING - Modbus connection failed (Attempt 2/3)
2025-07-14 10:03:38,496 - WARNING - Modbus connection failed (Attempt 3/3)
2025-07-14 10:03:39,497 - ERROR - Modbus connection failed after 3 retries. Last error: None
2025-07-14 10:03:39,497 - WARNING - Attempting to close and recreate Modbus client
2025-07-14 10:03:39,497 - INFO - Attempting Modbus connection on port /dev/ttyUSB0
2025-07-14 10:03:39,497 - ERROR - Modbus connection failed
2025-07-14 10:03:44,497 - WARNING - Modbus connection failed (Attempt 1/3)
2025-07-14 10:03:45,497 - WARNING - Modbus connection failed (Attempt 2/3)
2025-07-14 10:03:46,498 - WARNING - Modbus connection failed (Attempt 3/3)
2025-07-14 10:03:47,498 - ERROR - Modbus connection failed after 3 retries. Last error: None
2025-07-14 10:03:47,498 - WARNING - Attempting to close and recreate Modbus client
2025-07-14 10:03:47,498 - INFO - Attempting Modbus connection on port /dev/ttyUSB0
2025-07-14 10:03:47,498 - ERROR - Modbus connection failed
2025-07-14 10:03:47,701 - INFO - Switched to GUI-2 (Next toggle in 30s
2025-07-14 10:03:48,548 - INFO - CSV write completed at 2025-07-14T10:03:48.548615
2025-07-14 10:03:52,498 - WARNING - Modbus connection failed (Attempt 1/3)
2025-07-14 10:03:53,499 - WARNING - Modbus connection failed (Attempt 2/3)
2025-07-14 10:03:54,499 - WARNING - Modbus connection failed (Attempt 3/3)
2025-07-14 10:03:55,499 - ERROR - Modbus connection failed after 3 retries. Last error: None
2025-07-14 10:03:55,499 - WARNING - Attempting to close and recreate Modbus client
2025-07-14 10:03:55,499 - INFO - Attempting Modbus connection on port /dev/ttyUSB0
2025-07-14 10:03:55,499 - ERROR - Modbus connection failed
2025-07-14 10:04:00,499 - WARNING - Modbus connection failed (Attempt 1/3)
2025-07-14 10:04:01,500 - WARNING - Modbus connection failed (Attempt 2/3)
2025-07-14 10:04:02,500 - WARNING - Modbus connection failed (Attempt 3/3)
2025-07-14 10:04:03,500 - ERROR - Modbus connection failed after 3 retries. Last error: None
2025-07-14 10:04:03,500 - WARNING - Attempting to close and recreate Modbus client
2025-07-14 10:04:03,500 - INFO - Attempting Modbus connection on port /dev/ttyUSB0
2025-07-14 10:04:03,500 - ERROR - Modbus connection failed
2025-07-14 10:04:08,501 - WARNING - Modbus connection failed (Attempt 1/3)
2025-07-14 10:04:09,501 - WARNING - Modbus connection failed (Attempt 2/3)
2025-07-14 10:04:10,501 - WARNING - Modbus connection failed (Attempt 3/3)
2025-07-14 10:04:11,501 - ERROR - Modbus connection failed after 3 retries. Last error: None
2025-07-14 10:04:11,501 - WARNING - Attempting to close and recreate Modbus client
2025-07-14 10:04:11,501 - INFO - Attempting Modbus connection on port /dev/ttyUSB0
2025-07-14 10:04:11,502 - ERROR - Modbus connection failed
2025-07-14 10:04:16,502 - WARNING - Modbus connection failed (Attempt 1/3)
2025-07-14 10:04:17,502 - WARNING - Modbus connection failed (Attempt 2/3)
2025-07-14 10:04:17,701 - INFO - Switched to GUI-1 (Next toggle in 30s
2025-07-14 10:04:18,502 - WARNING - Modbus connection failed (Attempt 3/3)
2025-07-14 10:04:18,551 - INFO - CSV write completed at 2025-07-14T10:04:18.551177
2025-07-14 10:04:19,502 - ERROR - Modbus connection failed after 3 retries. Last error: None
2025-07-14 10:04:19,503 - WARNING - Attempting to close and recreate Modbus client
2025-07-14 10:04:19,503 - INFO - Attempting Modbus connection on port /dev/ttyUSB0
2025-07-14 10:04:19,503 - ERROR - Modbus connection failed
2025-07-14 10:04:24,503 - WARNING - Modbus connection failed (Attempt 1/3)
2025-07-14 10:04:25,503 - WARNING - Modbus connection failed (Attempt 2/3)
2025-07-14 10:04:26,504 - WARNING - Modbus connection failed (Attempt 3/3)
2025-07-14 10:04:27,504 - ERROR - Modbus connection failed after 3 retries. Last error: None
2025-07-14 10:04:27,504 - WARNING - Attempting to close and recreate Modbus client
2025-07-14 10:04:27,504 - INFO - Attempting Modbus connection on port /dev/ttyUSB0
2025-07-14 10:04:27,504 - ERROR - Modbus connection failed
2025-07-14 10:04:32,504 - WARNING - Modbus connection failed (Attempt 1/3)
2025-07-14 10:04:33,505 - WARNING - Modbus connection failed (Attempt 2/3)
2025-07-14 10:04:34,505 - WARNING - Modbus connection failed (Attempt 3/3)
2025-07-14 10:04:35,505 - ERROR - Modbus connection failed after 3 retries. Last error: None
2025-07-14 10:04:35,505 - WARNING - Attempting to close and recreate Modbus client
2025-07-14 10:04:35,505 - INFO - Attempting Modbus connection on port /dev/ttyUSB0
2025-07-14 10:04:35,505 - ERROR - Modbus connection failed
2025-07-14 10:04:40,506 - WARNING - Modbus connection failed (Attempt 1/3)
2025-07-14 10:04:41,506 - WARNING - Modbus connection failed (Attempt 2/3)
2025-07-14 10:04:42,506 - WARNING - Modbus connection failed (Attempt 3/3)
2025-07-14 10:04:43,506 - ERROR - Modbus connection failed after 3 retries. Last error: None
2025-07-14 10:04:43,506 - WARNING - Attempting to close and recreate Modbus client
2025-07-14 10:04:43,506 - INFO - Attempting Modbus connection on port /dev/ttyUSB0
2025-07-14 10:04:43,506 - ERROR - Modbus connection failed
2025-07-14 10:04:47,702 - INFO - Switched to GUI-2 (Next toggle in 30s
2025-07-14 10:04:48,507 - WARNING - Modbus connection failed (Attempt 1/3)
2025-07-14 10:04:48,553 - INFO - CSV write completed at 2025-07-14T10:04:48.553663
2025-07-14 10:04:49,507 - WARNING - Modbus connection failed (Attempt 2/3)
2025-07-14 10:04:50,507 - WARNING - Modbus connection failed (Attempt 3/3)
2025-07-14 10:04:51,507 - ERROR - Modbus connection failed after 3 retries. Last error: None
2025-07-14 10:04:51,507 - WARNING - Attempting to close and recreate Modbus client
2025-07-14 10:04:51,508 - INFO - Attempting Modbus connection on port /dev/ttyUSB0
2025-07-14 10:04:51,508 - ERROR - Modbus connection failed
2025-07-14 10:04:56,508 - WARNING - Modbus connection failed (Attempt 1/3)
2025-07-14 10:04:57,508 - WARNING - Modbus connection failed (Attempt 2/3)
2025-07-14 10:04:58,509 - WARNING - Modbus connection failed (Attempt 3/3)
2025-07-14 10:04:59,509 - ERROR - Modbus connection failed after 3 retries. Last error: None
2025-07-14 10:04:59,509 - WARNING - Attempting to close and recreate Modbus client
2025-07-14 10:04:59,509 - INFO - Attempting Modbus connection on port /dev/ttyUSB0
2025-07-14 10:04:59,509 - ERROR - Modbus connection failed
2025-07-14 10:05:04,509 - WARNING - Modbus connection failed (Attempt 1/3)
2025-07-14 10:05:05,509 - WARNING - Modbus connection failed (Attempt 2/3)
2025-07-14 10:05:06,510 - WARNING - Modbus connection failed (Attempt 3/3)
2025-07-14 10:05:07,510 - ERROR - Modbus connection failed after 3 retries. Last error: None
2025-07-14 10:05:07,510 - WARNING - Attempting to close and recreate Modbus client
2025-07-14 10:05:07,510 - INFO - Attempting Modbus connection on port /dev/ttyUSB0
2025-07-14 10:05:07,510 - ERROR - Modbus connection failed
2025-07-14 10:05:12,511 - WARNING - Modbus connection failed (Attempt 1/3)
2025-07-14 10:05:13,511 - WARNING - Modbus connection failed (Attempt 2/3)
2025-07-14 10:05:14,511 - WARNING - Modbus connection failed (Attempt 3/3)
2025-07-14 10:05:15,511 - ERROR - Modbus connection failed after 3 retries. Last error: None
2025-07-14 10:05:15,511 - WARNING - Attempting to close and recreate Modbus client
2025-07-14 10:05:15,511 - INFO - Attempting Modbus connection on port /dev/ttyUSB0
2025-07-14 10:05:15,511 - ERROR - Modbus connection failed
2025-07-14 10:05:17,702 - INFO - Switched to GUI-1 (Next toggle in 30s
2025-07-14 10:05:18,556 - INFO - CSV write completed at 2025-07-14T10:05:18.556237
2025-07-14 10:05:20,512 - WARNING - Modbus connection failed (Attempt 1/3)
2025-07-14 10:05:21,512 - WARNING - Modbus connection failed (Attempt 2/3)
2025-07-14 10:05:22,512 - WARNING - Modbus connection failed (Attempt 3/3)
2025-07-14 10:05:23,512 - ERROR - Modbus connection failed after 3 retries. Last error: None
2025-07-14 10:05:23,512 - WARNING - Attempting to close and recreate Modbus client
2025-07-14 10:05:23,513 - INFO - Attempting Modbus connection on port /dev/ttyUSB0
2025-07-14 10:05:23,513 - ERROR - Modbus connection failed
2025-07-14 10:05:28,513 - WARNING - Modbus connection failed (Attempt 1/3)
2025-07-14 10:05:29,513 - WARNING - Modbus connection failed (Attempt 2/3)
2025-07-14 10:05:30,513 - WARNING - Modbus connection failed (Attempt 3/3)
2025-07-14 10:05:31,513 - ERROR - Modbus connection failed after 3 retries. Last error: None
2025-07-14 10:05:31,513 - WARNING - Attempting to close and recreate Modbus client
2025-07-14 10:05:31,514 - INFO - Attempting Modbus connection on port /dev/ttyUSB0
2025-07-14 10:05:31,514 - ERROR - Modbus connection failed
2025-07-14 10:05:36,514 - WARNING - Modbus connection failed (Attempt 1/3)
2025-07-14 10:05:37,514 - WARNING - Modbus connection failed (Attempt 2/3)
2025-07-14 10:05:38,514 - WARNING - Modbus connection failed (Attempt 3/3)
2025-07-14 10:05:39,515 - ERROR - Modbus connection failed after 3 retries. Last error: None
2025-07-14 10:05:39,515 - WARNING - Attempting to close and recreate Modbus client
2025-07-14 10:05:39,515 - INFO - Attempting Modbus connection on port /dev/ttyUSB0
2025-07-14 10:05:39,515 - ERROR - Modbus connection failed
2025-07-14 10:05:44,515 - WARNING - Modbus connection failed (Attempt 1/3)
2025-07-14 10:05:45,515 - WARNING - Modbus connection failed (Attempt 2/3)
2025-07-14 10:05:46,516 - WARNING - Modbus connection failed (Attempt 3/3)
2025-07-14 10:05:47,516 - ERROR - Modbus connection failed after 3 retries. Last error: None
2025-07-14 10:05:47,516 - WARNING - Attempting to close and recreate Modbus client
2025-07-14 10:05:47,516 - INFO - Attempting Modbus connection on port /dev/ttyUSB0
2025-07-14 10:05:47,516 - ERROR - Modbus connection failed
2025-07-14 10:05:47,702 - INFO - Switched to GUI-2 (Next toggle in 30s
2025-07-14 10:05:48,558 - INFO - CSV write completed at 2025-07-14T10:05:48.558919
2025-07-14 10:05:52,517 - WARNING - Modbus connection failed (Attempt 1/3)
2025-07-14 10:05:53,517 - WARNING - Modbus connection failed (Attempt 2/3)
2025-07-14 10:05:54,517 - WARNING - Modbus connection failed (Attempt 3/3)
2025-07-14 10:05:55,517 - ERROR - Modbus connection failed after 3 retries. Last error: None
2025-07-14 10:05:55,517 - WARNING - Attempting to close and recreate Modbus client
2025-07-14 10:05:55,517 - INFO - Attempting Modbus connection on port /dev/ttyUSB0
2025-07-14 10:05:55,518 - ERROR - Modbus connection failed
2025-07-14 10:06:00,524 - WARNING - Modbus connection failed (Attempt 1/3)
2025-07-14 10:06:01,524 - WARNING - Modbus connection failed (Attempt 2/3)
2025-07-14 10:06:02,524 - WARNING - Modbus connection failed (Attempt 3/3)
2025-07-14 10:06:03,525 - ERROR - Modbus connection failed after 3 retries. Last error: None
2025-07-14 10:06:03,525 - WARNING - Attempting to close and recreate Modbus client
2025-07-14 10:06:03,525 - INFO - Attempting Modbus connection on port /dev/ttyUSB0
2025-07-14 10:06:03,525 - ERROR - Modbus connection failed
2025-07-14 10:06:08,525 - WARNING - Modbus connection failed (Attempt 1/3)
2025-07-14 10:06:09,525 - WARNING - Modbus connection failed (Attempt 2/3)
2025-07-14 10:06:10,526 - WARNING - Modbus connection failed (Attempt 3/3)
2025-07-14 10:06:11,526 - ERROR - Modbus connection failed after 3 retries. Last error: None
2025-07-14 10:06:11,526 - WARNING - Attempting to close and recreate Modbus client
2025-07-14 10:06:11,526 - INFO - Attempting Modbus connection on port /dev/ttyUSB0
2025-07-14 10:06:11,526 - ERROR - Modbus connection failed
2025-07-14 10:06:16,526 - WARNING - Modbus connection failed (Attempt 1/3)
2025-07-14 10:06:17,527 - WARNING - Modbus connection failed (Attempt 2/3)
2025-07-14 10:06:17,703 - INFO - Switched to GUI-1 (Next toggle in 30s
2025-07-14 10:06:18,527 - WARNING - Modbus connection failed (Attempt 3/3)
2025-07-14 10:06:18,561 - INFO - CSV write completed at 2025-07-14T10:06:18.561340
2025-07-14 10:06:19,527 - ERROR - Modbus connection failed after 3 retries. Last error: None
2025-07-14 10:06:19,527 - WARNING - Attempting to close and recreate Modbus client
2025-07-14 10:06:19,527 - INFO - Attempting Modbus connection on port /dev/ttyUSB0
2025-07-14 10:06:19,528 - ERROR - Modbus connection failed
2025-07-14 10:06:24,528 - WARNING - Modbus connection failed (Attempt 1/3)
2025-07-14 10:06:25,528 - WARNING - Modbus connection failed (Attempt 2/3)
2025-07-14 10:06:26,528 - WARNING - Modbus connection failed (Attempt 3/3)
2025-07-14 10:06:27,528 - ERROR - Modbus connection failed after 3 retries. Last error: None
2025-07-14 10:06:27,528 - WARNING - Attempting to close and recreate Modbus client
2025-07-14 10:06:27,529 - INFO - Attempting Modbus connection on port /dev/ttyUSB0
2025-07-14 10:06:27,529 - ERROR - Modbus connection failed
2025-07-14 10:06:32,529 - WARNING - Modbus connection failed (Attempt 1/3)
2025-07-14 10:06:33,529 - WARNING - Modbus connection failed (Attempt 2/3)
2025-07-14 10:06:34,529 - WARNING - Modbus connection failed (Attempt 3/3)
2025-07-14 10:06:35,530 - ERROR - Modbus connection failed after 3 retries. Last error: None
2025-07-14 10:06:35,530 - WARNING - Attempting to close and recreate Modbus client
2025-07-14 10:06:35,530 - INFO - Attempting Modbus connection on port /dev/ttyUSB0
2025-07-14 10:06:35,530 - ERROR - Modbus connection failed
2025-07-14 10:06:40,530 - WARNING - Modbus connection failed (Attempt 1/3)
2025-07-14 10:06:41,531 - WARNING - Modbus connection failed (Attempt 2/3)
2025-07-14 10:06:42,531 - WARNING - Modbus connection failed (Attempt 3/3)
2025-07-14 10:06:43,531 - ERROR - Modbus connection failed after 3 retries. Last error: None
2025-07-14 10:06:43,531 - WARNING - Attempting to close and recreate Modbus client
2025-07-14 10:06:43,531 - INFO - Attempting Modbus connection on port /dev/ttyUSB0
2025-07-14 10:06:43,531 - ERROR - Modbus connection failed
2025-07-14 10:06:47,703 - INFO - Switched to GUI-2 (Next toggle in 30s
2025-07-14 10:06:48,532 - WARNING - Modbus connection failed (Attempt 1/3)
2025-07-14 10:06:48,563 - INFO - CSV write completed at 2025-07-14T10:06:48.563754
2025-07-14 10:06:49,532 - WARNING - Modbus connection failed (Attempt 2/3)
2025-07-14 10:06:50,532 - WARNING - Modbus connection failed (Attempt 3/3)
2025-07-14 10:06:51,532 - ERROR - Modbus connection failed after 3 retries. Last error: None
2025-07-14 10:06:51,532 - WARNING - Attempting to close and recreate Modbus client
2025-07-14 10:06:51,532 - INFO - Attempting Modbus connection on port /dev/ttyUSB0
2025-07-14 10:06:51,532 - ERROR - Modbus connection failed
2025-07-14 10:06:56,533 - WARNING - Modbus connection failed (Attempt 1/3)
2025-07-14 10:06:57,533 - WARNING - Modbus connection failed (Attempt 2/3)
2025-07-14 10:06:58,533 - WARNING - Modbus connection failed (Attempt 3/3)
2025-07-14 10:06:59,533 - ERROR - Modbus connection failed after 3 retries. Last error: None
2025-07-14 10:06:59,533 - WARNING - Attempting to close and recreate Modbus client
2025-07-14 10:06:59,533 - INFO - Attempting Modbus connection on port /dev/ttyUSB0
2025-07-14 10:06:59,534 - ERROR - Modbus connection failed
2025-07-14 10:07:04,534 - WARNING - Modbus connection failed (Attempt 1/3)
2025-07-14 10:07:05,534 - WARNING - Modbus connection failed (Attempt 2/3)
2025-07-14 10:07:06,534 - WARNING - Modbus connection failed (Attempt 3/3)
2025-07-14 10:07:07,535 - ERROR - Modbus connection failed after 3 retries. Last error: None
2025-07-14 10:07:07,535 - WARNING - Attempting to close and recreate Modbus client
2025-07-14 10:07:07,535 - INFO - Attempting Modbus connection on port /dev/ttyUSB0
2025-07-14 10:07:07,535 - ERROR - Modbus connection failed
2025-07-14 10:07:12,535 - WARNING - Modbus connection failed (Attempt 1/3)
2025-07-14 10:07:13,535 - WARNING - Modbus connection failed (Attempt 2/3)
2025-07-14 10:07:14,536 - WARNING - Modbus connection failed (Attempt 3/3)
2025-07-14 10:07:15,536 - ERROR - Modbus connection failed after 3 retries. Last error: None
2025-07-14 10:07:15,536 - WARNING - Attempting to close and recreate Modbus client
2025-07-14 10:07:15,536 - INFO - Attempting Modbus connection on port /dev/ttyUSB0
2025-07-14 10:07:15,536 - ERROR - Modbus connection failed
2025-07-14 10:07:17,703 - INFO - Switched to GUI-1 (Next toggle in 30s
2025-07-14 10:07:18,566 - INFO - CSV write completed at 2025-07-14T10:07:18.566070
2025-07-14 10:07:20,536 - WARNING - Modbus connection failed (Attempt 1/3)
2025-07-14 10:07:21,537 - WARNING - Modbus connection failed (Attempt 2/3)
2025-07-14 10:07:22,537 - WARNING - Modbus connection failed (Attempt 3/3)
2025-07-14 10:07:23,537 - ERROR - Modbus connection failed after 3 retries. Last error: None
2025-07-14 10:07:23,537 - WARNING - Attempting to close and recreate Modbus client
2025-07-14 10:07:23,544 - INFO - Attempting Modbus connection on port /dev/ttyUSB0
2025-07-14 10:07:23,544 - ERROR - Modbus connection failed
2025-07-14 10:07:28,544 - WARNING - Modbus connection failed (Attempt 1/3)
2025-07-14 10:07:29,547 - WARNING - Modbus connection failed (Attempt 2/3)
2025-07-14 10:07:30,548 - WARNING - Modbus connection failed (Attempt 3/3)
2025-07-14 10:07:31,548 - ERROR - Modbus connection failed after 3 retries. Last error: None
2025-07-14 10:07:31,548 - WARNING - Attempting to close and recreate Modbus client
2025-07-14 10:07:31,548 - INFO - Attempting Modbus connection on port /dev/ttyUSB0
2025-07-14 10:07:31,548 - ERROR - Modbus connection failed
2025-07-14 10:07:36,548 - WARNING - Modbus connection failed (Attempt 1/3)
2025-07-14 10:07:37,549 - WARNING - Modbus connection failed (Attempt 2/3)
2025-07-14 10:07:38,549 - WARNING - Modbus connection failed (Attempt 3/3)
2025-07-14 10:07:39,549 - ERROR - Modbus connection failed after 3 retries. Last error: None
2025-07-14 10:07:39,549 - WARNING - Attempting to close and recreate Modbus client
2025-07-14 10:07:39,549 - INFO - Attempting Modbus connection on port /dev/ttyUSB0
2025-07-14 10:07:39,549 - ERROR - Modbus connection failed
2025-07-14 10:07:44,550 - WARNING - Modbus connection failed (Attempt 1/3)
2025-07-14 10:07:45,550 - WARNING - Modbus connection failed (Attempt 2/3)
2025-07-14 10:07:46,550 - WARNING - Modbus connection failed (Attempt 3/3)
2025-07-14 10:07:47,550 - ERROR - Modbus connection failed after 3 retries. Last error: None
2025-07-14 10:07:47,550 - WARNING - Attempting to close and recreate Modbus client
2025-07-14 10:07:47,550 - INFO - Attempting Modbus connection on port /dev/ttyUSB0
2025-07-14 10:07:47,550 - ERROR - Modbus connection failed
2025-07-14 10:07:47,703 - INFO - Switched to GUI-2 (Next toggle in 30s
2025-07-14 10:07:48,568 - INFO - CSV write completed at 2025-07-14T10:07:48.568472
2025-07-14 10:07:52,551 - WARNING - Modbus connection failed (Attempt 1/3)
2025-07-14 10:07:53,551 - WARNING - Modbus connection failed (Attempt 2/3)
2025-07-14 10:07:54,551 - WARNING - Modbus connection failed (Attempt 3/3)
2025-07-14 10:07:55,551 - ERROR - Modbus connection failed after 3 retries. Last error: None
2025-07-14 10:07:55,552 - WARNING - Attempting to close and recreate Modbus client
2025-07-14 10:07:55,552 - INFO - Attempting Modbus connection on port /dev/ttyUSB0
2025-07-14 10:07:55,552 - ERROR - Modbus connection failed
2025-07-14 10:08:00,552 - WARNING - Modbus connection failed (Attempt 1/3)
2025-07-14 10:08:01,552 - WARNING - Modbus connection failed (Attempt 2/3)
2025-07-14 10:08:02,553 - WARNING - Modbus connection failed (Attempt 3/3)
2025-07-14 10:08:03,553 - ERROR - Modbus connection failed after 3 retries. Last error: None
2025-07-14 10:08:03,553 - WARNING - Attempting to close and recreate Modbus client
2025-07-14 10:08:03,553 - INFO - Attempting Modbus connection on port /dev/ttyUSB0
2025-07-14 10:08:03,553 - ERROR - Modbus connection failed
2025-07-14 10:08:08,553 - WARNING - Modbus connection failed (Attempt 1/3)
2025-07-14 10:08:09,554 - WARNING - Modbus connection failed (Attempt 2/3)
2025-07-14 10:08:10,554 - WARNING - Modbus connection failed (Attempt 3/3)
2025-07-14 10:08:11,554 - ERROR - Modbus connection failed after 3 retries. Last error: None
2025-07-14 10:08:11,554 - WARNING - Attempting to close and recreate Modbus client
2025-07-14 10:08:11,554 - INFO - Attempting Modbus connection on port /dev/ttyUSB0
2025-07-14 10:08:11,554 - ERROR - Modbus connection failed
2025-07-14 10:08:16,554 - WARNING - Modbus connection failed (Attempt 1/3)
2025-07-14 10:08:17,555 - WARNING - Modbus connection failed (Attempt 2/3)
2025-07-14 10:08:17,704 - INFO - Switched to GUI-1 (Next toggle in 30s
2025-07-14 10:08:18,555 - WARNING - Modbus connection failed (Attempt 3/3)
2025-07-14 10:08:18,570 - INFO - CSV write completed at 2025-07-14T10:08:18.570780
2025-07-14 10:08:19,555 - ERROR - Modbus connection failed after 3 retries. Last error: None
2025-07-14 10:08:19,555 - WARNING - Attempting to close and recreate Modbus client
2025-07-14 10:08:19,556 - INFO - Attempting Modbus connection on port /dev/ttyUSB0
2025-07-14 10:08:19,556 - ERROR - Modbus connection failed
2025-07-14 10:08:24,556 - WARNING - Modbus connection failed (Attempt 1/3)
2025-07-14 10:08:25,556 - WARNING - Modbus connection failed (Attempt 2/3)
2025-07-14 10:08:26,556 - WARNING - Modbus connection failed (Attempt 3/3)
2025-07-14 10:08:27,556 - ERROR - Modbus connection failed after 3 retries. Last error: None
2025-07-14 10:08:27,557 - WARNING - Attempting to close and recreate Modbus client
2025-07-14 10:08:27,557 - INFO - Attempting Modbus connection on port /dev/ttyUSB0
2025-07-14 10:08:27,557 - ERROR - Modbus connection failed
2025-07-14 10:08:32,557 - WARNING - Modbus connection failed (Attempt 1/3)
2025-07-14 10:08:33,557 - WARNING - Modbus connection failed (Attempt 2/3)
2025-07-14 10:08:34,558 - WARNING - Modbus connection failed (Attempt 3/3)
2025-07-14 10:08:35,558 - ERROR - Modbus connection failed after 3 retries. Last error: None
2025-07-14 10:08:35,558 - WARNING - Attempting to close and recreate Modbus client
2025-07-14 10:08:35,558 - INFO - Attempting Modbus connection on port /dev/ttyUSB0
2025-07-14 10:08:35,558 - ERROR - Modbus connection failed
2025-07-14 10:08:40,559 - WARNING - Modbus connection failed (Attempt 1/3)
2025-07-14 10:08:41,559 - WARNING - Modbus connection failed (Attempt 2/3)
2025-07-14 10:08:42,559 - WARNING - Modbus connection failed (Attempt 3/3)
2025-07-14 10:08:43,559 - ERROR - Modbus connection failed after 3 retries. Last error: None
2025-07-14 10:08:43,559 - WARNING - Attempting to close and recreate Modbus client
2025-07-14 10:08:43,559 - INFO - Attempting Modbus connection on port /dev/ttyUSB0
2025-07-14 10:08:43,560 - ERROR - Modbus connection failed
2025-07-14 10:08:47,704 - INFO - Switched to GUI-2 (Next toggle in 30s
2025-07-14 10:08:48,560 - WARNING - Modbus connection failed (Attempt 1/3)
2025-07-14 10:08:48,574 - INFO - CSV write completed at 2025-07-14T10:08:48.574108
2025-07-14 10:08:49,560 - WARNING - Modbus connection failed (Attempt 2/3)
2025-07-14 10:08:50,560 - WARNING - Modbus connection failed (Attempt 3/3)
2025-07-14 10:08:51,560 - ERROR - Modbus connection failed after 3 retries. Last error: None
2025-07-14 10:08:51,561 - WARNING - Attempting to close and recreate Modbus client
2025-07-14 10:08:51,561 - INFO - Attempting Modbus connection on port /dev/ttyUSB0
2025-07-14 10:08:51,561 - ERROR - Modbus connection failed
2025-07-14 10:08:56,561 - WARNING - Modbus connection failed (Attempt 1/3)
2025-07-14 10:08:57,561 - WARNING - Modbus connection failed (Attempt 2/3)
2025-07-14 10:08:58,562 - WARNING - Modbus connection failed (Attempt 3/3)
2025-07-14 10:08:59,562 - ERROR - Modbus connection failed after 3 retries. Last error: None
2025-07-14 10:08:59,562 - WARNING - Attempting to close and recreate Modbus client
2025-07-14 10:08:59,562 - INFO - Attempting Modbus connection on port /dev/ttyUSB0
2025-07-14 10:08:59,562 - ERROR - Modbus connection failed
2025-07-14 10:09:04,562 - WARNING - Modbus connection failed (Attempt 1/3)
2025-07-14 10:09:05,562 - WARNING - Modbus connection failed (Attempt 2/3)
2025-07-14 10:09:06,563 - WARNING - Modbus connection failed (Attempt 3/3)
2025-07-14 10:09:07,563 - ERROR - Modbus connection failed after 3 retries. Last error: None
2025-07-14 10:09:07,563 - WARNING - Attempting to close and recreate Modbus client
2025-07-14 10:09:07,563 - INFO - Attempting Modbus connection on port /dev/ttyUSB0
2025-07-14 10:09:07,563 - ERROR - Modbus connection failed
2025-07-14 10:09:12,563 - WARNING - Modbus connection failed (Attempt 1/3)
2025-07-14 10:09:13,564 - WARNING - Modbus connection failed (Attempt 2/3)
2025-07-14 10:09:14,564 - WARNING - Modbus connection failed (Attempt 3/3)
2025-07-14 10:09:15,564 - ERROR - Modbus connection failed after 3 retries. Last error: None
2025-07-14 10:09:15,564 - WARNING - Attempting to close and recreate Modbus client
2025-07-14 10:09:15,564 - INFO - Attempting Modbus connection on port /dev/ttyUSB0
2025-07-14 10:09:15,564 - ERROR - Modbus connection failed
2025-07-14 10:09:17,704 - INFO - Switched to GUI-1 (Next toggle in 30s
2025-07-14 10:09:18,576 - INFO - CSV write completed at 2025-07-14T10:09:18.576612
2025-07-14 10:09:20,565 - WARNING - Modbus connection failed (Attempt 1/3)
2025-07-14 10:09:21,565 - WARNING - Modbus connection failed (Attempt 2/3)
2025-07-14 10:09:22,565 - WARNING - Modbus connection failed (Attempt 3/3)
2025-07-14 10:09:23,565 - ERROR - Modbus connection failed after 3 retries. Last error: None
2025-07-14 10:09:23,565 - WARNING - Attempting to close and recreate Modbus client
2025-07-14 10:09:23,566 - INFO - Attempting Modbus connection on port /dev/ttyUSB0
2025-07-14 10:09:23,566 - ERROR - Modbus connection failed
2025-07-14 10:09:28,566 - WARNING - Modbus connection failed (Attempt 1/3)
2025-07-14 10:09:29,566 - WARNING - Modbus connection failed (Attempt 2/3)
2025-07-14 10:09:30,567 - WARNING - Modbus connection failed (Attempt 3/3)
2025-07-14 10:09:31,567 - ERROR - Modbus connection failed after 3 retries. Last error: None
2025-07-14 10:09:31,567 - WARNING - Attempting to close and recreate Modbus client
2025-07-14 10:09:31,567 - INFO - Attempting Modbus connection on port /dev/ttyUSB0
2025-07-14 10:09:31,567 - ERROR - Modbus connection failed
2025-07-14 10:09:36,567 - WARNING - Modbus connection failed (Attempt 1/3)
2025-07-14 10:09:37,568 - WARNING - Modbus connection failed (Attempt 2/3)
2025-07-14 10:09:38,568 - WARNING - Modbus connection failed (Attempt 3/3)
2025-07-14 10:09:39,568 - ERROR - Modbus connection failed after 3 retries. Last error: None
2025-07-14 10:09:39,568 - WARNING - Attempting to close and recreate Modbus client
2025-07-14 10:09:39,568 - INFO - Attempting Modbus connection on port /dev/ttyUSB0
2025-07-14 10:09:39,568 - ERROR - Modbus connection failed
2025-07-14 10:09:44,568 - WARNING - Modbus connection failed (Attempt 1/3)
2025-07-14 10:09:45,569 - WARNING - Modbus connection failed (Attempt 2/3)
2025-07-14 10:09:46,569 - WARNING - Modbus connection failed (Attempt 3/3)
2025-07-14 10:09:47,569 - ERROR - Modbus connection failed after 3 retries. Last error: None
2025-07-14 10:09:47,569 - WARNING - Attempting to close and recreate Modbus client
2025-07-14 10:09:47,569 - INFO - Attempting Modbus connection on port /dev/ttyUSB0
2025-07-14 10:09:47,569 - ERROR - Modbus connection failed
2025-07-14 10:09:47,704 - INFO - Switched to GUI-2 (Next toggle in 30s
2025-07-14 10:09:48,579 - INFO - CSV write completed at 2025-07-14T10:09:48.579127
2025-07-14 10:09:52,569 - WARNING - Modbus connection failed (Attempt 1/3)
2025-07-14 10:09:53,570 - WARNING - Modbus connection failed (Attempt 2/3)
2025-07-14 10:09:54,570 - WARNING - Modbus connection failed (Attempt 3/3)
2025-07-14 10:09:55,570 - ERROR - Modbus connection failed after 3 retries. Last error: None
2025-07-14 10:09:55,570 - WARNING - Attempting to close and recreate Modbus client
2025-07-14 10:09:55,570 - INFO - Attempting Modbus connection on port /dev/ttyUSB0
2025-07-14 10:09:55,570 - ERROR - Modbus connection failed
2025-07-14 10:10:00,571 - WARNING - Modbus connection failed (Attempt 1/3)
2025-07-14 10:10:01,571 - WARNING - Modbus connection failed (Attempt 2/3)
2025-07-14 10:10:02,571 - WARNING - Modbus connection failed (Attempt 3/3)
2025-07-14 10:10:03,571 - ERROR - Modbus connection failed after 3 retries. Last error: None
2025-07-14 10:10:03,571 - WARNING - Attempting to close and recreate Modbus client
2025-07-14 10:10:03,572 - INFO - Attempting Modbus connection on port /dev/ttyUSB0
2025-07-14 10:10:03,572 - ERROR - Modbus connection failed
2025-07-14 10:10:08,572 - WARNING - Modbus connection failed (Attempt 1/3)
2025-07-14 10:10:09,572 - WARNING - Modbus connection failed (Attempt 2/3)
2025-07-14 10:10:10,572 - WARNING - Modbus connection failed (Attempt 3/3)
2025-07-14 10:10:11,572 - ERROR - Modbus connection failed after 3 retries. Last error: None
2025-07-14 10:10:11,572 - WARNING - Attempting to close and recreate Modbus client
2025-07-14 10:10:11,573 - INFO - Attempting Modbus connection on port /dev/ttyUSB0
2025-07-14 10:10:11,573 - ERROR - Modbus connection failed
2025-07-14 10:10:16,573 - WARNING - Modbus connection failed (Attempt 1/3)
2025-07-14 10:10:17,573 - WARNING - Modbus connection failed (Attempt 2/3)
2025-07-14 10:10:17,705 - INFO - Switched to GUI-1 (Next toggle in 30s
2025-07-14 10:10:18,573 - WARNING - Modbus connection failed (Attempt 3/3)
2025-07-14 10:10:18,581 - INFO - CSV write completed at 2025-07-14T10:10:18.581541
2025-07-14 10:10:19,574 - ERROR - Modbus connection failed after 3 retries. Last error: None
2025-07-14 10:10:19,574 - WARNING - Attempting to close and recreate Modbus client
2025-07-14 10:10:19,574 - INFO - Attempting Modbus connection on port /dev/ttyUSB0
2025-07-14 10:10:19,574 - ERROR - Modbus connection failed
2025-07-14 10:10:24,574 - WARNING - Modbus connection failed (Attempt 1/3)
2025-07-14 10:10:25,575 - WARNING - Modbus connection failed (Attempt 2/3)
2025-07-14 10:10:26,575 - WARNING - Modbus connection failed (Attempt 3/3)
2025-07-14 10:10:27,575 - ERROR - Modbus connection failed after 3 retries. Last error: None
2025-07-14 10:10:27,575 - WARNING - Attempting to close and recreate Modbus client
2025-07-14 10:10:27,575 - INFO - Attempting Modbus connection on port /dev/ttyUSB0
2025-07-14 10:10:27,575 - ERROR - Modbus connection failed
2025-07-14 10:10:32,576 - WARNING - Modbus connection failed (Attempt 1/3)
2025-07-14 10:10:33,576 - WARNING - Modbus connection failed (Attempt 2/3)
2025-07-14 10:10:34,576 - WARNING - Modbus connection failed (Attempt 3/3)
2025-07-14 10:10:35,576 - ERROR - Modbus connection failed after 3 retries. Last error: None
2025-07-14 10:10:35,576 - WARNING - Attempting to close and recreate Modbus client
2025-07-14 10:10:35,576 - INFO - Attempting Modbus connection on port /dev/ttyUSB0
2025-07-14 10:10:35,576 - ERROR - Modbus connection failed
2025-07-14 10:10:40,577 - WARNING - Modbus connection failed (Attempt 1/3)
2025-07-14 10:10:41,577 - WARNING - Modbus connection failed (Attempt 2/3)
2025-07-14 10:10:42,577 - WARNING - Modbus connection failed (Attempt 3/3)
2025-07-14 10:10:43,577 - ERROR - Modbus connection failed after 3 retries. Last error: None
2025-07-14 10:10:43,577 - WARNING - Attempting to close and recreate Modbus client
2025-07-14 10:10:43,577 - INFO - Attempting Modbus connection on port /dev/ttyUSB0
2025-07-14 10:10:43,577 - ERROR - Modbus connection failed
2025-07-14 10:10:47,705 - INFO - Switched to GUI-2 (Next toggle in 30s
2025-07-14 10:10:48,578 - WARNING - Modbus connection failed (Attempt 1/3)
2025-07-14 10:10:48,583 - INFO - CSV write completed at 2025-07-14T10:10:48.583704
2025-07-14 10:10:49,578 - WARNING - Modbus connection failed (Attempt 2/3)
2025-07-14 10:10:50,578 - WARNING - Modbus connection failed (Attempt 3/3)
2025-07-14 10:10:51,578 - ERROR - Modbus connection failed after 3 retries. Last error: None
2025-07-14 10:10:51,579 - WARNING - Attempting to close and recreate Modbus client
2025-07-14 10:10:51,579 - INFO - Attempting Modbus connection on port /dev/ttyUSB0
2025-07-14 10:10:51,579 - ERROR - Modbus connection failed
2025-07-14 10:10:56,579 - WARNING - Modbus connection failed (Attempt 1/3)
2025-07-14 10:10:57,579 - WARNING - Modbus connection failed (Attempt 2/3)
2025-07-14 10:10:58,580 - WARNING - Modbus connection failed (Attempt 3/3)
2025-07-14 10:10:59,580 - ERROR - Modbus connection failed after 3 retries. Last error: None
2025-07-14 10:10:59,580 - WARNING - Attempting to close and recreate Modbus client
2025-07-14 10:10:59,580 - INFO - Attempting Modbus connection on port /dev/ttyUSB0
2025-07-14 10:10:59,580 - ERROR - Modbus connection failed
2025-07-14 10:11:04,580 - WARNING - Modbus connection failed (Attempt 1/3)
2025-07-14 10:11:05,580 - WARNING - Modbus connection failed (Attempt 2/3)
2025-07-14 10:11:06,581 - WARNING - Modbus connection failed (Attempt 3/3)
2025-07-14 10:11:07,581 - ERROR - Modbus connection failed after 3 retries. Last error: None
2025-07-14 10:11:07,581 - WARNING - Attempting to close and recreate Modbus client
2025-07-14 10:11:07,581 - INFO - Attempting Modbus connection on port /dev/ttyUSB0
2025-07-14 10:11:07,581 - ERROR - Modbus connection failed
2025-07-14 10:11:12,582 - WARNING - Modbus connection failed (Attempt 1/3)
2025-07-14 10:11:13,582 - WARNING - Modbus connection failed (Attempt 2/3)
2025-07-14 10:11:14,582 - WARNING - Modbus connection failed (Attempt 3/3)
2025-07-14 10:11:15,582 - ERROR - Modbus connection failed after 3 retries. Last error: None
2025-07-14 10:11:15,582 - WARNING - Attempting to close and recreate Modbus client
2025-07-14 10:11:15,582 - INFO - Attempting Modbus connection on port /dev/ttyUSB0
2025-07-14 10:11:15,583 - ERROR - Modbus connection failed
2025-07-14 10:11:17,705 - INFO - Switched to GUI-1 (Next toggle in 30s
2025-07-14 10:11:18,585 - INFO - CSV write completed at 2025-07-14T10:11:18.585941
2025-07-14 10:11:20,583 - WARNING - Modbus connection failed (Attempt 1/3)
2025-07-14 10:11:21,583 - WARNING - Modbus connection failed (Attempt 2/3)
2025-07-14 10:11:22,583 - WARNING - Modbus connection failed (Attempt 3/3)
2025-07-14 10:11:23,583 - ERROR - Modbus connection failed after 3 retries. Last error: None
2025-07-14 10:11:23,584 - WARNING - Attempting to close and recreate Modbus client
2025-07-14 10:11:23,584 - INFO - Attempting Modbus connection on port /dev/ttyUSB0
2025-07-14 10:11:23,584 - ERROR - Modbus connection failed
2025-07-14 10:11:28,584 - WARNING - Modbus connection failed (Attempt 1/3)
2025-07-14 10:11:29,584 - WARNING - Modbus connection failed (Attempt 2/3)
2025-07-14 10:11:30,585 - WARNING - Modbus connection failed (Attempt 3/3)
2025-07-14 10:11:31,585 - ERROR - Modbus connection failed after 3 retries. Last error: None
2025-07-14 10:11:31,585 - WARNING - Attempting to close and recreate Modbus client
2025-07-14 10:11:31,585 - INFO - Attempting Modbus connection on port /dev/ttyUSB0
2025-07-14 10:11:31,585 - ERROR - Modbus connection failed
2025-07-14 10:11:36,585 - WARNING - Modbus connection failed (Attempt 1/3)
2025-07-14 10:11:37,585 - WARNING - Modbus connection failed (Attempt 2/3)
2025-07-14 10:11:38,586 - WARNING - Modbus connection failed (Attempt 3/3)
2025-07-14 10:11:39,586 - ERROR - Modbus connection failed after 3 retries. Last error: None
2025-07-14 10:11:39,586 - WARNING - Attempting to close and recreate Modbus client
2025-07-14 10:11:39,586 - INFO - Attempting Modbus connection on port /dev/ttyUSB0
2025-07-14 10:11:39,586 - ERROR - Modbus connection failed
2025-07-14 10:11:44,586 - WARNING - Modbus connection failed (Attempt 1/3)
2025-07-14 10:11:45,591 - WARNING - Modbus connection failed (Attempt 2/3)
2025-07-14 10:11:46,591 - WARNING - Modbus connection failed (Attempt 3/3)
2025-07-14 10:11:47,591 - ERROR - Modbus connection failed after 3 retries. Last error: None
2025-07-14 10:11:47,591 - WARNING - Attempting to close and recreate Modbus client
2025-07-14 10:11:47,592 - INFO - Attempting Modbus connection on port /dev/ttyUSB0
2025-07-14 10:11:47,592 - ERROR - Modbus connection failed
2025-07-14 10:11:47,706 - INFO - Switched to GUI-2 (Next toggle in 30s
2025-07-14 10:11:48,588 - INFO - CSV write completed at 2025-07-14T10:11:48.588283
2025-07-14 10:11:52,592 - WARNING - Modbus connection failed (Attempt 1/3)
2025-07-14 10:11:53,592 - WARNING - Modbus connection failed (Attempt 2/3)
2025-07-14 10:11:54,593 - WARNING - Modbus connection failed (Attempt 3/3)
2025-07-14 10:11:55,593 - ERROR - Modbus connection failed after 3 retries. Last error: None
2025-07-14 10:11:55,593 - WARNING - Attempting to close and recreate Modbus client
2025-07-14 10:11:55,593 - INFO - Attempting Modbus connection on port /dev/ttyUSB0
2025-07-14 10:11:55,593 - ERROR - Modbus connection failed
2025-07-14 10:12:00,593 - WARNING - Modbus connection failed (Attempt 1/3)
2025-07-14 10:12:01,594 - WARNING - Modbus connection failed (Attempt 2/3)
2025-07-14 10:12:02,594 - WARNING - Modbus connection failed (Attempt 3/3)
2025-07-14 10:12:03,594 - ERROR - Modbus connection failed after 3 retries. Last error: None
2025-07-14 10:12:03,594 - WARNING - Attempting to close and recreate Modbus client
2025-07-14 10:12:03,594 - INFO - Attempting Modbus connection on port /dev/ttyUSB0
2025-07-14 10:12:03,594 - ERROR - Modbus connection failed
2025-07-14 10:12:08,595 - WARNING - Modbus connection failed (Attempt 1/3)
2025-07-14 10:12:09,595 - WARNING - Modbus connection failed (Attempt 2/3)
2025-07-14 10:12:10,595 - WARNING - Modbus connection failed (Attempt 3/3)
2025-07-14 10:12:11,595 - ERROR - Modbus connection failed after 3 retries. Last error: None
2025-07-14 10:12:11,595 - WARNING - Attempting to close and recreate Modbus client
2025-07-14 10:12:11,595 - INFO - Attempting Modbus connection on port /dev/ttyUSB0
2025-07-14 10:12:11,596 - ERROR - Modbus connection failed
2025-07-14 10:12:16,596 - WARNING - Modbus connection failed (Attempt 1/3)
2025-07-14 10:12:17,596 - WARNING - Modbus connection failed (Attempt 2/3)
2025-07-14 10:12:17,706 - INFO - Switched to GUI-1 (Next toggle in 30s
2025-07-14 10:12:18,590 - INFO - CSV write completed at 2025-07-14T10:12:18.590590
2025-07-14 10:12:18,596 - WARNING - Modbus connection failed (Attempt 3/3)
2025-07-14 10:12:19,596 - ERROR - Modbus connection failed after 3 retries. Last error: None
2025-07-14 10:12:19,596 - WARNING - Attempting to close and recreate Modbus client
2025-07-14 10:12:19,597 - INFO - Attempting Modbus connection on port /dev/ttyUSB0
2025-07-14 10:12:19,597 - ERROR - Modbus connection failed
2025-07-14 10:12:24,597 - WARNING - Modbus connection failed (Attempt 1/3)
2025-07-14 10:12:25,597 - WARNING - Modbus connection failed (Attempt 2/3)
2025-07-14 10:12:26,597 - WARNING - Modbus connection failed (Attempt 3/3)
2025-07-14 10:12:27,598 - ERROR - Modbus connection failed after 3 retries. Last error: None
2025-07-14 10:12:27,598 - WARNING - Attempting to close and recreate Modbus client
2025-07-14 10:12:27,598 - INFO - Attempting Modbus connection on port /dev/ttyUSB0
2025-07-14 10:12:27,598 - ERROR - Modbus connection failed
2025-07-14 10:12:32,598 - WARNING - Modbus connection failed (Attempt 1/3)
2025-07-14 10:12:33,598 - WARNING - Modbus connection failed (Attempt 2/3)
2025-07-14 10:12:34,599 - WARNING - Modbus connection failed (Attempt 3/3)
2025-07-14 10:12:35,599 - ERROR - Modbus connection failed after 3 retries. Last error: None
2025-07-14 10:12:35,599 - WARNING - Attempting to close and recreate Modbus client
2025-07-14 10:12:35,599 - INFO - Attempting Modbus connection on port /dev/ttyUSB0
2025-07-14 10:12:35,599 - ERROR - Modbus connection failed
2025-07-14 10:12:40,599 - WARNING - Modbus connection failed (Attempt 1/3)
2025-07-14 10:12:41,600 - WARNING - Modbus connection failed (Attempt 2/3)
2025-07-14 10:12:42,600 - WARNING - Modbus connection failed (Attempt 3/3)
2025-07-14 10:12:43,600 - ERROR - Modbus connection failed after 3 retries. Last error: None
2025-07-14 10:12:43,600 - WARNING - Attempting to close and recreate Modbus client
2025-07-14 10:12:43,600 - INFO - Attempting Modbus connection on port /dev/ttyUSB0
2025-07-14 10:12:43,600 - ERROR - Modbus connection failed
2025-07-14 10:12:47,706 - INFO - Switched to GUI-2 (Next toggle in 30s
2025-07-14 10:12:48,593 - INFO - CSV write completed at 2025-07-14T10:12:48.593013
2025-07-14 10:12:48,601 - WARNING - Modbus connection failed (Attempt 1/3)
2025-07-14 10:12:49,601 - WARNING - Modbus connection failed (Attempt 2/3)
2025-07-14 10:12:50,601 - WARNING - Modbus connection failed (Attempt 3/3)
2025-07-14 10:12:51,601 - ERROR - Modbus connection failed after 3 retries. Last error: None
2025-07-14 10:12:51,601 - WARNING - Attempting to close and recreate Modbus client
2025-07-14 10:12:51,601 - INFO - Attempting Modbus connection on port /dev/ttyUSB0
2025-07-14 10:12:51,602 - ERROR - Modbus connection failed
2025-07-14 10:12:56,602 - WARNING - Modbus connection failed (Attempt 1/3)
2025-07-14 10:12:57,602 - WARNING - Modbus connection failed (Attempt 2/3)
2025-07-14 10:12:58,602 - WARNING - Modbus connection failed (Attempt 3/3)
2025-07-14 10:12:59,602 - ERROR - Modbus connection failed after 3 retries. Last error: None
2025-07-14 10:12:59,602 - WARNING - Attempting to close and recreate Modbus client
2025-07-14 10:12:59,603 - INFO - Attempting Modbus connection on port /dev/ttyUSB0
2025-07-14 10:12:59,603 - ERROR - Modbus connection failed
2025-07-14 10:13:04,603 - WARNING - Modbus connection failed (Attempt 1/3)
2025-07-14 10:13:05,603 - WARNING - Modbus connection failed (Attempt 2/3)
2025-07-14 10:13:06,603 - WARNING - Modbus connection failed (Attempt 3/3)
2025-07-14 10:13:07,603 - ERROR - Modbus connection failed after 3 retries. Last error: None
2025-07-14 10:13:07,604 - WARNING - Attempting to close and recreate Modbus client
2025-07-14 10:13:07,604 - INFO - Attempting Modbus connection on port /dev/ttyUSB0
2025-07-14 10:13:07,604 - ERROR - Modbus connection failed
2025-07-14 10:13:12,604 - WARNING - Modbus connection failed (Attempt 1/3)
2025-07-14 10:13:13,604 - WARNING - Modbus connection failed (Attempt 2/3)
2025-07-14 10:13:14,605 - WARNING - Modbus connection failed (Attempt 3/3)
2025-07-14 10:13:15,605 - ERROR - Modbus connection failed after 3 retries. Last error: None
2025-07-14 10:13:15,605 - WARNING - Attempting to close and recreate Modbus client
2025-07-14 10:13:15,605 - INFO - Attempting Modbus connection on port /dev/ttyUSB0
2025-07-14 10:13:15,605 - ERROR - Modbus connection failed
2025-07-14 10:13:17,706 - INFO - Switched to GUI-1 (Next toggle in 30s
2025-07-14 10:13:18,595 - INFO - CSV write completed at 2025-07-14T10:13:18.595350
2025-07-14 10:13:20,605 - WARNING - Modbus connection failed (Attempt 1/3)
2025-07-14 10:13:21,606 - WARNING - Modbus connection failed (Attempt 2/3)
2025-07-14 10:13:22,606 - WARNING - Modbus connection failed (Attempt 3/3)
2025-07-14 10:13:23,606 - ERROR - Modbus connection failed after 3 retries. Last error: None
2025-07-14 10:13:23,606 - WARNING - Attempting to close and recreate Modbus client
2025-07-14 10:13:23,606 - INFO - Attempting Modbus connection on port /dev/ttyUSB0
2025-07-14 10:13:23,606 - ERROR - Modbus connection failed
2025-07-14 10:13:28,606 - WARNING - Modbus connection failed (Attempt 1/3)
2025-07-14 10:13:29,608 - WARNING - Modbus connection failed (Attempt 2/3)
2025-07-14 10:13:30,608 - WARNING - Modbus connection failed (Attempt 3/3)
2025-07-14 10:13:31,608 - ERROR - Modbus connection failed after 3 retries. Last error: None
2025-07-14 10:13:31,608 - WARNING - Attempting to close and recreate Modbus client
2025-07-14 10:13:31,608 - INFO - Attempting Modbus connection on port /dev/ttyUSB0
2025-07-14 10:13:31,609 - ERROR - Modbus connection failed
2025-07-14 10:13:36,609 - WARNING - Modbus connection failed (Attempt 1/3)
2025-07-14 10:13:37,609 - WARNING - Modbus connection failed (Attempt 2/3)
2025-07-14 10:13:38,609 - WARNING - Modbus connection failed (Attempt 3/3)
2025-07-14 10:13:39,609 - ERROR - Modbus connection failed after 3 retries. Last error: None
2025-07-14 10:13:39,610 - WARNING - Attempting to close and recreate Modbus client
2025-07-14 10:13:39,610 - INFO - Attempting Modbus connection on port /dev/ttyUSB0
2025-07-14 10:13:39,610 - ERROR - Modbus connection failed
2025-07-14 10:13:44,610 - WARNING - Modbus connection failed (Attempt 1/3)
2025-07-14 10:13:45,610 - WARNING - Modbus connection failed (Attempt 2/3)
2025-07-14 10:13:46,611 - WARNING - Modbus connection failed (Attempt 3/3)
2025-07-14 10:13:47,611 - ERROR - Modbus connection failed after 3 retries. Last error: None
2025-07-14 10:13:47,611 - WARNING - Attempting to close and recreate Modbus client
2025-07-14 10:13:47,611 - INFO - Attempting Modbus connection on port /dev/ttyUSB0
2025-07-14 10:13:47,611 - ERROR - Modbus connection failed
2025-07-14 10:13:47,707 - INFO - Switched to GUI-2 (Next toggle in 30s
2025-07-14 10:13:48,597 - INFO - CSV write completed at 2025-07-14T10:13:48.597695
2025-07-14 10:13:52,611 - WARNING - Modbus connection failed (Attempt 1/3)
2025-07-14 10:13:53,612 - WARNING - Modbus connection failed (Attempt 2/3)
2025-07-14 10:13:54,612 - WARNING - Modbus connection failed (Attempt 3/3)
2025-07-14 10:13:55,612 - ERROR - Modbus connection failed after 3 retries. Last error: None
2025-07-14 10:13:55,612 - WARNING - Attempting to close and recreate Modbus client
2025-07-14 10:13:55,612 - INFO - Attempting Modbus connection on port /dev/ttyUSB0
2025-07-14 10:13:55,612 - ERROR - Modbus connection failed
2025-07-14 10:14:00,612 - WARNING - Modbus connection failed (Attempt 1/3)
2025-07-14 10:14:01,613 - WARNING - Modbus connection failed (Attempt 2/3)
2025-07-14 10:14:02,613 - WARNING - Modbus connection failed (Attempt 3/3)
2025-07-14 10:14:03,613 - ERROR - Modbus connection failed after 3 retries. Last error: None
2025-07-14 10:14:03,613 - WARNING - Attempting to close and recreate Modbus client
2025-07-14 10:14:03,613 - INFO - Attempting Modbus connection on port /dev/ttyUSB0
2025-07-14 10:14:03,613 - ERROR - Modbus connection failed
2025-07-14 10:14:08,614 - WARNING - Modbus connection failed (Attempt 1/3)
2025-07-14 10:14:09,614 - WARNING - Modbus connection failed (Attempt 2/3)
2025-07-14 10:14:10,614 - WARNING - Modbus connection failed (Attempt 3/3)
2025-07-14 10:14:11,614 - ERROR - Modbus connection failed after 3 retries. Last error: None
2025-07-14 10:14:11,614 - WARNING - Attempting to close and recreate Modbus client
2025-07-14 10:14:11,614 - INFO - Attempting Modbus connection on port /dev/ttyUSB0
2025-07-14 10:14:11,615 - ERROR - Modbus connection failed
2025-07-14 10:14:16,615 - WARNING - Modbus connection failed (Attempt 1/3)
2025-07-14 10:14:17,615 - WARNING - Modbus connection failed (Attempt 2/3)
2025-07-14 10:14:17,707 - INFO - Switched to GUI-1 (Next toggle in 30s
2025-07-14 10:14:18,600 - INFO - CSV write completed at 2025-07-14T10:14:18.600088
2025-07-14 10:14:18,615 - WARNING - Modbus connection failed (Attempt 3/3)
2025-07-14 10:14:19,615 - ERROR - Modbus connection failed after 3 retries. Last error: None
2025-07-14 10:14:19,615 - WARNING - Attempting to close and recreate Modbus client
2025-07-14 10:14:19,616 - INFO - Attempting Modbus connection on port /dev/ttyUSB0
2025-07-14 10:14:19,616 - ERROR - Modbus connection failed
2025-07-14 10:14:24,616 - WARNING - Modbus connection failed (Attempt 1/3)
2025-07-14 10:14:25,616 - WARNING - Modbus connection failed (Attempt 2/3)
2025-07-14 10:14:26,616 - WARNING - Modbus connection failed (Attempt 3/3)
2025-07-14 10:14:27,617 - ERROR - Modbus connection failed after 3 retries. Last error: None
2025-07-14 10:14:27,617 - WARNING - Attempting to close and recreate Modbus client
2025-07-14 10:14:27,617 - INFO - Attempting Modbus connection on port /dev/ttyUSB0
2025-07-14 10:14:27,617 - ERROR - Modbus connection failed
2025-07-14 10:14:32,617 - WARNING - Modbus connection failed (Attempt 1/3)
2025-07-14 10:14:33,618 - WARNING - Modbus connection failed (Attempt 2/3)
2025-07-14 10:14:34,618 - WARNING - Modbus connection failed (Attempt 3/3)
2025-07-14 10:14:35,618 - ERROR - Modbus connection failed after 3 retries. Last error: None
2025-07-14 10:14:35,618 - WARNING - Attempting to close and recreate Modbus client
2025-07-14 10:14:35,618 - INFO - Attempting Modbus connection on port /dev/ttyUSB0
2025-07-14 10:14:35,618 - ERROR - Modbus connection failed
2025-07-14 10:14:40,619 - WARNING - Modbus connection failed (Attempt 1/3)
2025-07-14 10:14:41,619 - WARNING - Modbus connection failed (Attempt 2/3)
2025-07-14 10:14:42,619 - WARNING - Modbus connection failed (Attempt 3/3)
2025-07-14 10:14:43,619 - ERROR - Modbus connection failed after 3 retries. Last error: None
2025-07-14 10:14:43,619 - WARNING - Attempting to close and recreate Modbus client
2025-07-14 10:14:43,619 - INFO - Attempting Modbus connection on port /dev/ttyUSB0
2025-07-14 10:14:43,619 - ERROR - Modbus connection failed
2025-07-14 10:14:47,707 - INFO - Switched to GUI-2 (Next toggle in 30s
2025-07-14 10:14:48,602 - INFO - CSV write completed at 2025-07-14T10:14:48.602483
2025-07-14 10:14:48,620 - WARNING - Modbus connection failed (Attempt 1/3)
2025-07-14 10:14:49,620 - WARNING - Modbus connection failed (Attempt 2/3)
2025-07-14 10:14:50,620 - WARNING - Modbus connection failed (Attempt 3/3)
2025-07-14 10:14:51,620 - ERROR - Modbus connection failed after 3 retries. Last error: None
2025-07-14 10:14:51,620 - WARNING - Attempting to close and recreate Modbus client
2025-07-14 10:14:51,620 - INFO - Attempting Modbus connection on port /dev/ttyUSB0
2025-07-14 10:14:51,620 - ERROR - Modbus connection failed
2025-07-14 10:14:56,621 - WARNING - Modbus connection failed (Attempt 1/3)
2025-07-14 10:14:57,621 - WARNING - Modbus connection failed (Attempt 2/3)
2025-07-14 10:14:58,621 - WARNING - Modbus connection failed (Attempt 3/3)
2025-07-14 10:14:59,621 - ERROR - Modbus connection failed after 3 retries. Last error: None
2025-07-14 10:14:59,621 - WARNING - Attempting to close and recreate Modbus client
2025-07-14 10:14:59,622 - INFO - Attempting Modbus connection on port /dev/ttyUSB0
2025-07-14 10:14:59,622 - ERROR - Modbus connection failed
2025-07-14 10:15:04,622 - WARNING - Modbus connection failed (Attempt 1/3)
2025-07-14 10:15:05,622 - WARNING - Modbus connection failed (Attempt 2/3)
2025-07-14 10:15:06,622 - WARNING - Modbus connection failed (Attempt 3/3)
2025-07-14 10:15:07,623 - ERROR - Modbus connection failed after 3 retries. Last error: None
2025-07-14 10:15:07,623 - WARNING - Attempting to close and recreate Modbus client
2025-07-14 10:15:07,623 - INFO - Attempting Modbus connection on port /dev/ttyUSB0
2025-07-14 10:15:07,623 - ERROR - Modbus connection failed
2025-07-14 10:15:12,623 - WARNING - Modbus connection failed (Attempt 1/3)
2025-07-14 10:15:13,624 - WARNING - Modbus connection failed (Attempt 2/3)
2025-07-14 10:15:14,624 - WARNING - Modbus connection failed (Attempt 3/3)
2025-07-14 10:15:15,624 - ERROR - Modbus connection failed after 3 retries. Last error: None
2025-07-14 10:15:15,624 - WARNING - Attempting to close and recreate Modbus client
2025-07-14 10:15:15,624 - INFO - Attempting Modbus connection on port /dev/ttyUSB0
2025-07-14 10:15:15,624 - ERROR - Modbus connection failed
2025-07-14 10:15:17,707 - INFO - Switched to GUI-1 (Next toggle in 30s
2025-07-14 10:15:18,604 - INFO - CSV write completed at 2025-07-14T10:15:18.604873
2025-07-14 10:15:20,624 - WARNING - Modbus connection failed (Attempt 1/3)
2025-07-14 10:15:21,625 - WARNING - Modbus connection failed (Attempt 2/3)
2025-07-14 10:15:22,625 - WARNING - Modbus connection failed (Attempt 3/3)
2025-07-14 10:15:23,625 - ERROR - Modbus connection failed after 3 retries. Last error: None
2025-07-14 10:15:23,625 - WARNING - Attempting to close and recreate Modbus client
2025-07-14 10:15:23,625 - INFO - Attempting Modbus connection on port /dev/ttyUSB0
2025-07-14 10:15:23,625 - ERROR - Modbus connection failed
2025-07-14 10:15:28,626 - WARNING - Modbus connection failed (Attempt 1/3)
2025-07-14 10:15:29,628 - WARNING - Modbus connection failed (Attempt 2/3)
2025-07-14 10:15:30,628 - WARNING - Modbus connection failed (Attempt 3/3)
2025-07-14 10:15:31,628 - ERROR - Modbus connection failed after 3 retries. Last error: None
2025-07-14 10:15:31,628 - WARNING - Attempting to close and recreate Modbus client
2025-07-14 10:15:31,628 - INFO - Attempting Modbus connection on port /dev/ttyUSB0
2025-07-14 10:15:31,628 - ERROR - Modbus connection failed
2025-07-14 10:15:36,629 - WARNING - Modbus connection failed (Attempt 1/3)
2025-07-14 10:15:37,629 - WARNING - Modbus connection failed (Attempt 2/3)
2025-07-14 10:15:38,629 - WARNING - Modbus connection failed (Attempt 3/3)
2025-07-14 10:15:39,629 - ERROR - Modbus connection failed after 3 retries. Last error: None
2025-07-14 10:15:39,629 - WARNING - Attempting to close and recreate Modbus client
2025-07-14 10:15:39,629 - INFO - Attempting Modbus connection on port /dev/ttyUSB0
2025-07-14 10:15:39,629 - ERROR - Modbus connection failed
2025-07-14 10:15:44,630 - WARNING - Modbus connection failed (Attempt 1/3)
2025-07-14 10:15:45,630 - WARNING - Modbus connection failed (Attempt 2/3)
2025-07-14 10:15:46,630 - WARNING - Modbus connection failed (Attempt 3/3)
2025-07-14 10:15:47,630 - ERROR - Modbus connection failed after 3 retries. Last error: None
2025-07-14 10:15:47,630 - WARNING - Attempting to close and recreate Modbus client
2025-07-14 10:15:47,630 - INFO - Attempting Modbus connection on port /dev/ttyUSB0
2025-07-14 10:15:47,631 - ERROR - Modbus connection failed
2025-07-14 10:15:47,708 - INFO - Switched to GUI-2 (Next toggle in 30s
2025-07-14 10:15:48,607 - INFO - CSV write completed at 2025-07-14T10:15:48.607226
2025-07-14 10:15:52,631 - WARNING - Modbus connection failed (Attempt 1/3)
2025-07-14 10:15:53,631 - WARNING - Modbus connection failed (Attempt 2/3)
2025-07-14 10:15:54,631 - WARNING - Modbus connection failed (Attempt 3/3)
2025-07-14 10:15:55,631 - ERROR - Modbus connection failed after 3 retries. Last error: None
2025-07-14 10:15:55,632 - WARNING - Attempting to close and recreate Modbus client
2025-07-14 10:15:55,632 - INFO - Attempting Modbus connection on port /dev/ttyUSB0
2025-07-14 10:15:55,632 - ERROR - Modbus connection failed
2025-07-14 10:16:00,632 - WARNING - Modbus connection failed (Attempt 1/3)
2025-07-14 10:16:01,632 - WARNING - Modbus connection failed (Attempt 2/3)
2025-07-14 10:16:02,633 - WARNING - Modbus connection failed (Attempt 3/3)
2025-07-14 10:16:03,633 - ERROR - Modbus connection failed after 3 retries. Last error: None
2025-07-14 10:16:03,633 - WARNING - Attempting to close and recreate Modbus client
2025-07-14 10:16:03,633 - INFO - Attempting Modbus connection on port /dev/ttyUSB0
2025-07-14 10:16:03,633 - ERROR - Modbus connection failed
2025-07-14 10:16:08,633 - WARNING - Modbus connection failed (Attempt 1/3)
2025-07-14 10:16:09,634 - WARNING - Modbus connection failed (Attempt 2/3)
2025-07-14 10:16:10,634 - WARNING - Modbus connection failed (Attempt 3/3)
2025-07-14 10:16:11,634 - ERROR - Modbus connection failed after 3 retries. Last error: None
2025-07-14 10:16:11,634 - WARNING - Attempting to close and recreate Modbus client
2025-07-14 10:16:11,634 - INFO - Attempting Modbus connection on port /dev/ttyUSB0
2025-07-14 10:16:11,634 - ERROR - Modbus connection failed
2025-07-14 10:16:16,634 - WARNING - Modbus connection failed (Attempt 1/3)
2025-07-14 10:16:17,635 - WARNING - Modbus connection failed (Attempt 2/3)
2025-07-14 10:16:17,708 - INFO - Switched to GUI-1 (Next toggle in 30s
2025-07-14 10:16:18,612 - INFO - CSV write completed at 2025-07-14T10:16:18.612741
2025-07-14 10:16:18,635 - WARNING - Modbus connection failed (Attempt 3/3)
2025-07-14 10:16:19,635 - ERROR - Modbus connection failed after 3 retries. Last error: None
2025-07-14 10:16:19,635 - WARNING - Attempting to close and recreate Modbus client
2025-07-14 10:16:19,635 - INFO - Attempting Modbus connection on port /dev/ttyUSB0
2025-07-14 10:16:19,636 - ERROR - Modbus connection failed
2025-07-14 10:16:24,636 - WARNING - Modbus connection failed (Attempt 1/3)
2025-07-14 10:16:25,636 - WARNING - Modbus connection failed (Attempt 2/3)
2025-07-14 10:16:26,636 - WARNING - Modbus connection failed (Attempt 3/3)
2025-07-14 10:16:27,636 - ERROR - Modbus connection failed after 3 retries. Last error: None
2025-07-14 10:16:27,636 - WARNING - Attempting to close and recreate Modbus client
2025-07-14 10:16:27,637 - INFO - Attempting Modbus connection on port /dev/ttyUSB0
2025-07-14 10:16:27,637 - ERROR - Modbus connection failed
2025-07-14 10:16:32,637 - WARNING - Modbus connection failed (Attempt 1/3)
2025-07-14 10:16:33,637 - WARNING - Modbus connection failed (Attempt 2/3)
2025-07-14 10:16:34,638 - WARNING - Modbus connection failed (Attempt 3/3)
2025-07-14 10:16:35,638 - ERROR - Modbus connection failed after 3 retries. Last error: None
2025-07-14 10:16:35,638 - WARNING - Attempting to close and recreate Modbus client
2025-07-14 10:16:35,638 - INFO - Attempting Modbus connection on port /dev/ttyUSB0
2025-07-14 10:16:35,638 - ERROR - Modbus connection failed
2025-07-14 10:16:40,638 - WARNING - Modbus connection failed (Attempt 1/3)
2025-07-14 10:16:41,638 - WARNING - Modbus connection failed (Attempt 2/3)
2025-07-14 10:16:42,639 - WARNING - Modbus connection failed (Attempt 3/3)
2025-07-14 10:16:43,639 - ERROR - Modbus connection failed after 3 retries. Last error: None
2025-07-14 10:16:43,639 - WARNING - Attempting to close and recreate Modbus client
2025-07-14 10:16:43,639 - INFO - Attempting Modbus connection on port /dev/ttyUSB0
2025-07-14 10:16:43,639 - ERROR - Modbus connection failed
2025-07-14 10:16:47,708 - INFO - Switched to GUI-2 (Next toggle in 30s
2025-07-14 10:16:48,615 - INFO - CSV write completed at 2025-07-14T10:16:48.615176
2025-07-14 10:16:48,640 - WARNING - Modbus connection failed (Attempt 1/3)
2025-07-14 10:16:49,640 - WARNING - Modbus connection failed (Attempt 2/3)
2025-07-14 10:16:50,640 - WARNING - Modbus connection failed (Attempt 3/3)
2025-07-14 10:16:51,641 - ERROR - Modbus connection failed after 3 retries. Last error: None
2025-07-14 10:16:51,641 - WARNING - Attempting to close and recreate Modbus client
2025-07-14 10:16:51,641 - INFO - Attempting Modbus connection on port /dev/ttyUSB0
2025-07-14 10:16:51,641 - ERROR - Modbus connection failed
2025-07-14 10:16:56,641 - WARNING - Modbus connection failed (Attempt 1/3)
2025-07-14 10:16:57,641 - WARNING - Modbus connection failed (Attempt 2/3)
2025-07-14 10:16:58,642 - WARNING - Modbus connection failed (Attempt 3/3)
2025-07-14 10:16:59,642 - ERROR - Modbus connection failed after 3 retries. Last error: None
2025-07-14 10:16:59,642 - WARNING - Attempting to close and recreate Modbus client
2025-07-14 10:16:59,642 - INFO - Attempting Modbus connection on port /dev/ttyUSB0
2025-07-14 10:16:59,642 - ERROR - Modbus connection failed
2025-07-14 10:17:04,642 - WARNING - Modbus connection failed (Attempt 1/3)
2025-07-14 10:17:05,643 - WARNING - Modbus connection failed (Attempt 2/3)
2025-07-14 10:17:06,643 - WARNING - Modbus connection failed (Attempt 3/3)
2025-07-14 10:17:07,643 - ERROR - Modbus connection failed after 3 retries. Last error: None
2025-07-14 10:17:07,643 - WARNING - Attempting to close and recreate Modbus client
2025-07-14 10:17:07,643 - INFO - Attempting Modbus connection on port /dev/ttyUSB0
2025-07-14 10:17:07,643 - ERROR - Modbus connection failed
2025-07-14 10:17:12,644 - WARNING - Modbus connection failed (Attempt 1/3)
2025-07-14 10:17:13,644 - WARNING - Modbus connection failed (Attempt 2/3)
2025-07-14 10:17:14,644 - WARNING - Modbus connection failed (Attempt 3/3)
2025-07-14 10:17:15,644 - ERROR - Modbus connection failed after 3 retries. Last error: None
2025-07-14 10:17:15,644 - WARNING - Attempting to close and recreate Modbus client
2025-07-14 10:17:15,644 - INFO - Attempting Modbus connection on port /dev/ttyUSB0
2025-07-14 10:17:15,644 - ERROR - Modbus connection failed
2025-07-14 10:17:17,709 - INFO - Switched to GUI-1 (Next toggle in 30s
2025-07-14 10:17:18,617 - INFO - CSV write completed at 2025-07-14T10:17:18.617498
2025-07-14 10:17:20,645 - WARNING - Modbus connection failed (Attempt 1/3)
2025-07-14 10:17:21,645 - WARNING - Modbus connection failed (Attempt 2/3)
2025-07-14 10:17:22,645 - WARNING - Modbus connection failed (Attempt 3/3)
2025-07-14 10:17:23,645 - ERROR - Modbus connection failed after 3 retries. Last error: None
2025-07-14 10:17:23,645 - WARNING - Attempting to close and recreate Modbus client
2025-07-14 10:17:23,645 - INFO - Attempting Modbus connection on port /dev/ttyUSB0
2025-07-14 10:17:23,646 - ERROR - Modbus connection failed
2025-07-14 10:17:28,646 - WARNING - Modbus connection failed (Attempt 1/3)
2025-07-14 10:17:29,646 - WARNING - Modbus connection failed (Attempt 2/3)
2025-07-14 10:17:30,646 - WARNING - Modbus connection failed (Attempt 3/3)
2025-07-14 10:17:31,646 - ERROR - Modbus connection failed after 3 retries. Last error: None
2025-07-14 10:17:31,647 - WARNING - Attempting to close and recreate Modbus client
2025-07-14 10:17:31,647 - INFO - Attempting Modbus connection on port /dev/ttyUSB0
2025-07-14 10:17:31,647 - ERROR - Modbus connection failed
2025-07-14 10:17:36,647 - WARNING - Modbus connection failed (Attempt 1/3)
2025-07-14 10:17:37,647 - WARNING - Modbus connection failed (Attempt 2/3)
2025-07-14 10:17:38,648 - WARNING - Modbus connection failed (Attempt 3/3)
2025-07-14 10:17:39,648 - ERROR - Modbus connection failed after 3 retries. Last error: None
2025-07-14 10:17:39,648 - WARNING - Attempting to close and recreate Modbus client
2025-07-14 10:17:39,648 - INFO - Attempting Modbus connection on port /dev/ttyUSB0
2025-07-14 10:17:39,648 - ERROR - Modbus connection failed
2025-07-14 10:17:44,648 - WARNING - Modbus connection failed (Attempt 1/3)
2025-07-14 10:17:45,648 - WARNING - Modbus connection failed (Attempt 2/3)
2025-07-14 10:17:46,649 - WARNING - Modbus connection failed (Attempt 3/3)
2025-07-14 10:17:47,649 - ERROR - Modbus connection failed after 3 retries. Last error: None
2025-07-14 10:17:47,649 - WARNING - Attempting to close and recreate Modbus client
2025-07-14 10:17:47,649 - INFO - Attempting Modbus connection on port /dev/ttyUSB0
2025-07-14 10:17:47,649 - ERROR - Modbus connection failed
2025-07-14 10:17:47,709 - INFO - Switched to GUI-2 (Next toggle in 30s
2025-07-14 10:17:48,619 - INFO - CSV write completed at 2025-07-14T10:17:48.619886
2025-07-14 10:17:52,649 - WARNING - Modbus connection failed (Attempt 1/3)
2025-07-14 10:17:53,650 - WARNING - Modbus connection failed (Attempt 2/3)
2025-07-14 10:17:54,650 - WARNING - Modbus connection failed (Attempt 3/3)
2025-07-14 10:17:55,650 - ERROR - Modbus connection failed after 3 retries. Last error: None
2025-07-14 10:17:55,650 - WARNING - Attempting to close and recreate Modbus client
2025-07-14 10:17:55,650 - INFO - Attempting Modbus connection on port /dev/ttyUSB0
2025-07-14 10:17:55,650 - ERROR - Modbus connection failed
2025-07-14 10:18:00,651 - WARNING - Modbus connection failed (Attempt 1/3)
2025-07-14 10:18:01,651 - WARNING - Modbus connection failed (Attempt 2/3)
2025-07-14 10:18:02,651 - WARNING - Modbus connection failed (Attempt 3/3)
2025-07-14 10:18:03,651 - ERROR - Modbus connection failed after 3 retries. Last error: None
2025-07-14 10:18:03,651 - WARNING - Attempting to close and recreate Modbus client
2025-07-14 10:18:03,651 - INFO - Attempting Modbus connection on port /dev/ttyUSB0
2025-07-14 10:18:03,652 - ERROR - Modbus connection failed
2025-07-14 10:18:08,652 - WARNING - Modbus connection failed (Attempt 1/3)
2025-07-14 10:18:09,652 - WARNING - Modbus connection failed (Attempt 2/3)
2025-07-14 10:18:10,652 - WARNING - Modbus connection failed (Attempt 3/3)
2025-07-14 10:18:11,652 - ERROR - Modbus connection failed after 3 retries. Last error: None
2025-07-14 10:18:11,653 - WARNING - Attempting to close and recreate Modbus client
2025-07-14 10:18:11,653 - INFO - Attempting Modbus connection on port /dev/ttyUSB0
2025-07-14 10:18:11,653 - ERROR - Modbus connection failed
2025-07-14 10:18:16,653 - WARNING - Modbus connection failed (Attempt 1/3)
2025-07-14 10:18:17,653 - WARNING - Modbus connection failed (Attempt 2/3)
2025-07-14 10:18:17,709 - INFO - Switched to GUI-1 (Next toggle in 30s
2025-07-14 10:18:18,622 - INFO - CSV write completed at 2025-07-14T10:18:18.622352
2025-07-14 10:18:18,654 - WARNING - Modbus connection failed (Attempt 3/3)
2025-07-14 10:18:19,654 - ERROR - Modbus connection failed after 3 retries. Last error: None
2025-07-14 10:18:19,654 - WARNING - Attempting to close and recreate Modbus client
2025-07-14 10:18:19,654 - INFO - Attempting Modbus connection on port /dev/ttyUSB0
2025-07-14 10:18:19,654 - ERROR - Modbus connection failed
2025-07-14 10:18:24,654 - WARNING - Modbus connection failed (Attempt 1/3)
2025-07-14 10:18:25,655 - WARNING - Modbus connection failed (Attempt 2/3)
2025-07-14 10:18:26,655 - WARNING - Modbus connection failed (Attempt 3/3)
2025-07-14 10:18:27,655 - ERROR - Modbus connection failed after 3 retries. Last error: None
2025-07-14 10:18:27,655 - WARNING - Attempting to close and recreate Modbus client
2025-07-14 10:18:27,655 - INFO - Attempting Modbus connection on port /dev/ttyUSB0
2025-07-14 10:18:27,655 - ERROR - Modbus connection failed
2025-07-14 10:18:32,656 - WARNING - Modbus connection failed (Attempt 1/3)
2025-07-14 10:18:33,656 - WARNING - Modbus connection failed (Attempt 2/3)
2025-07-14 10:18:34,656 - WARNING - Modbus connection failed (Attempt 3/3)
2025-07-14 10:18:35,656 - ERROR - Modbus connection failed after 3 retries. Last error: None
2025-07-14 10:18:35,656 - WARNING - Attempting to close and recreate Modbus client
2025-07-14 10:18:35,656 - INFO - Attempting Modbus connection on port /dev/ttyUSB0
2025-07-14 10:18:35,656 - ERROR - Modbus connection failed
2025-07-14 10:18:40,657 - WARNING - Modbus connection failed (Attempt 1/3)
2025-07-14 10:18:41,657 - WARNING - Modbus connection failed (Attempt 2/3)
2025-07-14 10:18:42,657 - WARNING - Modbus connection failed (Attempt 3/3)
2025-07-14 10:18:43,657 - ERROR - Modbus connection failed after 3 retries. Last error: None
2025-07-14 10:18:43,657 - WARNING - Attempting to close and recreate Modbus client
2025-07-14 10:18:43,658 - INFO - Attempting Modbus connection on port /dev/ttyUSB0
2025-07-14 10:18:43,658 - ERROR - Modbus connection failed
2025-07-14 10:18:47,709 - INFO - Switched to GUI-2 (Next toggle in 30s
2025-07-14 10:18:48,624 - INFO - CSV write completed at 2025-07-14T10:18:48.624727
2025-07-14 10:18:48,658 - WARNING - Modbus connection failed (Attempt 1/3)
2025-07-14 10:18:49,658 - WARNING - Modbus connection failed (Attempt 2/3)
2025-07-14 10:18:50,658 - WARNING - Modbus connection failed (Attempt 3/3)
2025-07-14 10:18:51,658 - ERROR - Modbus connection failed after 3 retries. Last error: None
2025-07-14 10:18:51,659 - WARNING - Attempting to close and recreate Modbus client
2025-07-14 10:18:51,659 - INFO - Attempting Modbus connection on port /dev/ttyUSB0
2025-07-14 10:18:51,659 - ERROR - Modbus connection failed
2025-07-14 10:18:56,659 - WARNING - Modbus connection failed (Attempt 1/3)
2025-07-14 10:18:57,659 - WARNING - Modbus connection failed (Attempt 2/3)
2025-07-14 10:18:58,660 - WARNING - Modbus connection failed (Attempt 3/3)
2025-07-14 10:18:59,660 - ERROR - Modbus connection failed after 3 retries. Last error: None
2025-07-14 10:18:59,660 - WARNING - Attempting to close and recreate Modbus client
2025-07-14 10:18:59,660 - INFO - Attempting Modbus connection on port /dev/ttyUSB0
2025-07-14 10:18:59,660 - ERROR - Modbus connection failed
2025-07-14 10:19:04,660 - WARNING - Modbus connection failed (Attempt 1/3)
2025-07-14 10:19:05,661 - WARNING - Modbus connection failed (Attempt 2/3)
2025-07-14 10:19:06,661 - WARNING - Modbus connection failed (Attempt 3/3)
2025-07-14 10:19:07,661 - ERROR - Modbus connection failed after 3 retries. Last error: None
2025-07-14 10:19:07,661 - WARNING - Attempting to close and recreate Modbus client
2025-07-14 10:19:07,661 - INFO - Attempting Modbus connection on port /dev/ttyUSB0
2025-07-14 10:19:07,661 - ERROR - Modbus connection failed
2025-07-14 10:19:11,341 - INFO - Shutting down weather station system
2025-07-14 10:19:12,662 - INFO - Cleanup completed, exiting application
